Description,2010-12,2011-01,2011-02,2011-03,2011-04,2011-05,2011-06,2011-07,2011-08,2011-09,2011-10,2011-11,2011-12
 4 PURPLE FLOCK DINNER CANDLES,35.699999999999996,5.1,2.55,0.0,17.849999999999998,7.6499999999999995,5.1,7.6499999999999995,2.55,22.95,7.6499999999999995,112.19999999999999,38.71
 50'S CHRISTMAS GIFT BAG LARGE,0.0,0.0,0.0,0.0,0.0,0.0,0.0,0.0,30.0,256.25,741.25,506.25,67.5
 DOLLY GIRL BEAKER,0.0,0.0,0.0,0.0,0.0,0.0,0.0,83.75,371.25,268.75,186.25,182.5,90.0
 I LOVE LONDON MINI BACKPACK,0.0,0.0,0.0,0.0,0.0,0.0,0.0,0.0,0.0,398.40000000000003,207.50000000000003,215.8,87.15
 I LOVE LONDON MINI RUCKSACK,0.0,0.0,0.0,0.0,0.0,0.0,0.0,0.0,0.0,0.0,4.15,0.0,0.0
 OVAL WALL MIRROR DIAMANTE ,0.0,0.0,0.0,0.0,0.0,94.80000000000001,0.0,0.0,0.0,0.0,0.0,0.0,0.0
 RED SPOT GIFT BAG LARGE,0.0,0.0,0.0,0.0,0.0,0.0,0.0,0.0,85.0,402.5,430.0,431.25,98.75
 SET 2 TEA TOWELS I LOVE LONDON ,746.35,342.20000000000005,348.1,547.5500000000001,716.45,633.05,58.5,0.0,0.0,0.0,0.0,0.0,0.0
 TRELLIS COAT RACK,0.0,0.0,0.0,0.0,0.0,0.0,0.0,0.0,0.0,346.50000000000006,292.65000000000003,148.5,29.700000000000003
10 COLOUR SPACEBOY PEN,301.75,234.6,142.79999999999998,285.59999999999997,183.6,275.4,153.0,191.25,276.25,282.90999999999997,463.46999999999997,514.89,45.69
12 COLOURED PARTY BALLOONS,31.2,52.0,51.35,104.0,98.8,77.35,139.75,92.3,98.8,111.1,61.1,161.75,27.95
12 DAISY PEGS IN WOOD BOX,16.5,113.84999999999998,11.549999999999999,113.84999999999998,148.49999999999997,44.55,11.549999999999999,29.7,23.099999999999998,9.899999999999999,8.25,0.0,0.0
12 HANGING EGGS HAND PAINTED,0.0,0.0,0.0,0.0,0.0,0.0,0.0,0.0,0.0,0.0,0.0,64.48,18.72
12 IVORY ROSE PEG PLACE SETTINGS,26.25,67.5,107.5,201.25,43.75,143.75,132.5,47.5,102.5,18.75,0.0,0.0,0.0
12 MESSAGE CARDS WITH ENVELOPES,54.449999999999996,127.04999999999998,97.35,97.35,138.59999999999997,252.44999999999996,146.85,130.35,199.64999999999998,70.94999999999999,217.79999999999998,174.89999999999998,125.39999999999999
12 PENCIL SMALL TUBE WOODLAND,139.75,105.30000000000001,41.6,98.80000000000001,133.9,63.7,49.400000000000006,3.25,0.0,66.30000000000001,275.8,575.9000000000001,177.4
12 PENCILS SMALL TUBE RED RETROSPOT,262.6,148.85000000000002,116.35000000000001,213.85000000000002,213.85000000000002,261.3,0.0,0.0,0.0,66.95,417.95000000000005,488.15000000000003,117.00000000000001
12 PENCILS SMALL TUBE SKULL,177.45000000000002,105.30000000000001,109.20000000000002,184.60000000000002,183.3,167.70000000000002,163.8,147.55,52.0,132.60000000000002,361.1,84.5,7.800000000000001
12 PENCILS TALL TUBE POSY,14.45,10.2,1.7,33.15,10.2,25.5,131.6,145.86999999999998,133.10999999999999,108.45999999999998,56.25999999999999,0.0,0.0
12 PENCILS TALL TUBE RED RETROSPOT,124.1,54.39999999999999,48.449999999999996,156.39999999999998,120.69999999999999,132.6,96.89999999999999,55.25,155.54999999999998,226.95,192.95,348.5,44.199999999999996
12 PENCILS TALL TUBE SKULLS,120.69999999999999,33.15,34.849999999999994,96.89999999999999,117.29999999999998,68.85,32.3,71.39999999999999,68.0,187.85,156.39999999999998,419.9,79.89999999999999
12 PENCILS TALL TUBE WOODLAND,85.85,37.4,34.849999999999994,75.64999999999999,122.39999999999999,174.25,25.5,141.95,129.2,235.45,111.35,283.05,43.349999999999994
12 PINK HEN+CHICKS IN BASKET,0.0,2.55,2.55,45.9,53.55,0.0,0.0,0.0,0.0,0.0,0.0,0.0,0.0
12 PINK ROSE PEG PLACE SETTINGS,20.0,72.5,25.0,27.5,1.25,0.0,0.0,1.25,0.0,0.0,0.0,0.0,0.0
12 RED ROSE PEG PLACE SETTINGS,11.25,58.75,60.0,20.0,60.0,18.75,43.75,12.5,6.25,31.25,16.25,61.25,15.0
15 PINK FLUFFY CHICKS IN BOX,0.0,5.9,2.95,17.700000000000003,0.0,0.0,0.0,0.0,0.0,0.0,0.0,2.95,0.0
15CM CHRISTMAS GLASS BALL 20 LIGHTS,83.4,0.0,0.0,0.0,0.0,0.0,0.0,83.4,0.0,1167.6000000000001,500.40000000000003,1765.3000000000002,0.0
18PC WOODEN CUTLERY SET DISPOSABLE,0.0,0.0,0.0,0.0,0.0,0.0,115.0,112.5,40.0,20.0,1.25,0.0,0.0
2 DAISIES HAIR COMB,0.0,0.0,0.0,0.0,0.0,0.0,0.0,0.0,0.0,17.700000000000003,0.0,0.0,0.0
2 PICTURE BOOK EGGS EASTER BUNNY,0.0,38.75,35.0,90.0,18.75,0.0,0.0,0.0,0.0,0.0,0.0,15.0,0.0
2 PICTURE BOOK EGGS EASTER CHICKS,0.0,17.5,72.5,92.5,3.75,0.0,0.0,0.0,0.0,0.0,0.0,0.0,15.0
2 PICTURE BOOK EGGS EASTER DUCKS,0.0,12.5,53.75,41.25,21.25,0.0,0.0,0.0,0.0,0.0,0.0,15.0,0.0
20 DOLLY PEGS RETROSPOT,227.5,106.25,228.75,221.25,87.5,0.0,8.7,105.85,217.5,168.2,159.5,166.75,47.849999999999994
200 BENDY SKULL STRAWS,50.0,17.5,2.5,18.75,2.5,32.5,21.25,5.0,6.25,2.5,0.0,33.75,3.75
200 RED + WHITE BENDY STRAWS,90.0,88.75,55.0,36.25,17.5,42.5,32.5,31.25,25.0,33.75,36.25,52.5,2.5
3 BIRDS CANVAS SCREEN,0.0,0.0,0.0,0.0,1.65,0.0,0.0,0.39,0.0,0.0,0.0,0.0,0.0
3 BLACK CATS W HEARTS BLANK CARD,0.0,0.0,0.0,0.0,0.0,0.0,0.0,0.0,1.1400000000000001,0.0,0.0,3.4200000000000004,0.0
3 GARDENIA MORRIS BOXED CANDLES,38.25,89.25,8.5,17.0,0.0,34.0,4.25,4.25,17.0,68.0,434.0,117.5,0.0
3 HEARTS HANGING DECORATION RUSTIC,941.0500000000001,23.6,0.0,5.9,23.6,56.050000000000004,53.1,67.85000000000001,274.35,899.6400000000001,1014.19,1634.19,188.69
3 HOOK HANGER MAGIC GARDEN,117.0,127.05,185.25,105.3,156.29999999999998,117.0,79.94999999999999,62.4,95.55,68.25,0.0,0.0,0.0
3 HOOK PHOTO SHELF ANTIQUE WHITE,0.0,0.0,0.0,166.8,0.0,0.0,0.0,147.0,0.0,0.0,0.0,0.0,0.0
3 PIECE SPACEBOY COOKIE CUTTER SET,291.90000000000003,289.8,193.20000000000002,218.40000000000003,155.4,132.3,90.30000000000001,77.7,268.8,212.03000000000003,335.72,489.16,100.73
3 PINK HEN+CHICKS IN BASKET,0.0,6.25,3.75,3.75,1.25,0.0,0.0,0.0,0.0,0.0,0.0,0.0,0.0
3 RAFFIA RIBBONS 50'S CHRISTMAS ,0.0,0.0,0.0,0.0,0.0,0.0,0.0,0.0,0.0,308.6,438.06,525.5,67.94
3 RAFFIA RIBBONS VINTAGE CHRISTMAS,0.0,0.0,0.0,0.0,0.0,0.0,0.0,0.0,0.0,161.78,156.15,104.28,26.07
3 ROSE MORRIS BOXED CANDLES,117.5,77.0,44.75,0.0,17.0,0.0,21.25,4.25,0.0,17.0,364.86,708.75,125.25
3 STRIPEY MICE FELTCRAFT,378.29999999999995,87.75,265.2,362.7,167.7,276.9,235.95,276.9,360.75,368.78,420.23999999999995,626.87,242.26
3 TRADITIONAL COOKIE CUTTERS  SET,37.800000000000004,0.0,0.0,0.0,0.0,0.0,0.0,0.0,0.0,0.0,0.0,0.0,0.0
3 TRADITIONAl BISCUIT CUTTERS  SET,126.00000000000001,197.40000000000003,140.70000000000002,165.9,159.60000000000002,134.4,214.20000000000002,214.20000000000002,119.70000000000002,250.43000000000004,195.16000000000003,367.43000000000006,44.10000000000001
3 WHITE CHOC MORRIS BOXED CANDLES,111.0,92.0,17.0,0.0,0.0,34.0,21.25,0.0,0.0,63.75,281.0,561.25,85.0
3 WICK CHRISTMAS BRIAR CANDLE ,0.0,7.5,0.0,0.0,0.0,0.0,0.0,0.0,0.0,0.0,0.0,0.0,0.0
36 DOILIES DOLLY GIRL,21.75,88.44999999999999,29.0,100.04999999999998,129.04999999999998,43.5,18.849999999999998,37.699999999999996,71.05,160.95,89.89999999999999,34.8,0.0
36 DOILIES VINTAGE CHRISTMAS,0.0,0.0,0.0,0.0,0.0,0.0,17.4,88.44999999999999,229.09999999999997,1091.3999999999999,993.2499999999999,17.4,0.0
36 FOIL HEART CAKE CASES,180.60000000000002,291.90000000000003,153.3,117.60000000000002,119.7,56.7,94.50000000000001,147.0,67.2,107.10000000000001,180.46,48.160000000000004,45.03
36 FOIL STAR CAKE CASES ,92.4,42.00000000000001,136.5,54.60000000000001,102.9,21.0,42.00000000000001,96.60000000000001,71.4,153.3,111.30000000000001,144.9,44.24
36 PENCILS TUBE POSY,6.25,5.0,0.0,0.0,13.75,5.0,0.0,0.0,3.75,0.0,0.0,0.0,0.0
36 PENCILS TUBE RED RETROSPOT,115.0,58.75,72.5,196.25,205.0,205.0,265.0,88.75,286.25,322.5,247.5,523.75,31.25
36 PENCILS TUBE SKULLS,48.75,82.5,50.0,128.75,210.0,123.75,106.25,100.0,117.5,148.75,237.5,326.25,73.75
36 PENCILS TUBE WOODLAND,92.5,75.0,68.75,168.75,192.5,122.5,225.0,121.25,308.75,251.25,87.5,0.0,0.0
3D CHRISTMAS STAMPS STICKERS ,122.5,0.0,0.0,0.0,0.0,0.0,0.0,26.25,72.5,196.13,504.72,183.11,52.26
3D DOG PICTURE PLAYING CARDS,197.65000000000003,56.050000000000004,11.8,44.25,5.9,0.0,73.75,26.55,59.0,20.650000000000002,14.750000000000002,129.8,2.95
3D HEARTS  HONEYCOMB PAPER GARLAND,2.95,135.70000000000002,44.25000000000001,85.55000000000001,64.9,79.65,53.10000000000001,153.40000000000003,96.6,0.0,0.0,0.0,0.0
3D SHEET OF CAT STICKERS,32.3,38.25,17.0,25.5,11.049999999999999,3.4,5.95,0.85,32.3,5.1,11.049999999999999,0.85,0.0
3D SHEET OF DOG STICKERS,28.9,32.3,6.8,26.349999999999998,10.2,12.75,2.55,11.899999999999999,21.25,5.1,8.5,34.78,0.0
3D TRADITIONAL CHRISTMAS STICKERS,115.0,0.0,0.0,0.0,0.0,0.0,0.0,25.0,113.75,378.43,524.64,551.74,38.75
3D VINTAGE CHRISTMAS STICKERS ,107.5,0.0,0.0,0.0,0.0,0.0,0.0,23.75,137.5,286.09,556.01,422.75,57.3
4 BLUE DINNER CANDLES SILVER FLOCK,43.349999999999994,5.1,17.849999999999998,0.0,48.449999999999996,15.299999999999999,5.1,12.75,10.2,28.049999999999997,7.6499999999999995,22.95,0.0
4 BURGUNDY WINE DINNER CANDLES,17.5,1.25,0.0,0.0,5.0,1.25,0.0,0.0,16.25,1.25,2.5,8.75,0.0
4 IVORY DINNER CANDLES SILVER FLOCK,215.85,20.4,50.7,7.6499999999999995,20.4,35.400000000000006,78.15,20.4,38.25,73.65,119.25,157.79999999999998,47.400000000000006
4 LAVENDER BOTANICAL DINNER CANDLES,105.0,105.0,3.75,0.0,45.0,30.0,18.75,0.0,22.5,37.5,171.25,422.5,22.5
4 LILY  BOTANICAL DINNER CANDLES,97.5,162.0,22.5,30.75,30.0,18.75,33.75,39.0,18.75,41.25,115.0,193.75,0.0
4 PEAR BOTANICAL DINNER CANDLES,63.75,67.5,26.25,11.25,0.0,7.5,18.75,0.0,11.25,3.75,147.5,503.75,82.5
4 PINK DINNER CANDLE SILVER FLOCK,2.55,22.95,20.4,0.0,5.1,2.55,35.699999999999996,5.1,0.0,15.299999999999999,10.2,71.39999999999999,38.71
4 PINK FLOCK CHRISTMAS BALLS,16.25,0.0,0.0,0.0,0.0,0.0,0.0,1.25,0.0,1.25,2.5,23.75,0.0
4 ROSE PINK DINNER CANDLES,15.0,18.75,6.25,15.0,2.5,0.0,0.0,0.0,30.0,18.75,2.5,0.0,3.75
4 SKY BLUE DINNER CANDLES,15.0,0.0,6.25,16.25,0.0,0.0,0.0,8.75,0.0,13.75,8.75,0.0,3.75
4 TRADITIONAL SPINNING TOPS,240.0,163.75,176.25,262.5,142.1,323.34999999999997,246.49999999999997,421.95,257.15,357.84,566.3299999999999,813.0899999999999,226.01999999999998
4 VANILLA BOTANICAL CANDLES,101.25,60.0,18.75,30.0,22.5,18.75,22.5,0.0,22.5,15.0,161.25,458.75,91.25
4 WILDFLOWER BOTANICAL CANDLES,26.25,90.0,37.5,37.5,7.5,7.5,33.75,0.0,3.75,0.0,115.0,112.5,0.0
5 HOOK HANGER MAGIC TOADSTOOL,110.54999999999998,141.89999999999998,95.69999999999999,0.0,0.0,0.0,0.0,0.0,0.0,0.0,0.0,0.0,0.0
5 HOOK HANGER RED MAGIC TOADSTOOL,127.04999999999998,135.29999999999998,158.39999999999998,282.15,154.34999999999997,49.49999999999999,123.74999999999999,34.65,9.899999999999999,32.99999999999999,3.3,44.55,0.0
5 STRAND GLASS NECKLACE AMBER,6.35,0.0,0.0,0.0,0.0,0.0,0.0,0.0,0.0,0.0,6.35,0.0,0.0
5 STRAND GLASS NECKLACE AMETHYST,0.0,0.0,0.0,0.0,0.0,0.0,0.0,0.0,0.0,0.0,0.0,12.7,0.0
5 STRAND GLASS NECKLACE BLACK,12.7,0.0,0.0,25.4,0.0,0.0,0.0,0.0,0.0,0.0,0.0,12.7,0.0
5 STRAND GLASS NECKLACE CRYSTAL,38.099999999999994,0.0,0.0,0.0,12.7,6.35,0.0,0.0,0.0,19.049999999999997,0.0,25.4,0.0
50'S CHRISTMAS PAPER GIFT BAG,0.0,0.0,0.0,0.0,0.0,0.0,0.0,0.0,24.599999999999998,156.61999999999998,346.03999999999996,245.99999999999997,27.879999999999995
50CM METAL STRING WITH  7 CLIPS,0.0,10.2,4.25,10.2,1.7,10.2,6.8,0.0,10.2,1.7,3.4,6.8,0.0
6 CHOCOLATE LOVE HEART T-LIGHTS,218.40000000000003,138.60000000000002,79.08000000000001,84.66000000000001,29.400000000000002,25.200000000000003,42.00000000000001,12.600000000000001,102.60000000000002,38.260000000000005,96.25,174.23000000000002,12.600000000000001
6 GIFT TAGS 50'S CHRISTMAS ,0.0,0.0,0.0,0.0,0.0,0.0,0.0,0.0,139.44,547.8,723.7599999999999,646.5699999999999,102.91999999999999
6 GIFT TAGS VINTAGE CHRISTMAS ,0.0,0.0,0.0,0.0,0.0,0.0,0.0,0.0,159.35999999999999,473.09999999999997,696.3699999999999,546.9699999999999,144.42
6 RIBBONS ELEGANT CHRISTMAS ,156.89999999999998,3.3,6.6,0.0,0.0,8.25,0.0,0.0,66.0,153.43999999999997,102.16,474.90999999999997,211.6
6 RIBBONS EMPIRE  ,113.84999999999998,21.449999999999996,98.99999999999999,173.24999999999997,115.49999999999999,6.6,26.4,47.849999999999994,123.74999999999999,148.99999999999997,141.7,132.64999999999998,133.0
6 RIBBONS RUSTIC CHARM,722.6999999999999,527.9999999999999,618.7499999999999,971.8499999999999,564.3,791.9999999999999,643.4999999999999,821.6999999999999,980.0999999999999,1605.6299999999999,1641.77,1140.37,339.17
6 RIBBONS SHIMMERING PINKS ,122.99999999999999,58.65,6.6,64.35,19.799999999999997,19.799999999999997,0.0,1.65,49.49999999999999,59.099999999999994,102.13999999999999,72.94999999999999,74.44
6 ROCKET BALLOONS ,59.150000000000006,79.30000000000001,24.700000000000003,80.6,61.75,85.80000000000001,132.8,67.60000000000001,42.900000000000006,115.4,69.45,130.1,45.25
60 CAKE CASES DOLLY GIRL DESIGN,92.95,199.65,114.4,239.8,155.65,150.15,93.50000000000001,156.20000000000002,239.25000000000003,355.93,262.8,211.88000000000002,73.85000000000001
60 CAKE CASES VINTAGE CHRISTMAS,377.85,0.0,0.0,13.200000000000001,0.0,0.55,1.1,114.95,152.35000000000002,750.2,806.85,963.0500000000001,225.50000000000003
60 GOLD AND SILVER FAIRY CAKE CASES,0.0,0.0,0.0,0.0,0.55,0.55,0.0,0.0,0.0,0.0,0.0,0.0,0.0
60 TEATIME FAIRY CAKE CASES,322.85,337.70000000000005,303.05,490.6,454.85,457.6,247.59000000000003,388.85,431.20000000000005,420.38000000000005,290.70000000000005,394.15000000000003,70.30000000000001
6PC WOOD PLATE SET DISPOSABLE,0.0,0.0,0.0,0.0,0.0,0.0,38.75,71.25,0.0,16.25,1.25,3.75,0.0
70'S ALPHABET WALL ART,0.0,0.0,0.0,0.0,0.0,0.0,0.0,0.0,0.0,0.0,44.7,0.0,0.0
72 CAKE CASES VINTAGE CHRISTMAS,13.200000000000001,0.0,0.0,0.0,0.0,0.0,0.0,0.0,0.0,0.0,0.0,0.0,0.0
72 SWEETHEART FAIRY CAKE CASES,215.05,486.20000000000005,197.45000000000002,243.65000000000003,181.5,196.9,160.60000000000002,174.35000000000002,228.8,287.90000000000003,239.60000000000002,221.43,114.60000000000001
75 BLACK PETIT FOUR CASES,6.72,5.46,1.26,0.0,1.26,0.0,7.9799999999999995,0.0,1.26,0.0,0.0,0.0,0.0
75 GREEN FAIRY CAKE CASES,0.0,3.8500000000000005,0.55,1.6500000000000001,1.6500000000000001,0.0,0.0,0.0,0.0,2.2,0.55,3.8500000000000005,0.55
75 GREEN PETIT FOUR CASES,13.86,3.36,0.84,10.92,21.84,10.08,1.26,1.26,11.76,10.92,10.08,20.16,11.76
A PRETTY THANK YOU CARD,0.0,0.0,0.0,0.0,0.0,0.0,0.0,0.0,0.0,0.0,0.0,93.24,40.32
A4 WALL TIDY BLUE OFFICE,7.800000000000001,0.0,0.0,0.0,0.0,0.0,0.0,0.0,0.0,0.0,2.6500000000000004,0.53,0.0
A4 WALL TIDY RED FLOWERS,0.0,2.6,0.0,0.0,0.0,0.0,0.0,0.0,0.0,0.0,4.24,0.53,0.0
ABC TREASURE BOOK BOX ,0.0,0.0,0.0,504.0,279.0,189.0,141.75,175.5,128.25,294.90999999999997,193.5,231.75,22.5
ABSTRACT CIRCLE JOURNAL ,15.299999999999999,17.849999999999998,17.849999999999998,17.849999999999998,15.299999999999999,5.1,22.95,22.95,30.599999999999998,2.55,7.6499999999999995,5.1,0.0
ABSTRACT CIRCLES POCKET BOOK,11.05,5.1,7.6499999999999995,17.0,9.35,5.1,11.899999999999999,7.6499999999999995,2.55,9.35,10.2,31.449999999999996,5.949999999999999
ABSTRACT CIRCLES SKETCHBOOK ,41.25,37.5,41.25,15.0,26.25,26.25,45.0,18.75,56.25,37.5,37.46,86.17,15.0
"ACRYLIC HANGING JEWEL,BLUE",0.0,0.0,0.0,0.0,0.0,0.0,0.0,0.0,3.8,11.02,38.38,34.2,0.0
"ACRYLIC HANGING JEWEL,PINK",0.0,0.0,0.0,0.0,0.0,0.0,0.0,0.0,0.0,0.0,17.480000000000004,5.32,0.0
"ACRYLIC JEWEL ICICLE, BLUE",0.0,0.0,0.0,0.0,0.0,0.0,0.0,0.0,9.120000000000001,2.2800000000000002,0.0,0.38,0.0
"ACRYLIC JEWEL ICICLE, PINK",0.0,0.0,0.0,0.0,0.0,0.0,0.38,0.0,0.0,0.0,9.88,20.14,0.76
"ACRYLIC JEWEL SNOWFLAKE, PINK",0.0,0.0,2.1,0.0,0.0,0.0,0.0,0.0,0.0,0.0,0.0,0.0,0.0
"ACRYLIC JEWEL SNOWFLAKE,PINK",15.299999999999999,0.0,0.0,0.0,0.0,0.0,0.0,0.0,0.0,0.0,0.0,0.0,0.0
ADULT APRON APPLE DELIGHT,0.0,0.0,0.0,0.0,0.0,0.0,0.0,0.0,108.9,29.700000000000003,202.95000000000002,262.35,0.0
ADVENT CALENDAR GINGHAM SACK,77.35000000000001,0.0,0.0,0.0,0.0,17.85,41.650000000000006,214.2,166.60000000000002,452.20000000000005,1142.4,1323.75,53.550000000000004
AFGHAN SLIPPER SOCK PAIR,72.45,138.0,34.5,0.0,0.0,6.9,0.0,0.0,0.0,3.45,75.9,20.700000000000003,0.0
AGED GLASS SILVER T-LIGHT HOLDER,293.8,89.05000000000001,89.7,63.050000000000004,89.7,105.95000000000002,82.55000000000001,118.30000000000001,87.75000000000001,124.80000000000001,130.0,376.35,85.80000000000001
AIRLINE BAG VINTAGE JET SET BROWN,128.15,21.25,55.900000000000006,72.25,102.0,21.25,46.75,51.0,68.0,211.4,136.0,103.85,25.5
AIRLINE BAG VINTAGE JET SET RED,166.4,55.25,115.4,128.15,85.0,55.25,131.75,93.5,170.65,233.85000000000002,335.75,265.35,25.5
AIRLINE BAG VINTAGE JET SET WHITE,42.5,34.0,21.25,76.5,76.5,29.75,55.25,38.25,25.5,112.35,161.5,100.8,29.75
AIRLINE BAG VINTAGE TOKYO 78,304.25,91.75,232.75,273.95000000000005,170.0,114.4,178.5,118.4,213.15,295.75,345.55,524.7,132.75
AIRLINE BAG VINTAGE WORLD CHAMPION ,38.25,34.0,12.75,140.9,63.75,8.5,89.25,29.75,55.25,120.85,111.15,171.85,42.5
"AIRLINE LOUNGE,METAL SIGN",81.9,33.6,54.60000000000001,58.800000000000004,72.78,71.4,56.7,81.9,119.7,103.92,58.99,131.52,81.4
ALARM CLOCK BAKELIKE CHOCOLATE,345.0,232.5,183.75,326.25,348.75,262.5,510.0,450.0,405.0,618.71,779.92,667.38,300.0
ALARM CLOCK BAKELIKE GREEN,1560.0,791.25,798.75,937.5,543.75,0.0,1053.75,1226.25,1365.0,2032.22,1604.95,2365.77,1012.06
ALARM CLOCK BAKELIKE IVORY,746.25,386.25,326.25,367.5,303.75,498.75,558.9,480.0,577.5,962.31,746.25,1064.06,348.75
ALARM CLOCK BAKELIKE ORANGE,630.0,390.0,288.75,446.25,690.0,821.25,607.5,637.5,686.25,802.42,119.96000000000001,0.0,0.0
ALARM CLOCK BAKELIKE PINK,941.25,438.75,465.0,390.0,540.0,607.5,817.5,536.25,761.25,1458.67,1121.13,1735.97,588.59
ALARM CLOCK BAKELIKE RED ,1248.75,945.0,828.75,772.5,1128.75,1042.5,1166.4,836.25,1061.25,1862.19,1492.46,2399.72,1001.09
ALPHABET HEARTS STICKER SHEET,34.0,45.9,11.049999999999999,26.349999999999998,9.35,44.199999999999996,21.25,10.2,0.0,0.0,10.2,13.6,0.85
ALPHABET STENCIL CRAFT,91.25,60.0,36.25,45.0,96.47,23.75,61.25,78.75,125.44,148.75,55.0,148.55,71.17
ALUMINIUM HEART,0.0,0.0,0.0,0.0,0.0,44.82000000000001,14.940000000000001,14.940000000000001,0.0,0.0,0.0,0.0,0.0
ALUMINIUM STAMPED HEART,0.0,0.0,0.0,0.0,74.7,423.30000000000007,117.03,158.57000000000002,124.50000000000001,216.63000000000002,109.56,261.45000000000005,42.330000000000005
AMBER BERTIE GLASS BEAD BAG CHARM,0.0,0.0,0.0,0.0,0.0,2.1,0.0,0.0,0.0,0.0,0.0,0.0,0.0
AMBER DIAMANTE EXPANDABLE RING,12.75,0.0,0.0,4.25,51.0,0.0,0.0,0.0,0.0,25.5,0.0,0.0,0.0
AMBER DROP EARRINGS W LONG BEADS,0.0,0.0,0.0,0.0,0.0,0.0,0.0,0.0,0.0,53.10000000000001,2.95,0.0,2.95
AMBER FINE BEAD NECKLACE W TASSEL,5.95,0.0,0.0,0.0,0.0,0.0,0.0,0.0,0.0,0.0,0.0,11.9,0.0
AMBER GLASS TASSLE BAG CHARM,0.0,0.0,0.0,0.0,0.0,0.0,0.0,0.0,0.0,0.0,23.6,0.0,0.0
AMETHYST DIAMANTE EXPANDABLE RING,4.25,0.0,0.0,0.0,25.5,0.0,0.0,0.0,0.0,25.5,0.0,0.0,0.0
AMETHYST HOOP EARRING FLORAL LEAF,8.850000000000001,0.0,0.0,0.0,0.0,0.0,0.0,0.0,2.95,0.0,0.0,0.0,0.0
ANGEL DECORATION 3 BUTTONS ,42.42,0.0,0.0,0.0,0.0,0.0,2.52,2.52,1.26,15.959999999999999,39.06,73.08,14.7
ANGEL DECORATION PAINTED ZINC ,28.6,0.0,0.0,0.0,0.0,0.0,0.0,0.0,0.0,20.8,81.9,70.85000000000001,2.6
ANGEL DECORATION STARS ON DRESS,17.64,0.42,0.0,0.0,0.0,0.0,2.94,0.84,1.26,16.8,18.9,50.82,31.08
ANGEL DECORATION WITH LACE PADDED,72.25,0.0,0.0,0.0,0.0,0.0,0.0,0.0,26.349999999999998,0.0,0.0,0.0,0.0
ANIMAL STICKERS,11.129999999999999,14.91,5.04,5.67,5.67,5.04,0.84,12.6,10.08,10.08,6.51,35.07,5.25
ANIMALS AND NATURE WALL ART,0.0,0.0,0.0,0.0,0.0,0.0,0.0,0.0,0.0,0.0,303.75,67.5,0.0
ANT COPPER LIME BOUDICCA BRACELET,14.850000000000001,9.9,4.95,0.0,0.0,0.0,0.0,9.9,4.95,44.550000000000004,44.550000000000004,64.35,24.75
ANT COPPER PINK BOUDICCA BRACELET,14.850000000000001,0.0,4.95,0.0,0.0,14.850000000000001,0.0,9.9,0.0,29.700000000000003,39.6,0.0,39.6
ANT COPPER RED BOUDICCA BRACELET,4.95,0.0,4.95,0.0,0.0,14.850000000000001,0.0,0.0,0.0,0.0,4.95,4.95,9.9
ANT COPPER TURQ BOUDICCA BRACELET,29.700000000000003,9.9,4.95,0.0,0.0,0.0,0.0,9.9,0.0,59.400000000000006,34.65,49.5,24.75
ANT SILVER FUSCHIA BOUDICCA RING,5.9,0.0,5.9,8.850000000000001,0.0,8.850000000000001,0.0,0.0,0.0,0.0,11.8,0.0,0.0
ANT SILVER LIME GREEN BOUDICCA RING,8.850000000000001,0.0,5.9,0.0,0.0,2.95,11.8,0.0,0.0,2.95,11.8,35.400000000000006,0.0
ANT SILVER PURPLE BOUDICCA RING,8.850000000000001,0.0,0.0,0.0,0.0,0.0,8.850000000000001,0.0,0.0,0.0,11.8,0.0,0.0
ANT SILVER TURQUOISE BOUDICCA RING,0.0,0.0,0.0,0.0,0.0,0.0,0.0,0.0,0.0,0.0,0.0,17.700000000000003,0.0
ANT WHITE WIRE HEART SPIRAL,55.3,146.15,63.2,71.1,35.55,59.25,79.0,15.8,110.60000000000001,35.55,19.75,27.650000000000002,19.5
ANTIQUE ALL GLASS CANDLESTICK,79.80000000000001,0.0,37.800000000000004,0.0,39.900000000000006,12.600000000000001,8.4,37.800000000000004,58.800000000000004,96.60000000000001,102.18,260.40000000000003,115.5
ANTIQUE GLASS DRESSING TABLE POT,575.25,262.55,141.60000000000002,171.10000000000002,224.20000000000002,297.95,169.0,312.70000000000005,132.75,389.40000000000003,391.6,253.37,277.19000000000005
ANTIQUE GLASS HEART DECORATION ,315.9,0.0,23.4,23.4,5.85,0.0,23.4,0.0,19.5,0.0,0.0,0.0,0.0
ANTIQUE GLASS PEDESTAL BOWL,367.5,219.24,135.0,144.24,247.5,170.49,177.99,162.99,90.0,101.25,204.24,342.95,157.15
ANTIQUE GLASS PLACE SETTING,30.0,0.0,0.0,45.0,0.0,20.0,0.0,45.0,0.0,0.0,0.0,12.5,0.0
ANTIQUE IVORY WIRE BOWL SMALL,0.0,0.0,0.0,0.0,0.0,129.48000000000002,22.410000000000004,0.0,29.880000000000003,14.940000000000001,22.410000000000004,22.410000000000004,0.0
ANTIQUE MID BLUE FLOWER EARRINGS,0.0,0.0,0.0,0.0,0.0,0.0,8.5,0.0,8.5,0.0,0.0,0.0,0.0
ANTIQUE OLIVE GREEN FLOWER EARRINGS,0.0,0.0,0.0,0.0,0.0,0.0,8.5,0.0,8.5,0.0,4.25,0.0,0.0
ANTIQUE OPAL WHITE FLOWER EARRINGS,0.0,0.0,0.0,0.0,4.25,0.0,0.0,0.0,0.0,0.0,4.25,0.0,0.0
ANTIQUE RASPBERRY FLOWER EARRINGS,0.0,0.0,0.0,0.0,0.0,0.0,8.5,0.0,0.0,0.0,0.0,0.0,0.0
ANTIQUE SILVER T-LIGHT GLASS,0.0,0.0,0.0,175.0,523.75,622.5,492.5,477.5,382.5,717.42,1218.97,1889.32,512.22
ANTIQUE SILVER TEA GLASS ENGRAVED,275.0,142.5,67.5,152.5,190.0,150.0,107.5,157.5,165.0,367.42,423.85,404.84,216.09
ANTIQUE SILVER TEA GLASS ETCHED,776.25,340.0,256.25,338.75,0.0,30.0,0.0,0.0,0.0,0.0,0.0,0.0,0.0
ANTIQUE TALL SWIRLGLASS TRINKET POT,382.5,217.5,142.5,97.5,112.5,97.5,78.75,142.5,116.25,183.75,219.77,281.21,78.75
APPLE BATH SPONGE,177.5,66.25,0.0,18.75,90.0,71.25,66.25,13.75,70.0,98.71,102.26,167.1,68.67
APRON APPLE DELIGHT,79.2,24.75,222.75,163.35,99.0,113.85000000000001,148.5,118.80000000000001,103.95000000000002,0.0,0.0,0.0,0.0
APRON MODERN VINTAGE COTTON,53.550000000000004,35.7,11.9,198.89999999999998,206.7,300.3,3.9,0.0,0.0,0.0,0.0,0.0,0.0
AQUA BERTIE GLASS BEAD BAG CHARM,0.0,10.2,0.0,0.0,0.0,2.1,0.0,0.0,0.0,0.0,0.0,0.0,12.600000000000001
AREA PATROLLED METAL SIGN,382.20000000000005,186.18,188.10000000000002,426.30000000000007,301.5,401.1,329.70000000000005,464.1,493.50000000000006,597.3900000000001,356.93,503.86000000000007,264.6
ARMY CAMO BOOKCOVER TAPE,2.1,0.0,0.0,1.68,0.0,0.0,0.0,0.0,0.0,1.68,0.0,1.68,0.0
"ART LIGHTS,FUNK MONKEY",137.4,26.550000000000004,17.700000000000003,83.45,51.25,0.0,8.850000000000001,54.2,8.850000000000001,74.85000000000001,130.95,92.30000000000001,80.5
ASS COL CIRCLE MOBILE ,2.1,1.68,0.0,0.84,0.0,2.94,10.08,0.0,0.0,0.0,0.0,0.0,0.0
ASS COL LARGE SAND FROG P'WEIGHT,18.900000000000002,9.450000000000001,0.0,0.0,0.0,0.0,0.0,0.0,0.0,0.0,0.0,0.0,0.0
ASS COL SMALL SAND GECKO P'WEIGHT,4.2,7.140000000000001,0.0,0.0,0.0,0.0,0.0,0.0,0.0,0.0,0.0,0.0,0.0
ASS COLOUR GLOWING TIARAS,11.9,0.0,0.0,8.5,0.0,8.5,18.7,17.0,1.7,15.3,20.4,12.75,20.400000000000002
ASS DES PHONE SPONGE CRAFT STICKER,1.9500000000000002,0.0,0.0,0.0,0.65,0.0,0.0,0.0,0.0,0.0,9.1,0.0,0.99
ASS FLORAL PRINT MULTI SCREWDRIVER,30.240000000000002,93.22,20.0,6.25,17.5,5.0,37.5,113.82000000000001,144.9,172.2,143.64,144.06,0.0
ASS FLORAL PRINT SPIRIT LEVEL ,3.9,3.9,3.9,1.95,1.95,0.0,9.75,3.16,1.58,7.11,33.97,18.17,0.79
ASSORTED BOTTLE TOP  MAGNETS ,37.8,75.6,63.0,36.54,13.44,70.56,17.64,58.8,81.9,30.66,42.0,61.74,53.88
ASSORTED CAKES FRIDGE MAGNETS,7.800000000000001,11.700000000000001,3.9000000000000004,0.0,0.0,0.0,0.0,7.800000000000001,0.0,0.0,3.9000000000000004,0.65,0.0
ASSORTED CHEESE FRIDGE MAGNETS,4.550000000000001,15.600000000000001,0.0,11.700000000000001,0.0,0.0,0.0,7.800000000000001,0.0,0.0,0.0,0.0,0.0
ASSORTED CIRCULAR MOBILE,1.05,0.42,0.0,1.05,5.04,1.47,0.0,1.89,0.0,3.99,0.0,7.77,0.84
ASSORTED COLOUR BIRD ORNAMENT,1357.07,1046.11,1174.55,1666.34,1967.16,2217.2799999999997,1500.72,1801.54,1576.77,2264.6,2330.5099999999998,3493.23,544.18
ASSORTED COLOUR LIZARD SUCTION HOOK,30.240000000000002,10.08,20.16,1.68,10.5,24.36,23.52,4.619999999999999,5.88,17.22,47.46,29.400000000000002,10.92
ASSORTED COLOUR METAL CAT ,15.0,0.0,0.0,1.25,12.5,35.0,15.0,11.25,1.25,0.0,7.5,33.75,6.25
ASSORTED COLOUR MINI CASES,152.39999999999998,228.59999999999997,152.39999999999998,228.59999999999997,152.39999999999998,228.59999999999997,0.0,152.39999999999998,304.79999999999995,380.99999999999994,380.99999999999994,501.6499999999999,76.19999999999999
ASSORTED COLOUR SILK GLASSES CASE,0.0,0.0,0.0,6.300000000000001,0.0,0.0,0.0,0.0,0.0,0.0,0.0,0.0,0.0
ASSORTED COLOUR SUCTION CUP HOOK,0.38,0.0,0.5700000000000001,0.0,4.5600000000000005,0.0,0.19,0.0,4.5600000000000005,7.790000000000001,0.0,0.76,0.19
ASSORTED COLOUR T-LIGHT HOLDER,39.0,11.700000000000001,28.800000000000004,31.200000000000003,15.600000000000001,109.20000000000002,39.650000000000006,39.0,66.30000000000001,78.0,46.800000000000004,141.84,55.080000000000005
ASSORTED COLOURED CIRCLE MOBILE ,0.0,0.0,0.0,0.0,0.0,0.0,0.0,0.0,20.16,0.0,2.1,3.36,1.26
ASSORTED COLOURS SILK FAN,99.0,90.0,189.0,198.0,252.31999999999996,438.23999999999995,478.0799999999999,338.64,229.07999999999998,159.35999999999999,229.07999999999998,258.96,39.839999999999996
ASSORTED CREEPY CRAWLIES,121.38,90.72,80.64,80.64,20.580000000000002,50.4,40.32,30.240000000000002,90.72,60.480000000000004,23.48,0.83,0.0
ASSORTED EASTER DECORATIONS  BELLS,22.5,67.5,82.5,90.0,15.0,0.0,0.0,0.0,7.5,27.5,0.0,32.5,0.0
ASSORTED EASTER GIFT TAGS,10.2,79.89999999999999,183.6,228.64999999999998,14.45,0.0,0.0,0.0,10.2,0.0,10.2,0.0,0.0
ASSORTED FARMYARD ANIMALS IN BUCKET,0.0,11.9,10.2,0.0,35.76,10.2,0.0,0.0,0.0,0.0,0.0,0.0,0.0
"ASSORTED FLOWER COLOUR ""LEIS""",31.85,39.0,66.30000000000001,93.60000000000001,70.2,128.70000000000002,78.0,133.25,31.200000000000003,46.800000000000004,3.9000000000000004,53.95,0.0
ASSORTED LAQUERED INCENSE HOLDERS,0.0,1.05,5.04,2.52,0.0,5.04,0.0,0.0,0.0,0.0,0.0,0.0,0.0
ASSORTED MINI MADRAS NOTEBOOK,0.0,0.0,0.0,45.0,30.0,30.0,95.52,37.44,9.36,9.36,0.0,0.0,0.0
ASSORTED MONKEY SUCTION CUP HOOK,0.42,7.140000000000001,7.5600000000000005,3.36,7.14,2.94,22.68,0.84,3.36,13.02,18.06,20.16,0.42
ASSORTED SANSKRIT MINI NOTEBOOK,0.0,0.0,0.0,45.0,0.0,0.0,22.5,22.5,0.0,0.0,1.25,0.0,0.0
ASSORTED SHAPES PHOTO CLIP SILVER ,0.0,7.800000000000001,0.0,3.25,0.0,3.25,1.3,0.0,7.800000000000001,0.0,0.65,18.2,1.3
ASSORTED TUTTI FRUTTI  FOB NOTEBOOK,22.95,0.85,5.1,45.9,11.899999999999999,10.2,44.199999999999996,0.0,20.4,4.25,56.949999999999996,79.05,25.5
ASSORTED TUTTI FRUTTI BRACELET,5.2,0.0,0.0,21.450000000000003,0.0,6.5,0.0,34.580000000000005,34.010000000000005,19.76,19.57,28.310000000000002,4.5600000000000005
ASSORTED TUTTI FRUTTI HEART BOX,50.0,75.0,40.0,20.0,1.25,21.25,18.75,0.0,7.5,7.5,5.0,22.5,0.0
ASSORTED TUTTI FRUTTI KEYRING BALL,0.0,0.0,12.75,20.4,17.28,0.85,23.799999999999997,34.8,0.0,24.359999999999996,0.0,0.0,0.0
ASSORTED TUTTI FRUTTI LARGE PURSE,67.2,0.0,0.0,50.400000000000006,0.0,0.0,2.1,8.4,37.800000000000004,37.800000000000004,2.1,16.8,0.0
ASSORTED TUTTI FRUTTI MIRROR,23.75,15.0,37.5,30.0,30.0,15.0,45.44,47.5,26.25,52.5,17.5,7.5,0.0
ASSORTED TUTTI FRUTTI NOTEBOOK,48.300000000000004,0.0,6.300000000000001,21.0,0.0,50.400000000000006,0.0,63.00000000000001,29.400000000000002,25.200000000000003,16.8,121.80000000000001,6.300000000000001
ASSORTED TUTTI FRUTTI PEN,11.05,20.4,0.0,18.7,0.0,0.0,5.1,76.55999999999999,20.879999999999995,41.75999999999999,54.23,83.80999999999999,4.06
ASSORTED TUTTI FRUTTI SMALL PURSE,91.25,0.0,30.0,31.25,3.75,20.0,36.25,2.5,37.5,90.44,151.25,38.75,0.0
ASSTD COL BUTTERFLY/CRYSTAL W/CHIME,0.0,0.0,6.25,5.0,0.0,3.75,0.0,0.0,0.0,0.0,12.5,0.0,1.25
ASSTD DESIGN 3D PAPER STICKERS,4.25,0.0,5.1,0.0,0.85,0.0,0.85,1.7,10.2,0.0,7.6499999999999995,9.35,0.0
ASSTD DESIGN RACING CAR PEN,109.85,54.08,27.04,28.73,59.15,108.16,108.16,89.57,57.459999999999994,136.70999999999998,154.4,121.41,38.6
ASSTD FRUIT+FLOWERS FRIDGE MAGNETS,13.200000000000001,26.400000000000002,6.6000000000000005,29.700000000000003,19.8,39.6,0.0,49.68000000000001,43.32000000000001,27.360000000000003,27.360000000000003,17.1,0.0
ASSTD MULTICOLOUR CIRCLES MUG,10.14,0.0,0.0,9.36,8.969999999999999,11.7,13.26,4.29,0.0,11.7,2.34,6.24,0.0
ASSTD RASTA KEY-CHAINS,0.0,0.42,0.0,0.0,0.0,0.0,0.0,0.0,0.0,0.0,0.0,3.3600000000000003,0.0
BABUSHKA LIGHTS STRING OF 10,337.5,202.5,101.25,168.75,114.75,271.05,195.75,174.25,60.75,264.3,292.55,509.6,40.5
BABY BOOM RIBBONS ,28.75,66.25,75.0,126.25,40.0,11.25,28.75,8.75,45.0,37.5,0.0,0.0,0.0
BABY MOUSE RED GINGHAM DRESS,0.0,0.0,0.0,4.25,0.0,0.0,8.5,8.5,4.25,51.0,46.75,63.75,0.0
BAG 125g SWIRLY MARBLES,31.08,31.92,37.38,41.58,60.9,83.58,58.8,63.84,56.699999999999996,84.76,98.67,162.43,54.59
BAG 250g SWIRLY MARBLES,81.6,46.74999999999999,4.25,53.55,61.199999999999996,67.14999999999999,68.85,53.55,75.64999999999999,153.78,155.41,372.23999999999995,55.04
BAG 500g SWIRLY MARBLES,33.0,47.849999999999994,46.199999999999996,28.049999999999997,41.24999999999999,79.19999999999999,75.89999999999999,19.799999999999997,74.24999999999999,84.14999999999999,154.98999999999998,219.40999999999997,152.39999999999998
BAG OF SILVER STONES,1.68,0.84,0.0,0.42,2.52,0.0,0.0,0.0,0.0,0.0,0.0,0.0,0.0
BAKING MOULD CHOCOLATE CUP CAKES,30.599999999999998,0.0,0.0,0.0,0.0,0.0,0.0,0.0,0.0,0.0,0.0,0.0,0.0
BAKING MOULD CHOCOLATE CUPCAKES,272.84999999999997,670.65,292.95,237.14999999999998,81.6,79.05,45.9,30.599999999999998,71.39999999999999,109.5,174.26999999999998,22.81,35.559999999999995
BAKING MOULD CUPCAKE CHOCOLATE,30.599999999999998,0.0,0.0,0.0,0.0,0.0,0.0,0.0,0.0,0.0,0.0,0.0,0.0
BAKING MOULD EASTER EGG MILK CHOC,76.70000000000002,224.20000000000002,536.9000000000001,262.55000000000007,115.05000000000001,8.850000000000001,0.0,0.0,0.0,2.95,5.9,2.95,2.95
BAKING MOULD EASTER EGG WHITE CHOC,79.65,144.55,212.40000000000003,159.3,50.150000000000006,44.25000000000001,17.700000000000003,0.0,0.0,20.650000000000002,2.95,0.0,0.0
BAKING MOULD HEART MILK CHOCOLATE,198.89999999999998,448.79999999999995,252.14999999999998,153.0,40.8,53.55,48.449999999999996,40.8,113.2,109.5,81.46,91.66,28.049999999999997
BAKING MOULD HEART WHITE CHOCOLATE,109.64999999999999,341.7,152.7,135.14999999999998,17.849999999999998,53.55,84.14999999999999,20.4,22.95,30.45,53.55,35.559999999999995,38.25
BAKING MOULD ROSE MILK CHOCOLATE,100.75,175.5,117.0,45.5,42.25,52.0,62.0,68.25,39.0,19.75,15.25,26.0,13.0
BAKING MOULD ROSE WHITE CHOCOLATE,29.25,52.0,42.25,45.5,3.25,42.25,87.75,0.0,0.0,16.5,32.5,6.63,13.0
BAKING MOULD TOFFEE CUP  CHOCOLATE,15.299999999999999,0.0,0.0,0.0,0.0,0.0,0.0,0.0,0.0,0.0,0.0,0.0,0.0
BAKING MOULD TOFFEE CUP CHOCOLATE,43.349999999999994,43.349999999999994,124.94999999999999,56.099999999999994,2.55,45.9,30.599999999999998,2.55,73.94999999999999,48.3,28.049999999999997,12.75,40.8
BAKING SET 9 PIECE RETROSPOT ,74.25,1130.4,638.5500000000001,1207.65,879.1500000000001,1104.9,847.5,752.4000000000001,894.0000000000001,1217.7,2501.8500000000004,4236.450000000001,778.2
BAKING SET SPACEBOY DESIGN,605.7,573.0,222.75000000000003,733.6500000000001,247.50000000000003,611.85,272.3,440.55000000000007,391.05,643.5,923.7,1617.7500000000002,448.5
BALLOON ART MAKE YOUR OWN FLOWERS,42.9,39.0,83.85,120.9,44.85,78.0,3.9,35.1,19.5,1.95,25.35,74.1,17.55
BALLOON PUMP WITH 10 BALLOONS,78.0,11.7,72.14999999999999,152.1,79.94999999999999,185.25,85.8,99.45,54.6,85.8,101.4,113.1,48.98
BALLOON WATER BOMB PACK OF 35,10.5,29.4,26.46,33.6,50.82,101.64,133.14000000000001,60.06,25.619999999999997,33.18,15.120000000000001,86.52000000000001,16.8
BALLOONS  WRITING SET ,84.14999999999999,77.55,80.85,49.5,47.849999999999994,75.89999999999999,62.69999999999999,51.14999999999999,18.15,207.89,158.38,318.44,21.439999999999998
BANK ACCOUNT  GREETING  CARD ,15.120000000000001,35.7,10.08,15.120000000000001,5.04,0.0,0.0,0.0,0.0,0.0,0.0,0.0,0.0
BANQUET BIRTHDAY  CARD  ,20.16,30.240000000000002,40.32,20.16,45.36,65.52,30.240000000000002,55.44,45.36,65.52,40.32,55.44,5.04
BAROQUE BUTTERFLY EARRINGS BLACK,0.0,0.0,0.0,0.0,3.75,0.0,0.0,0.0,0.0,0.0,3.75,0.0,0.0
BAROQUE BUTTERFLY EARRINGS CRYSTAL,0.0,0.0,0.0,0.0,0.0,0.0,0.0,0.0,0.0,0.0,3.75,0.0,0.0
BASKET OF FLOWERS SEWING KIT,20.4,13.6,31.449999999999996,47.599999999999994,15.299999999999999,22.95,30.599999999999998,0.0,15.299999999999999,20.4,85.0,27.13,4.109999999999999
BASKET OF TOADSTOOLS,31.25,63.75,108.75,150.0,22.5,2.5,31.25,6.25,43.75,3.75,33.75,111.25,23.75
BATH BUILDING BLOCK WORD,390.65,527.4,419.40000000000003,630.5500000000001,374.85,523.6,437.25,184.45000000000002,172.55,230.35,243.75,362.5,135.60000000000002
BATHROOM HOOK,0.0,0.0,0.0,0.0,0.0,0.0,0.0,0.0,0.0,54.44999999999999,26.4,28.049999999999997,28.859999999999996
BATHROOM METAL SIGN,113.30000000000001,84.66000000000001,112.93,137.5,115.68,141.35000000000002,106.70000000000002,103.4,144.10000000000002,110.08000000000001,154.45000000000002,132.4,47.85000000000001
BATHROOM METAL SIGN ,39.15,22.25,55.6,29.0,77.85,26.099999999999998,50.75,21.75,4.35,0.0,0.0,0.0,0.0
BATHROOM SCALES FOOTPRINTS IN SAND,11.25,0.0,11.25,18.75,18.75,0.0,0.0,0.0,15.0,7.5,52.550000000000004,37.0,0.0
BATHROOM SCALES RUBBER DUCKS,3.75,0.0,0.0,26.25,11.25,3.75,0.0,3.75,7.5,7.5,38.6,37.0,0.0
"BATHROOM SCALES, TROPICAL BEACH",7.5,0.0,7.5,15.0,0.0,0.0,11.25,0.0,7.5,3.75,0.0,7.5,0.0
BATHROOM SET LOVE HEART DESIGN,2.95,0.0,56.05000000000001,64.14999999999999,17.700000000000003,38.35,0.0,0.0,11.8,0.0,0.0,0.0,0.0
BEACH HUT DESIGN BLACKBOARD,25.5,51.0,25.5,25.5,0.0,17.0,0.0,0.0,0.0,0.0,0.0,0.0,0.0
BEACH HUT KEY CABINET,11.25,30.0,0.0,0.0,3.75,33.75,0.0,0.0,0.0,0.0,0.0,0.0,0.0
BEACH HUT MIRROR,0.0,0.0,0.0,0.0,4.25,25.5,4.25,32.39,0.0,0.0,0.0,0.0,0.0
BEACH HUT SHELF W 3 DRAWERS,0.0,0.0,0.0,11.9,69.35000000000001,11.9,87.2,11.9,75.3,0.0,103.0,5.95,0.0
BEADED CHANDELIER T-LIGHT HOLDER,0.0,0.0,0.0,0.0,29.700000000000003,178.20000000000002,80.30000000000001,19.8,24.75,202.95000000000002,19.8,4.95,0.0
BEADED CRYSTAL HEART BLUE  LARGE,0.0,39.599999999999994,44.55,0.0,1.65,3.3,0.0,50.56,75.84,149.31,6.32,8.690000000000001,6.32
BEADED CRYSTAL HEART BLUE ON STICK,0.0,3.75,0.0,0.0,25.44,0.0,0.0,0.0,3.75,23.299999999999997,18.32,4.1499999999999995,0.0
BEADED CRYSTAL HEART BLUE SMALL,32.5,10.0,17.5,2.5,0.0,0.0,0.0,0.0,0.0,2.46,32.46,2.46,0.0
BEADED CRYSTAL HEART GREEN LARGE,19.799999999999997,19.799999999999997,0.0,0.0,38.099999999999994,23.099999999999998,19.799999999999997,68.73,133.51,180.25,41.870000000000005,29.23,0.79
BEADED CRYSTAL HEART GREEN ON STICK,0.0,3.75,0.0,0.0,0.0,0.0,0.0,0.0,3.75,13.28,16.599999999999998,14.939999999999998,8.299999999999999
BEADED CRYSTAL HEART GREEN SMALL,25.0,47.5,15.0,0.0,25.44,2.5,3.75,0.0,0.0,2.46,0.0,0.0,2.46
BEADED CRYSTAL HEART PINK LARGE,9.9,54.44999999999999,41.24999999999999,24.749999999999996,9.899999999999999,6.6,26.4,127.98,96.38,7.9,17.380000000000003,2.37,6.32
BEADED CRYSTAL HEART PINK ON STICK,0.0,3.75,0.0,0.0,0.0,0.0,0.0,15.0,3.75,44.879999999999995,21.58,9.129999999999999,15.0
BEADED CRYSTAL HEART PINK SMALL,17.5,45.0,52.5,35.0,0.0,2.5,2.5,6.25,1.25,8.629999999999999,2.46,14.879999999999999,51.66
BEADED LOVE HEART JEWELLERY SET,8.5,0.0,0.0,0.0,0.0,0.0,0.0,0.0,0.0,0.0,0.0,0.0,0.0
BEADED PEARL HEART WHITE LARGE,44.55,3.3,0.0,1.65,0.0,77.54999999999998,0.0,0.0,0.0,0.0,0.0,0.0,0.0
BEADED PEARL HEART WHITE ON STICK,60.0,47.5,1.25,48.75,64.19,25.0,0.0,41.25,0.0,0.0,3.75,0.0,0.0
BELL HEART ANTIQUE GOLD,0.0,0.0,0.0,0.0,0.0,0.0,0.0,24.96,0.0,0.0,0.0,0.0,0.0
BELL HEART DECORATION,0.0,0.0,0.0,0.0,0.0,59.39999999999999,39.599999999999994,39.599999999999994,0.0,39.599999999999994,0.0,0.0,0.0
BELLE JARDINIERE CUSHION COVER,0.0,0.0,0.0,0.0,0.0,0.0,0.0,0.0,0.0,772.5,641.25,800.73,176.25
BEST DAD CANDLE LETTERS,0.0,0.0,0.85,6.8,0.0,7.6499999999999995,5.1,0.0,0.0,0.0,5.949999999999999,0.0,0.0
BEWARE OF THE CAT METAL SIGN ,338.0,174.57,296.25,405.6,242.17000000000002,415.74,175.76,402.22,459.68,371.8,226.46,285.61,119.99000000000001
BICYCLE PUNCTURE REPAIR KIT ,0.0,0.0,0.0,0.0,0.0,0.0,0.0,0.0,0.0,0.0,0.0,468.0,792.48
BICYCLE SAFTEY WALL ART,0.0,0.0,0.0,0.0,0.0,0.0,0.0,0.0,0.0,0.0,687.7,302.2,0.0
BIG DOUGHNUT FRIDGE MAGNETS,88.39999999999999,61.199999999999996,152.14999999999998,147.89999999999998,40.8,71.39999999999999,39.099999999999994,66.3,71.39999999999999,5.1,22.95,1.7,11.899999999999999
BIG POLKADOT MUG,0.0,0.0,0.0,2.34,0.0,0.0,0.0,0.0,0.0,0.0,0.0,0.0,0.0
BILI NUT AND WOOD NECKLACE,0.0,0.0,0.0,0.0,0.0,0.0,0.0,6.0,6.0,30.0,0.0,6.0,0.0
BINGO SET,273.75,63.75,127.5,247.5,146.25,307.5,150.0,266.25,191.25,401.21,652.38,892.18,3.75
BIRD BOX CHRISTMAS TREE DECORATION,18.7,0.0,0.0,0.0,0.0,0.0,0.0,0.0,0.0,0.0,0.0,0.0,0.0
BIRD DECORATION GREEN POLKADOT,0.0,11.049999999999999,40.8,144.5,84.14999999999999,14.45,0.0,0.0,11.899999999999999,12.75,10.2,1.7,0.0
BIRD DECORATION RED RETROSPOT,51.849999999999994,20.4,51.0,158.1,93.5,22.95,30.599999999999998,10.2,40.8,61.199999999999996,20.4,64.6,0.0
BIRD HOUSE HOT WATER BOTTLE,181.04999999999998,22.95,28.049999999999997,17.849999999999998,10.2,0.0,17.849999999999998,15.299999999999999,127.49999999999999,178.5,262.65,504.71,119.85
BIRD ON BRANCH CANVAS SCREEN,0.0,0.0,0.0,0.0,0.0,0.0,0.0,21.45,0.0,0.0,0.0,0.0,0.0
BIRDCAGE DECORATION TEALIGHT HOLDER,40.44,7.5,23.75,57.5,29.19,11.25,47.5,48.97,85.0,42.5,78.75,102.5,15.0
BIRDHOUSE DECORATION MAGIC GARDEN,15.0,69.19,206.25,183.75,111.25,3.75,2.5,26.25,1.25,0.0,3.75,20.0,0.0
BIRDHOUSE GARDEN MARKER ,6.25,50.0,48.75,86.25,77.5,96.25,116.25,26.25,27.5,50.0,45.0,58.75,50.0
BIRDS MOBILE VINTAGE DESIGN,17.85,5.95,41.650000000000006,65.45,95.2,107.10000000000001,83.30000000000001,101.15,113.05000000000001,53.550000000000004,238.00000000000003,136.85,17.85
BIRTHDAY BANNER TAPE,30.0,0.0,0.0,0.0,0.0,0.0,0.0,0.0,0.0,0.0,0.0,0.0,0.0
BIRTHDAY BANQUET GIFT WRAP,21.0,21.0,42.0,10.5,42.0,31.5,21.0,21.0,0.0,52.5,21.0,31.5,10.5
"BIRTHDAY CARD, RETRO SPOT",25.2,45.36,50.4,55.44,30.240000000000002,45.36,50.4,50.4,55.44,87.36,39.9,58.38,15.96
BIRTHDAY PARTY CORDON BARRIER TAPE,78.75,18.75,20.0,26.25,40.0,91.25,51.25,41.25,15.0,49.96,18.75,51.17,1.25
BISCUIT TIN 50'S CHRISTMAS,0.0,0.0,0.0,0.0,0.0,0.0,14.450000000000001,144.5,297.67,968.18,1280.3,1040.44,225.42000000000002
BISCUIT TIN VINTAGE CHRISTMAS,0.0,0.0,0.0,0.0,0.0,0.0,31.790000000000003,106.93,245.65,910.84,1095.36,852.59,248.54
BISCUIT TIN VINTAGE GREEN,81.0,145.3,678.1500000000001,199.65,121.5,237.3,114.75,190.05,141.75,95.52,111.9,101.25,0.0
BISCUIT TIN VINTAGE LEAF,0.0,0.0,0.0,0.0,0.0,0.0,34.68,29.880000000000003,0.0,0.0,0.0,0.0,0.0
BISCUIT TIN VINTAGE RED,209.25,286.5,670.6,318.3,219.9,223.8,113.95,308.70000000000005,87.75,221.85000000000002,175.5,273.9,0.0
BISCUITS SMALL BOWL LIGHT BLUE,5.0,0.0,1.25,33.17,49.56,19.32,47.04,64.67999999999999,21.0,25.2,0.0,0.0,0.0
BLACK 3 BEAD DROP EARRINGS,0.0,0.0,0.0,0.0,0.0,0.0,0.0,0.0,0.0,17.700000000000003,0.0,0.0,0.0
BLACK AND WHITE CAT BOWL,84.30000000000001,85.5,12.600000000000001,61.8,39.900000000000006,4.2,23.1,8.4,42.00000000000001,12.600000000000001,14.700000000000001,8.4,0.0
BLACK AND WHITE DOG BOWL,148.95,172.09,20.4,8.850000000000001,47.2,32.45,17.700000000000003,5.9,2.95,0.0,8.850000000000001,0.0,0.0
BLACK BAROQUE WALL CLOCK ,0.0,0.0,0.0,0.0,94.80000000000001,0.0,0.0,0.0,0.0,0.0,0.0,0.0,0.0
BLACK BIRD GARDEN DESIGN MUG,0.0,7.5,0.0,3.12,6.24,0.0,2.34,14.04,2.34,1.17,0.0,9.36,0.0
BLACK CANDELABRA T-LIGHT HOLDER,179.70000000000002,12.600000000000001,18.900000000000002,25.200000000000003,12.600000000000001,81.60000000000001,33.150000000000006,36.400000000000006,3.25,16.900000000000002,6.5,0.0,0.0
BLACK CHAMPAGNE GLASS,33.0,0.0,6.6,0.0,23.4,0.0,8.19,0.0,0.0,7.8,0.0,0.0,0.0
BLACK CHERRY LIGHTS,0.0,0.0,54.0,0.0,0.0,0.0,0.0,0.0,0.0,0.0,0.0,0.0,0.0
BLACK CHRISTMAS FLOCK DROPLET ,30.0,0.0,0.0,0.0,0.0,0.0,0.0,0.0,0.0,0.0,0.0,0.0,0.0
BLACK CHRISTMAS TREE 120CM,0.0,0.0,0.0,0.0,0.0,0.0,0.0,0.0,87.0,23.4,54.599999999999994,156.0,0.0
BLACK CHRISTMAS TREE 60CM,33.300000000000004,0.0,0.0,0.0,0.0,21.5,0.0,0.0,53.1,17.700000000000003,17.55,87.75000000000001,0.0
BLACK CRYSTAL DROP EARRINGS,0.0,0.0,2.95,0.0,0.0,0.0,0.0,0.0,0.0,17.700000000000003,0.0,0.0,0.0
BLACK DIAMANTE EXPANDABLE RING,12.75,0.0,0.0,0.0,51.0,0.0,0.0,0.0,0.0,25.5,0.0,0.0,0.0
BLACK DROP CRYSTAL NECKLACE,0.0,0.0,0.0,0.0,0.0,0.0,0.0,0.0,0.0,0.0,17.700000000000003,17.700000000000003,0.0
BLACK DROP EARRINGS W LONG BEADS,0.0,0.0,0.0,2.95,0.0,0.0,0.0,0.0,0.0,0.0,0.0,0.0,0.0
BLACK EAR MUFF HEADPHONES,127.17000000000002,0.0,0.0,5.49,5.49,0.0,5.49,0.0,0.0,0.0,0.0,38.43,0.0
BLACK ENAMEL FLOWER RING,0.0,0.0,0.0,17.700000000000003,26.550000000000004,2.95,35.400000000000006,0.0,0.0,70.80000000000001,17.700000000000003,0.0,17.700000000000003
BLACK ENCHANTED FOREST PLACEMAT,26.4,33.0,62.69999999999999,34.65,9.899999999999999,37.95,9.899999999999999,6.6,28.049999999999997,19.799999999999997,18.15,21.449999999999996,13.2
BLACK FEATHER CHRISTMAS DECORATION,0.0,0.0,0.0,0.19,0.0,4.5600000000000005,9.690000000000001,0.0,1.9,1.9,0.0,0.0,0.0
BLACK FINE BEAD NECKLACE W TASSEL,5.95,0.0,0.0,0.0,0.0,0.0,0.0,0.0,0.0,0.0,0.0,0.0,0.0
BLACK FLOWER CANDLE PLATE,0.85,5.1,0.0,0.0,0.0,0.0,0.0,0.0,0.0,0.0,0.0,0.0,0.0
BLACK GEMSTONE BRACELET,0.0,0.0,0.0,0.0,0.0,0.0,0.0,0.0,0.0,0.0,0.0,2.95,0.0
BLACK GLASS BRACELET W HEART CHARMS,0.0,14.850000000000001,0.0,0.0,0.0,0.0,0.0,0.0,0.0,0.0,0.0,0.0,0.0
BLACK GRAND BAROQUE PHOTO FRAME,12.75,0.0,25.5,8.5,8.75,0.0,0.0,0.0,0.0,0.0,0.0,0.0,0.0
BLACK HEART CARD HOLDER,256.75,190.78,213.3,181.70000000000002,213.3,55.300000000000004,122.45,93.3,122.45,158.0,134.3,194.22,62.6
BLACK LOVE BIRD CANDLE,83.91,35.08,2.5,5.0,0.0,0.0,3.75,17.5,3.75,30.0,6.25,3.75,0.0
BLACK LOVE BIRD T-LIGHT HOLDER,26.25,15.0,11.25,0.0,22.5,7.5,0.0,0.0,0.0,22.5,15.0,7.46,0.0
BLACK MEDIUM GLASS CAKE STAND,7.5,0.0,7.5,15.0,7.11,0.0,0.0,0.0,0.0,0.0,0.0,0.0,0.0
BLACK MINI TAPE MEASURE ,4.25,9.35,2.55,3.4,0.0,2.55,6.8,0.85,0.0,2.55,6.8,5.1,5.1
BLACK ORANGE SQUEEZER,5.46,1.68,4.2,1.26,0.0,4.2,1.26,10.08,4.2,12.600000000000001,2.1,10.92,0.0
BLACK PHOTO ALBUM ,0.0,0.0,0.0,0.0,7.5,0.0,0.0,0.0,0.0,0.0,0.0,0.0,0.0
BLACK PIRATE TREASURE CHEST,14.85,23.099999999999998,4.949999999999999,37.949999999999996,42.89999999999999,13.2,9.899999999999999,56.099999999999994,0.0,46.199999999999996,47.849999999999994,70.94999999999999,27.69
BLACK RECORD COVER FRAME,431.58,306.36,327.72,617.94,451.47,494.19,574.08,703.05,182.61,709.41,931.8,1261.56,635.51
BLACK SIL'T SQU CANDLE PLATE ,0.0,0.0,0.0,0.0,0.0,0.0,0.0,0.0,0.0,0.0,0.0,25.200000000000003,8.4
BLACK SILOUETTE CANDLE PLATE,13.6,10.2,13.6,0.0,4.25,2.55,5.949999999999999,4.25,10.2,20.4,15.299999999999999,11.049999999999999,5.1
BLACK SMALL GLASS CAKE STAND,1.95,5.85,0.0,31.2,15.99,0.0,0.0,0.0,0.0,0.0,0.0,0.0,0.0
BLACK SQUARE TABLE CLOCK,0.0,0.0,0.0,0.0,0.0,0.0,15.299999999999999,0.0,0.0,4.96,15.299999999999999,17.43,11.850000000000001
BLACK STITCHED WALL CLOCK,125.0,25.0,30.0,0.0,11.25,0.0,15.0,102.69,2.37,0.0,0.0,0.0,0.0
BLACK SWEETHEART BRACELET,63.75,0.0,17.0,12.75,12.75,42.5,25.5,25.5,25.5,0.0,17.0,4.25,38.25
BLACK TEA TOWEL CLASSIC DESIGN,81.33,65.4,25.08,25.0,18.75,31.25,53.75,31.25,66.25,35.0,68.75,52.5,39.39
"BLACK TEA,COFFEE,SUGAR JARS",42.7,132.7,60.0,130.64999999999998,72.14999999999999,23.4,113.1,62.4,48.75,9.75,23.4,58.5,1.95
BLACK VINT ART DEC CRYSTAL BRACELET,0.0,0.0,0.0,0.0,0.0,0.0,0.0,0.0,0.0,0.0,0.0,6.75,0.0
BLACK VINTAGE  CRYSTAL EARRINGS,0.0,0.0,3.75,0.0,0.0,7.5,15.0,0.0,3.75,0.0,11.25,0.0,0.0
BLACK WINE GLASS,39.599999999999994,0.0,3.3,19.799999999999997,25.74,9.36,0.78,0.0,0.0,0.0,2.34,7.0200000000000005,0.0
BLACK+WHITE NECKLACE W TASSEL,0.0,0.0,0.0,0.0,0.0,0.0,0.0,0.0,0.0,0.0,17.700000000000003,0.0,0.0
BLACK/BLUE POLKADOT UMBRELLA,386.75,345.1,273.70000000000005,172.55,130.9,208.25000000000003,160.65,428.40000000000003,410.55,773.5000000000001,404.6,398.65000000000003,17.85
BLACKCHRISTMAS TREE 30CM,1.25,0.0,0.0,0.0,0.0,0.0,0.0,0.0,0.0,0.0,0.0,0.0,0.0
BLING KEY RING STAND,0.0,0.0,0.0,0.0,1.25,0.0,0.0,0.0,0.0,0.0,0.0,0.0,5.0
BLOND DOLL DOORSTOP,0.0,6.75,0.0,0.0,15.0,15.0,15.0,15.0,0.0,15.0,8.75,51.25,0.0
BLOSSOM  IMAGES NOTEBOOK SET,0.0,25.5,0.0,30.0,30.0,31.25,31.25,60.0,60.0,92.5,90.0,67.5,2.5
BLOSSOM IMAGES GIFT WRAP SET,0.0,0.0,14.700000000000001,37.800000000000004,0.0,7.800000000000001,50.7,54.6,50.050000000000004,49.400000000000006,63.7,46.150000000000006,32.5
BLOSSOM IMAGES SCRAP BOOK SET,4.95,0.0,0.0,0.0,0.0,0.0,0.0,0.0,0.0,0.0,0.0,0.0,0.0
BLUE  DIAMANTE PEN IN GIFT BOX,34.65,0.0,0.0,14.850000000000001,0.0,0.0,4.95,4.95,0.0,4.95,19.8,24.75,9.9
BLUE  TILE HOOK,2.55,0.0,71.39999999999999,28.049999999999997,37.2,20.4,20.4,0.0,0.0,0.0,17.849999999999998,5.1,10.2
BLUE  VOILE LAMPSHADE,0.0,17.700000000000003,17.700000000000003,17.700000000000003,0.0,17.700000000000003,0.0,5.9,11.8,0.0,11.8,11.8,0.0
BLUE & WHITE BREAKFAST TRAY,5.95,0.0,5.95,23.6,47.2,97.35000000000001,29.500000000000004,0.0,0.0,0.0,0.0,0.0,0.0
BLUE 3 PIECE POLKADOT CUTLERY SET,401.25,667.5,368.20000000000005,103.75,0.0,0.0,0.0,0.0,0.0,0.0,0.0,0.0,0.0
BLUE BIRDHOUSE DECORATION,13.6,4.25,22.099999999999998,22.099999999999998,42.78,15.299999999999999,37.68,0.0,1.7,7.579999999999999,12.75,16.86,26.6
BLUE BLOSSOM HAIR CLIP,15.750000000000002,12.600000000000001,0.0,0.0,25.200000000000003,0.0,0.0,0.0,1.05,12.600000000000001,0.0,0.0,0.0
BLUE BREAKFAST CUP AND SAUCER ,5.9,0.0,2.95,2.95,0.0,0.0,0.0,0.0,0.0,0.0,0.0,0.0,0.0
BLUE BUNNY EASTER EGG BASKET,0.0,0.0,0.0,0.0,0.0,0.0,0.0,0.0,0.0,0.0,21.449999999999996,0.0,0.0
BLUE CALCULATOR RULER,18.75,7.5,8.75,5.0,1.25,2.5,6.25,27.5,7.5,10.0,22.38,132.42,18.71
BLUE CAT BISCUIT BARREL PINK HEART,0.0,0.0,0.0,0.0,58.5,23.4,9.75,19.5,0.0,0.0,0.0,0.0,0.0
BLUE CHARLIE+LOLA PERSONAL DOORSIGN,26.550000000000004,0.0,11.8,20.650000000000002,0.0,23.6,70.80000000000001,68.25,59.279999999999994,43.29,70.59,57.72,5.07
BLUE CHECK BAG W HANDLE 34X20CM,0.0,0.0,0.0,0.0,2.4899999999999998,11.62,0.0,0.0,0.0,0.0,0.0,0.0,0.0
BLUE CHENILLE SHAGGY CUSHION COVER ,3.9,0.0,0.0,0.0,7.8,3.4,8.5,16.150000000000002,0.0,0.0,1.7,1.7,0.0
BLUE CIRCLES DESIGN MONKEY DOLL,15.299999999999999,5.1,0.0,7.6499999999999995,38.25,28.049999999999997,40.8,7.6499999999999995,5.1,0.0,12.75,0.0,0.0
BLUE CIRCLES DESIGN TEDDY,10.2,0.0,5.1,12.75,5.1,5.1,7.6499999999999995,7.6499999999999995,0.0,15.299999999999999,15.299999999999999,45.9,0.0
BLUE CLIMBING HYDRANGA ART FLOWER,0.0,0.0,0.0,0.0,0.0,0.0,0.0,0.0,0.0,7.5,0.0,0.0,45.0
BLUE COAT RACK PARIS FASHION,237.60000000000002,103.95,292.05,188.10000000000002,94.05000000000001,133.65,64.35000000000001,133.65,128.70000000000002,54.45,69.30000000000001,49.5,29.700000000000003
BLUE CRUSOE CHECK LAMPSHADE,0.0,3.36,0.0,0.0,0.0,0.0,0.0,0.42,0.0,0.0,0.0,0.0,0.0
BLUE CUSHION COVER WITH FLOWER,0.0,13.9,0.0,104.25,55.6,0.0,27.8,0.0,0.0,0.0,0.0,0.0,0.0
BLUE DAISY MOBILE,20.4,0.0,20.4,0.0,0.0,0.0,1.58,7.11,0.79,11.850000000000001,18.96,0.79,0.0
BLUE DELPHINIUM ARTIFICIAL FLOWER,0.0,0.0,0.0,0.0,0.0,35.400000000000006,0.0,35.400000000000006,70.80000000000001,8.850000000000001,0.0,0.0,9.48
BLUE DISCO HANDBAG,0.0,0.0,0.0,0.0,0.0,1.95,3.9,7.8,23.4,7.8,1.95,13.879999999999999,0.0
BLUE DRAWER KNOB ACRYLIC EDWARDIAN,177.5,113.75,177.72,195.0,155.44,97.5,182.5,116.25,118.75,95.0,105.0,62.5,16.25
BLUE EASTER EGG HUNT START POST,0.0,9.75,0.0,5.85,0.0,0.0,0.0,0.0,0.0,0.0,0.0,0.0,0.0
BLUE EGG  SPOON,0.0,0.0,5.04,27.0,14.399999999999999,8.64,11.28,18.6,20.52,12.6,7.4399999999999995,14.76,0.36
BLUE FELT EASTER EGG BASKET,69.3,117.14999999999999,209.54999999999998,181.49999999999997,0.0,0.0,0.0,0.0,0.0,0.0,0.0,0.0,0.0
BLUE FELT HANGING HEART WITH FLOWER,0.0,0.0,0.0,0.0,0.0,0.0,0.0,0.0,5.1,0.0,0.0,0.0,0.0
BLUE FLOCK CUSHION COVER ,7.5,0.0,0.0,0.0,0.0,0.0,5.0,0.0,0.0,0.0,0.0,0.0,0.0
BLUE FLOCK GLASS CANDLEHOLDER,9.899999999999999,0.0,9.899999999999999,0.0,2.2800000000000002,4.5600000000000005,0.38,0.38,0.0,0.0,0.0,0.0,0.0
BLUE FLOWER DES PURSE,0.0,0.0,0.0,3.75,29.95,1.66,8.299999999999999,0.0,0.0,0.0,0.0,0.0,0.0
BLUE FLY SWAT,1.9500000000000002,2.6,0.65,33.800000000000004,1.3,6.500000000000001,12.350000000000001,2.6,3.9,0.0,19.879999999999995,27.049999999999997,1.63
BLUE GEISHA GIRL ,22.5,3.75,0.0,18.75,0.0,0.0,0.0,7.5,18.75,3.75,0.0,0.0,0.0
BLUE GIANT GARDEN THERMOMETER,136.85,148.75,148.75,196.35000000000002,273.7,523.6,196.35,238.0,71.4,184.45000000000002,190.4,0.0,0.0
BLUE GINGHAM ROSE CUSHION COVER,11.9,0.0,0.0,0.0,0.0,0.0,0.0,0.0,0.0,0.0,0.0,0.0,0.0
BLUE GLASS GEMS IN BAG,0.0,0.0,0.0,27.259999999999998,10.2,4.25,23.86,1.7,5.95,6.52,25.56,1.63,0.0
BLUE GREEN EMBROIDERY COSMETIC BAG,2.95,0.0,0.0,0.0,0.0,0.0,0.0,0.0,0.0,0.0,0.0,8.74,0.0
BLUE HANGING GINGHAM EASTER HEN,0.0,6.720000000000001,0.0,2.52,4.2,0.0,0.0,0.0,0.0,0.0,0.0,0.0,0.0
BLUE HAPPY BIRTHDAY BUNTING,147.15,392.40000000000003,501.40000000000003,681.25,463.25000000000006,986.45,724.85,621.3000000000001,446.90000000000003,1051.8500000000001,506.85,403.3,21.8
BLUE HARMONICA IN BOX ,468.75,185.0,201.25,313.75,147.5,377.5,338.75,291.25,230.0,583.43,917.67,1407.07,489.36
BLUE HEART COMPACT MIRROR,18.75,3.75,0.0,30.0,26.25,0.0,30.0,61.25,15.0,2.5,0.0,0.0,0.0
BLUE HOLE PUNCH,0.0,0.0,0.0,2.5,0.0,1.25,0.0,1.25,0.0,2.5,8.75,0.0,0.0
BLUE JUICY FRUIT PHOTO FRAME,56.099999999999994,20.4,10.2,25.5,2.55,12.75,2.55,12.75,22.95,7.6499999999999995,25.5,10.2,0.0
BLUE KNITTED EGG COSY,7.8,0.0,9.75,40.949999999999996,23.009999999999998,0.0,0.0,0.0,0.0,0.0,0.0,0.0,0.0
BLUE KNITTED HEN ,3.3,18.15,0.0,128.7,0.0,0.0,0.0,0.0,0.0,0.0,0.0,0.0,0.0
BLUE LEAVES AND BEADS PHONE CHARM,1.25,0.0,0.0,0.0,0.0,0.0,0.0,0.0,0.0,0.0,0.0,0.0,0.0
BLUE MONTE CARLO HANDBAG,0.0,0.0,0.0,0.0,0.0,0.0,0.0,46.8,0.0,0.0,0.0,0.0,0.0
BLUE MURANO TWIST BRACELET,0.0,0.0,4.25,17.0,0.0,0.0,0.0,4.25,17.0,0.0,0.0,42.5,0.0
BLUE NETTING STORAGE HANGER,1.95,0.0,0.0,0.0,3.9,0.0,0.0,5.85,1.95,0.0,1.95,0.0,0.0
BLUE NEW BAROQUE CANDLESTICK CANDLE,176.5,46.699999999999996,0.0,46.699999999999996,20.4,40.8,1.7,61.199999999999996,22.099999999999998,22.099999999999998,0.0,0.0,0.0
BLUE NEW BAROQUE FLOCK CANDLESTICK,4.65,0.0,0.0,0.0,0.0,0.0,0.0,0.0,0.0,0.0,0.0,0.0,0.0
BLUE ORGANDY ROUND LAMPSHADE W BEA,0.85,0.0,0.0,0.0,0.0,0.0,0.0,0.0,0.0,1.7,0.0,7.65,0.0
BLUE OWL SOFT TOY,64.9,185.85000000000002,88.50000000000001,162.25000000000003,126.85000000000002,59.00000000000001,53.10000000000001,44.25,109.15000000000002,138.65000000000003,265.50000000000006,0.0,0.0
BLUE PADDED SOFT MOBILE,0.0,0.0,0.0,0.0,4.25,0.0,0.0,0.0,0.0,0.0,0.0,0.0,0.0
BLUE PAISLEY JOURNAL ,10.2,53.55,51.0,20.4,30.599999999999998,20.4,33.15,33.15,51.0,38.11,45.9,48.449999999999996,22.81
BLUE PAISLEY NOTEBOOK,28.049999999999997,4.949999999999999,4.949999999999999,18.15,3.3,9.899999999999999,4.949999999999999,9.899999999999999,4.949999999999999,3.3,0.0,0.0,0.0
BLUE PAISLEY POCKET BOOK,14.45,0.0,12.75,3.4,13.6,22.95,17.85,0.0,10.2,23.799999999999997,24.65,42.5,10.2
BLUE PAISLEY SKETCHBOOK,37.5,22.5,22.5,11.25,30.0,37.5,30.0,56.25,7.5,56.25,41.25,44.92,11.25
BLUE PAISLEY TISSUE BOX,35.0,0.0,16.25,2.5,15.0,5.0,0.0,8.97,3.12,7.41,14.04,17.94,2.73
BLUE PAPER PARASOL ,5.9,70.80000000000001,41.300000000000004,53.10000000000001,70.80000000000001,174.05000000000004,103.25000000000001,73.75,0.0,17.700000000000003,0.0,0.0,0.0
BLUE PARTY BAGS ,56.70000000000001,121.80000000000001,105.00000000000001,168.00000000000003,107.10000000000001,140.70000000000002,107.10000000000001,71.4,90.30000000000001,58.80000000000001,172.20000000000002,88.2,25.200000000000003
BLUE PATCH PURSE PINK HEART,80.85,24.749999999999996,18.15,0.0,0.0,0.0,0.0,0.0,0.0,0.0,0.0,0.0,0.0
BLUE POLKADOT BEAKER ,0.0,0.0,0.0,10.14,4.29,14.819999999999999,17.939999999999998,12.09,1.17,0.0,5.85,3.12,0.0
BLUE POLKADOT BOWL,77.5,125.0,192.5,190.0,151.25,242.5,181.25,100.0,126.25,111.25,112.5,106.21000000000001,40.0
BLUE POLKADOT COFFEE MUG,12.600000000000001,0.0,27.300000000000004,17.16,28.86,21.06,3.12,0.0,0.0,0.0,0.0,0.0,0.0
BLUE POLKADOT CUP,68.0,91.8,131.48999999999998,90.1,119.0,213.35,137.7,97.75,108.8,71.39999999999999,61.199999999999996,50.15,28.049999999999997
BLUE POLKADOT EGG CUP ,15.0,11.25,45.0,40.949999999999996,33.54,0.0,0.0,0.0,0.0,0.0,0.0,0.0,0.0
BLUE POLKADOT GARDEN PARASOL,0.0,0.0,0.0,0.0,0.0,135.0,202.5,0.0,67.5,0.0,0.0,0.0,0.0
BLUE POLKADOT KIDS BAG,23.4,1.95,48.75,3.9,3.9,0.0,46.8,66.3,23.4,62.629999999999995,71.35,20.65,4.13
BLUE POLKADOT LUGGAGE TAG ,2.5,3.75,15.0,21.25,0.0,17.5,6.25,16.25,35.0,3.75,12.379999999999999,56.13,1.25
BLUE POLKADOT PASSPORT COVER,10.5,8.4,27.300000000000004,27.300000000000004,2.1,2.1,3.0,34.5,34.5,1.5,22.13,59.26,0.75
BLUE POLKADOT PLATE ,65.91,162.24,135.20000000000002,196.04,145.34,299.13,241.67,125.06,261.95,37.18,11.83,0.0,0.0
BLUE POLKADOT PUDDING BOWL,33.6,0.0,0.0,5.07,0.0,0.0,0.0,0.0,0.0,0.0,0.0,0.0,0.0
BLUE POLKADOT PURSE ,2.95,0.0,0.0,0.0,0.0,0.0,0.0,0.0,0.0,11.58,20.54,0.0,0.0
BLUE POLKADOT WASHING UP GLOVES,105.0,109.20000000000002,16.8,79.80000000000001,71.4,37.800000000000004,107.10000000000001,23.1,60.900000000000006,60.900000000000006,33.6,50.4,0.0
BLUE POLKADOT WRAP,94.5,136.5,136.5,136.5,136.5,168.0,231.0,220.5,178.5,210.0,178.5,210.0,42.0
BLUE POT PLANT CANDLE ,3.75,22.5,138.3,45.0,60.0,35.400000000000006,70.80000000000001,38.35000000000001,0.0,53.10000000000001,2.95,162.25000000000003,20.45
BLUE PUDDING SPOON,5.46,5.04,0.0,30.0,3.36,6.4799999999999995,6.119999999999999,20.88,11.52,9.959999999999999,10.68,1.6800000000000002,3.84
BLUE ROSE FABRIC MIRROR,18.75,32.5,0.0,0.0,21.25,6.25,12.72,0.0,6.25,53.75,82.5,46.21,4.96
BLUE ROSE PATCH PURSE PINK BUTTERFL,18.15,24.75,9.9,0.0,0.0,0.0,0.0,0.0,0.0,0.0,0.0,0.0,0.0
BLUE ROUND COMPACT MIRROR,48.75,0.0,0.0,0.0,0.0,0.0,0.0,62.5,7.5,2.5,0.0,0.0,0.0
BLUE SCANDINAVIAN PAISLEY WRAP,31.5,42.0,21.0,42.0,31.5,31.5,63.0,31.5,21.0,10.5,31.5,52.5,0.0
BLUE SCOTTIE DOG W FLOWER PATTERN,0.0,2.55,0.0,20.4,5.1,15.299999999999999,7.6499999999999995,28.049999999999997,17.849999999999998,25.5,45.9,89.25,0.0
BLUE SPOT CERAMIC DRAWER KNOB,142.5,336.63,311.47,307.5,277.94,221.25,356.25,211.25,335.0,441.9,330.59999999999997,343.65,8.7
BLUE SQUARE COMPACT MIRROR,0.0,0.0,0.0,0.0,15.0,15.0,0.0,1.25,21.25,11.25,0.0,0.0,0.0
BLUE STONES ON WIRE FOR CANDLE,0.0,0.0,1.26,1.92,1.05,3.84,3.84,1.92,0.48,6.88,0.72,0.0,0.0
BLUE STRIPE CERAMIC DRAWER KNOB,165.0,326.63,333.97,396.25,364.19,337.5,383.75,217.72,387.5,703.74,410.96,379.9,73.39
BLUE STRIPES SHOULDER BAG,0.0,0.0,0.0,0.0,4.1499999999999995,3.32,0.0,0.0,0.0,0.0,0.0,0.0,0.0
BLUE SWEETHEART BRACELET,76.5,0.0,8.5,0.0,0.0,0.0,0.0,0.0,0.0,0.0,0.0,0.0,0.0
BLUE TABLE RUN FLOWER,0.0,0.0,0.0,0.0,2.5,31.25,1.25,2.5,0.0,7.5,3.75,7.5,0.0
BLUE TEA TOWEL CLASSIC DESIGN,65.0,40.0,78.75,28.75,33.75,33.75,36.25,3.75,0.0,0.0,0.0,0.0,0.0
BLUE TEATIME PRINT BOWL ,12.5,0.0,0.0,0.0,0.0,0.0,0.0,0.0,0.0,0.0,0.0,0.0,0.0
BLUE TILED TRAY,6.75,0.0,33.75,0.0,0.0,0.0,0.0,6.75,0.0,6.75,0.0,0.0,0.0
BLUE TRAVEL FIRST AID KIT,1.65,3.3,0.0,1.65,0.0,0.0,0.0,33.0,16.5,0.0,0.0,0.0,0.0
BLUE TV TRAY TABLE ,8.5,25.5,17.0,74.1,50.699999999999996,0.0,0.0,0.0,0.0,0.0,0.0,0.0,0.0
BLUE VICTORIAN FABRIC OVAL BOX,0.0,0.42,2.52,2.52,5.04,41.16,0.0,22.68,15.120000000000001,1.26,12.6,53.76,12.18
BLUE VINTAGE SPOT BEAKER,0.0,0.0,0.0,0.0,0.0,0.0,155.54999999999998,235.45,209.95,145.35,135.15,62.05,12.75
BLUE WHITE PLASTIC RINGS LAMPSHADE,0.0,0.0,5.1,0.85,0.0,0.85,2.55,0.0,0.0,2.55,0.0,0.0,0.0
BLUE WIRE SPIRAL CANDLE HOLDER,25.4,25.4,0.0,0.0,6.35,0.0,0.0,12.7,0.0,0.0,0.0,0.0,0.0
BLUE/CREAM STRIPE CUSHION COVER ,30.0,26.25,93.75,15.0,36.25,92.5,106.25,72.5,93.75,58.75,41.25,47.5,13.75
BLUE/GREEN SHELL NECKLACE W PENDANT,5.95,0.0,0.0,0.0,0.0,0.0,0.0,0.0,0.0,0.0,0.0,0.0,0.0
BLUE/NAT SHELL NECKLACE W PENDANT,0.0,0.0,5.95,0.0,0.0,0.0,0.0,0.0,0.0,0.0,0.0,0.0,0.0
BLUE/YELLOW CERAMIC CANDLE HOLDER,0.0,0.0,0.0,0.0,0.0,0.0,0.0,6.6,0.0,0.0,0.0,0.0,0.0
BLUE/YELLOW FLOWER DESIGN BIG MUG,1.95,3.9,0.0,0.0,1.56,2.34,0.39,1.17,0.0,3.9000000000000004,0.0,1.56,0.0
BOHEMIAN COLLAGE STATIONERY SET,5.9,17.700000000000003,0.0,2.95,11.8,32.45,78.75,100.0,103.75,57.38,58.31,172.91,33.63
BOOM BOX SPEAKER BOYS,119.00000000000001,23.8,5.95,17.85,5.95,11.9,11.9,77.35,17.85,243.95,35.7,89.25,79.7
BOOM BOX SPEAKER GIRLS,179.75,90.0,0.0,23.8,5.95,11.9,23.8,71.4,11.9,17.85,23.8,59.5,7.5
BOOZE & WOMEN GREETING CARD ,20.16,35.7,5.04,20.16,5.04,10.08,15.120000000000001,5.04,15.120000000000001,15.120000000000001,10.08,5.04,0.0
BOTANICAL LAVENDER BIRTHDAY CARD,5.04,25.2,5.04,15.120000000000001,5.04,10.08,10.08,15.120000000000001,15.120000000000001,11.74,5.04,25.91,10.08
BOTANICAL LAVENDER GIFT WRAP ,0.0,0.0,31.5,0.0,21.0,10.5,42.0,31.5,0.0,21.0,10.5,21.0,10.5
BOTANICAL LILY GIFT WRAP,0.0,0.0,0.0,0.0,10.5,10.5,0.0,0.0,10.5,21.0,10.5,0.0,0.0
BOTANICAL LILY GREETING CARD,5.04,15.120000000000001,0.0,15.120000000000001,5.04,15.120000000000001,10.5,15.120000000000001,20.16,15.120000000000001,15.120000000000001,20.16,0.0
BOTANICAL ROSE GIFT WRAP,10.5,31.5,31.5,0.0,10.5,31.5,52.5,21.0,42.0,10.5,21.0,21.0,0.0
BOTANICAL ROSE GREETING CARD,20.16,35.28,5.04,30.240000000000002,0.0,5.04,20.16,5.04,0.0,0.0,0.0,0.0,0.0
BOTTLE BAG RETROSPOT ,120.7,139.8,103.3,90.3,33.6,79.8,44.1,39.9,121.8,123.9,102.83,37.660000000000004,4.2
BOUDOIR SQUARE TISSUE BOX,47.5,37.5,3.75,35.0,26.25,31.25,6.25,13.65,4.68,20.28,40.92,39.09,14.280000000000001
BOX OF 24 COCKTAIL PARASOLS,102.92,139.06,90.3,120.53999999999999,116.34,203.28,198.66,142.38,81.48,225.38,126.25,215.53,74.95
BOX OF 6 ASSORTED COLOUR TEASPOONS,114.75,29.75,114.75,229.5,25.5,182.75,80.75,21.25,29.75,97.75,155.32999999999998,140.25,12.75
BOX OF 6 CHRISTMAS CAKE DECORATIONS,0.0,0.0,0.0,0.0,0.0,0.0,0.0,0.0,0.0,0.0,858.75,1698.75,127.5
BOX OF 6 MINI 50'S CRACKERS,0.0,0.0,0.0,0.0,0.0,0.0,0.0,122.01000000000002,366.03000000000003,1110.6000000000001,1441.71,1775.5500000000002,433.26000000000005
BOX OF 6 MINI VINTAGE CRACKERS,0.0,0.0,0.0,0.0,0.0,0.0,0.0,112.05000000000001,231.57000000000002,1078.23,1441.71,1481.7,380.97
BOX OF 9 PEBBLE CANDLES,95.55,83.85,42.9,117.0,48.75,40.949999999999996,50.699999999999996,87.75,46.8,35.1,29.25,7.8,0.0
BOX OF VINTAGE JIGSAW BLOCKS ,401.8,168.3,168.3,183.15,127.85000000000001,193.35,113.05000000000001,291.35,258.8,719.5500000000001,910.35,701.9000000000001,83.30000000000001
BOX/12 CHICK & EGG IN BASKET,0.0,29.25,25.35,66.3,0.0,0.0,0.0,0.0,0.0,0.0,0.0,0.0,0.0
BOYS VINTAGE TIN SEASIDE BUCKET,71.39999999999999,81.6,153.0,216.74999999999997,232.04999999999998,492.15,362.09999999999997,163.2,86.7,20.4,33.15,58.37,7.6499999999999995
BREAD BIN DINER STYLE RED ,0.0,0.0,0.0,0.0,5.0,0.0,0.0,0.0,0.0,0.0,0.0,0.0,0.0
BRIGHT BLUES RIBBONS ,75.0,77.5,61.25,188.75,73.75,47.5,43.75,26.25,31.25,1.25,0.0,0.0,0.0
BROCADE RING PURSE ,0.63,1.26,0.29,3.48,8.12,10.729999999999999,10.44,1.45,2.8999999999999995,11.31,25.35,62.28,16.23
BROWN  PIRATE TREASURE CHEST ,21.449999999999996,0.0,8.25,33.0,0.0,3.3,6.6,1.65,3.3,13.2,49.49999999999999,59.39999999999999,19.11
BROWN CHECK CAT DOORSTOP ,72.25,136.5,119.0,128.0,0.0,72.25,51.0,51.0,80.75,187.5,51.0,15.75,0.0
BROWN KUKUI COCONUT SEED NECKLACE,0.0,0.0,0.0,0.0,0.0,0.0,0.0,6.0,9.0,53.0,0.0,6.0,0.0
BUBBLEGUM RING ASSORTED,0.0,0.0,0.0,0.0,0.0,0.0,0.0,0.0,0.0,0.83,11.62,2.9099999999999997,2.9099999999999997
BUFFALO BILL TREASURE BOOK BOX,0.0,0.0,0.0,301.03,122.39,111.14,69.75,58.5,76.5,135.0,96.91,128.25,22.5
BUFFALO BILL WALL ART ,0.0,0.0,0.0,0.0,0.0,0.0,0.0,0.0,0.0,0.0,247.5,45.0,0.0
BULL DOG BOTTLE OPENER,0.0,0.0,0.0,483.65000000000003,306.90000000000003,440.55,257.40000000000003,193.05,188.1,356.70000000000005,277.2,272.25,118.80000000000001
BULL DOG BOTTLE TOP WALL CLOCK,0.0,0.0,0.0,60.0,60.0,0.0,0.0,60.0,0.0,60.0,0.0,120.0,60.0
BUNDLE OF 3 ALPHABET EXERCISE BOOKS,0.0,0.0,0.0,0.0,0.0,579.1499999999999,450.44999999999993,316.79999999999995,369.59999999999997,603.8999999999999,419.0899999999999,551.0799999999999,128.7
BUNDLE OF 3 RETRO EXERCISE BOOKS,0.0,0.0,0.0,0.0,0.0,98.99999999999999,0.0,0.0,0.0,0.0,0.0,0.0,0.0
BUNDLE OF 3 RETRO NOTE BOOKS,0.0,0.0,0.0,0.0,0.0,391.04999999999995,328.34999999999997,219.44999999999996,305.24999999999994,447.1499999999999,432.28999999999996,372.84,131.96999999999997
BUNDLE OF 3 SCHOOL EXERCISE BOOKS  ,0.0,0.0,0.0,0.0,0.0,407.54999999999995,316.79999999999995,216.14999999999998,182.39999999999998,282.15,384.44999999999993,280.48999999999995,64.35
BUNNY DECORATION MAGIC GARDEN,0.0,62.9,73.94999999999999,174.25,69.7,0.0,0.85,0.0,0.0,0.0,0.0,1.7,0.0
BUNNY EGG BOX,0.0,90.0,88.75,26.25,23.75,0.0,0.0,0.0,0.0,0.0,0.0,0.0,0.0
BUNNY EGG GARLAND,0.0,11.76,6.72,55.86,48.72,0.0,0.0,0.0,0.0,0.0,10.08,0.0,0.0
BUNNY WOODEN PAINTED WITH BIRD ,1.7,96.05,136.85,166.6,58.65,0.0,18.72,12.48,0.78,7.8,24.569999999999997,12.479999999999999,11.309999999999999
BUNNY WOODEN PAINTED WITH FLOWER ,0.85,54.4,58.65,114.75,32.3,0.0,14.04,12.09,5.069999999999999,4.68,33.54,2.73,1.17
"BUNTING , SPOTTY ",0.0,0.0,0.0,0.0,0.0,148.5,29.700000000000003,0.0,0.0,0.0,0.0,0.0,0.0
BUTTERFLIES STICKERS,45.9,35.699999999999996,25.5,36.55,25.5,61.199999999999996,61.199999999999996,0.0,0.0,45.9,4.89,60.989999999999995,13.459999999999999
BUTTERFLY CROCHET FOOD COVER,52.5,11.25,56.25,60.0,18.75,78.75,37.5,108.75,0.0,18.71,11.25,14.96,0.0
BUTTERFLY CUSHION COVER,0.0,0.0,0.0,0.0,0.0,0.0,0.0,0.0,0.0,30.0,0.0,0.0,0.0
BUTTERFLY HAIR BAND,0.0,0.0,2.55,0.0,0.0,0.0,15.299999999999999,0.0,0.0,22.95,0.0,0.0,0.0
BUTTON BOX ,113.1,33.15,195.0,78.0,136.5,101.4,50.699999999999996,21.45,48.75,280.15999999999997,214.53,116.77,28.2
BUTTONS AND STRIPES NOTEBOOK ,11.25,22.5,0.0,3.75,0.0,0.0,7.5,0.0,0.0,0.0,0.0,3.75,0.0
CACTI T-LIGHT CANDLES,6.72,13.44,67.62,33.6,40.32,53.76,47.04,13.44,45.36,47.04,53.599999999999994,60.48,0.0
CAKE PLATE LOVEBIRD PINK,225.45,103.5,217.5,163.35000000000002,0.0,24.75,9.9,24.75,29.700000000000003,14.850000000000001,44.550000000000004,29.700000000000003,14.850000000000001
CAKE PLATE LOVEBIRD WHITE,486.9,496.79999999999995,191.25,94.05000000000001,59.400000000000006,154.95,64.35000000000001,99.0,164.85000000000002,153.45000000000002,174.75,143.55,9.9
CAKE SHOP  STICKER SHEET,11.049999999999999,2.55,5.1,5.1,0.0,0.0,14.45,10.2,0.0,0.0,0.0,0.0,0.0
CAKE STAND LACE WHITE,4.25,0.0,0.0,0.0,0.0,0.0,0.0,0.0,0.0,0.0,0.0,0.0,0.0
CAKE STAND LOVEBIRD 2 TIER PINK,0.0,0.0,0.0,0.0,0.0,0.0,0.0,0.0,0.0,0.0,0.0,0.0,106.20000000000002
CAKE STAND LOVEBIRD 2 TIER WHITE,0.0,0.0,0.0,0.0,0.0,0.0,0.0,0.0,0.0,0.0,0.0,0.0,250.75000000000003
CAKE STAND VICTORIAN FILIGREE MED,67.5,127.35000000000001,23.25,127.35000000000001,20.25,87.75,0.0,6.75,0.0,0.0,0.0,6.75,0.0
CAKE STAND VICTORIAN FILIGREE SMALL,0.0,24.75,0.0,19.8,0.0,4.95,0.0,222.75,0.0,108.9,143.55,89.10000000000001,100.0
CAKE STAND WHITE TWO TIER LACE,0.0,0.0,0.0,0.0,0.0,0.0,0.0,0.0,0.0,0.0,0.0,0.0,265.50000000000006
CAKES AND BOWS GIFT  TAPE,35.14,41.02,7.800000000000001,7.800000000000001,17.55,7.800000000000001,10.4,39.650000000000006,1.9500000000000002,7.800000000000001,3.25,16.25,7.800000000000001
CAKES AND RABBITS DESIGN FLANNEL ,1.7,0.85,0.0,11.049999999999999,0.0,10.2,10.2,0.0,0.0,1.7,11.899999999999999,0.85,0.0
CALENDAR FAMILY FAVOURITES,2.95,23.6,0.0,0.0,0.0,35.400000000000006,29.500000000000004,14.750000000000002,56.05000000000001,20.16,19.68,99.84,7.5
CALENDAR IN SEASON DESIGN,70.80000000000001,56.05000000000001,32.45,38.35000000000001,38.35000000000001,41.300000000000004,32.45,78.35,44.25000000000001,40.81,56.06,139.67000000000002,40.93
CALENDAR PAPER CUT DESIGN,268.45000000000005,383.50000000000006,215.35000000000002,171.10000000000002,321.55000000000007,327.45000000000005,407.1000000000001,315.65000000000003,413.00000000000006,277.3,368.09000000000003,336.3,0.0
CAMOUFLAGE DESIGN TEDDY,10.2,5.1,5.1,15.299999999999999,2.55,7.6499999999999995,22.95,12.75,33.15,12.75,0.0,0.0,0.0
CAMOUFLAGE EAR MUFF HEADPHONES,93.33,16.47,21.96,0.0,16.47,5.49,5.49,0.0,0.0,27.450000000000003,0.0,10.98,7.44
CAMOUFLAGE LED TORCH,233.22000000000003,20.28,74.36000000000001,162.24,70.98,101.4,155.48000000000002,27.04,81.12,304.2,202.8,410.67,123.37
CAMPHOR WOOD PORTOBELLO MUSHROOM,13.75,2.5,7.5,7.5,7.5,32.5,15.0,12.5,0.0,0.0,40.0,7.5,9.36
CANDLE HOLDER SILVER MADELINE,0.0,0.0,0.0,0.0,0.0,0.0,39.599999999999994,54.599999999999994,19.799999999999997,26.4,89.1,42.89999999999999,42.88999999999999
CANDLE PLATE LACE WHITE,89.25,15.299999999999999,2.55,30.599999999999998,10.2,2.55,20.4,15.299999999999999,33.15,2.55,5.1,0.0,19.75
CANDLEHOLDER PINK HANGING HEART,469.05000000000007,670.7500000000001,421.8500000000001,474.95000000000005,233.05,451.35,371.70000000000005,325.6,236.00000000000003,316.09000000000003,126.74000000000001,0.0,0.0
CANDY HEART HANGING DECORATION,0.0,0.0,15.0,15.0,25.44,7.5,21.84,15.209999999999999,23.4,19.5,19.5,13.26,9.36
CANDY SHOP  STICKER SHEET,43.349999999999994,45.05,3.4,5.95,0.0,14.45,10.2,18.7,4.25,0.0,3.4,0.0,0.0
CANDY SPOT BUNNY,0.0,8.850000000000001,0.0,0.0,0.0,0.0,0.0,5.9,0.0,0.0,11.8,11.8,0.0
CANDY SPOT CUSHION COVER,0.0,17.700000000000003,0.0,35.400000000000006,17.700000000000003,0.0,23.6,0.0,0.0,24.96,0.0,0.0,0.0
CANDY SPOT EGG WARMER HARE,0.0,15.0,30.0,48.33,7.0200000000000005,0.0,0.0,0.0,0.0,0.0,7.02,7.800000000000001,0.0
CANDY SPOT EGG WARMER RABBIT,0.0,17.5,15.0,9.5,3.8000000000000003,0.0,0.0,0.76,0.0,0.0,4.180000000000001,10.07,0.38
CANDY SPOT HAND BAG,0.0,0.0,0.0,14.700000000000001,42.00000000000001,2.1,37.800000000000004,16.8,25.200000000000003,2.1,62.790000000000006,25.060000000000002,0.0
CANDY SPOT HEART DECORATION,0.85,0.0,5.1,7.6499999999999995,0.0,5.1,19.549999999999997,0.0,0.0,0.0,0.0,0.0,0.0
CANDY SPOT TEA COSY,0.0,0.0,40.05,0.0,0.0,0.0,0.0,0.0,0.0,0.0,0.0,0.0,0.0
CANNABIS LEAF BEAD CURTAIN,20.4,0.0,0.0,0.0,0.0,0.0,0.0,0.0,10.2,0.0,0.0,0.0,0.0
CANNISTER VINTAGE LEAF DESIGN,0.0,0.0,0.0,0.0,0.0,0.0,23.4,0.0,0.0,0.0,0.0,0.0,0.0
CARAVAN SQUARE TISSUE BOX,28.75,15.0,2.5,56.25,20.0,2.5,12.5,10.53,19.5,10.920000000000002,18.45,24.54,5.8500000000000005
CARD BILLBOARD FONT,90.72,115.92,131.04,141.12,131.04,136.08,131.04,115.92,126.0,204.09,183.1,162.94,41.980000000000004
CARD BIRTHDAY COWBOY,20.16,45.36,45.36,55.44,65.94,76.02,126.0,85.68,35.28,80.64,60.480000000000004,60.45,10.08
CARD CAT AND TREE ,35.28,75.6,30.240000000000002,50.4,30.24,55.44,50.4,15.120000000000001,55.44,85.68,35.28,45.36,5.04
CARD CHRISTMAS VILLAGE,95.76,0.0,0.0,0.0,0.0,0.0,5.04,35.28,25.2,161.28,264.6,292.32,35.28
CARD CIRCUS PARADE,65.52,80.64,70.56,95.76,105.84,105.84,101.22,105.84,80.64,105.84,85.68,41.98,36.11
CARD DOG AND BALL ,15.120000000000001,58.8,14.280000000000001,30.240000000000002,40.32,45.36,35.28,50.4,60.480000000000004,50.4,25.2,35.28,0.0
CARD DOLLY GIRL ,30.24,0.0,5.04,23.52,80.64,151.2,126.0,95.76,105.84,136.91,115.86,106.49,26.03
CARD GINGHAM ROSE ,20.16,55.44,40.32,70.56,55.44,70.56,50.4,45.36,95.76,90.72,36.11,46.19,15.120000000000001
CARD HOLDER GINGHAM HEART,127.49999999999999,206.54999999999998,20.4,0.0,0.0,0.0,69.36,43.35,170.51,341.03,352.6,346.86,46.26
CARD HOLDER LOVE BIRD LARGE ,0.0,0.0,0.0,0.0,0.0,0.0,0.0,0.0,0.0,0.0,666.86,418.75,43.75
CARD HOLDER LOVE BIRD SMALL,0.0,0.0,0.0,0.0,0.0,0.0,0.0,0.0,0.0,29.050000000000004,562.3800000000001,394.25000000000006,33.2
CARD I LOVE LONDON ,65.52,35.28,60.48,55.44,96.48,102.06,72.24,35.28,65.52,72.22,38.16,50.4,20.16
CARD MOTORBIKE SANTA,120.96,0.0,0.0,0.0,0.0,0.0,5.04,10.08,10.08,166.32,249.48,307.44,75.6
CARD PARTY GAMES ,25.2,50.4,35.28,15.120000000000001,25.2,25.2,60.480000000000004,40.32,40.32,26.46,50.82,42.42,10.08
CARD PSYCHEDELIC APPLES,45.36,35.28,50.4,45.36,35.28,70.56,15.120000000000001,60.480000000000004,60.480000000000004,70.56,40.32,60.480000000000004,9.24
CARD SUKI BIRTHDAY,35.28,55.44,35.28,60.480000000000004,40.32,80.64,35.28,55.44,35.28,36.12,33.18,86.1,10.08
CARD WEDDING DAY,0.0,45.36,50.4,35.28,50.4,40.32,75.6,65.52,70.56,55.44,20.16,2.52,0.0
CARDHOLDER GINGHAM CHRISTMAS TREE,56.099999999999994,0.0,0.0,0.0,0.0,0.0,19.5,19.5,0.0,195.26,276.9,395.43,33.15
CARDHOLDER GINGHAM STAR,153.0,5.1,0.0,0.0,0.0,0.0,0.0,2.55,15.299999999999999,173.07,265.53,221.42000000000002,14.879999999999999
CARDHOLDER HOLLY WREATH METAL,93.75,0.0,0.0,0.0,0.0,0.0,0.0,45.0,86.25,427.83,288.67,639.56,142.3
CAROUSEL DESIGN WASHBAG,5.85,13.649999999999999,13.649999999999999,0.0,13.649999999999999,9.75,0.0,0.0,1.95,15.6,15.6,11.7,0.0
CAROUSEL PONIES BABY BIB,2.5,2.5,1.25,8.12,0.0,0.0,0.0,0.0,0.0,0.0,0.0,0.0,0.0
CARROT CHARLIE+LOLA COASTER SET,35.9,71.8,0.0,26.25,3.75,72.5,32.5,20.0,26.25,25.0,55.79,100.0,16.25
CARTOON  PENCIL SHARPENERS,0.8,0.0,0.0,0.0,0.8,1.6,0.3,0.0,0.0,0.0,0.3,3.0,0.8999999999999999
CAST IRON HOOK GARDEN FORK,30.599999999999998,76.5,22.95,25.5,0.0,0.0,0.0,0.0,0.0,0.0,0.0,0.0,0.0
CAST IRON HOOK GARDEN TROWEL,10.2,40.8,71.4,25.5,2.55,0.0,0.0,0.0,0.0,0.0,0.0,0.0,0.0
CAT AND BIRD WALL ART,0.0,0.0,0.0,0.0,0.0,0.0,0.0,0.0,0.0,0.0,54.84,0.0,0.0
CAT BOWL VINTAGE CREAM,26.0,110.45,149.5,165.75,84.5,104.0,214.0,97.5,61.75,87.75,104.0,139.75,52.0
CAT WITH SUNGLASSES BLANK CARD,0.0,0.0,0.0,0.0,0.0,0.0,0.0,0.0,0.0,0.0,0.0,0.95,0.0
CD WALL TIDY RED FLOWERS,5.04,1.68,0.0,0.0,0.0,0.0,0.0,0.0,0.0,0.0,0.0,0.0,0.0
CERAMIC BIRDHOUSE CRESTED TIT SMALL,41.300000000000004,120.95000000000002,0.0,50.150000000000006,0.0,0.0,0.0,0.0,0.0,0.0,0.0,0.0,0.0
CERAMIC BOWL WITH LOVE HEART DESIGN,17.700000000000003,171.10000000000002,5.9,21.58,44.82,64.74,22.41,33.2,6.64,25.729999999999997,28.22,0.0,0.0
CERAMIC BOWL WITH STRAWBERRY DESIGN,67.85000000000001,47.2,70.80000000000001,67.85000000000001,44.25000000000001,100.30000000000001,32.45,91.45000000000002,23.6,2.95,32.45,76.70000000000002,101.12
CERAMIC CAKE BOWL + HANGING CAKES,100.30000000000001,158.0,61.95000000000001,252.75,190.45000000000002,155.05,63.6,67.85000000000001,136.05,90.15,119.65,152.10000000000002,8.850000000000001
CERAMIC CAKE DESIGN SPOTTED MUG,256.28,237.01,140.06,327.8,126.65,86.42,65.56,108.77,110.25999999999999,50.66,110.25999999999999,131.12,44.699999999999996
CERAMIC CAKE DESIGN SPOTTED PLATE,95.36,65.56,120.69,129.63,154.96,43.21,29.799999999999997,61.089999999999996,47.68,28.31,95.36,77.47999999999999,35.76
CERAMIC CHERRY CAKE MONEY BANK,240.7,101.49999999999999,175.45,129.04999999999998,95.69999999999999,185.6,98.6,152.25,55.1,158.04999999999998,33.74,271.53999999999996,13.65
CERAMIC HEART FAIRY CAKE MONEY BANK,217.5,146.45,79.75,205.89999999999998,53.64999999999999,139.2,107.3,95.69999999999999,76.85,216.26999999999998,100.94,264.9,43.089999999999996
CERAMIC LOVE HEART MONEY BANK,0.0,42.05,11.6,37.699999999999996,37.699999999999996,0.0,5.8,0.0,0.0,26.099999999999998,5.8,17.4,7.02
CERAMIC PIRATE CHEST MONEY BANK,117.44999999999999,56.55,82.64999999999999,69.6,63.8,44.949999999999996,72.5,55.099999999999994,52.199999999999996,83.14999999999999,66.7,201.54999999999998,21.749999999999996
CERAMIC PLATE STRAWBERRY DESIGN,59.599999999999994,29.799999999999997,73.00999999999999,62.58,5.96,44.699999999999996,45.62,11.92,5.96,5.96,5.96,99.83,56.160000000000004
CERAMIC STRAWBERRY CAKE MONEY BANK,246.5,174.0,267.79999999999995,256.65,134.85,234.89999999999998,182.25,245.54999999999998,143.54999999999998,221.39999999999998,167.14,217.22,65.46
CERAMIC STRAWBERRY DESIGN MUG,175.82,120.69,89.39999999999999,213.07,187.73999999999998,166.88,49.17,68.53999999999999,68.53999999999999,25.33,58.11,122.17999999999999,138.84
CERAMIC STRAWBERRY MONEY BOX,56.099999999999994,22.95,25.5,45.9,87.14999999999999,161.1,45.9,28.049999999999997,51.0,2.55,0.0,10.2,0.0
CERAMIC STRAWBERRY TRINKET TRAY,15.299999999999999,10.2,30.599999999999998,17.849999999999998,0.0,0.0,15.299999999999999,2.55,0.0,2.55,30.599999999999998,15.299999999999999,0.0
CHAMBRE HOOK,0.0,0.0,0.0,0.0,0.0,0.0,0.0,0.0,0.0,100.64999999999998,23.099999999999998,16.5,14.819999999999999
CHAMPAGNE TRAY BLANK CARD,0.0,0.0,0.0,0.0,0.0,0.0,0.95,0.0,0.0,0.0,0.0,0.5700000000000001,0.0
CHARLIE & LOLA WASTEPAPER BIN BLUE,26.25,22.5,0.0,0.0,0.0,56.25,97.5,107.5,45.0,66.25,101.25,90.0,16.25
CHARLIE & LOLA WASTEPAPER BIN FLORA,30.0,22.5,0.0,3.75,3.75,111.25,133.75,145.0,68.75,51.25,127.5,158.75,15.0
CHARLIE + LOLA BISCUITS TINS,0.0,0.0,0.0,23.4,251.54999999999998,347.09999999999997,0.0,0.0,0.0,0.0,0.0,0.0,0.0
CHARLIE + LOLA RED HOT WATER BOTTLE,277.3,80.2,11.8,26.550000000000004,2.95,2.95,11.8,8.850000000000001,17.700000000000003,112.55000000000001,168.94000000000003,265.27000000000004,83.85000000000001
CHARLIE AND LOLA CHARLOTTE BAG,23.099999999999998,3.3,44.55,0.0,0.0,0.0,0.0,0.0,0.0,0.0,0.0,0.0,0.0
CHARLIE AND LOLA FIGURES TINS,0.0,0.0,0.0,23.4,276.9,313.95,450.45,505.04999999999995,282.75,0.0,0.0,0.0,0.0
CHARLIE AND LOLA TABLE TINS,0.0,0.0,0.0,0.0,165.75,212.54999999999998,259.34999999999997,0.0,0.0,0.0,0.0,0.0,0.0
CHARLIE LOLA BLUE HOT WATER BOTTLE ,27.900000000000002,0.0,0.0,0.0,0.0,0.0,13.950000000000001,18.6,13.950000000000001,45.980000000000004,79.02,103.31,35.379999999999995
CHARLIE+LOLA MY ROOM DOOR SIGN,20.4,12.75,2.55,25.5,0.0,15.299999999999999,0.0,31.98,15.6,22.62,29.25,28.86,1.17
CHARLIE+LOLA PINK HOT WATER BOTTLE,256.65000000000003,113.75,0.0,26.550000000000004,0.0,0.0,5.9,23.6,17.700000000000003,148.86,150.33,242.69000000000003,64.10000000000001
CHARLIE+LOLA RED HOT WATER BOTTLE ,93.0,0.0,0.0,0.0,0.0,9.3,13.950000000000001,0.0,0.0,56.81,115.70000000000002,94.01,115.75999999999999
"CHARLIE+LOLA""EXTREMELY BUSY"" SIGN",15.299999999999999,15.299999999999999,0.0,12.75,0.0,22.95,20.4,21.06,16.77,81.50999999999999,26.13,37.44,7.6899999999999995
CHARLOTTE BAG ALPHABET  DESIGN,0.0,0.0,0.0,0.0,68.0,76.5,17.0,0.0,0.0,0.0,0.0,0.0,0.0
CHARLOTTE BAG APPLES DESIGN,0.0,0.0,0.0,0.0,315.35,564.4,443.7,340.0,352.7,293.25,350.2,348.5,116.45
CHARLOTTE BAG DOLLY GIRL DESIGN,110.45,136.85,111.35,193.8,129.2,156.4,229.5,199.75,230.29999999999998,242.25,148.60999999999999,332.28,75.65
CHARLOTTE BAG PINK POLKADOT,151.3,206.55,202.3,251.15,184.45,137.7,288.15,311.95,254.15,338.95,287.96,451.66,68.22
CHARLOTTE BAG SUKI DESIGN,204.0,219.3,155.55,215.05,231.2,364.65,362.1,399.5,305.15,318.47,351.40999999999997,347.37,122.4
CHARLOTTE BAG VINTAGE ALPHABET ,0.0,0.0,0.0,0.0,178.5,250.75,235.45,271.15,214.2,282.2,282.98,237.79,81.6
CHERRY BLOSSOM  DECORATIVE FLASK,63.18,86.25,48.75,82.5,198.18,30.0,101.25,71.25,186.93,78.75,130.68,150.0,15.0
CHERRY BLOSSOM CANVAS ART PICTURE,0.0,0.0,0.0,0.0,0.0,0.0,0.0,58.5,15.6,0.0,0.0,0.0,0.0
CHERRY BLOSSOM DECORATIVE FLASK,0.0,0.0,71.25,187.5,243.18,108.75,56.25,0.0,0.0,0.0,0.0,0.0,0.0
CHERRY BLOSSOM LUGGAGE TAG,0.0,0.0,0.0,15.0,0.0,0.0,8.75,0.0,0.0,0.0,0.0,17.46,2.46
CHERRY BLOSSOM PASSPORT COVER,4.2,2.1,12.600000000000001,0.0,2.1,8.4,7.5,19.5,4.5,0.75,7.88,16.5,0.75
CHERRY BLOSSOM PURSE,0.0,0.0,0.0,0.0,0.0,2.95,0.0,0.0,0.0,0.0,0.0,0.0,0.0
CHERRY BLOSSOM TABLE CLOCK ,0.0,0.0,0.0,0.0,0.0,7.8,0.0,0.0,0.0,0.0,0.0,0.0,0.0
CHERRY CROCHET FOOD COVER,18.75,41.25,48.75,63.75,86.25,127.5,97.5,67.5,191.25,29.96,22.5,14.96,3.75
CHERUB HEART DECORATION GOLD,0.0,0.0,0.0,0.0,0.0,0.0,0.83,24.75,9.959999999999999,62.099999999999994,148.29999999999998,111.99,48.91
CHERUB HEART DECORATION SILVER ,0.0,0.0,0.0,0.0,0.0,0.0,27.240000000000002,21.43,29.879999999999995,106.74,184.73,133.79999999999998,37.32
CHICK GREY HOT WATER BOTTLE,953.1,274.90000000000003,51.75,31.05,62.1,13.8,6.9,24.150000000000002,110.4,459.95000000000005,690.05,1280.46,364.46
CHILDREN'S APRON DOLLY GIRL ,147.0,107.10000000000001,138.60000000000002,155.4,226.8,191.10000000000002,155.4,126.00000000000001,151.20000000000002,289.8,268.52000000000004,470.33000000000004,94.43
CHILDREN'S CIRCUS PARADE MUG,293.7,239.24999999999997,140.24999999999997,164.99999999999997,82.49999999999999,105.6,64.35,70.94999999999999,125.39999999999998,51.14999999999999,166.64999999999998,44.53999999999999,34.63999999999999
CHILDREN'S SPACEBOY MUG,254.09999999999997,310.19999999999993,120.44999999999999,222.74999999999997,118.79999999999998,275.54999999999995,84.14999999999999,120.44999999999999,138.59999999999997,148.49999999999997,369.59999999999997,184.75999999999996,67.64999999999999
CHILDRENS APRON APPLES DESIGN,163.8,140.4,204.75,273.0,183.3,284.7,223.04999999999998,191.1,312.0,243.75,271.05,444.59999999999997,93.83
CHILDRENS APRON SPACEBOY DESIGN,243.75,296.4,331.5,397.8,315.9,282.75,216.45,214.5,286.65,421.65999999999997,520.08,746.74,220.81
CHILDRENS CUTLERY CIRCUS PARADE,0.0,0.0,0.0,0.0,153.55,415.00000000000006,224.10000000000002,207.50000000000003,261.45000000000005,244.85000000000002,278.05,153.55,141.10000000000002
CHILDRENS CUTLERY DOLLY GIRL ,0.0,0.0,0.0,0.0,207.5,651.5500000000001,493.85,581.0,402.55,784.35,543.6500000000001,684.7500000000001,136.95000000000002
CHILDRENS CUTLERY POLKADOT BLUE,0.0,0.0,95.45,66.4,174.3,423.3,385.95000000000005,361.05,323.70000000000005,340.3,650.25,415.00000000000006,120.35000000000001
CHILDRENS CUTLERY POLKADOT GREEN ,0.0,0.0,78.85,315.40000000000003,322.06,373.5,215.8,348.6,62.25000000000001,219.95000000000002,344.45000000000005,311.25,49.800000000000004
CHILDRENS CUTLERY POLKADOT PINK,0.0,0.0,141.1,377.65000000000003,340.3,585.1500000000001,556.1,473.1,527.0500000000001,547.8000000000001,610.0500000000001,749.85,224.10000000000002
CHILDRENS CUTLERY RETROSPOT RED ,0.0,0.0,128.65,406.70000000000005,327.03000000000003,485.55,336.15000000000003,398.40000000000003,427.45000000000005,307.1,444.05,394.25000000000006,95.45
CHILDRENS CUTLERY SPACEBOY ,0.0,0.0,0.0,0.0,273.90000000000003,792.6500000000001,759.45,506.3,556.1,763.6,651.5500000000001,788.5000000000001,161.85000000000002
CHILDRENS DOLLY GIRL MUG,232.64999999999998,260.69999999999993,62.69999999999999,232.64999999999998,160.04999999999998,188.09999999999997,64.35,97.34999999999998,138.59999999999997,148.49999999999997,143.52999999999997,196.30999999999997,47.849999999999994
CHILDRENS GARDEN GLOVES BLUE,30.0,73.75,103.75,131.25,118.75,157.5,0.0,0.0,0.0,0.0,0.0,0.0,0.0
CHILDRENS GARDEN GLOVES PINK,30.0,71.25,102.5,180.0,63.75,0.0,0.0,0.0,0.0,0.0,0.0,0.0,0.0
CHILDRENS SPACEBOY MUG,39.599999999999994,0.0,0.0,0.0,0.0,0.0,0.0,0.0,0.0,0.0,0.0,0.0,0.0
CHILDRENS TOY COOKING UTENSIL SET,0.0,0.0,0.0,0.0,0.0,0.0,0.0,0.0,12.48,230.88,461.76,393.12,0.0
CHILDS GARDEN BRUSH BLUE,33.6,58.800000000000004,100.80000000000001,52.50000000000001,96.60000000000001,54.6,0.0,0.0,0.0,0.0,0.0,0.0,0.0
CHILDS GARDEN BRUSH PINK,42.0,54.6,105.00000000000001,50.400000000000006,86.10000000000001,102.9,33.6,0.0,0.0,0.0,0.0,0.0,0.0
CHILDS GARDEN FORK BLUE ,11.899999999999999,59.5,90.1,70.55,130.04999999999998,135.14999999999998,43.35,14.45,15.299999999999999,4.25,28.9,15.299999999999999,0.85
CHILDS GARDEN FORK PINK,11.899999999999999,58.64999999999999,119.85,79.89999999999999,107.1,120.69999999999999,40.8,23.799999999999997,15.299999999999999,4.25,30.599999999999998,11.899999999999999,10.2
CHILDS GARDEN RAKE BLUE,14.700000000000001,31.500000000000004,25.200000000000003,39.900000000000006,37.800000000000004,96.60000000000001,14.700000000000001,4.2,12.600000000000001,0.0,0.0,4.2,0.0
CHILDS GARDEN RAKE PINK,12.600000000000001,25.200000000000003,31.500000000000004,50.400000000000006,46.2,69.30000000000001,14.700000000000001,8.4,14.700000000000001,6.300000000000001,4.2,12.6,4.2
CHILDS GARDEN SPADE BLUE,33.6,31.5,58.800000000000004,46.2,81.9,130.20000000000002,23.1,31.500000000000004,2.1,6.300000000000001,8.4,16.8,0.0
CHILDS GARDEN SPADE PINK,25.200000000000003,31.5,63.00000000000001,31.500000000000004,90.30000000000001,105.00000000000001,14.700000000000001,27.300000000000004,0.0,6.300000000000001,10.5,10.5,6.300000000000001
CHILDS GARDEN TROWEL BLUE ,1.7,69.7,113.89999999999999,104.55,170.0,111.35,0.0,0.0,0.0,0.0,0.0,0.0,0.0
CHILDS GARDEN TROWEL PINK,1.7,68.85,126.64999999999999,124.1,184.45,2.55,0.0,0.0,0.0,0.0,0.0,0.0,0.0
CHILLI LIGHTS,2738.4,1760.55,1463.25,1215.0,46.0,1266.75,1473.75,983.1,542.35,996.5500000000001,1901.0500000000002,3421.9500000000003,571.1
CHINESE DRAGON PAPER LANTERNS,40.32,75.6,30.240000000000002,45.36,60.900000000000006,54.6,40.32,17.64,14.280000000000001,0.0,0.0,0.0,0.0
CHOC TRUFFLE GOLD TRINKET POT ,52.79999999999999,29.699999999999996,29.7,66.0,39.599999999999994,16.5,49.49999999999999,19.799999999999997,49.49999999999999,6.6,47.849999999999994,82.49999999999999,6.24
CHOCOLATE 1 WICK MORRIS BOX CANDLE,85.5,100.5,4.25,68.58,8.5,25.5,4.25,59.5,0.0,12.75,78.0,61.25,0.0
CHOCOLATE 3 WICK MORRIS BOX CANDLE,141.0,60.0,0.0,0.0,8.5,0.0,21.25,25.5,0.0,25.5,129.5,0.0,0.0
CHOCOLATE BOX RIBBONS ,78.75,160.0,76.25,148.75,118.75,93.75,53.75,120.0,147.5,147.5,292.38,98.67,16.25
CHOCOLATE CALCULATOR,189.74999999999997,59.39999999999999,79.19999999999999,95.69999999999999,61.04999999999999,61.05,115.49999999999999,59.39999999999999,80.85,112.18999999999998,130.32,237.57999999999998,14.84
CHOCOLATE HOT WATER BOTTLE,3507.9,420.75000000000006,339.6,158.4,191.10000000000002,352.5,225.75,282.15000000000003,597.0,2533.5,2673.9,5416.5,1723.8000000000002
CHOCOLATE THIS WAY METAL SIGN,432.6,165.3,381.30000000000007,422.1,295.20000000000005,428.40000000000003,254.10000000000002,303.6,550.2,536.2800000000001,384.75000000000006,457.88000000000005,211.33
CHRISTMAS CARD SCREEN PRINT ,5.04,0.0,0.0,0.0,0.0,0.0,5.04,5.04,20.16,9.120000000000001,41.040000000000006,54.720000000000006,14.64
CHRISTMAS CARD SINGING ANGEL,25.2,0.0,0.0,0.0,5.04,0.0,0.0,25.2,0.0,20.16,25.2,30.240000000000002,20.16
CHRISTMAS CARD STACK OF PRESENTS,25.2,0.0,0.0,0.0,0.0,0.0,0.0,20.16,25.2,18.720000000000002,47.88,6.840000000000001,0.0
CHRISTMAS CRAFT LITTLE FRIENDS,380.1,0.0,0.0,0.0,0.0,12.600000000000001,0.0,132.3,153.3,894.2500000000001,1275.8400000000001,1789.94,404.67
CHRISTMAS CRAFT TREE TOP ANGEL,216.3,0.0,0.0,0.0,0.0,0.0,2.1,144.9,134.4,625.59,1058.14,1432.8600000000001,192.99
CHRISTMAS CRAFT WHITE FAIRY ,158.04999999999998,0.0,0.0,0.0,0.0,0.0,0.0,100.04999999999998,82.64999999999999,705.0899999999999,991.68,1093.6299999999999,180.19
CHRISTMAS DECOUPAGE CANDLE,53.55,0.0,0.0,0.0,0.0,0.0,0.0,0.85,0.0,47.47,79.33999999999999,0.0,0.0
"CHRISTMAS GARLAND STARS,TREES",93.75,0.0,7.5,0.0,0.0,0.0,0.0,3.75,0.0,41.25,112.5,105.0,2.5
CHRISTMAS GINGHAM HEART,204.85,19.549999999999997,0.0,0.0,0.0,0.0,0.0,0.0,0.0,0.0,0.0,0.0,0.0
CHRISTMAS GINGHAM STAR,106.25,0.0,0.0,0.0,0.0,10.2,1.7,13.6,10.2,245.08999999999997,326.27,437.54999999999995,40.449999999999996
CHRISTMAS GINGHAM TREE,90.94999999999999,0.0,0.0,0.0,0.0,20.4,10.2,13.6,10.2,245.86999999999998,257.07,399.36999999999995,21.04
CHRISTMAS HANGING HEART WITH BELL,66.25,23.75,0.0,0.0,0.0,0.0,0.0,0.0,0.0,0.0,0.0,0.0,0.0
CHRISTMAS HANGING SNOWFLAKE,0.0,0.0,0.0,0.0,0.0,0.0,0.0,0.0,0.0,67.80000000000001,49.42,221.42000000000002,53.94
CHRISTMAS HANGING STAR WITH BELL,56.25,7.5,0.0,0.0,0.0,15.0,0.0,0.0,5.0,61.17,83.64,145.83,63.99
CHRISTMAS HANGING TREE WITH BELL,47.5,2.5,0.0,0.0,0.0,0.0,1.25,7.5,5.0,65.82000000000001,65.94,39.839999999999996,12.87
CHRISTMAS LIGHTS 10 SANTAS ,0.0,0.0,0.0,0.0,0.0,0.0,0.0,0.0,0.0,0.0,0.0,0.0,368.75000000000006
CHRISTMAS LIGHTS 10 VINTAGE BAUBLES,1037.55,0.0,0.0,0.0,29.700000000000003,14.850000000000001,29.700000000000003,9.9,79.2,592.0500000000001,1157.4,567.3000000000001,0.0
CHRISTMAS METAL POSTCARD WITH BELLS,37.5,0.0,0.0,13.75,7.5,0.0,7.5,0.0,0.0,0.0,58.11,25.74,37.5
CHRISTMAS METAL TAGS ASSORTED ,107.1,0.0,10.2,5.1,0.0,10.2,0.0,0.0,100.3,246.24999999999997,435.4,481.29999999999995,31.2
CHRISTMAS MUSICAL ZINC HEART ,29.75,0.0,0.0,0.0,0.0,0.0,0.0,0.0,0.0,0.0,0.0,0.0,0.0
CHRISTMAS MUSICAL ZINC STAR,12.75,0.0,0.0,0.0,0.0,0.0,0.0,10.2,0.0,56.099999999999994,47.099999999999994,54.58,31.669999999999998
CHRISTMAS MUSICAL ZINC TREE,4.25,0.0,0.0,0.0,0.0,0.0,0.0,10.2,0.0,49.23,37.349999999999994,30.159999999999997,12.819999999999999
CHRISTMAS PUDDING TRINKET POT ,158.04999999999998,0.0,0.0,1.45,0.0,0.0,0.0,13.049999999999999,46.4,178.11999999999998,52.26,129.33,23.400000000000002
CHRISTMAS RETROSPOT ANGEL WOOD,129.2,0.0,0.0,0.0,0.0,0.0,0.0,10.2,42.5,269.03,296.3,373.15999999999997,94.28
CHRISTMAS RETROSPOT HEART WOOD,93.5,0.0,0.0,0.0,0.0,0.0,0.0,0.0,0.0,0.0,0.0,0.0,0.0
CHRISTMAS RETROSPOT STAR WOOD,65.45,0.0,0.0,0.0,0.0,0.0,0.0,16.15,36.55,204.85,362.53,328.39,112.84
CHRISTMAS RETROSPOT TREE WOOD,63.74999999999999,0.0,0.0,0.0,0.0,0.0,0.0,0.0,26.349999999999998,146.98,295.72999999999996,354.81,66.22999999999999
CHRISTMAS STAR WISH LIST CHALKBOARD,0.0,0.0,0.0,0.0,0.0,0.0,23.75,83.75,130.0,509.82,865.29,741.54,297.37
CHRISTMAS TABLE CANDLE SILVER SPIKE,0.0,0.0,0.0,0.0,0.0,0.0,13.28,0.0,0.0,0.0,0.0,0.0,0.0
CHRISTMAS TABLE SILVER CANDLE SPIKE,0.0,0.0,0.0,0.0,0.0,0.0,0.0,0.0,26.56,126.99,262.28,190.89999999999998,66.16
CHRISTMAS TOILET ROLL,291.25,15.0,0.0,0.0,0.0,0.0,0.0,17.5,115.0,119.4,59.11,361.22,218.11
CHRISTMAS TREE DECORATION WITH BELL,7.9799999999999995,0.0,0.0,0.0,0.0,0.0,0.0,0.0,2.94,4.2,10.5,0.0,0.0
CHRISTMAS TREE HANGING GOLD,0.0,0.0,0.0,0.0,0.0,0.0,9.959999999999999,0.0,19.919999999999998,113.58999999999999,158.23,131.60999999999999,47.16
CHRISTMAS TREE HANGING SILVER ,0.0,0.0,0.0,0.0,0.0,0.0,9.959999999999999,0.0,29.879999999999995,147.5,148.23999999999998,141.72,43.04
CHRISTMAS TREE HEART DECORATION,22.26,0.0,0.0,0.0,0.0,0.0,0.0,0.0,2.94,4.2,30.24,11.34,0.0
CHRISTMAS TREE PAINTED ZINC ,31.200000000000003,0.0,0.0,0.0,0.0,0.0,0.0,0.0,0.0,9.700000000000001,36.92,22.99,0.0
CHRISTMAS TREE STAR DECORATION,5.46,0.0,0.0,0.0,0.0,0.0,0.0,0.0,2.94,4.2,20.16,3.78,2.52
CHRISTMAS TREE T-LIGHT HOLDER,2.9,0.0,0.0,0.0,0.0,0.0,0.0,0.0,0.0,17.4,18.849999999999998,8.7,0.0
CHRYSANTHEMUM  JOURNAL,15.299999999999999,0.0,2.55,2.55,15.299999999999999,33.15,0.0,7.6499999999999995,0.0,30.599999999999998,12.75,55.959999999999994,5.1
CHRYSANTHEMUM NOTEBOOK,13.2,3.3,14.85,1.65,14.849999999999998,11.549999999999999,0.0,1.65,8.25,3.3,29.699999999999996,54.449999999999996,0.0
CHRYSANTHEMUM POCKET BOOK ,4.25,2.55,2.55,5.1,2.55,2.55,4.25,0.0,0.0,1.7,5.949999999999999,22.099999999999998,0.85
CHRYSANTHEMUM SKETCHBOOK ,33.75,11.25,22.5,30.0,18.75,22.5,30.0,37.5,45.0,18.75,41.21,48.67,7.46
CINAMMON & ORANGE WREATH,242.10000000000002,0.0,0.0,0.0,0.0,0.0,0.0,95.2,33.75,47.25,60.75,148.5,27.0
CINAMMON SET OF 9 T-LIGHTS,158.95,19.55,9.35,13.6,11.899999999999999,1.7,30.599999999999998,17.849999999999998,34.849999999999994,84.92999999999999,77.85,99.88,20.33
CINNAMON SCENTED VOTIVE CANDLE,20.879999999999995,1.16,6.959999999999999,13.919999999999998,3.4799999999999995,13.919999999999998,0.0,0.0,20.879999999999995,20.879999999999995,34.8,48.71999999999999,6.959999999999999
CIRCUS PARADE CHILDRENS EGG CUP ,185.0,172.5,98.75,86.25,151.25,96.25,55.0,37.5,96.25,8.75,71.25,101.09,32.5
CIRCUS PARADE LUNCH BOX ,134.54999999999998,255.45,280.8,296.4,232.04999999999998,333.45,417.29999999999995,171.6,417.29999999999995,329.54999999999995,204.75,152.32999999999998,120.89999999999999
CITRONELLA CANDLE FLOWERPOT,25.200000000000003,29.400000000000002,84.0,69.3,205.8,333.90000000000003,266.7,94.5,0.0,16.8,16.8,35.7,6.300000000000001
CITRONELLA CANDLE GARDEN POT,1.25,63.75,48.75,151.25,283.75,273.75,163.75,81.25,8.75,40.0,15.0,42.5,47.5
CITRUS GARLAND FELT FLOWERS ,0.0,33.15,3.9,54.599999999999994,25.349999999999998,0.0,0.0,0.0,0.0,0.0,0.0,0.0,0.0
CLAM SHELL LARGE,3.75,11.25,0.0,3.75,0.0,0.0,0.0,0.0,0.0,0.0,0.0,0.0,0.0
CLAM SHELL SMALL ,4.2,39.900000000000006,23.1,25.200000000000003,0.0,2.1,0.0,46.2,50.400000000000006,75.60000000000001,50.400000000000006,29.400000000000002,29.23
CLASSIC BICYCLE CLIPS ,0.0,0.0,0.0,0.0,0.0,0.0,0.0,0.0,0.0,0.0,0.0,368.29999999999995,564.05
CLASSIC CAFE SUGAR DISPENSER,0.0,0.0,0.0,0.0,0.0,217.5,273.75,166.25,246.25,310.0,173.71,306.25,78.75
CLASSIC CHROME BICYCLE BELL ,0.0,0.0,0.0,0.0,0.0,0.0,0.0,0.0,0.0,0.0,69.6,1467.8999999999999,506.04999999999995
CLASSIC CROME BICYCLE BELL ,0.0,0.0,0.0,0.0,0.0,0.0,0.0,0.0,0.0,0.0,0.0,17.4,0.0
CLASSIC DIAMANTE EARRINGS JET,0.0,0.0,0.0,0.0,0.0,0.0,0.0,0.0,0.0,17.700000000000003,0.0,0.0,0.0
CLASSIC DIAMANTE NECKLACE JET,0.0,0.0,0.0,0.0,0.0,0.0,0.0,0.0,0.0,0.0,0.0,15.0,0.0
CLASSIC FRENCH STYLE BASKET BROWN,6.75,6.75,33.75,108.7,11.850000000000001,165.9,225.15,71.10000000000001,181.70000000000002,55.300000000000004,43.010000000000005,172.48000000000002,0.0
CLASSIC FRENCH STYLE BASKET GREEN ,20.25,27.0,20.25,81.0,118.35,608.3000000000001,418.7,90.85000000000001,3.95,0.0,0.0,0.0,0.0
CLASSIC FRENCH STYLE BASKET NATURAL,20.25,108.0,27.0,27.0,85.6,260.7,391.05,217.25,213.55,146.15,168.97,0.0,0.0
CLASSIC GLASS COOKIE JAR,0.0,0.0,0.0,0.0,0.0,244.85000000000002,628.4000000000001,341.40000000000003,470.05,987.95,1164.9,1043.0,154.65
CLASSIC GLASS SWEET JAR,0.0,0.0,0.0,0.0,0.0,308.20000000000005,49.800000000000004,109.0,12.450000000000001,0.0,0.0,0.0,0.0
CLASSIC SUGAR DISPENSER,0.0,0.0,0.0,0.0,0.0,105.0,30.0,0.0,0.0,0.0,0.0,0.0,0.0
CLASSIC WHITE FRAME,70.80000000000001,53.1,14.75,11.8,11.8,0.0,0.0,0.0,0.0,0.0,0.0,0.0,0.0
CLASSICAL ROSE CANDLESTAND,30.0,0.0,0.0,23.75,0.0,0.0,0.0,0.0,0.0,0.0,0.0,0.0,0.0
CLASSICAL ROSE SMALL VASE,15.299999999999999,45.3,60.599999999999994,45.9,0.0,0.0,0.0,0.0,0.0,0.0,0.0,0.0,0.0
CLASSICAL ROSE TABLE LAMP,0.0,0.0,0.0,0.0,0.0,0.0,0.0,0.0,0.0,0.0,0.0,0.0,15.8
CLEAR ACRYLIC FACETED BANGLE,20.9,0.0,0.0,0.0,0.0,0.0,0.0,0.0,0.0,17.700000000000003,10.0,0.0,10.0
CLEAR CRYSTAL STAR PHONE CHARM,0.0,0.0,0.0,0.0,0.0,10.2,0.0,0.85,0.0,1.63,0.0,1.63,6.08
CLEAR DRAWER KNOB ACRYLIC EDWARDIAN,268.75,333.07,425.22,521.25,372.94,506.25,516.25,316.23,507.5,487.5,191.25,432.5,68.75
CLEAR LOVE BIRD T-LIGHT HOLDER,67.5,0.0,0.0,0.0,0.0,0.0,0.0,0.0,0.0,22.5,22.5,33.71,0.0
CLEAR MILKSHAKE GLASS,54.60000000000001,21.0,0.0,0.0,0.0,0.0,0.0,0.0,0.0,0.0,0.0,0.0,0.0
CLEAR STATIONERY BOX SET ,0.0,0.0,0.0,1.7,3.4,0.0,0.0,0.0,0.0,0.0,0.0,0.0,0.0
CLOCK MAGNET MUM'S KITCHEN,0.0,0.0,0.0,210.97,153.17,17.34,26.009999999999998,86.7,17.34,2.89,23.13,28.91,2.5
CLOTHES PEGS RETROSPOT PACK 24 ,667.7199999999999,581.3,399.32,663.65,668.16,748.29,476.99999999999994,485.09999999999997,597.3,707.9899999999999,463.59999999999997,671.5099999999999,145.17
COCKLE SHELL DISH,2.1,6.300000000000001,12.600000000000001,54.60000000000001,0.0,16.8,37.800000000000004,42.0,25.200000000000003,12.600000000000001,12.600000000000001,23.1,45.82
COCKTAIL SWORDS 50 PIECES,0.0,0.0,0.0,0.0,0.0,0.0,65.57,66.39999999999999,20.75,79.67999999999999,57.269999999999996,82.99999999999999,23.24
COFFEE MUG APPLES DESIGN,137.7,474.29999999999995,252.45,369.75,349.34999999999997,469.2,290.7,247.35,280.5,265.2,323.84999999999997,387.59999999999997,173.26
COFFEE MUG BLUE PAISLEY DESIGN,102.0,30.599999999999998,20.4,68.85,91.8,30.599999999999998,51.0,40.8,102.0,53.41,0.0,86.56,15.299999999999999
COFFEE MUG CAT + BIRD DESIGN,372.29999999999995,265.2,188.7,288.15,270.3,201.45,127.49999999999999,122.39999999999999,165.75,219.29999999999998,234.6,224.39999999999998,130.04999999999998
COFFEE MUG DOG + BALL DESIGN,308.54999999999995,265.2,142.79999999999998,183.6,260.09999999999997,140.25,112.19999999999999,122.39999999999999,119.85,158.1,226.95,211.64999999999998,124.94999999999999
COFFEE MUG PEARS  DESIGN,153.0,336.59999999999997,298.34999999999997,344.25,272.84999999999997,336.59999999999997,114.74999999999999,186.14999999999998,229.49999999999997,300.9,239.7,298.21,153.0
COFFEE MUG PINK PAISLEY DESIGN,61.199999999999996,15.299999999999999,35.699999999999996,51.0,137.7,76.5,45.9,56.099999999999994,20.4,22.81,33.15,65.88,30.599999999999998
COFFEE SCENT PILLAR CANDLE,12.349999999999998,27.549999999999997,28.499999999999996,13.299999999999999,6.6499999999999995,14.249999999999998,2.8499999999999996,33.25,13.299999999999999,2.8499999999999996,18.049999999999997,49.39999999999999,8.549999999999999
COLOUR GLASS T-LIGHT HOLDER HANGING,93.60000000000001,130.0,195.65,322.40000000000003,470.6,651.3000000000001,382.2,353.6,358.8,135.2,227.84,113.92,61.68
COLOUR GLASS. STAR T-LIGHT HOLDER,517.5,3.25,6.5,6.5,0.0,665.75,463.5,544.0,669.0,657.37,766.84,941.3100000000001,0.0
COLOURED GLASS STAR T-LIGHT HOLDER,0.0,0.0,0.0,0.0,0.0,0.0,0.0,0.0,0.0,0.0,0.0,761.09,554.5300000000001
COLOURFUL FLOWER FRUIT BOWL,0.0,27.8,0.0,3.9,9.75,0.0,0.0,1.0,1.95,1.95,3.9,0.0,0.0
COLOURING PENCILS BROWN TUBE,195.05,115.7,93.6,141.8,41.75,38.050000000000004,236.21,248.49,106.15,116.94,99.52,198.76,94.68
COLUMBIAN  CUBE CANDLE ,0.0,1.7,0.0,3.4,0.0,1.7,0.0,0.0,1.7,1.7,1.7,0.0,0.0
COLUMBIAN CANDLE RECTANGLE,36.75,5.0,15.45,8.2,3.9,4.45,0.0,0.0,1.95,8.9,92.69999999999999,21.15,7.5
COLUMBIAN CANDLE ROUND,29.45,3.2,0.0,16.15,23.3,15.299999999999999,2.35,26.349999999999998,9.100000000000001,6.65,3.0,34.15,0.0
COLUMBIAN CANDLE ROUND ,37.5,5.0,0.0,5.0,2.5,7.5,1.25,46.25,0.0,25.0,2.5,30.6,0.0
COLUMBIAN CUBE CANDLE,27.299999999999997,3.9,0.0,0.0,0.0,0.0,0.0,1.95,3.9,1.95,0.0,15.6,0.0
CONGRATULATIONS BUNTING,0.0,5.45,16.35,0.0,0.0,49.050000000000004,0.0,0.0,0.0,0.0,0.0,0.0,0.0
COOK WITH WINE METAL SIGN ,573.3,365.82,605.41,896.48,646.88,938.08,609.44,76.96000000000001,0.0,1198.0800000000002,867.36,559.52,380.64
COPPER AND BRASS BAG CHARM,0.0,0.0,0.0,0.0,0.0,0.0,0.0,14.850000000000001,0.0,0.0,0.0,0.0,0.0
COPPER/OLIVE GREEN FLOWER NECKLACE,0.0,0.0,5.95,0.0,0.0,5.95,11.9,0.0,0.0,0.0,11.9,0.0,0.0
CORONA MEXICAN TRAY,348.75,0.0,0.0,0.0,0.0,0.0,0.0,0.0,0.0,0.0,0.0,0.0,0.0
COSMETIC BAG VINTAGE ROSE PAISLEY,50.4,27.300000000000004,2.1,48.300000000000004,18.900000000000002,18.900000000000002,42.0,21.0,58.800000000000004,48.300000000000004,58.660000000000004,48.230000000000004,25.130000000000003
COSY HOUR CIGAR BOX MATCHES ,155.0,0.0,15.0,27.5,11.25,45.0,48.75,10.0,10.0,143.75,327.5,368.75,76.25
COSY HOUR GIANT TUBE MATCHES,260.09999999999997,0.0,0.0,0.0,0.0,0.0,0.0,0.0,0.0,0.0,114.75,0.0,0.0
COSY SLIPPER SHOES LARGE GREEN,197.65000000000003,5.9,0.0,0.0,0.0,0.0,2.95,20.650000000000002,38.35000000000001,41.300000000000004,53.1,26.55,0.0
COSY SLIPPER SHOES SMALL  RED ,79.65,5.9,14.750000000000002,5.9,2.95,0.0,0.0,2.95,2.95,0.0,11.8,0.0,0.0
COSY SLIPPER SHOES SMALL GREEN,73.75000000000001,0.0,14.75,17.700000000000003,0.0,0.0,0.0,38.35000000000001,59.00000000000001,64.41000000000001,61.96000000000001,78.67,2.95
COTE D'AZURE NECKLACE,0.0,0.0,0.0,0.0,9.9,0.0,0.0,0.0,0.0,0.0,0.0,4.95,0.0
COTTON APRON PANTRY DESIGN,0.0,0.0,217.8,391.05,163.35000000000002,133.65,94.05000000000001,133.65,138.60000000000002,133.65,148.5,144.3,111.14999999999999
COWBOYS AND INDIANS BIRTHDAY CARD ,38.88,45.36,95.76,80.64,60.480000000000004,90.72,75.6,105.84,95.76,122.62,62.14,95.64,36.11
CRACKED GLAZE EARRINGS BROWN,0.0,0.0,2.55,0.0,0.0,0.0,0.0,0.0,0.0,0.0,0.0,0.0,0.0
CRACKED GLAZE EARRINGS RED,0.0,0.0,0.0,0.0,0.0,0.0,0.0,0.0,0.0,0.0,2.55,0.0,0.0
CRACKED GLAZE NECKLACE IVORY,0.0,0.0,0.0,0.0,0.0,20.85,0.0,0.0,0.0,0.0,0.0,20.85,0.0
CRACKED GLAZE NECKLACE RED,0.0,0.0,0.0,0.0,20.85,0.0,0.0,0.0,0.0,0.0,20.85,0.0,0.0
CRAZY DAISY HEART DECORATION,2.5,2.5,20.0,7.5,25.44,25.0,7.5,36.47,15.0,8.629999999999999,18.89,23.630000000000003,2.46
CREAM AND PINK FLOWERS PONY ,3.75,0.0,0.0,3.75,22.5,0.0,0.0,0.0,0.0,0.0,11.25,0.0,0.0
CREAM BUNNY EASTER EGG BASKET,0.0,0.0,0.0,0.0,0.0,0.0,0.0,0.0,0.0,0.0,21.449999999999996,19.799999999999997,0.0
CREAM CLIMBING HYDRANGA ART FLOWER,0.0,0.0,22.5,0.0,0.0,0.0,0.0,0.0,0.0,0.0,0.0,0.0,30.0
CREAM CUPID HEARTS COAT HANGER,657.75,457.08,642.7,539.5,161.85,219.95000000000002,290.5,186.75000000000003,153.55,278.05,153.55,311.25,136.95000000000002
CREAM DELPHINIUM ARTIFICIAL FLOWER,5.9,35.400000000000006,0.0,23.6,26.55,0.0,0.0,0.0,70.80000000000001,8.850000000000001,0.0,0.0,9.48
CREAM FELT EASTER EGG BASKET,69.3,184.79999999999998,419.09999999999997,270.59999999999997,0.0,0.0,0.0,0.0,0.0,0.0,0.0,0.0,0.0
CREAM HANGING HEART T-LIGHT HOLDER,0.0,0.0,0.0,0.0,0.0,0.0,0.0,0.0,0.0,0.0,0.0,0.0,73.75000000000001
CREAM HEART CARD HOLDER,509.55,631.47,643.85,722.85,533.25,434.50000000000006,442.40000000000003,425.1,525.35,635.95,692.63,625.44,271.95000000000005
CREAM SLICE FLANNEL CHOCOLATE SPOT ,70.80000000000001,0.0,41.300000000000004,23.6,8.850000000000001,23.6,26.550000000000004,17.700000000000003,0.0,20.650000000000002,70.05,227.85,0.0
CREAM SLICE FLANNEL PINK SPOT ,155.60000000000002,35.400000000000006,73.75000000000001,157.8,61.95000000000001,41.300000000000004,44.25000000000001,60.1,0.0,83.7,26.550000000000004,245.55,0.0
CREAM SWEETHEART EGG HOLDER,153.45000000000002,560.4,148.5,641.5500000000001,567.3,455.40000000000003,291.4,143.55,14.850000000000001,9.9,0.0,0.0,0.0
CREAM SWEETHEART LETTER RACK,168.95000000000002,76.3,0.0,0.0,0.0,0.0,0.0,0.0,0.0,0.0,0.0,0.0,0.0
CREAM WALL PLANTER HEART SHAPED,202.3,281.5,390.45,291.55,364.8,388.6,147.75,83.3,77.35000000000001,31.700000000000003,59.5,53.550000000000004,11.9
CROCHET BEAR RED/BLUE  KEYRING,0.0,0.0,0.0,16.5,0.0,0.0,1.65,6.6,0.0,0.0,0.0,0.0,0.0
CROCHET DOG KEYRING,0.0,0.0,0.0,0.0,0.0,0.0,1.65,0.0,0.0,0.0,0.0,0.0,0.0
CROCHET LILAC/RED BEAR KEYRING,0.0,0.0,0.0,0.0,0.0,0.0,0.0,0.0,0.0,0.0,0.0,1.65,0.0
CROCHET ROSE DES CLOTHES HANGER,0.0,0.0,0.0,14.750000000000002,0.0,0.0,0.0,0.0,0.0,0.0,0.0,0.0,0.0
CROCHET ROSE PURSE WITH SUEDE BACK,0.0,35.400000000000006,35.400000000000006,23.6,11.8,5.9,11.8,29.5,0.0,0.0,17.700000000000003,35.400000000000006,0.0
CROCHET WHITE RABBIT KEYRING ,0.0,0.0,0.0,0.0,9.899999999999999,0.0,34.8,1.65,0.0,0.0,0.0,0.0,0.0
CRYSTAL CHANDELIER T-LIGHT HOLDER,0.0,0.0,0.0,0.0,0.0,18.75,0.0,0.0,0.0,0.0,0.0,0.0,0.0
CRYSTAL CZECH CROSS PHONE CHARM,0.0,0.0,0.0,0.0,0.0,0.0,0.0,0.0,0.0,0.0,0.0,11.41,2.2800000000000002
CRYSTAL DIAMANTE EXPANDABLE RING,34.0,0.0,25.5,25.5,51.0,0.0,0.0,0.0,0.0,0.0,0.0,0.0,0.0
CRYSTAL DIAMANTE STAR BROOCH,0.0,0.0,0.0,0.0,0.0,0.0,9.9,0.0,34.650000000000006,0.0,0.0,14.850000000000001,0.0
CRYSTAL FROG PHONE CHARM,0.85,0.0,0.0,0.0,0.0,10.2,0.0,0.0,0.0,3.26,8.149999999999999,8.149999999999999,10.2
CRYSTAL HOOP EARRING FLORAL LEAF,2.95,0.0,2.95,0.0,0.0,2.95,0.0,0.0,0.0,0.0,0.0,26.550000000000004,0.0
CRYSTAL PAIR HEART HAIR SLIDES,18.75,15.0,0.0,0.0,7.5,0.0,0.0,0.0,0.0,22.5,0.0,3.75,0.0
CRYSTAL SEA HORSE PHONE CHARM,0.0,0.0,0.0,0.0,0.0,0.0,0.0,0.0,0.0,3.26,11.829999999999998,4.89,4.5600000000000005
CRYSTAL STILETTO PHONE CHARM,0.0,0.0,0.0,0.0,0.0,10.2,0.0,0.0,0.0,0.0,0.0,0.0,10.2
CUBIC MUG FLOCK BLUE ON BROWN,7.6499999999999995,2.55,0.0,6.84,7.8,7.02,5.069999999999999,0.0,0.0,0.0,0.0,0.0,0.0
CUBIC MUG FLOCK PINK ON BROWN,5.1,2.55,0.0,1.17,7.8,0.0,2.34,6.24,0.0,11.7,7.02,8.58,0.0
CUBIC MUG PINK POLKADOT,2.55,33.15,0.0,59.28,27.689999999999998,0.0,0.0,0.0,0.0,0.0,0.0,0.0,0.0
CUPCAKE LACE PAPER SET 6,142.35,210.6,327.59999999999997,200.85,409.5,378.29999999999995,198.89999999999998,261.29999999999995,173.54999999999998,140.39999999999998,286.65,306.38,5.85
CUPID DESIGN SCENTED CANDLES,48.449999999999996,124.35,5.1,12.75,30.599999999999998,0.0,20.4,5.1,0.0,45.9,48.449999999999996,15.299999999999999,80.0
CUPID SCENTED CANDLE IN GLASS,0.0,3.3,14.849999999999998,0.0,0.0,0.0,0.0,0.0,0.0,0.0,0.0,0.0,0.0
CURIO CABINET LINEN AND LACE ,0.0,0.0,0.0,0.0,0.0,0.0,0.0,0.0,0.0,0.0,7.05,14.1,0.0
CURIOUS  IMAGES NOTEBOOK SET,12.75,55.5,30.0,30.0,12.75,1.25,0.0,0.0,0.0,0.0,0.0,0.0,0.0
CURIOUS IMAGES GIFT WRAP SET,12.600000000000001,0.0,25.200000000000003,4.2,14.700000000000001,15.600000000000001,21.450000000000003,35.75,35.1,57.2,46.800000000000004,39.0,16.900000000000002
CURIOUS IMAGES SCRAP BOOK SET,14.850000000000001,0.0,0.0,0.0,0.0,0.0,0.0,0.0,0.0,0.0,0.0,0.0,0.0
CUSHION COVER PINK UNION JACK,83.3,114.95,113.05,77.35,23.8,0.0,0.0,11.9,5.95,35.7,41.65,23.8,29.4
CUT GLASS HEXAGON T-LIGHT HOLDER,5.1,0.0,0.0,33.15,0.0,0.0,5.1,0.0,2.55,0.0,0.0,15.299999999999999,0.0
CUT GLASS T-LIGHT HOLDER OCTAGON,30.599999999999998,0.0,0.0,33.15,0.0,0.0,2.55,5.1,114.51,15.299999999999999,56.099999999999994,172.92,0.0
CUTE BIRD CEATURE SCREEN,0.0,0.0,0.0,0.0,0.0,0.0,0.0,0.78,7.800000000000001,0.0,0.0,0.0,0.0
CUTE CATS TAPE,26.020000000000003,56.620000000000005,0.0,7.800000000000001,16.25,8.450000000000001,16.25,24.05,7.800000000000001,15.600000000000001,17.23,18.85,9.43
CUTE RABBIT CEATURE SCREEN ,0.0,0.0,0.0,0.0,0.0,0.0,0.0,0.78,3.5100000000000002,0.0,0.0,0.0,0.0
DAIRY MAID  PUDDING BOWL,18.75,0.0,0.0,0.0,0.0,0.0,0.0,0.0,0.0,0.0,0.0,0.0,0.0
DAIRY MAID LARGE MILK JUG,59.400000000000006,54.45,94.05000000000001,183.15,138.60000000000002,234.15,173.25,74.25,150.0,74.25,174.75,108.9,44.550000000000004
DAIRY MAID STRIPE MUG,82.60000000000001,53.10000000000001,17.700000000000003,53.10000000000001,24.490000000000002,10.27,47.400000000000006,23.700000000000003,7.9,23.700000000000003,23.700000000000003,0.0,0.0
DAIRY MAID TOASTRACK,5.9,41.300000000000004,44.25000000000001,39.35000000000001,100.33,19.75,68.73,124.03,17.380000000000003,55.300000000000004,52.14,63.2,1.58
DAIRY MAID TRADITIONAL TEAPOT ,55.6,69.5,104.25,76.45,143.95,104.25,173.75,97.3,118.15,62.550000000000004,140.9,62.550000000000004,0.0
DAISIES  HONEYCOMB GARLAND ,0.0,39.599999999999994,3.3,120.44999999999999,150.14999999999998,44.55,42.89999999999999,57.74999999999999,59.39999999999999,84.14999999999999,46.199999999999996,19.799999999999997,23.099999999999998
DAISY FOLKART HEART DECORATION,0.0,1.25,52.5,10.0,0.0,5.0,7.5,10.0,0.0,2.5,26.25,5.0,0.0
DAISY GARDEN MARKER,6.25,13.75,41.25,127.5,12.5,80.0,37.5,37.5,46.25,12.5,15.0,13.75,3.75
DAISY HAIR BAND,24.749999999999996,0.0,0.0,0.0,0.0,19.799999999999997,9.899999999999999,0.0,0.0,19.799999999999997,0.0,1.65,0.0
DAISY HAIR COMB,0.0,0.0,0.0,0.0,0.0,0.0,0.0,0.0,0.0,15.299999999999999,0.0,0.0,0.0
DAISY JOURNAL ,10.2,0.0,22.95,7.6499999999999995,0.0,0.0,17.849999999999998,10.2,0.0,43.07,7.6499999999999995,35.699999999999996,17.849999999999998
DAISY NOTEBOOK ,1.65,9.899999999999999,9.899999999999999,14.849999999999998,3.3,3.3,4.949999999999999,0.0,0.0,3.3,18.15,34.65,0.0
DAISY SKETCHBOOK ,30.0,3.75,3.75,3.75,20.0,0.0,3.75,22.5,18.75,18.75,7.5,53.71,3.75
DANISH ROSE DECORATIVE PLATE,63.0,61.74,43.260000000000005,39.900000000000006,50.400000000000006,25.200000000000003,50.400000000000006,37.800000000000004,42.0,12.600000000000001,29.400000000000002,39.900000000000006,65.28
DANISH ROSE DELUXE COASTER,30.36,20.22,16.939999999999998,30.599999999999998,71.39999999999999,30.599999999999998,30.599999999999998,11.049999999999999,20.4,10.2,24.65,24.65,9.88
DANISH ROSE PHOTO FRAME,160.64999999999998,130.04999999999998,76.5,61.199999999999996,104.55,140.25,7.6499999999999995,177.75,218.83,198.29000000000002,8.690000000000001,0.0,0.0
DANISH ROSE ROUND SEWING BOX,143.65,147.05,66.22,52.620000000000005,0.0,25.5,25.5,12.75,25.5,4.25,25.5,39.870000000000005,167.70000000000002
DANISH ROSE TRINKET TRAYS,91.9,30.0,23.8,23.8,0.0,11.9,49.1,0.0,35.7,29.75,23.8,11.9,51.400000000000006
DARK BIRD HOUSE TREE DECORATION,0.0,0.0,0.0,0.0,0.0,10.2,0.0,0.0,12.75,43.49999999999999,73.36999999999999,156.30999999999997,11.599999999999998
DECORATION  BUTTERFLY  MAGIC GARDEN,0.0,36.55,98.6,122.39999999999999,53.55,6.8,0.85,6.8,0.0,0.0,0.0,0.0,0.0
DECORATION  PINK CHICK MAGIC GARDEN,0.0,33.15,69.7,141.1,12.75,0.0,13.6,0.0,0.0,0.0,13.6,13.6,0.0
"DECORATION , WOBBLY CHICKEN, METAL ",0.0,102.29999999999998,29.699999999999996,202.94999999999996,39.599999999999994,0.0,0.0,0.0,0.0,0.0,0.0,0.0,0.0
"DECORATION , WOBBLY RABBIT , METAL ",3.3,85.79999999999998,160.04999999999998,179.84999999999997,19.799999999999997,0.0,0.0,0.0,0.0,0.0,0.0,0.0,0.0
"DECORATION HEN ON NEST, HANGING",64.35,0.0,0.0,0.0,0.0,0.0,0.0,0.0,0.0,0.0,0.0,0.0,0.0
DECORATION SITTING BUNNY,0.0,0.0,0.0,0.0,0.0,5.1,8.55,5.7,1.9,1.52,6.46,0.38,0.0
DECORATION WHITE CHICK MAGIC GARDEN,13.6,56.949999999999996,107.1,231.2,79.89999999999999,2.55,0.0,13.6,0.0,0.0,0.0,2.55,0.0
DECORATION WOBBLY CHICKEN,0.0,0.0,0.0,0.0,69.3,0.0,19.11,38.22,3.9000000000000004,4.68,10.53,25.74,0.39
DECORATION WOBBLY RABBIT METAL ,0.0,0.0,0.0,0.0,107.24999999999999,0.0,19.11,48.75,15.6,6.63,32.76,23.4,0.39
DECORATIVE CATS BATHROOM BOTTLE,47.74,27.58,1.25,53.75,48.75,7.5,6.25,15.0,8.75,63.75,18.75,50.0,0.0
DECORATIVE FLORE BATHROOM BOTTLE,0.0,15.0,16.25,5.0,35.0,52.5,40.0,0.0,3.75,23.75,56.25,46.25,0.0
DECORATIVE PLANT POT WITH FRIEZE,0.0,0.0,0.0,0.0,0.0,0.0,67.5,0.0,0.0,0.0,0.0,0.0,0.0
DECORATIVE ROSE BATHROOM BOTTLE,52.74,56.65,47.5,28.75,20.0,57.5,32.5,30.0,5.0,15.0,63.75,41.25,0.0
DECORATIVE VINTAGE COFFEE  BOX,0.0,0.0,0.0,0.0,0.0,0.0,0.0,0.0,0.0,0.0,9.9,128.70000000000002,69.60000000000001
DECORATIVE WICKER HEART LARGE,0.0,0.0,0.0,0.0,0.0,0.0,0.0,0.0,509.99999999999994,486.74999999999994,559.3499999999999,788.6999999999999,80.85
DECORATIVE WICKER HEART MEDIUM,0.0,0.0,0.0,0.0,0.0,0.0,0.0,0.0,221.25,408.75,395.0,672.5,63.75
DECORATIVE WICKER HEART SMALL,0.0,0.0,0.0,0.0,0.0,0.0,0.0,0.0,22.68,32.760000000000005,52.92,107.10000000000001,26.46
"DECOUPAGE,GREETING CARD,",15.120000000000001,20.16,20.16,5.04,10.08,20.16,15.120000000000001,15.120000000000001,0.0,0.0,0.0,0.0,0.0
DECROTIVEVINTAGE COFFEE GRINDER BOX,0.0,0.0,0.0,0.0,0.0,0.0,0.0,0.0,0.0,0.0,49.5,0.0,0.0
DELUXE SEWING KIT ,797.3000000000001,196.35000000000002,249.90000000000003,255.85000000000002,327.25,89.25,89.25,136.85000000000002,267.75,499.8,464.1,327.25,124.95
DENIM PATCH PURSE PINK BUTTERFLY,31.349999999999998,33.0,14.85,21.45,33.0,54.449999999999996,18.15,8.25,16.5,0.0,0.0,0.0,0.0
DIAMANTE BOW BROOCH BLACK COLOUR,38.099999999999994,0.0,0.0,0.0,0.0,0.0,0.0,0.0,0.0,0.0,0.0,6.35,0.0
DIAMANTE BOW BROOCH GREEN COLOUR,57.15,0.0,12.7,0.0,0.0,19.049999999999997,0.0,0.0,19.049999999999997,0.0,6.35,6.35,12.7
DIAMANTE BOW BROOCH RED COLOUR,95.25,0.0,12.7,0.0,0.0,19.049999999999997,0.0,0.0,19.049999999999997,0.0,0.0,6.35,6.35
DIAMANTE HAIR GRIP PACK/2 BLACK DIA,3.3,0.0,0.0,0.0,0.0,0.0,0.0,0.0,0.0,9.899999999999999,0.0,1.65,0.0
DIAMANTE HAIR GRIP PACK/2 CRYSTAL,0.0,0.0,0.0,0.0,0.0,0.0,0.0,0.0,0.0,9.899999999999999,0.0,0.0,0.0
DIAMANTE HAIR GRIP PACK/2 LT ROSE,0.0,0.0,0.0,0.0,0.0,0.0,3.3,0.0,0.0,9.899999999999999,0.0,1.65,0.0
DIAMANTE HAIR GRIP PACK/2 MONTANA,1.65,0.0,0.0,0.0,0.0,0.0,0.0,0.0,0.0,9.899999999999999,0.0,1.65,0.0
DIAMANTE HAIR GRIP PACK/2 PERIDOT,0.0,0.0,0.0,0.0,0.0,0.0,0.0,0.0,0.0,9.899999999999999,0.0,0.0,0.0
DIAMANTE HAIR GRIP PACK/2 RUBY,4.949999999999999,0.0,0.0,0.0,0.0,0.0,0.0,0.0,0.0,9.899999999999999,0.0,1.65,0.0
"DIAMANTE HEART SHAPED WALL MIRROR, ",0.0,0.0,0.0,0.0,0.0,94.80000000000001,0.0,0.0,0.0,0.0,0.0,0.0,173.8
DIAMANTE NECKLACE,0.0,0.0,0.0,0.0,0.0,0.0,0.0,0.0,15.0,0.0,0.0,0.0,0.0
DIAMANTE NECKLACE BLACK ,0.0,0.0,0.0,0.0,0.0,0.0,0.0,0.0,0.0,0.0,0.0,15.0,0.0
DIAMANTE NECKLACE GREEN,0.0,0.0,0.0,0.0,0.0,0.0,0.0,0.0,15.0,0.0,7.5,0.0,0.0
DIAMANTE NECKLACE PURPLE,0.0,0.0,0.0,0.0,0.0,0.0,15.0,0.0,15.0,0.0,7.5,15.0,0.0
DIAMANTE RING ASSORTED IN BOX.,30.0,120.0,81.36,0.0,0.0,0.0,0.0,0.0,0.0,0.0,90.0,210.0,60.0
DIAMOND LAS VEGAS NECKLACE 45CM,0.0,0.0,0.0,0.0,0.0,0.0,0.0,0.0,11.9,0.0,0.0,17.85,0.0
DINOSAUR HEIGHT CHART STICKER SET,2.95,123.90000000000002,17.700000000000003,35.400000000000006,2.95,20.65,26.550000000000004,70.80000000000001,70.80000000000001,44.25000000000001,20.650000000000002,50.150000000000006,0.0
DINOSAUR KEYRINGS ASSORTED,0.0,0.0,0.42,0.21,0.0,0.0,0.0,0.0,0.0,1.26,7.9799999999999995,0.0,0.0
DINOSAUR LUNCH BOX WITH CUTLERY,48.449999999999996,193.79999999999998,81.6,122.39999999999999,216.75,155.54999999999998,311.09999999999997,81.6,160.2,81.6,101.85999999999999,83.86999999999999,20.4
DINOSAUR PARTY BAG + STICKER SET,29.7,92.39999999999999,102.3,103.94999999999999,77.55,54.449999999999996,90.75,14.85,87.44999999999999,36.3,98.99,90.75,13.2
DINOSAURS  WRITING SET ,61.04999999999999,42.9,64.35,28.049999999999997,59.39999999999999,31.349999999999994,19.799999999999997,4.949999999999999,28.049999999999997,173.23,117.14999999999999,308.53,36.29
DISCO BALL CHRISTMAS DECORATION,32.879999999999995,8.64,5.76,5.76,0.12,9.6,6.4799999999999995,15.12,5.76,14.52,49.559999999999995,86.28,9.36
DISCO BALL ROTATOR BATTERY OPERATED,199.75,38.25,59.5,131.75,55.25,17.0,38.25,72.25,34.0,85.0,128.75,161.5,12.75
DO NOT TOUCH MY STUFF DOOR HANGER ,23.2,5.8,37.699999999999996,27.549999999999997,23.2,43.5,17.4,105.53999999999999,76.05,87.36,49.14,0.0,0.0
DOG AND BALL WALL ART,0.0,0.0,0.0,0.0,0.0,0.0,0.0,0.0,0.0,0.0,34.68,0.0,0.0
DOG BOWL CHASING BALL DESIGN,56.25,172.5,127.5,150.0,78.75,71.25,116.25,108.75,30.0,341.25,373.86,146.17000000000002,30.0
DOG BOWL VINTAGE CREAM,55.25,137.67000000000002,123.25,191.25,51.0,123.25,150.5,110.5,93.5,140.25,127.5,127.5,76.5
DOG LICENCE WALL ART,0.0,0.0,0.0,0.0,0.0,0.0,0.0,0.0,0.0,0.0,556.8,142.8,0.0
DOG TOY WITH PINK CROCHET SKIRT,7.5,78.75,0.0,82.5,45.0,15.0,60.0,37.5,7.5,45.0,120.38,101.63,15.0
DOGGY RUBBER,3.36,0.0,0.0,5.88,0.0,0.63,0.0,1.05,1.05,2.1,2.1,10.29,1.26
DOILEY BISCUIT TIN,0.0,0.0,0.0,0.0,0.0,0.0,156.06,17.34,17.34,17.34,0.0,0.0,0.0
DOILEY STORAGE TIN,0.0,0.0,0.0,0.0,0.0,0.0,635.8,644.47,251.43,34.68,17.34,17.34,0.0
DOILY THANK YOU CARD,0.0,0.0,0.0,0.0,0.0,0.0,0.0,0.0,0.0,0.0,0.0,149.1,70.56
DOLLCRAFT BOY JEAN-PAUL ,0.0,0.0,0.0,158.4,19.8,29.700000000000003,0.0,0.0,0.0,0.0,0.0,0.0,0.0
DOLLCRAFT GIRL AMELIE,0.0,0.0,0.0,118.8,39.6,19.8,0.0,0.0,0.0,0.0,0.0,0.0,0.0
DOLLCRAFT GIRL AMELIE KIT,0.0,0.0,0.0,79.2,19.8,29.700000000000003,0.0,0.0,0.0,0.0,0.0,0.0,0.0
DOLLCRAFT GIRL NICOLE,0.0,0.0,0.0,297.0,19.8,19.8,0.0,0.0,0.0,0.0,0.0,0.0,0.0
DOLLY GIRL CHILDRENS BOWL,0.0,0.0,0.0,0.0,0.0,0.0,88.75,253.75,245.0,240.0,170.0,230.0,23.75
DOLLY GIRL CHILDRENS CUP,0.0,0.0,0.0,0.0,0.0,0.0,88.75,232.5,227.5,245.0,198.67000000000002,222.42,27.5
DOLLY GIRL CHILDRENS EGG CUP,91.25,216.25,92.5,187.5,118.75,73.75,32.5,18.75,70.0,37.5,40.0,43.75,3.71
DOLLY GIRL LUNCH BOX,581.1,637.65,536.25,874.1999999999999,629.85,731.25,682.5,756.5999999999999,827.4,908.6999999999999,765.0899999999999,838.0699999999999,234.23
DOLLY GIRL MINI BACKPACK,0.0,0.0,0.0,0.0,0.0,0.0,0.0,0.0,0.0,572.7,618.35,390.1,132.8
DOLLY GIRL MINI RUCKSACK,0.0,0.0,0.0,0.0,0.0,0.0,0.0,0.0,0.0,16.6,16.6,0.0,0.0
DOLLY GIRL WALL ART,0.0,0.0,0.0,0.0,0.0,0.0,0.0,0.0,0.0,0.0,243.84,22.5,0.0
DOLLY HONEYCOMB GARLAND,1.65,19.799999999999997,0.0,64.35,19.799999999999997,3.3,13.2,19.799999999999997,0.0,21.449999999999996,0.0,21.449999999999996,0.0
DOLLY MIXTURE CHILDREN'S UMBRELLA,39.0,26.0,61.75,35.75,22.75,13.0,71.5,16.25,152.75,100.75,84.63,191.75,6.5
DOLPHIN WINDMILL,0.0,0.0,0.0,0.0,0.0,0.0,2.12,0.0,0.0,0.0,0.0,0.0,0.0
DONKEY TAIL GAME ,0.0,0.0,0.0,0.0,0.0,0.0,0.0,22.5,22.5,22.5,0.0,0.0,0.0
DOOR HANGER  MUM + DADS ROOM,4.35,4.35,26.099999999999998,11.6,1.45,30.449999999999996,4.35,23.199999999999996,71.05,8.7,15.95,49.3,20.299999999999997
DOORKNOB CRACKED GLAZE BLUE,0.0,0.0,0.0,0.0,0.0,0.0,9.899999999999999,19.799999999999997,0.0,0.0,0.0,0.0,0.0
DOORKNOB CRACKED GLAZE GREEN,0.0,0.0,0.0,0.0,0.0,0.0,9.899999999999999,9.899999999999999,0.0,0.0,0.0,0.0,0.0
DOORKNOB CRACKED GLAZE IVORY,0.0,0.0,0.0,0.0,0.0,0.0,9.899999999999999,29.699999999999996,9.899999999999999,0.0,0.0,0.0,0.0
DOORKNOB CRACKED GLAZE PINK,0.0,0.0,0.0,0.0,0.0,0.0,9.899999999999999,9.899999999999999,0.0,0.0,0.0,0.0,0.0
DOORMAT 3 SMILEY CATS,270.0,135.0,337.5,135.0,135.0,202.5,67.5,337.5,135.0,91.6,141.6,141.6,70.8
DOORMAT AIRMAIL ,135.0,67.5,243.0,67.5,135.0,135.0,135.0,135.0,0.0,162.39999999999998,523.9200000000001,354.0,0.0
DOORMAT BLACK FLOCK ,216.0,67.5,135.0,270.0,135.0,202.5,0.0,202.5,67.5,91.6,141.6,311.52,0.0
DOORMAT CHRISTMAS VILLAGE,0.0,0.0,0.0,0.0,0.0,0.0,0.0,0.0,135.0,134.07999999999998,0.0,0.0,0.0
DOORMAT ENGLISH ROSE ,135.0,661.5,337.5,337.5,135.0,540.0,270.0,634.5,202.5,499.9,283.2,424.79999999999995,212.39999999999998
DOORMAT FAIRY CAKE,67.5,135.0,135.0,675.0,270.0,202.5,135.0,135.0,135.0,304.0,283.2,283.2,0.0
DOORMAT FANCY FONT HOME SWEET HOME,675.0,540.0,135.0,405.0,202.5,405.0,67.5,337.5,540.0,421.5,467.28,495.59999999999997,141.6
DOORMAT HEARTS,135.0,405.0,270.0,270.0,337.5,202.5,270.0,364.5,337.5,445.59999999999997,467.28,467.28,0.0
DOORMAT HOME SWEET HOME BLUE ,67.5,67.5,270.0,202.5,135.0,202.5,141.75,405.0,67.5,162.39999999999998,212.39999999999998,212.39999999999998,70.8
DOORMAT I LOVE LONDON,0.0,0.0,0.0,0.0,67.5,67.5,40.5,0.0,67.5,141.6,28.32,28.32,70.8
DOORMAT KEEP CALM AND COME IN,0.0,0.0,0.0,0.0,175.5,2160.0,918.0,1431.0,0.0,846.3,3303.06,1911.6,424.79999999999995
DOORMAT MERRY CHRISTMAS RED ,0.0,0.0,0.0,0.0,0.0,0.0,0.0,67.5,135.0,233.2,354.0,0.0,0.0
DOORMAT MULTICOLOUR STRIPE,472.5,135.0,0.0,405.0,202.5,405.0,0.0,270.0,209.25,162.39999999999998,212.39999999999998,0.0,0.0
DOORMAT NEIGHBOURHOOD WITCH ,0.0,67.5,0.0,0.0,0.0,67.5,0.0,0.0,0.0,70.8,70.8,0.0,55.3
DOORMAT NEW ENGLAND,202.5,1012.5,270.0,1012.5,472.5,405.0,202.5,607.5,337.5,503.2,424.79999999999995,354.0,141.6
DOORMAT PEACE ON EARTH BLUE,148.5,0.0,0.0,0.0,0.0,0.0,0.0,0.0,67.5,162.39999999999998,0.0,0.0,0.0
DOORMAT RED RETROSPOT,945.0,1228.5,472.5,675.0,405.0,1147.5,675.0,945.0,472.5,563.1,807.12,708.0,424.79999999999995
DOORMAT RESPECTABLE HOUSE,67.5,135.0,40.5,0.0,67.5,135.0,0.0,67.5,202.5,233.2,70.8,495.59999999999997,0.0
DOORMAT SPOTTY HOME SWEET HOME,540.0,405.0,135.0,540.0,270.0,472.5,135.0,337.5,540.0,283.2,279.9,318.6,141.6
DOORMAT TOPIARY,135.0,202.5,270.0,135.0,67.5,337.5,202.5,0.0,135.0,91.6,70.8,70.8,70.8
DOORMAT UNION FLAG,607.5,945.0,216.0,1147.5,742.5,945.0,398.25,553.5,135.0,648.06,637.1999999999999,212.39999999999998,354.0
DOORMAT UNION JACK GUNS AND ROSES,135.0,202.5,135.0,135.0,135.0,135.0,0.0,202.5,0.0,0.0,127.44,99.12,70.8
DOORMAT VINTAGE LEAF,0.0,0.0,0.0,0.0,0.0,0.0,0.0,405.0,0.0,233.2,492.29999999999995,283.2,141.6
DOORMAT VINTAGE LEAVES DESIGN ,0.0,0.0,0.0,0.0,0.0,945.0,202.5,67.5,0.0,0.0,0.0,0.0,0.0
DOORMAT WELCOME PUPPIES,67.5,202.5,405.0,0.0,67.5,337.5,202.5,364.5,67.5,91.6,424.79999999999995,70.8,0.0
DOORMAT WELCOME SUNRISE,0.0,0.0,108.0,135.0,0.0,67.5,0.0,0.0,0.0,162.39999999999998,0.0,141.6,0.0
DOORMAT WELCOME TO OUR HOME,0.0,675.0,337.5,405.0,67.5,472.5,67.5,337.5,270.0,212.39999999999998,141.6,212.39999999999998,0.0
DOORSTOP FOOTBALL DESIGN,18.75,0.0,26.25,41.25,0.0,18.75,22.5,3.75,26.25,52.42,74.72,48.63,71.71000000000001
DOORSTOP RACING CAR DESIGN,23.75,65.0,0.0,0.0,0.0,0.0,0.0,7.5,11.25,37.42,21.060000000000002,39.81,26.46
DOORSTOP RETROSPOT HEART,294.24,310.98,153.75,221.25,67.5,176.25,112.5,165.0,240.0,254.96,300.18,508.58,78.75
DOTCOMGIFTSHOP TEA TOWEL,0.0,0.0,19.799999999999997,0.0,0.0,0.0,0.0,0.0,0.0,0.0,0.0,0.0,0.0
DOUBLE CERAMIC PARLOUR HOOK,0.0,0.0,0.0,0.0,16.6,16.6,41.5,0.0,0.0,16.6,0.0,0.0,0.0
DOUGHNUT LIP GLOSS ,0.0,0.0,0.0,270.0,451.25,650.0,326.25,541.25,428.75,600.0,1050.0,1275.0,300.0
DOVE DECORATION PAINTED ZINC ,39.650000000000006,1.9500000000000002,3.9,7.15,7.15,19.5,3.9000000000000004,23.400000000000002,7.800000000000001,46.79,7.220000000000001,0.0,0.0
DRAGONS BLOOD INCENSE,5.25,0.0,5.25,5.25,0.0,0.0,10.29,5.25,10.5,10.5,5.25,5.25,0.0
DRAWER KNOB CERAMIC BLACK,0.0,0.0,0.0,0.0,0.0,0.0,117.44999999999999,157.1,95.7,217.49999999999997,142.1,169.64999999999998,10.149999999999999
DRAWER KNOB CERAMIC IVORY,0.0,0.0,0.0,0.0,0.0,0.0,169.64999999999998,258.59999999999997,263.9,342.2,339.29999999999995,477.04999999999995,177.79
DRAWER KNOB CERAMIC RED,0.0,0.0,0.0,0.0,0.0,0.0,75.39999999999999,73.0,60.89999999999999,178.35,100.05,145.0,1.45
DRAWER KNOB CRACKLE GLAZE BLUE,0.0,0.0,0.0,0.0,0.0,0.0,254.09999999999997,414.15,343.2,263.94,75.89999999999999,3.3,0.0
DRAWER KNOB CRACKLE GLAZE GREEN,0.0,0.0,0.0,0.0,0.0,0.0,311.84999999999997,333.29999999999995,270.59999999999997,235.95,230.99999999999997,247.49999999999997,92.39999999999999
DRAWER KNOB CRACKLE GLAZE IVORY,0.0,0.0,0.0,0.0,0.0,0.0,263.99999999999994,488.3999999999999,422.4,486.74999999999994,570.9,193.04999999999998,0.0
DRAWER KNOB CRACKLE GLAZE PINK,0.0,0.0,0.0,0.0,0.0,0.0,235.94999999999996,348.15,212.84999999999997,255.74999999999997,259.04999999999995,239.24999999999997,79.19999999999999
DRAWER KNOB VINTAGE GLASS BALL,0.0,0.0,0.0,0.0,0.0,0.0,37.44,74.88,87.36,220.33,126.88,97.76,24.96
DRAWER KNOB VINTAGE GLASS HEXAGON,0.0,0.0,0.0,0.0,0.0,0.0,62.400000000000006,24.96,79.03999999999999,87.36,31.200000000000003,124.80000000000001,62.4
DRAWER KNOB VINTAGE GLASS STAR,0.0,0.0,0.0,0.0,0.0,0.0,49.92,183.72,124.80000000000001,99.84,260.0,114.37,12.48
DROP DIAMANTE EARRINGS BLACK DIAMON,2.95,0.0,0.0,0.0,0.0,0.0,17.700000000000003,0.0,0.0,0.0,0.0,0.0,0.0
DROP DIAMANTE EARRINGS CRYSTAL,2.95,0.0,0.0,0.0,0.0,0.0,17.700000000000003,0.0,0.0,17.700000000000003,0.0,0.0,0.0
DROP DIAMANTE EARRINGS GREEN,0.0,0.0,0.0,0.0,0.0,0.0,0.0,0.0,0.0,17.700000000000003,0.0,0.0,0.0
DROP DIAMANTE EARRINGS PURPLE,2.95,0.0,0.0,0.0,0.0,17.700000000000003,5.9,0.0,0.0,20.650000000000002,2.95,0.0,0.0
DROP EARRINGS W FLOWER & LEAF,0.0,0.0,0.0,0.0,0.0,0.0,0.0,0.0,0.0,0.0,2.55,2.55,0.0
DUSTY PINK CHRISTMAS TREE 30CM,1.25,0.0,0.0,0.0,0.0,0.0,0.0,0.0,0.0,0.0,0.0,0.0,0.0
DUSTY PINK CHRISTMAS TREE 60CM,0.0,0.0,0.0,0.0,0.0,0.0,0.0,0.0,0.0,0.0,0.0,26.550000000000004,0.0
EASTER BUNNY GARLAND OF FLOWERS,0.0,10.08,16.8,139.44,13.86,0.0,0.0,0.0,0.0,0.0,0.0,0.0,0.0
EASTER BUNNY HANGING GARLAND,0.0,2.5,18.75,16.25,30.0,0.0,0.0,0.0,0.0,0.0,0.0,0.0,0.0
EASTER BUNNY WITH BASKET ON BACK,0.0,9.75,14.950000000000001,29.900000000000002,5.2,0.0,0.0,0.0,0.0,0.0,0.0,8.450000000000001,0.0
EASTER BUNNY WREATH,0.0,34.65,24.75,69.3,9.9,0.0,0.0,0.0,0.0,0.0,0.0,0.0,0.0
EASTER CRAFT 4 CHICKS ,0.0,388.04999999999995,563.55,980.8499999999999,300.29999999999995,23.4,0.0,3.9,23.4,23.4,5.85,29.25,23.4
EASTER CRAFT IVY WREATH WITH CHICK,0.0,1.95,0.0,0.0,0.0,0.0,0.0,0.0,0.0,0.0,0.0,0.0,0.0
EASTER DECORATION EGG BUNNY ,0.0,26.25,126.25,125.0,93.75,17.5,9.75,28.86,0.39,11.7,20.28,27.299999999999997,0.39
EASTER DECORATION HANGING BUNNY,0.0,30.55,51.35,105.30000000000001,26.650000000000002,9.1,2.6599999999999997,0.5700000000000001,0.0,6.08,3.23,13.49,2.2800000000000002
EASTER DECORATION NATURAL CHICK,26.650000000000002,29.900000000000002,70.2,83.2,44.2,22.1,0.65,7.800000000000001,0.0,6.5,0.0,9.100000000000001,0.0
EASTER DECORATION SITTING BUNNY,0.0,58.65,62.04999999999999,138.54999999999998,41.65,2.55,0.0,0.0,0.0,0.0,0.0,0.0,0.0
EASTER TIN BUCKET,61.199999999999996,170.85,209.1,20.4,0.0,0.0,0.0,0.0,0.0,0.0,0.0,0.0,0.0
EASTER TIN BUNNY BOUQUET,42.89999999999999,214.49999999999997,265.65,351.44999999999993,189.74999999999997,9.899999999999999,9.899999999999999,0.0,9.899999999999999,9.899999999999999,19.799999999999997,51.14999999999999,0.0
EASTER TIN CHICKS IN GARDEN,0.0,0.0,140.24999999999997,107.24999999999999,56.099999999999994,0.0,0.0,0.0,0.0,0.0,0.0,0.0,0.0
EASTER TIN CHICKS PINK DAISY,3.3,80.85,275.54999999999995,222.74999999999997,89.1,0.0,0.0,0.0,0.0,0.0,4.949999999999999,9.899999999999999,0.0
EASTER TIN KEEPSAKE,9.899999999999999,123.74999999999999,308.54999999999995,278.84999999999997,181.49999999999997,9.899999999999999,0.0,0.0,0.0,0.0,4.949999999999999,0.0,0.0
EASTER TREE YELLOW BIRDS,0.0,101.15,190.4,249.9,83.3,0.0,0.0,0.0,0.0,0.0,0.0,11.9,5.95
EAU DE NIL LOVE BIRD CANDLE,15.0,10.08,13.75,16.25,5.0,2.5,10.0,15.0,0.0,1.25,0.0,2.5,3.75
EAU DE NILE HEART SHAPE PHOTO FRAME,0.0,13.2,9.899999999999999,1.65,1.65,0.0,8.25,0.0,0.0,0.0,122.09999999999998,102.29999999999998,3.3
EAU DE NILE JEWELLED PHOTOFRAME,2.55,7.499999999999999,19.799999999999997,2.55,3.3,3.3,4.199999999999999,3.3,19.799999999999997,8.399999999999999,45.9,37.64999999999999,4.199999999999999
EAU DE NILE JEWELLED T-LIGHT HOLDER,11.9,8.5,2.55,0.0,0.0,0.0,5.1,0.0,0.0,0.0,25.5,8.5,1.7
ECONOMY HOLIDAY PURSE,2.95,0.0,0.0,2.95,5.9,0.0,0.0,0.0,0.0,0.0,0.0,0.0,0.0
ECONOMY LUGGAGE TAG,8.75,1.25,3.75,3.75,12.72,0.0,13.97,16.25,6.25,25.97,7.38,28.43,11.09
EDWARDIAN DROP EARRINGS JET BLACK,3.75,0.0,0.0,3.75,0.0,0.0,0.0,0.0,0.0,15.0,0.0,0.0,7.5
EDWARDIAN HEART PHOTO FRAME,0.0,0.0,0.0,0.0,0.0,157.70000000000002,33.2,58.10000000000001,91.30000000000001,99.60000000000001,99.60000000000001,58.10000000000001,12.450000000000001
EDWARDIAN PARASOL BLACK,850.6500000000001,410.55,487.9,309.40000000000003,386.75,446.25,774.95,906.1,559.25,745.45,871.45,696.1500000000001,196.35000000000002
EDWARDIAN PARASOL NATURAL,571.2,744.6,440.3,666.4000000000001,487.90000000000003,719.95,1026.8500000000001,1008.3000000000001,1088.75,1088.8500000000001,821.0,553.1500000000001,249.8
EDWARDIAN PARASOL PINK,136.85,89.25,148.75,208.25,208.25,95.2,166.60000000000002,485.75000000000006,184.45000000000002,285.6,258.6,214.20000000000002,113.05000000000001
EDWARDIAN PARASOL RED,808.85,493.85,400.3,469.3,208.25,285.6,243.95000000000002,612.85,493.8,797.3000000000001,603.7,606.9000000000001,214.20000000000002
EDWARDIAN PHOTO FRAME,0.0,0.0,0.0,0.0,12.5,87.5,62.5,12.5,112.5,81.25,75.0,87.5,12.5
EGG CUP HENRIETTA HEN CREAM ,0.0,0.0,0.0,0.0,0.0,0.0,0.0,0.0,0.0,0.0,127.5,192.5,0.0
EGG CUP HENRIETTA HEN PINK,0.0,0.0,0.0,0.0,0.0,0.0,0.0,0.0,0.0,0.0,90.0,140.0,3.75
EGG CUP MILKMAID HEIDI,0.0,0.0,0.0,0.0,0.0,0.0,0.0,0.0,0.0,0.0,193.75,343.75,22.5
EGG CUP MILKMAID HELGA ,0.0,0.0,0.0,0.0,0.0,0.0,0.0,0.0,0.0,0.0,118.75,226.25,30.0
EGG CUP MILKMAID INGRID,0.0,0.0,0.0,0.0,0.0,0.0,0.0,0.0,0.0,0.0,225.0,246.25,22.5
EGG CUP NATURAL CHICKEN,10.0,45.0,57.5,113.75,27.5,1.25,27.69,19.89,6.63,27.79,54.57,30.39,17.4
EGG FRYING PAN BLUE ,0.0,0.0,0.0,0.0,0.0,0.0,10.4,45.760000000000005,24.96,66.56,60.32,87.36,16.64
EGG FRYING PAN IVORY ,0.0,0.0,0.0,0.0,0.0,0.0,41.6,43.68,43.68,85.28,128.96,153.92000000000002,47.84
EGG FRYING PAN MINT ,0.0,0.0,0.0,0.0,0.0,0.0,14.56,31.200000000000003,39.52,49.92,81.12,116.48,18.72
EGG FRYING PAN PINK ,0.0,0.0,0.0,0.0,0.0,0.0,12.48,54.08,22.880000000000003,137.28,85.28,60.290000000000006,43.68
EGG FRYING PAN RED ,0.0,0.0,0.0,0.0,0.0,0.0,43.68,54.08,62.400000000000006,139.36,89.44,170.56,83.2
EIGHT PIECE CREEPY CRAWLIE SET,6.25,0.0,0.0,1.25,0.0,0.0,0.0,0.0,0.0,0.0,0.0,0.0,0.0
EIGHT PIECE DINOSAUR SET,22.5,67.5,12.5,12.5,0.0,0.0,0.0,0.0,0.0,0.0,0.0,0.0,0.0
EIGHT PIECE SNAKE  SET,2.5,33.75,31.25,46.25,1.25,32.5,17.5,25.0,2.5,8.75,62.5,101.25,23.75
ELEPHANT BIRTHDAY CARD ,0.0,0.0,0.0,0.0,0.0,0.0,0.0,0.0,5.04,83.96000000000001,112.54,104.95,46.19
ELEPHANT CLIP W SUCTION CUP,0.0,4.2,0.0,0.42,0.0,1.26,0.0,0.84,0.0,0.0,0.0,0.0,0.0
"ELEPHANT, BIRTHDAY CARD, ",15.120000000000001,95.76,70.56,95.76,70.56,86.52,85.68,75.6,60.480000000000004,0.0,0.0,0.0,0.0
ELVIS WALLHANGING / CURTAIN,0.0,0.0,0.0,2.5,30.0,27.5,0.0,0.0,0.0,0.0,0.0,0.0,0.0
EMBOSSED GLASS TEALIGHT HOLDER,150.0,68.75,81.25,121.25,110.0,196.25,78.75,207.5,142.5,160.44,223.63,308.47,91.98
EMBOSSED HEART TRINKET BOX,0.0,0.0,0.0,0.0,0.0,0.0,0.0,0.0,0.0,91.52000000000001,131.38,118.56,16.64
EMBROIDERED RIBBON REEL CLAIRE,0.0,0.0,0.0,0.0,0.0,0.0,0.0,0.0,0.0,135.0,45.0,101.25,0.0
EMBROIDERED RIBBON REEL DAISY ,0.0,0.0,0.0,0.0,0.0,0.0,0.0,0.0,0.0,126.88000000000001,222.9,172.64000000000001,37.44
EMBROIDERED RIBBON REEL EMILY ,0.0,0.0,0.0,0.0,0.0,0.0,0.0,0.0,0.0,178.88,353.94,224.64000000000001,31.200000000000003
EMBROIDERED RIBBON REEL RACHEL ,0.0,0.0,0.0,0.0,0.0,0.0,0.0,0.0,0.0,130.05,245.65,83.81,17.34
EMBROIDERED RIBBON REEL REBECCA ,0.0,0.0,0.0,0.0,0.0,0.0,0.0,0.0,0.0,118.49000000000001,341.51,141.61,20.23
EMBROIDERED RIBBON REEL ROSIE,0.0,0.0,0.0,0.0,0.0,0.0,0.0,0.0,0.0,87.36,170.9,124.80000000000001,22.880000000000003
EMBROIDERED RIBBON REEL RUBY ,0.0,0.0,0.0,0.0,0.0,0.0,0.0,0.0,0.0,165.0,108.75,48.75,26.25
EMBROIDERED RIBBON REEL SALLY ,0.0,0.0,0.0,0.0,0.0,0.0,0.0,0.0,0.0,149.76,233.3,241.28,27.04
EMBROIDERED RIBBON REEL SOPHIE  ,0.0,0.0,0.0,0.0,0.0,0.0,0.0,0.0,0.0,116.25,270.0,116.25,48.75
EMBROIDERED RIBBON REEL SUSIE ,0.0,0.0,0.0,0.0,0.0,0.0,0.0,0.0,0.0,153.92000000000002,239.20000000000002,143.52,20.8
EMERGENCY FIRST AID TIN ,145.0,128.75,23.75,76.25,55.0,71.25,45.0,20.0,30.0,63.63,49.64,87.18,8.67
EMPIRE BIRTHDAY CARD,40.32,20.16,50.400000000000006,60.48,35.28,40.32,30.24,25.2,45.36,40.32,15.120000000000001,52.89,5.04
EMPIRE DESIGN ROSETTE,12.5,6.25,25.0,82.5,30.0,2.5,12.5,0.0,2.5,0.0,25.0,13.75,0.0
EMPIRE GIFT WRAP,31.5,94.5,84.0,52.5,115.5,31.5,84.0,136.5,73.5,105.0,63.0,126.0,21.0
EMPIRE TISSUE BOX,23.75,16.25,1.25,15.0,81.25,15.0,2.5,5.07,10.530000000000001,9.36,31.200000000000003,38.7,2.73
EMPIRE UNION JACK TV DINNER TRAY,89.10000000000001,133.65,69.30000000000001,9.9,59.400000000000006,24.75,14.850000000000001,34.650000000000006,24.75,29.700000000000003,173.4,173.4,52.65
ENAMEL BLUE RIM BISCUIT BIN,9.9,99.0,146.54999999999998,94.05000000000001,60.2,4.25,0.0,0.0,0.0,0.0,0.0,0.0,0.0
ENAMEL BLUE RIM COFFEE CONTAINER,2.1,27.300000000000004,12.600000000000001,47.46,39.839999999999996,19.919999999999998,0.0,0.0,0.0,0.0,1.66,4.1499999999999995,0.0
ENAMEL BLUE RIM TEA CONTAINER,0.0,0.0,0.0,0.0,9.18,0.0,0.0,0.0,0.0,0.0,0.0,0.0,0.0
ENAMEL BOWL PANTRY,0.0,0.0,0.0,0.0,0.0,0.0,0.0,15.0,0.0,15.0,0.0,0.0,0.0
ENAMEL COLANDER CREAM,59.400000000000006,147.20000000000002,173.25,193.05,148.5,262.35,113.85000000000001,148.5,183.15,147.2,167.0,186.8,9.9
ENAMEL DINNER PLATE PANTRY,0.0,0.0,0.0,0.0,0.0,0.0,0.0,0.0,0.0,19.799999999999997,0.0,0.0,0.0
ENAMEL FIRE BUCKET CREAM,139.0,145.95000000000002,34.75,166.54999999999998,83.4,104.25,104.25,145.7,222.4,69.5,166.8,125.10000000000001,6.95
ENAMEL FLOWER JUG CREAM,267.75,303.45000000000005,565.1500000000001,820.95,1564.5000000000002,1261.15,1684.2,1118.3000000000002,809.0500000000001,868.35,707.85,65.4,0.0
ENAMEL JUG PANTRY,0.0,0.0,0.0,0.0,0.0,0.0,0.0,15.0,0.0,15.0,0.0,0.0,0.0
ENAMEL MEASURING JUG CREAM,191.25,178.5,331.5,399.5,416.5,484.5,378.25,276.25,323.0,357.0,365.5,255.0,51.0
ENAMEL MUG PANTRY,0.0,0.0,0.0,0.0,0.0,0.0,0.0,15.0,0.0,0.0,0.0,0.0,0.0
ENAMEL PINK COFFEE CONTAINER,12.600000000000001,37.800000000000004,12.600000000000001,67.38,69.72,108.72999999999999,99.6,29.879999999999995,19.919999999999998,19.919999999999998,27.389999999999997,0.0,0.0
ENAMEL PINK TEA CONTAINER,12.600000000000001,50.400000000000006,10.5,79.83,69.72,128.64999999999998,22.41,0.0,0.0,0.0,0.0,0.0,0.0
ENAMEL WASH BOWL CREAM,45.0,155.95,182.2,167.2,193.45,184.4,152.2,148.45,198.75,205.35000000000002,174.7,118.45,18.75
ENAMEL WATERING CAN CREAM,49.5,176.9,173.25,183.15,252.45000000000002,492.40000000000003,418.05,257.40000000000003,163.35,118.80000000000001,133.65,193.05,9.9
ENCHANTED BIRD COATHANGER 5 HOOK,167.4,470.91,323.94,306.90000000000003,343.32,195.3,93.00000000000001,144.15,176.70000000000002,204.60000000000002,356.49,398.34000000000003,88.35000000000001
ENCHANTED BIRD PLANT CAGE,22.5,69.7,80.95,41.25,195.65,82.5,0.0,8.850000000000001,0.0,0.0,0.0,0.0,0.0
ENGLISH ROSE GARDEN SECATEURS,114.75,179.85,88.64999999999999,40.949999999999996,48.75,157.95,40.949999999999996,141.41,220.41000000000003,283.61,92.43,18.96,0.0
ENGLISH ROSE HOT WATER BOTTLE,1087.5,246.5,76.5,93.5,46.75,17.0,34.0,157.25,174.25,643.25,880.5,1207.75,131.75
ENGLISH ROSE METAL WASTE BIN,0.0,14.75,2.95,17.7,5.9,11.8,5.9,0.0,0.0,0.0,0.0,0.0,0.0
ENGLISH ROSE NOTEBOOK A6 SIZE,0.0,0.0,0.0,13.65,35.1,1.9500000000000002,0.0,0.0,0.0,0.0,0.0,0.0,0.0
ENGLISH ROSE NOTEBOOK A7 SIZE,24.36,16.38,27.72,50.4,44.94,52.5,58.8,37.8,82.74,44.519999999999996,91.98,112.97,28.13
ENGLISH ROSE SCENTED HANGING FLOWER,21.25,4.25,12.75,0.0,0.0,8.5,45.75,50.25,14.25,21.75,15.0,0.0,0.0
ENGLISH ROSE SCENTED HANGING HEART,0.0,0.0,0.0,0.0,0.0,17.0,0.0,0.0,0.0,0.0,0.0,0.0,0.0
ENGLISH ROSE SMALL SCENTED FLOWER,6.8,0.85,1.7,1.7,10.2,3.4,17.0,3.4,8.5,34.85,12.75,45.05,17.0
ENGLISH ROSE SPIRIT LEVEL ,54.45,63.15,25.549999999999997,1.95,1.95,27.299999999999997,3.9,11.06,112.18,68.2,80.43,87.94,63.980000000000004
ENVELOPE 50 BLOSSOM IMAGES,0.0,0.0,11.899999999999999,20.4,51.61,45.36,45.48,32.76,17.64,58.26,49.68,1.26,0.0
ENVELOPE 50 CURIOUS IMAGES,4.25,0.0,5.1,1.7,9.24,5.88,0.0,0.0,0.0,0.0,0.0,0.0,0.0
ENVELOPE 50 ROMANTIC IMAGES,0.0,0.0,0.0,2.55,2.55,0.0,0.0,0.0,0.0,0.0,0.0,0.0,0.0
ESSENTIAL BALM 3.5g TIN IN ENVELOPE,12.42,4.32,7.02,4.32,4.32,8.28,4.32,3.6,0.0,0.0,0.0,0.0,0.0
ETCHED GLASS COASTER,5.0,17.5,12.5,25.0,27.689999999999998,21.060000000000002,23.4,26.52,6.24,10.14,15.99,0.0,0.0
EUCALYPTUS & PINECONE  WREATH,108.0,0.0,0.0,0.0,183.3,0.0,13.5,0.0,40.5,209.90000000000003,356.95000000000005,64.9,0.0
FAIRY CAKE BIRTHDAY CANDLE SET,78.75,127.5,63.75,191.25,105.0,120.0,135.0,168.75,75.0,86.25,138.75,30.0,15.0
FAIRY CAKE DESIGN UMBRELLA,172.5,132.9,60.0,60.0,11.25,108.75,45.0,161.25,123.75,273.75,78.75,53.1,0.0
FAIRY CAKE FLANNEL ASSORTED COLOUR,321.3,206.54999999999998,99.44999999999999,244.8,71.4,25.5,45.9,94.35,114.75,191.25,461.44,924.73,200.58
FAIRY CAKE NOTEBOOK A5 SIZE,38.25,0.85,0.0,0.0,0.0,0.0,0.0,0.0,0.0,0.0,0.0,0.0,0.0
FAIRY CAKES NOTEBOOK A6 SIZE,17.55,49.400000000000006,29.25,14.950000000000001,27.950000000000003,47.45,26.0,49.4,40.300000000000004,53.3,97.17,82.71000000000001,2.6
FAIRY CAKES NOTEBOOK A7 SIZE,10.5,9.66,18.9,52.08,25.2,25.2,42.0,14.7,18.48,17.64,69.69,20.15,2.5
FAIRY DREAMS INCENSE ,5.25,5.25,10.5,10.5,5.25,10.5,15.75,10.5,15.75,10.5,5.25,15.75,5.25
FAIRY SOAP SOAP HOLDER,69.29,89.57000000000001,57.46,87.88000000000001,54.08,11.829999999999998,20.28,1.69,0.0,0.0,0.0,0.0,0.0
FAIRY TALE COTTAGE NIGHT LIGHT,0.0,0.0,0.0,0.0,0.0,0.0,0.0,0.0,0.0,444.59999999999997,370.79999999999995,434.84999999999997,150.14999999999998
FAIRY TALE COTTAGE NIGHTLIGHT,284.7,163.79999999999998,97.5,122.85,97.5,120.89999999999999,128.7,48.75,175.5,0.0,23.4,0.0,0.0
FAMILY ALBUM WHITE PICTURE FRAME,0.0,0.0,0.0,0.0,0.0,0.0,0.0,0.0,0.0,90.24,0.0,0.0,0.0
FAMILY PHOTO FRAME CORNICE,0.0,0.0,0.0,0.0,0.0,0.0,0.0,0.0,0.0,107.52,0.0,0.0,0.0
FAN BLACK FRAME ,0.0,0.0,0.0,1.45,0.0,0.0,2.9,8.41,0.58,0.8699999999999999,2.9,6.379999999999999,0.58
"FANCY FONT BIRTHDAY CARD, ",126.0,80.64,85.68,146.16,85.68,90.72,95.76,100.8,70.56,126.0,141.12,171.36,50.4
FANCY FONTS BIRTHDAY WRAP,31.5,94.5,168.0,157.5,210.0,220.5,115.5,220.5,210.0,210.0,262.5,273.0,94.5
FANNY'S REST STOPMETAL SIGN,207.9,126.00000000000001,184.08,241.50000000000003,117.60000000000001,2.1,0.0,0.0,0.0,0.0,0.0,0.0,0.0
FAWN AND MUSHROOM GREETING CARD,5.04,35.28,0.0,0.0,5.04,0.0,0.0,0.0,0.0,0.0,0.0,0.0,0.0
FAWN BLUE HOT WATER BOTTLE,1320.8500000000001,236.00000000000003,162.25000000000003,73.75000000000001,94.4,38.35000000000001,64.9,120.95000000000002,295.00000000000006,480.6,729.54,1267.83,363.75
"FEATHER PEN,COAL BLACK",61.199999999999996,30.599999999999998,51.0,31.449999999999996,51.0,51.849999999999994,57.0,51.48,28.08,59.78,87.19999999999999,143.79,30.869999999999997
"FEATHER PEN,HOT PINK",40.8,81.6,61.199999999999996,20.4,10.2,71.39999999999999,37.44,74.88,70.19999999999999,145.41,137.29999999999998,234.36999999999998,42.12
"FEATHER PEN,LIGHT PINK",21.25,71.39999999999999,10.2,11.899999999999999,25.5,51.0,42.12,65.52,70.19999999999999,78.59,83.55999999999999,115.08999999999999,24.529999999999998
FELT EGG COSY BLUE RABBIT ,24.65,40.8,77.35,112.19999999999999,11.049999999999999,0.0,0.0,0.0,10.2,4.18,5.81,24.58,0.0
FELT EGG COSY CHICKEN,26.349999999999998,112.19999999999999,107.94999999999999,190.39999999999998,28.05,0.0,10.2,30.599999999999998,30.599999999999998,11.05,16.79,32.3,5.029999999999999
FELT EGG COSY LADYBIRD ,0.0,13.6,0.0,7.6499999999999995,0.0,0.0,0.0,0.0,20.4,4.18,0.0,10.84,0.0
FELT EGG COSY WHITE RABBIT ,1.7,96.05,95.19999999999999,161.5,15.299999999999999,0.0,0.0,0.0,10.2,4.18,9.07,15.299999999999999,3.26
FELT FARM ANIMAL CHICKEN,3.75,27.5,85.0,166.25,38.75,0.0,0.0,0.0,0.0,0.0,0.0,0.0,0.0
FELT FARM ANIMAL HEN,15.0,36.25,1.25,66.25,1.25,0.0,0.0,0.0,0.0,0.0,0.0,0.0,0.0
FELT FARM ANIMAL RABBIT,15.0,51.25,50.0,168.75,46.25,0.0,15.0,0.0,0.0,0.0,0.0,16.25,0.0
FELT FARM ANIMAL SHEEP,0.0,15.0,43.75,35.0,12.5,0.0,0.0,0.0,0.0,0.0,7.5,0.0,0.0
FELT FARM ANIMAL WHITE BUNNY ,10.2,64.6,30.599999999999998,107.94999999999999,30.599999999999998,0.0,0.0,0.0,0.0,0.0,0.0,0.0,0.0
FELT TOADSTOOL  SMALL,35.699999999999996,30.599999999999998,12.749999999999998,45.9,50.15,1.7,1.7,1.7,16.15,27.2,20.4,53.55,20.4
FELT TOADSTOOL LARGE,60.0,60.0,78.75,98.75,91.25,1.25,8.75,0.0,15.0,10.0,12.5,36.25,30.0
FELTCRAFT 6 FLOWER FRIENDS,424.20000000000005,340.20000000000005,378.00000000000006,575.4000000000001,457.80000000000007,640.5000000000001,443.1,558.6,531.3000000000001,524.72,339.57000000000005,25.2,0.0
FELTCRAFT BOY JEAN-PAUL KIT,0.0,0.0,0.0,103.95,257.40000000000003,183.15,69.30000000000001,123.75000000000001,222.75,94.05,296.09000000000003,251.0,99.0
FELTCRAFT BUTTERFLY HEARTS,411.79999999999995,204.45,359.59999999999997,426.29999999999995,316.09999999999997,437.9,317.54999999999995,281.29999999999995,401.65,683.8399999999999,749.92,3.29,0.0
FELTCRAFT CHRISTMAS FAIRY,790.5,0.0,8.5,29.75,4.25,12.75,12.75,34.0,89.25,841.5,1327.5,1418.75,308.5
FELTCRAFT CUSHION BUTTERFLY,945.33,296.25,287.61,520.11,277.5,467.61,381.36,529.08,456.36,861.28,347.61,0.0,0.0
FELTCRAFT CUSHION OWL,925.44,225.0,296.25,543.75,397.5,478.86,270.0,518.97,575.22,689.96,1207.14,1457.15,90.0
FELTCRAFT CUSHION RABBIT,863.97,326.25,326.25,756.36,520.11,445.11,370.11,366.36,527.61,945.29,298.86,3.75,0.0
FELTCRAFT DOLL EMILY,224.20000000000005,85.55000000000001,100.30000000000001,177.00000000000003,64.9,153.4,194.70000000000002,106.20000000000002,227.15000000000003,268.45000000000005,493.5300000000001,722.4200000000001,159.3
FELTCRAFT DOLL MARIA,129.8,97.35000000000001,97.35000000000001,32.45,50.150000000000006,23.6,0.0,0.0,0.0,0.0,0.0,0.0,0.0
FELTCRAFT DOLL MOLLY,265.50000000000006,64.9,227.15000000000003,236.00000000000003,168.15000000000003,348.1,206.50000000000003,200.60000000000002,247.8,403.93000000000006,550.9000000000001,867.0800000000002,185.63000000000002
FELTCRAFT DOLL ROSIE,197.65000000000003,250.75000000000003,256.65000000000003,268.45000000000005,129.8,221.25000000000003,206.50000000000003,179.95000000000002,271.40000000000003,374.5400000000001,599.09,766.8900000000001,0.0
FELTCRAFT GIRL AMELIE KIT,0.0,0.0,0.0,396.0,420.75,361.35,242.55,217.8,381.15000000000003,490.05,838.0500000000001,861.3000000000001,232.65
FELTCRAFT GIRL NICOLE KIT,0.0,0.0,0.0,217.8,222.75,227.70000000000002,163.35000000000002,247.5,252.45,193.05,550.35,712.8000000000001,193.05
FELTCRAFT HAIRBAND PINK AND BLUE,56.099999999999994,45.05,13.599999999999998,96.05,2.55,35.699999999999996,51.0,55.25,39.099999999999994,41.65,106.25,62.05,32.3
FELTCRAFT HAIRBAND PINK AND PURPLE,90.95,42.5,34.0,73.94999999999999,26.349999999999998,20.4,24.65,32.3,31.449999999999996,27.13,71.97,166.89,32.94
FELTCRAFT HAIRBAND RED AND BLUE,64.6,22.099999999999998,44.199999999999996,52.699999999999996,45.9,33.15,13.599999999999998,2.55,21.25,53.55,77.35,164.04999999999998,49.3
FELTCRAFT HAIRBANDS PINK AND WHITE ,72.25,55.25,62.05,82.44999999999999,30.599999999999998,28.9,25.5,30.599999999999998,54.4,40.379999999999995,76.14999999999999,148.89999999999998,4.18
FELTCRAFT PRINCESS CHARLOTTE DOLL,528.75,195.0,243.75,333.75,292.5,225.0,176.25,300.0,431.25,588.75,995.75,993.75,277.46
FELTCRAFT PRINCESS LOLA DOLL,450.0,221.25,153.75,273.75,183.75,225.0,131.25,243.75,506.25,570.0,920.67,1027.38,236.25
FELTCRAFT PRINCESS OLIVIA DOLL,277.5,131.25,127.5,210.0,97.5,82.5,93.75,127.5,243.75,438.75,644.31,551.21,131.25
FENG SHUI PILLAR CANDLE,11.780000000000001,5.7,0.0,6.2700000000000005,0.5700000000000001,3.04,7.410000000000001,4.5600000000000005,0.38,14.820000000000002,9.500000000000002,19.0,0.0
FILIGREE DIAMANTE EARRINGS,0.0,0.0,8.5,0.0,0.0,12.75,0.0,0.0,0.0,4.25,0.0,8.5,0.0
FILIGREE HEART BIRD WHITE ,0.0,0.0,0.0,0.0,0.0,60.0,212.46,120.0,231.25,183.35,311.01,237.38,41.09
FILIGREE HEART BUTTERFLY WHITE ,0.0,0.0,0.0,0.0,0.0,30.0,324.96,246.25,298.75,256.21,254.92,221.21,45.0
FILIGREE HEART DAISY WHITE,0.0,0.0,0.0,0.0,0.0,30.0,372.46,247.5,290.0,66.25,121.21000000000001,138.75,42.5
FILIGRIS HEART WITH BUTTERFLY,102.5,263.75,235.0,323.75,175.44,291.25,341.25,256.69,240.0,217.5,129.96,226.13,55.0
FINE SILVER NECKLACE W PASTEL FLOWE,15.0,15.0,0.0,0.0,0.0,0.0,0.0,0.0,0.0,0.0,33.75,0.0,0.0
FINE WICKER HEART ,220.0,195.0,202.5,295.0,490.44,380.0,161.25,92.5,41.25,0.0,0.0,0.0,0.0
FIRE POLISHED GLASS BRACELET BLACK,0.0,0.0,3.75,0.0,0.0,0.0,0.0,0.0,0.0,0.0,0.0,0.0,0.0
FIRE POLISHED GLASS BRACELET GREEN,0.0,0.0,0.0,0.0,0.0,45.0,0.0,0.0,7.5,0.0,0.0,0.0,0.0
FIRE POLISHED GLASS BRACELET MONTAN,0.0,0.0,0.0,0.0,0.0,22.5,0.0,0.0,0.0,0.0,0.0,0.0,0.0
FIRE POLISHED GLASS BRACELET RED,0.0,0.0,0.0,0.0,0.0,22.5,0.0,0.0,0.0,0.0,0.0,0.0,0.0
FIRE POLISHED GLASS NECKL BRONZE,17.85,0.0,0.0,0.0,0.0,0.0,0.0,0.0,0.0,0.0,0.0,0.0,0.0
FIRE POLISHED GLASS NECKL GOLD,5.95,0.0,0.0,0.0,0.0,0.0,0.0,0.0,0.0,0.0,0.0,0.0,0.0
FIRST AID TIN,292.5,84.5,126.75,172.25,152.75,198.25,191.75,165.75,84.5,139.75,45.5,149.5,39.0
FIRST CLASS HOLIDAY PURSE ,0.0,20.650000000000002,2.95,0.0,0.0,0.0,0.0,0.0,0.0,0.0,17.37,0.0,0.0
FIRST CLASS LUGGAGE TAG ,7.5,12.5,16.25,15.0,12.72,3.75,15.22,1.25,16.25,2.5,1.25,21.25,1.25
FIRST CLASS PASSPORT COVER ,16.8,8.4,2.1,0.0,14.34,18.900000000000002,22.740000000000002,0.0,14.7,4.2,8.33,27.23,0.0
FIVE CATS HANGING DECORATION,0.0,48.3,83.7,85.55000000000001,70.80000000000001,23.6,23.6,38.35000000000001,20.650000000000002,20.650000000000002,58.89000000000001,29.28,0.0
FIVE HEART HANGING DECORATION,120.95000000000002,163.35000000000002,123.90000000000002,153.40000000000003,97.9,56.05000000000001,123.90000000000002,61.95000000000001,61.95000000000001,50.150000000000006,112.10000000000001,29.5,5.9
FLAG OF ST GEORGE ,0.0,1.65,6.6,4.949999999999999,19.8,1.65,0.0,0.0,0.0,3.3,0.0,0.0,0.0
FLAG OF ST GEORGE CAR FLAG,0.0,0.0,0.0,0.0,0.0,0.0,0.0,0.0,0.0,10.5,0.0,0.0,0.0
FLAG OF ST GEORGE CHAIR,0.0,0.0,0.0,11.9,51.0,0.0,62.9,0.0,0.0,41.650000000000006,11.9,0.0,0.0
FLAMES SUNGLASSES PINK LENSES,0.0,15.6,0.0,23.4,0.0,0.0,39.599999999999994,3.9,0.0,0.0,0.0,1.95,0.0
FLORAL BATHROOM SET,0.0,3.75,7.5,11.25,15.0,3.75,3.75,26.25,3.75,0.0,0.0,0.0,0.0
FLORAL BLUE MONSTER,4.25,0.0,0.0,4.25,0.0,0.0,0.0,0.0,0.0,8.5,0.0,4.25,0.0
FLORAL FOLK STATIONERY SET,20.650000000000002,20.650000000000002,38.35,50.150000000000006,17.700000000000003,26.550000000000004,167.5,232.5,126.25,215.81,231.14,524.53,120.57
FLORAL PINK MONSTER,0.0,0.0,33.75,15.0,3.75,0.0,3.75,33.75,0.0,0.0,45.0,0.0,0.0
FLORAL SOFT CAR TOY,37.5,0.0,3.75,0.0,0.0,0.0,3.75,26.25,0.0,0.0,41.25,7.5,0.0
FLOWER BLUE CLOCK WITH SUCKER,0.0,0.0,0.0,0.0,0.0,0.0,0.0,17.98,1.16,0.0,0.0,0.0,0.0
FLOWER BURST SILVER RING CRYSTAL,22.5,0.0,7.5,3.75,0.0,3.75,0.0,0.0,0.0,0.0,0.0,0.0,0.0
FLOWER FAIRY 5 DRAWER LINERS,0.0,0.0,0.0,0.0,0.0,0.0,0.0,0.0,10.2,25.499999999999996,63.75,38.25,12.75
FLOWER FAIRY 5 SUMMER DRAW LINERS,0.0,0.0,0.0,0.0,0.0,0.0,0.0,0.0,0.0,15.299999999999999,0.0,0.0,0.0
FLOWER FAIRY INCENSE BOUQUET,3.38,0.0,0.0,8.45,6.84,0.0,0.0,0.0,0.0,0.0,0.0,0.0,0.0
"FLOWER FAIRY,5 SUMMER B'DRAW LINERS",86.69999999999999,15.299999999999999,48.449999999999996,17.849999999999998,38.25,22.95,38.25,0.0,0.0,0.0,0.0,0.0,0.0
FLOWER PURPLE CLOCK W/SUCKER,0.85,0.85,0.0,2.55,0.0,0.0,0.0,0.0,0.0,0.0,0.0,0.0,0.0
FLOWER PURPLE CLOCK WITH SUCKER,0.0,0.0,0.0,0.0,0.0,0.0,0.0,4.35,0.0,0.0,0.0,0.0,0.0
FLOWER SHOP DESIGN MUG,0.0,0.0,0.0,0.0,0.0,0.0,0.0,0.0,0.0,0.0,0.0,1.65,0.0
FLOWER VINE RAFFIA FOOD COVER,75.0,41.25,112.5,131.25,101.25,202.5,168.75,116.25,56.25,101.25,48.67,89.96000000000001,26.25
FLOWERS  STICKERS,25.5,5.1,2.55,16.15,5.1,40.8,30.599999999999998,0.0,10.2,20.189999999999998,14.669999999999998,20.189999999999998,0.0
FLOWERS CHANDELIER T-LIGHT HOLDER,0.0,0.0,0.0,0.0,81.25,262.5,87.5,25.0,18.75,43.75,50.0,0.0,0.0
FLOWERS HANDBAG blue and orange,0.0,0.0,0.0,0.0,0.0,7.5,0.0,0.0,0.0,0.0,0.0,0.0,0.0
FLOWERS TILE COASTER,0.0,20.16,10.0,0.0,5.0,2.5,0.0,29.58,52.199999999999996,35.959999999999994,6.959999999999999,29.279999999999998,8.12
FLOWERS TILE HOOK,12.600000000000001,27.300000000000004,0.0,0.0,16.8,0.0,4.2,10.92,0.0,0.0,0.0,0.0,0.0
FLUTED ANTIQUE CANDLE HOLDER,153.85,42.5,30.599999999999998,107.1,28.9,61.199999999999996,35.7,34.14,71.39999999999999,168.44,120.69999999999999,307.91999999999996,50.86
FLYING PIG WATERING CAN,83.10000000000001,60.0,11.8,35.400000000000006,29.500000000000004,53.10000000000001,47.2,29.500000000000004,20.650000000000002,11.8,29.500000000000004,11.8,2.95
FOLDING BUTTERFLY MIRROR HOT PINK ,0.0,0.0,0.0,0.0,0.0,122.83999999999999,77.19,72.21,58.099999999999994,83.82999999999998,85.33999999999999,166.82999999999998,43.099999999999994
FOLDING BUTTERFLY MIRROR IVORY ,0.0,0.0,0.0,0.0,0.0,84.66,93.78999999999999,73.03999999999999,36.519999999999996,55.55,68.74,82.16999999999999,8.27
FOLDING BUTTERFLY MIRROR RED  ,0.0,0.0,0.0,0.0,0.0,66.39999999999999,106.24,46.48,27.389999999999997,46.48,53.949999999999996,63.07999999999999,41.49999999999999
FOLDING CAMPING SCISSOR W/KNIF & S,1.44,0.0,1.44,0.72,0.0,0.0,0.0,0.0,0.0,0.0,0.0,0.0,0.0
FOLDING MIRROR HOT PINK ,0.0,0.0,0.0,0.0,0.0,39.839999999999996,0.0,0.0,0.0,9.959999999999999,0.0,0.0,0.0
FOLDING MIRROR IVORY ,0.0,0.0,0.0,0.0,0.0,14.939999999999998,0.0,0.0,0.0,0.0,0.0,0.0,0.0
FOLDING MIRROR RED  ,0.0,0.0,0.0,0.0,0.0,14.939999999999998,0.0,0.0,0.0,0.0,0.0,0.0,0.0
FOLDING SHOE TIDY,0.0,0.0,5.9,0.0,0.0,0.0,0.0,0.0,0.0,0.0,2.95,0.0,0.0
FOLDING UMBRELLA BLACKBLUE POLKADOT,19.8,19.8,19.8,69.3,19.8,0.0,49.5,99.0,69.30000000000001,34.650000000000006,24.75,116.0,39.6
FOLDING UMBRELLA CHOCOLATE POLKADOT,19.8,19.8,4.95,24.75,0.0,24.75,64.35,39.6,64.35,59.400000000000006,38.95,59.4,0.0
FOLDING UMBRELLA CREAM POLKADOT,14.850000000000001,19.8,34.650000000000006,29.700000000000003,0.0,0.0,49.5,34.65,143.55,89.10000000000001,26.9,56.6,0.0
FOLDING UMBRELLA PINKWHITE POLKADOT,14.850000000000001,44.550000000000004,0.0,54.45,4.95,4.95,19.8,4.95,108.9,39.6,58.75,46.7,0.0
FOLDING UMBRELLA RED/WHITE POLKADOT,24.75,59.400000000000006,44.550000000000004,69.30000000000001,4.95,74.25,148.5,89.1,188.1,163.35,115.35,78.55,39.6
FOLDING UMBRELLA WHITE/RED POLKADOT,14.850000000000001,4.95,4.95,24.75,0.0,4.95,34.650000000000006,9.9,69.30000000000001,29.700000000000003,17.0,26.9,0.0
"FOLK ART GREETING CARD,pack/12",2.95,8.850000000000001,35.400000000000006,5.9,0.0,0.0,2.95,0.0,0.0,5.9,2.95,0.0,0.0
FOLK ART METAL HEART T-LIGHT HOLDER,9.120000000000001,0.0,0.0,0.0,0.0,0.0,9.120000000000001,4.9399999999999995,4.5600000000000005,7.98,14.440000000000001,2.6,0.0
FOLK ART METAL STAR T-LIGHT HOLDER,10.64,0.0,0.0,0.0,0.0,4.5600000000000005,9.120000000000001,1.52,18.240000000000002,11.020000000000001,24.32,28.880000000000003,14.879999999999999
FOLK FELT HANGING MULTICOL GARLAND,0.0,22.5,22.5,15.0,22.5,0.0,0.0,0.0,0.0,0.0,0.0,7.5,0.0
FOLKART CHRISTMAS TREE T-LIGHT HOLD,0.0,0.0,0.0,0.0,0.0,0.0,4.5600000000000005,0.0,5.7,0.0,0.0,0.0,0.0
FOLKART CLIP ON STARS,0.0,0.0,0.0,0.0,0.0,0.0,0.0,0.0,0.0,3.12,22.23,27.3,10.44
FOLKART HEART NAPKIN RINGS,23.6,20.650000000000002,5.9,2.95,39.5,21.330000000000002,46.61,12.64,3.95,4.74,0.0,0.0,0.0
FOLKART STAR CHRISTMAS DECORATIONS,61.25,0.0,0.0,0.0,0.0,0.0,5.0,15.0,41.25,30.0,28.47,85.41,50.699999999999996
FOLKART ZINC HEART CHRISTMAS DEC,99.44999999999999,94.35,90.94999999999999,92.64999999999999,25.5,78.19999999999999,51.849999999999994,59.5,69.69999999999999,132.6,143.64999999999998,170.0,16.15
FOLKART ZINC STAR CHRISTMAS DEC,10.2,0.0,0.0,0.0,0.0,0.0,0.0,0.0,0.0,0.0,0.0,0.0,0.0
FOOD CONTAINER SET 3 LOVE HEART ,138.45,308.09999999999997,68.25,85.8,37.05,107.25,40.95,74.1,118.95,115.97,211.51999999999998,98.19,53.339999999999996
"FOOD COVER WITH BEADS , SET 2 SIZES",0.0,0.0,0.0,0.0,0.0,11.25,0.0,0.0,0.0,0.0,0.0,0.0,0.0
FOOD COVER WITH BEADS SET 2 ,0.0,0.0,0.0,0.0,0.0,787.5,480.0,495.0,213.75,209.96,108.75,63.71,0.0
FOOD/DRINK SPONGE STICKERS,15.120000000000001,10.08,10.08,10.08,5.88,10.08,5.04,15.120000000000001,0.0,5.04,0.0,35.28,5.25
FORKED CACTUS CANDLE,26.550000000000004,8.850000000000001,2.95,0.0,23.6,47.2,0.0,2.95,2.95,97.24000000000001,0.0,59.440000000000005,1.25
FOUR HOOK  WHITE LOVEBIRDS,197.4,263.58000000000004,129.48000000000002,285.6,334.56000000000006,113.4,199.50000000000003,94.5,281.40000000000003,151.20000000000002,231.00000000000003,230.86,86.03
FOUR RABBIT EASTER DECORATIONS,0.0,22.5,18.75,16.25,26.25,0.0,0.0,0.0,0.0,0.0,0.0,0.0,0.0
FRAPPUCINO SCARF KNITTING KIT,17.700000000000003,11.8,0.0,30.0,5.9,0.0,15.0,48.75,30.0,52.42,44.88,93.63,3.75
FREESTYLE CANVAS ART PICTURE,4.25,0.0,0.0,0.0,3.3,4.949999999999999,1.65,3.0,0.75,21.75,0.0,0.0,0.0
FRENCH BATHROOM SIGN BLUE METAL,66.0,54.44999999999999,193.04999999999998,143.54999999999998,263.99999999999994,196.34999999999997,143.54999999999998,128.7,227.69999999999996,49.5,153.45,118.76999999999998,70.94999999999999
FRENCH BLUE METAL DOOR SIGN 0,27.5,45.0,77.5,52.5,52.5,35.0,61.25,40.0,95.0,33.75,30.0,66.25,11.899999999999999
FRENCH BLUE METAL DOOR SIGN 1,38.75,57.5,110.0,70.0,76.25,77.5,112.5,16.25,187.5,92.46,81.25,94.88,48.8
FRENCH BLUE METAL DOOR SIGN 2,31.25,48.75,117.5,105.0,72.5,43.75,86.25,46.25,167.5,91.21,61.25,58.75,37.55
FRENCH BLUE METAL DOOR SIGN 3,30.0,46.25,87.5,96.25,50.0,63.75,85.0,27.5,150.0,64.96,66.25,66.25,43.72
FRENCH BLUE METAL DOOR SIGN 4,27.5,47.5,97.5,76.25,56.25,32.5,80.0,15.0,138.75,34.96,76.25,68.71,20.65
FRENCH BLUE METAL DOOR SIGN 5,53.75,40.0,110.0,91.25,57.5,46.25,85.0,26.25,116.25,39.96,65.0,122.46000000000001,26.299999999999997
FRENCH BLUE METAL DOOR SIGN 6,33.75,30.0,103.75,62.5,55.0,52.5,67.5,27.5,115.0,37.46,71.25,115.0,14.36
FRENCH BLUE METAL DOOR SIGN 7,25.0,36.25,78.75,91.25,56.25,41.25,72.5,30.0,102.5,31.21,86.25,82.5,39.4
FRENCH BLUE METAL DOOR SIGN 8,28.75,30.0,95.0,87.5,51.25,52.5,53.75,26.25,97.5,33.71,95.0,57.46,11.899999999999999
FRENCH BLUE METAL DOOR SIGN 9,3.75,36.25,75.0,66.25,50.0,52.5,42.5,15.0,101.25,28.75,42.5,51.25,11.899999999999999
FRENCH BLUE METAL DOOR SIGN No,30.0,6.25,116.25,12.5,46.25,62.5,62.5,17.5,106.25,27.5,16.25,58.71,32.5
FRENCH CARRIAGE LANTERN,0.0,0.0,0.0,0.0,0.0,126.35000000000001,236.70000000000002,86.45,46.550000000000004,168.75,69.55,78.0,46.550000000000004
FRENCH CHATEAU LARGE FRUIT BOWL ,0.0,0.0,0.0,7.8,11.7,0.0,0.0,0.0,0.0,0.0,0.0,0.0,0.0
FRENCH CHATEAU LARGE PLATTER ,0.0,0.0,0.0,48.75,79.94999999999999,0.0,0.0,0.0,0.0,0.0,0.0,0.0,0.0
FRENCH CHATEAU OVAL PLATTER,0.0,0.0,0.0,3.9,25.35,0.0,0.0,0.0,0.0,0.0,0.0,0.0,0.0
FRENCH CHATEAU SMALL FRUITBOWL,0.0,0.0,0.0,30.15,21.45,0.0,0.0,0.0,0.0,0.0,0.0,0.0,0.0
FRENCH ENAMEL CANDLEHOLDER,10.5,29.400000000000002,149.10000000000002,212.10000000000002,138.60000000000002,220.50000000000003,205.8,92.04,184.8,296.03000000000003,309.87,394.73,195.09
FRENCH ENAMEL POT W LID,50.9,257.75,26.550000000000004,145.55,50.150000000000006,67.85000000000001,106.20000000000002,103.25000000000001,91.45000000000002,17.590000000000003,126.74000000000002,138.43,0.0
FRENCH ENAMEL UTENSIL HOLDER,33.75,89.0,0.0,0.0,0.0,0.0,0.0,0.0,0.0,0.0,0.0,0.0,0.0
FRENCH ENAMEL WATER BASIN,33.75,133.75,33.75,33.75,71.25,82.5,41.25,71.25,71.25,41.25,48.75,101.21000000000001,7.5
FRENCH FLORAL CUSHION COVER ,0.0,0.0,35.400000000000006,0.0,5.1,104.44,188.45999999999998,40.559999999999995,10.2,30.599999999999998,38.629999999999995,56.059999999999995,32.3
FRENCH GARDEN SIGN BLUE METAL,46.25,38.97,46.25,66.25,161.69,111.25,95.0,95.0,98.75,91.25,38.67,38.75,28.75
FRENCH KITCHEN SIGN BLUE METAL,45.0,65.22,128.75,76.25,151.25,48.75,117.5,98.75,150.0,32.5,74.8,53.629999999999995,72.46000000000001
FRENCH LATTICE CUSHION COVER ,0.0,0.0,0.0,0.0,0.0,60.839999999999996,76.02,20.4,51.0,46.75,48.949999999999996,33.76,0.0
FRENCH LAUNDRY SIGN BLUE METAL,65.99999999999999,23.099999999999998,74.24999999999999,66.0,103.94999999999999,128.7,51.14999999999999,174.89999999999998,160.04999999999998,62.68999999999999,70.94999999999999,51.12,13.2
FRENCH LAVENDER SCENT HEART,6.300000000000001,12.600000000000001,39.900000000000006,100.80000000000001,25.200000000000003,6.300000000000001,162.75,117.0,114.75,24.75,6.75,0.75,0.0
FRENCH PAISLEY CUSHION COVER,0.0,0.0,0.0,0.0,0.0,29.879999999999995,26.56,0.0,9.959999999999999,14.939999999999998,24.9,34.86,0.0
FRENCH PAISLEY CUSHION COVER ,17.700000000000003,0.0,0.0,17.700000000000003,0.0,61.199999999999996,61.199999999999996,30.599999999999998,10.2,92.64999999999999,43.239999999999995,58.64999999999999,18.7
FRENCH STYLE STORAGE JAR BONBONS,0.0,0.0,0.0,22.5,0.0,0.0,6.720000000000001,13.919999999999998,3.4799999999999995,15.659999999999998,22.619999999999997,2.8999999999999995,0.0
FRENCH STYLE STORAGE JAR CAFE ,0.0,0.0,0.0,22.5,0.0,0.0,3.3600000000000003,27.47,6.959999999999999,19.139999999999997,12.759999999999998,31.029999999999998,1.7399999999999998
FRENCH STYLE STORAGE JAR JAM,0.0,0.0,0.0,30.0,0.0,0.0,3.3600000000000003,8.7,6.959999999999999,15.659999999999998,7.829999999999999,11.889999999999999,2.61
FRENCH TOILET SIGN BLUE METAL,95.0,106.25,107.72,73.75,166.25,140.0,88.75,71.25,178.75,26.25,82.5,73.71000000000001,16.25
FRENCH WC SIGN BLUE METAL,116.25,182.72,133.97,188.75,173.75,141.25,117.5,175.0,268.75,190.0,147.5,177.3,75.0
FRESHWATER PEARL BRACELET GOLD,2.55,0.0,0.0,0.0,5.1,0.0,0.0,0.0,0.0,0.0,0.0,0.0,0.0
FRIDGE MAGNETS LA VIE EN ROSE,71.39999999999999,20.4,35.699999999999996,61.199999999999996,20.4,71.39999999999999,30.599999999999998,61.199999999999996,51.0,112.19999999999999,71.39999999999999,71.39999999999999,30.599999999999998
FRIDGE MAGNETS LES ENFANTS ASSORTED,117.29999999999998,40.8,30.599999999999998,71.39999999999999,25.5,40.8,20.4,81.6,61.199999999999996,51.0,56.099999999999994,73.95,40.8
FRIDGE MAGNETS US DINER ASSORTED,76.5,91.8,30.599999999999998,81.6,45.9,36.55,40.8,91.8,52.699999999999996,112.19999999999999,106.25,70.3,20.4
FROG CANDLE,10.0,1.25,25.0,10.0,15.0,7.5,1.25,6.25,0.0,0.0,0.0,0.0,0.0
FROG KING WATERING CAN,0.0,26.55,0.0,0.0,0.0,0.0,0.0,0.0,0.0,0.0,0.0,0.0,0.0
FROG SOCK PUPPET,11.8,17.700000000000003,8.850000000000001,0.0,0.0,5.9,0.0,0.0,0.0,0.0,0.0,0.0,0.0
FROSTED WHITE BASE ,0.85,0.0,13.219999999999999,18.7,7.83,0.0,10.2,11.299999999999999,12.18,0.0,10.2,5.28,0.85
FRUIT SALAD BAG CHARM,0.0,0.0,0.0,0.0,0.0,0.0,3.38,0.0,0.0,0.0,0.0,3.38,20.28
FRYING PAN BLUE POLKADOT,8.5,8.5,17.0,42.5,12.75,21.25,12.75,17.0,51.0,102.75,8.5,29.75,33.75
FRYING PAN PINK POLKADOT,85.0,38.25,93.5,85.0,136.75,38.25,29.75,51.0,59.5,158.0,97.75,94.75,53.75
FRYING PAN RED POLKADOT ,0.0,4.25,0.0,0.0,0.0,0.0,0.0,0.0,0.0,0.0,0.0,0.0,0.0
FRYING PAN RED RETROSPOT,196.25,119.0,110.0,97.75,149.5,55.25,12.75,29.75,63.75,158.0,89.25,131.75,110.0
FRYING PAN UNION FLAG,123.25,145.25,345.75,302.5,102.0,149.5,138.0,197.0,220.0,111.25,162.25,238.75,85.0
FULL ENGLISH BREAKFAST PLATE,645.9300000000001,87.99000000000001,67.5,82.5,95.49000000000001,232.23000000000002,202.23000000000002,15.0,72.99000000000001,173.96,399.2,745.0,489.37
FUNKY DIVA PEN,0.85,0.0,0.0,0.0,0.0,0.0,0.0,0.0,0.0,14.669999999999998,11.899999999999999,0.0,0.0
FUNKY MONKEY CUSHION COVER,0.0,0.0,0.0,13.6,0.0,20.4,0.0,20.4,12.75,38.25,0.85,23.799999999999997,3.4
FUNKY MONKEY GIFT BAG MEDIUM,10.08,12.6,10.08,0.0,20.16,10.08,16.38,16.8,0.0,8.4,0.0,11.76,10.08
FUNKY MONKEY MUG,1.25,0.0,0.0,0.0,0.0,0.0,0.0,0.0,0.0,0.0,0.0,0.0,0.0
FUNKY WASHING UP GLOVES ASSORTED,172.20000000000002,113.4,98.70000000000002,176.4,178.50000000000003,136.5,151.20000000000002,117.60000000000001,172.20000000000002,92.4,157.50000000000003,105.0,2.1
FUSCHIA FLOWER PURSE WITH BEADS,8.94,0.0,0.0,0.0,23.349999999999998,11.62,12.45,9.129999999999999,9.959999999999999,0.0,0.0,0.0,0.0
FUSCHIA TABLE RUN FLOWER ,0.0,0.0,7.5,0.0,2.5,16.25,12.5,0.0,0.0,0.0,0.0,0.0,0.0
FUSCHIA VOILE POINTY SHOE DEC,3.9,0.0,0.0,11.7,3.5100000000000002,3.12,18.72,1.17,4.68,3.5100000000000002,0.0,0.0,0.0
GAOLERS KEYS DECORATIVE GARDEN ,126.36,93.75,213.75,288.75,183.75,360.0,343.86,150.0,276.36,470.22,340.11,342.72,86.25
GARAGE KEY FOB,0.0,0.0,0.0,0.0,0.0,0.0,0.0,78.65,68.25,115.06,79.01,72.82000000000001,44.21
GARDEN METAL SIGN ,69.29999999999998,37.949999999999996,49.49999999999999,16.5,0.0,0.0,0.0,0.0,0.0,0.0,0.0,0.0,0.0
GARDEN PATH JOURNAL,20.4,45.9,0.0,2.55,35.699999999999996,22.95,0.0,30.599999999999998,40.8,30.599999999999998,48.449999999999996,132.6,12.61
GARDEN PATH NOTEBOOK ,6.6,6.6,8.25,0.0,3.3,0.0,0.0,0.0,0.0,0.0,0.0,0.0,0.0
GARDEN PATH POCKET BOOK,3.4,0.0,2.55,3.4,8.5,0.0,6.8,0.0,0.0,7.6499999999999995,11.049999999999999,15.299999999999999,0.0
GARDEN PATH SKETCHBOOK,15.0,3.75,7.5,15.0,84.7,33.75,30.0,30.0,56.25,18.75,59.96,52.42,7.5
GARDENERS KNEELING PAD CUP OF TEA ,0.0,0.0,0.0,0.0,0.0,485.09999999999997,845.6999999999999,595.65,692.9999999999999,602.2399999999999,923.8799999999999,1400.4099999999999,418.95
GARDENERS KNEELING PAD KEEP CALM ,0.0,0.0,0.0,0.0,0.0,593.9999999999999,1046.2499999999998,684.7499999999999,706.1999999999999,927.0799999999999,1461.4299999999998,2002.7799999999997,656.4799999999999
GARDENIA 1 WICK MORRIS BOXED CANDLE,38.25,34.0,38.25,17.0,81.33,29.75,42.5,12.75,25.5,42.5,123.75,0.0,0.0
GARDENIA 3 WICK MORRIS BOXED CANDLE,76.5,21.25,89.25,0.0,46.75,4.25,17.0,51.0,34.0,110.5,218.25,0.0,0.0
GARLAND WITH HEARTS AND BELLS,178.20000000000002,44.550000000000004,34.650000000000006,44.550000000000004,14.850000000000001,0.0,29.700000000000003,4.95,29.700000000000003,74.25,211.65,227.70000000000002,9.9
GARLAND WITH STARS AND BELLS,153.45000000000002,0.0,0.0,0.0,0.0,153.45,0.0,4.95,118.80000000000001,74.25,143.55,355.20000000000005,4.95
GARLAND WOODEN HAPPY EASTER,7.5,331.25,388.75,702.5,243.75,2.5,1.25,1.25,1.25,7.5,3.75,16.25,0.0
"GARLAND, MAGIC GARDEN 1.8M",23.4,0.0,0.0,0.0,0.0,0.0,0.0,0.0,0.0,0.0,0.0,0.0,0.0
"GARLAND, VINTAGE BELLS",0.0,0.0,0.0,0.0,0.0,0.0,0.0,0.0,0.0,0.0,127.16,138.72,0.0
GEMSTONE CHANDELIER T-LIGHT HOLDER,0.0,0.0,0.0,0.0,0.0,99.0,19.8,29.700000000000003,0.0,0.0,0.0,0.0,0.0
GENTLEMAN SHIRT REPAIR KIT ,49.3,37.4,10.2,47.599999999999994,90.1,44.199999999999996,32.3,23.799999999999997,61.199999999999996,83.22999999999999,118.86,56.32,28.049999999999997
GIANT 50'S CHRISTMAS CRACKER,0.0,0.0,0.0,0.0,0.0,0.0,0.0,297.67,338.13,1184.9,1583.72,1805.32,488.18
GIFT BAG BIRTHDAY,15.600000000000001,22.1,15.600000000000001,31.200000000000003,27.950000000000003,15.600000000000001,55.25000000000001,36.400000000000006,15.600000000000001,31.200000000000003,32.03,9.100000000000001,7.800000000000001
GIFT BAG LARGE 50'S CHRISTMAS,0.0,0.0,0.0,0.0,0.0,0.0,0.0,0.0,0.0,15.0,15.0,0.0,0.0
GIFT BAG LARGE SPOT ,0.0,0.0,0.0,0.0,0.0,0.0,0.0,0.0,15.0,60.0,45.0,0.0,0.0
GIFT BAG LARGE VINTAGE CHRISTMAS,0.0,0.0,0.0,0.0,0.0,0.0,0.0,0.0,45.0,30.0,60.0,0.0,0.0
GIFT BAG PSYCHEDELIC APPLES,23.400000000000002,31.200000000000003,31.200000000000003,39.0,31.200000000000003,62.400000000000006,39.0,46.800000000000004,16.900000000000002,63.230000000000004,31.200000000000003,56.730000000000004,7.800000000000001
GIN & TONIC DIET GREETING CARD ,40.32,86.1,65.52,80.64,110.88,120.96000000000001,90.72,75.6,100.8,90.72,40.32,80.64,15.120000000000001
GIN + TONIC DIET METAL SIGN,661.5000000000001,558.6,618.15,867.0,923.0999999999999,1379.55,910.3499999999999,937.8599999999999,828.7499999999999,1424.9099999999999,1144.9499999999998,1085.76,0.0
GIN AND TONIC DIET METAL SIGN,0.0,0.0,0.0,0.0,0.0,0.0,0.0,0.0,0.0,0.0,0.0,173.4,453.9
GIN AND TONIC MUG,233.75,126.25,107.5,158.75,193.75,192.5,136.25,117.5,111.25,150.45,89.1,280.49999999999994,49.49999999999999
GINGERBREAD MAN COOKIE CUTTER,540.44,493.75,527.5,541.25,266.25,276.25,0.0,231.25,441.25,563.63,736.53,857.42,306.21
GINGHAM BABUSHKA DOORSTOP,65.0,83.75,18.75,0.0,0.0,15.0,7.5,18.75,0.0,15.0,45.0,60.0,22.12
GINGHAM HEART  DOORSTOP RED,195.5,242.75,140.25,55.25,106.25,76.5,76.5,148.75,110.5,157.25,185.5,281.5,374.4
GINGHAM HEART DECORATION,0.0,0.0,264.34999999999997,324.7,130.04999999999998,137.7,151.29999999999998,101.14999999999999,164.89999999999998,439.45,562.56,631.48,77.35
GINGHAM OVEN GLOVE RED HEART ,3.75,7.5,0.0,0.0,0.0,0.0,0.0,0.0,0.0,0.0,0.0,0.0,0.0
GINGHAM RECIPE BOOK BOX,0.0,0.0,0.0,0.0,0.0,0.0,0.0,0.0,0.0,738.75,708.45,420.75,99.0
GINGHAM ROSE WRAP,42.0,168.0,147.0,126.0,115.5,136.5,10.5,0.0,0.0,0.0,0.0,0.0,0.0
GIRAFFE WOODEN RULER,0.0,0.0,152.1,503.09999999999997,261.3,183.29999999999998,150.15,218.39999999999998,177.45,508.27,409.73999999999995,628.48,164.95
GIRLS VINTAGE TIN SEASIDE BUCKET,45.9,48.449999999999996,94.35,237.14999999999998,293.25,390.15,237.14999999999998,155.54999999999998,84.14999999999999,68.85,68.85,38.25,5.1
GIRLY PINK TOOL SET,24.75,0.0,0.0,0.0,0.0,0.0,0.0,0.0,0.0,0.0,0.0,0.0,0.0
GLAMOROUS  MUG,63.75,18.75,48.75,16.25,108.75,72.5,25.0,21.25,61.25,95.78999999999999,92.24,78.16,63.29
GLASS  BEURRE DISH,207.76,349.96000000000004,379.97,249.44000000000003,231.46,323.90000000000003,348.76,282.81,0.0,0.0,0.0,0.0,0.0
GLASS AND BEADS BRACELET IVORY,0.0,0.0,0.0,22.5,0.0,0.0,0.0,0.0,0.0,0.0,0.0,0.0,0.0
GLASS AND PAINTED BEADS BRACELET OL,0.0,0.0,0.0,22.5,0.0,0.0,0.0,0.0,0.0,0.0,0.0,0.0,0.0
GLASS AND PAINTED BEADS BRACELET TO,0.0,0.0,0.0,0.0,0.0,0.0,0.0,0.0,0.0,22.5,0.0,0.0,0.0
GLASS APOTHECARY BOTTLE ELIXIR,0.0,0.0,0.0,0.0,0.0,0.0,298.00000000000006,386.8,401.55000000000007,670.9000000000001,751.6500000000001,361.20000000000005,65.10000000000001
GLASS APOTHECARY BOTTLE PERFUME,0.0,0.0,0.0,0.0,0.0,0.0,266.40000000000003,378.90000000000003,483.65000000000003,706.45,966.8500000000001,605.95,222.95000000000002
GLASS APOTHECARY BOTTLE TONIC,0.0,0.0,0.0,0.0,0.0,0.0,230.85000000000002,442.1,268.45000000000005,706.45,737.9000000000001,598.0500000000001,219.00000000000003
GLASS BEAD HOOP EARRINGS AMETHYST,11.8,0.0,0.0,0.0,0.0,0.0,0.0,0.0,0.0,0.0,0.0,0.0,0.0
GLASS BEAD HOOP EARRINGS BLACK,11.8,0.0,0.0,0.0,0.0,0.0,0.0,0.0,0.0,0.0,0.0,0.0,0.0
GLASS BELL JAR SMALL,15.8,0.0,0.0,0.0,0.0,0.0,0.0,0.0,0.0,0.0,0.0,0.0,0.0
GLASS BON BON JAR,0.0,0.0,0.0,0.0,0.0,404.24999999999994,194.7,225.29999999999995,189.74999999999997,291.0,367.5,267.27,50.699999999999996
GLASS BONNE JAM JAR,0.0,0.0,0.0,0.0,0.0,0.0,16.6,128.65,33.2,103.75,143.95,33.2,16.6
GLASS CHALICE BLUE SMALL ,0.0,36.3,34.64999999999999,65.99999999999999,33.15,16.38,0.0,0.0,0.0,0.0,0.0,0.0,0.0
GLASS CHALICE GREEN  LARGE ,0.0,15.299999999999999,0.0,88.65,16.590000000000003,0.0,0.0,0.0,0.0,0.0,0.0,0.0,0.0
GLASS CHALICE GREEN  SMALL ,0.0,24.749999999999996,18.15,1.65,4.68,0.0,0.0,0.0,0.0,0.0,0.0,0.0,0.0
GLASS CLOCHE SMALL,289.12,199.86,344.42,97.16,93.21000000000001,319.13,148.51,35.55,165.9,215.66,197.5,188.01,0.0
GLASS HEART T-LIGHT HOLDER ,31.449999999999996,186.14999999999998,122.39999999999999,177.64999999999998,45.69,81.6,72.25,71.39999999999999,20.4,98.53,141.09,51.0,45.9
GLASS JAR DAISY FRESH COTTON WOOL,2.95,11.8,44.25000000000001,144.55,170.35000000000002,164.45000000000002,149.7,82.60000000000001,32.45,106.20000000000002,156.35000000000002,123.9,11.8
GLASS JAR DIGESTIVE BISCUITS,14.75,181.4,47.20000000000001,117.25,196.15,151.6,117.25,38.35,44.25000000000001,85.55000000000001,88.28,79.65,14.64
GLASS JAR ENGLISH CONFECTIONERY,126.1,205.0,88.50000000000001,61.95,199.85,155.3,103.25000000000001,143.8,126.85000000000002,205.75,240.93000000000004,114.83000000000001,23.490000000000002
GLASS JAR KINGS CHOICE,26.550000000000004,20.650000000000002,23.6,41.300000000000004,103.25000000000001,20.650000000000002,41.30000000000001,29.500000000000004,44.25000000000001,38.35,47.20000000000001,29.5,11.690000000000001
GLASS JAR MARMALADE ,2.95,20.650000000000002,106.20000000000002,44.25000000000001,88.50000000000001,41.300000000000004,108.4,64.14999999999999,26.55,38.35,41.300000000000004,20.54,8.850000000000001
GLASS JAR PEACOCK BATH SALTS,70.80000000000001,20.650000000000002,44.25000000000001,76.7,85.55000000000001,23.6,61.95000000000001,23.6,23.6,73.64000000000001,94.4,73.64000000000001,8.850000000000001
GLASS SPHERE CANDLE STAND MEDIUM,0.0,21.8,65.4,43.6,0.0,0.0,0.0,21.8,0.0,147.15,35.150000000000006,110.45,65.4
GLASS STAR FROSTED T-LIGHT HOLDER,931.6,39.6,45.300000000000004,84.15,249.75,108.9,44.550000000000004,95.55,49.5,145.8,64.35000000000001,360.90000000000003,59.400000000000006
GLASS TWIST BON BON JAR,0.0,0.0,0.0,0.0,0.0,0.0,79.80000000000001,0.0,0.0,0.0,79.80000000000001,0.0,0.0
GLITTER BUTTERFLY CLIPS,247.34999999999997,201.45,160.65,234.6,137.7,109.65,117.3,127.5,109.64999999999999,165.75,135.15,270.29999999999995,68.85
GLITTER CHRISTMAS HEART ,69.69999999999999,0.0,0.0,0.0,0.0,0.0,0.0,0.0,0.0,0.0,0.0,0.0,0.0
GLITTER CHRISTMAS STAR ,54.4,0.0,0.0,0.0,0.0,0.0,0.0,11.049999999999999,5.1,25.23,50.31,69.31,39.7
GLITTER CHRISTMAS TREE,44.199999999999996,0.0,0.0,0.0,0.0,0.0,0.0,4.25,0.0,23.450000000000003,39.78,24.18,0.0
GLITTER CHRISTMAS TREE WITH BELLS,25.349999999999998,0.0,0.0,0.0,0.0,0.0,0.0,0.0,0.0,40.78,39.5,209.1,21.700000000000003
GLITTER HANGING BUTTERFLY STRING,214.20000000000002,123.9,134.4,199.5,113.4,90.30000000000001,81.9,121.8,151.20000000000002,117.60000000000001,201.13,323.12,37.800000000000004
GLITTER HEART DECORATION,0.0,0.0,18.7,2.55,0.0,10.2,0.0,7.65,11.899999999999999,31.93,54.6,101.01,35.52
GLITTER HEART GARLAND WITH BELLS ,172.5,22.5,60.0,0.0,0.0,0.0,0.0,33.75,7.5,30.0,160.68,529.16,52.5
GLITTER SNOW PEAR TREE DECORATION,26.099999999999998,0.0,0.0,0.0,0.0,0.0,0.0,0.0,0.0,0.0,0.0,0.0,0.0
GLITTER STAR GARLAND WITH BELLS ,26.25,0.0,0.0,0.0,0.0,0.0,0.0,30.0,97.5,90.0,153.75,427.95,0.0
GLOW IN DARK DOLPHINS,0.84,1.89,2.31,3.15,0.0,0.0,4.2,0.0,0.63,0.21,2.73,9.87,1.0499999999999998
GOLD APERITIF GLASS,0.0,0.0,0.0,0.0,6.24,0.0,0.0,0.0,0.0,0.0,0.0,0.0,0.0
GOLD COSMETIC BAG PINK STAR,4.2,0.0,0.0,0.0,0.0,0.0,0.0,0.0,0.0,0.0,0.0,0.0,0.0
GOLD DIAMANTE STAR BROOCH,0.0,0.0,0.0,0.0,0.0,0.0,9.9,0.0,0.0,14.850000000000001,0.0,4.95,0.0
GOLD EAR MUFF HEADPHONES,38.43,5.49,21.96,0.0,5.49,5.49,5.49,0.0,0.0,5.49,5.49,49.410000000000004,9.39
GOLD FABRIC MIRROR,0.0,0.0,0.0,0.0,0.0,0.0,0.39,0.0,2.73,7.800000000000001,10.14,7.41,2.34
GOLD FISHING GNOME,13.9,13.9,0.0,27.8,69.5,82.35,0.0,6.95,27.8,6.95,6.95,0.0,15.6
GOLD FLOWER CUSHION COVER ,0.0,0.0,0.0,0.0,15.6,0.0,0.0,0.0,0.0,0.0,0.0,0.0,0.0
GOLD M.O.P ORBIT BRACELET,0.0,0.0,0.0,0.0,0.0,0.0,0.0,0.0,4.95,0.0,4.95,0.0,0.0
GOLD M.O.P ORBIT DROP EARRINGS,0.0,0.0,4.25,0.0,8.5,17.0,0.0,0.0,0.0,0.0,4.25,0.0,0.0
GOLD M.O.P. ORBIT NECKLACE,0.0,0.0,0.0,0.0,0.0,0.0,0.0,0.0,0.0,0.0,5.9,0.0,0.0
GOLD MINI TAPE MEASURE ,28.9,26.35,0.85,26.35,0.85,4.25,21.25,3.4,8.5,24.33,12.67,24.65,0.85
GOLD MUG BONE CHINA TREE OF LIFE,48.75,0.0,0.0,0.0,0.0,0.0,0.0,0.0,30.0,95.22,160.22,296.8,30.740000000000002
GOLD PHOTO FRAME,12.600000000000001,12.600000000000001,2.1,0.0,16.8,16.8,0.0,4.2,27.300000000000004,35.7,0.0,25.200000000000003,37.92
GOLD PRINT PAPER BAG,3.6100000000000003,0.0,0.0,0.0,0.0,0.0,0.0,0.0,0.0,0.0,0.0,0.0,0.0
GOLD SCROLL GLASS T-LIGHT HOLDER,0.0,4.2,37.800000000000004,12.600000000000001,7.0200000000000005,0.0,0.0,0.0,0.0,0.0,0.0,0.0,0.0
GOLD STANDING GNOME,0.0,0.0,0.0,0.0,12.75,46.75,21.25,0.0,17.0,4.25,38.25,0.0,37.5
GOLD TEDDY BEAR,0.0,7.5,0.0,0.0,0.0,12.5,0.0,0.0,0.0,0.0,0.0,0.0,0.0
GOLD WASHBAG,2.95,0.0,0.0,0.0,0.0,20.650000000000002,0.0,0.0,0.0,0.0,0.0,0.0,0.0
GOLD WINE GOBLET,0.0,0.0,0.0,0.0,3.16,41.08,6.32,0.0,0.0,0.0,0.0,0.0,0.0
GOLD/AMBER DROP EARRINGS W LEAF,0.0,0.0,0.0,0.0,0.0,0.0,17.700000000000003,0.0,0.0,0.0,0.0,0.0,0.0
GOLDIE LOOKING MIRROR,0.0,0.0,0.0,0.0,4.95,29.700000000000003,0.0,29.700000000000003,4.95,0.0,0.0,9.9,0.0
GRAND CHOCOLATECANDLE,477.04999999999995,262.45,271.15,274.04999999999995,208.79999999999998,208.79999999999998,158.04999999999998,224.74999999999997,195.74999999999997,246.49999999999997,430.65,363.95,143.54999999999998
GRASS HOPPER WOODEN WALL CLOCK ,0.0,0.0,17.85,5.95,78.0,17.85,41.650000000000006,62.410000000000004,0.0,0.0,4.74,16.59,0.0
GREEN  DIAMANTE PEN IN GIFT BOX,0.0,0.0,0.0,14.850000000000001,0.0,0.0,0.0,4.95,0.0,14.850000000000001,4.95,4.95,0.0
GREEN 3 PIECE POLKADOT CUTLERY SET,498.75,255.0,358.65000000000003,37.35,0.0,0.0,0.0,0.0,0.0,0.0,0.0,0.0,0.0
GREEN BIRDHOUSE DECORATION,19.830000000000002,0.0,25.499999999999996,38.25,32.58,5.1,10.2,20.4,0.0,25.5,12.75,12.75,26.6
GREEN BITTY LIGHT CHAIN,13.950000000000001,0.0,0.0,0.0,13.950000000000001,0.0,0.0,4.65,0.0,0.0,32.5,98.75,6.25
GREEN CAT FLORAL CUSHION COVER ,3.75,0.0,0.0,0.0,0.0,15.0,18.75,0.0,0.0,0.0,0.0,0.0,0.0
GREEN CHRISTMAS TREE CARD HOLDER,182.75,4.25,0.0,0.0,17.0,0.0,0.0,4.25,51.0,280.25,622.35,905.0999999999999,19.5
GREEN CHRISTMAS TREE STRING 20LIGHT,24.75,0.0,0.0,0.0,0.0,0.0,4.95,0.0,121.8,9.9,4.95,19.8,0.0
GREEN DRAWER KNOB ACRYLIC EDWARDIAN,155.0,174.32,200.0,218.75,237.5,162.5,163.75,131.25,81.25,161.25,106.25,122.5,45.0
GREEN DROP EARRINGS W BEAD CLUSTER,0.0,0.0,0.0,0.0,0.0,0.0,13.4,0.0,0.0,0.0,0.0,0.0,0.0
GREEN EASTER EGG HUNT START POST,0.0,21.45,13.649999999999999,15.6,0.0,0.0,0.0,0.0,0.0,0.0,0.0,0.0,0.0
GREEN ENAMEL FLOWER HAIR TIE,0.0,0.0,2.95,0.0,0.0,0.0,0.0,0.0,0.0,17.700000000000003,0.0,0.0,0.0
GREEN ENAMEL FLOWER RING,0.0,0.0,0.0,0.0,8.850000000000001,20.650000000000002,26.550000000000004,0.0,0.0,76.7,2.95,0.0,0.0
GREEN ENAMEL+GLASS HAIR COMB,0.0,0.0,0.0,0.0,0.0,4.2,16.8,0.0,18.900000000000002,0.0,2.1,0.0,0.0
GREEN FERN JOURNAL ,12.75,15.299999999999999,33.15,10.2,2.55,17.849999999999998,2.55,35.699999999999996,30.599999999999998,17.849999999999998,25.5,15.299999999999999,22.81
GREEN FERN NOTEBOOK,13.2,6.6,8.25,9.899999999999999,3.3,3.3,4.949999999999999,11.549999999999999,0.0,24.75,0.0,0.0,0.0
GREEN FERN POCKET BOOK,0.0,2.55,10.2,0.0,3.4,0.0,4.25,7.6499999999999995,0.0,0.85,13.6,11.049999999999999,0.0
GREEN FERN SKETCHBOOK ,48.75,22.5,33.75,45.0,0.0,18.75,67.5,30.0,33.75,26.25,29.96,22.5,3.75
GREEN GEISHA GIRL ,22.5,3.75,0.0,0.0,7.5,0.0,0.0,0.0,18.75,3.75,18.75,0.0,0.0
GREEN GIANT GARDEN THERMOMETER,226.10000000000002,136.85,130.9,166.60000000000002,190.4,327.25,243.95000000000002,196.35,148.75,154.70000000000002,0.0,0.0,0.0
GREEN GLASS TASSLE BAG CHARM,8.850000000000001,0.0,0.0,5.9,0.0,0.0,8.850000000000001,0.0,0.0,0.0,23.6,0.0,2.95
GREEN GOOSE FEATHER CHRISTMAS TREE ,0.0,0.0,0.0,0.0,0.0,0.0,17.700000000000003,0.0,76.70000000000002,123.90000000000002,91.45000000000002,50.150000000000006,2.95
GREEN GOOSE FEATHER TREE 60CM,0.0,0.0,0.0,0.0,0.0,3.9,0.0,0.0,54.599999999999994,64.35,78.0,91.65,21.45
GREEN HEART COMPACT MIRROR,0.0,0.0,0.0,0.0,0.0,0.0,30.0,30.0,0.0,72.5,7.5,51.25,0.0
GREEN HEART OF GLASS BRACELET,0.0,11.9,0.0,0.0,23.8,17.85,0.0,5.95,17.85,0.0,0.0,0.0,0.0
GREEN JUICY FRUIT PHOTO FRAME,84.14999999999999,17.849999999999998,25.5,12.75,10.2,17.849999999999998,2.55,10.2,0.0,30.599999999999998,2.55,0.0,0.0
GREEN METAL BOX ARMY SUPPLIES,0.0,0.0,0.0,0.0,0.0,120.0,0.0,0.0,120.0,120.0,120.0,120.0,240.0
GREEN METAL SWINGING BUNNY,0.0,17.0,88.39999999999999,127.49999999999999,23.8,0.0,0.0,0.0,0.0,0.0,0.0,0.0,0.0
GREEN MURANO TWIST BRACELET,17.0,17.0,4.25,17.0,0.0,0.0,17.0,0.0,0.0,17.0,0.0,42.5,0.0
GREEN PAIR HEART HAIR SLIDES,0.0,0.0,0.0,0.0,0.0,0.0,0.0,0.0,15.0,15.0,0.0,0.0,0.0
GREEN PENDANT TRIPLE SHELL NECKLACE,0.0,0.0,0.0,4.95,0.0,0.0,0.0,14.850000000000001,0.0,0.0,0.0,0.0,0.0
GREEN PEONY CUSHION COVER,0.0,0.0,0.0,0.0,0.0,18.6,0.0,9.3,9.3,23.25,0.0,27.900000000000002,0.0
GREEN POLKADOT BOWL,61.25,183.75,136.25,68.75,68.75,72.5,128.75,55.0,88.75,131.25,95.0,119.96000000000001,41.25
GREEN POLKADOT PLATE ,55.769999999999996,152.1,101.4,76.05,103.09,84.5,76.05,76.05,89.57,43.94,104.78,70.89,27.04
GREEN POP ART MAO CUSHION COVER ,1.1400000000000001,0.0,0.0,1.1400000000000001,0.0,0.0,0.0,0.0,0.0,0.0,0.0,0.0,0.0
GREEN REGENCY TEACUP AND SAUCER,676.25,685.6500000000001,907.8500000000001,1019.9500000000002,1289.0500000000002,1578.15,1247.3500000000001,867.2,1110.6000000000001,1846.7700000000002,1053.64,1192.65,481.33000000000004
GREEN ROSE WASHBAG,37.5,37.5,22.5,26.25,75.0,33.75,75.0,45.0,56.25,52.5,33.75,60.0,0.0
GREEN ROUND COMPACT MIRROR,30.0,0.0,0.0,0.0,0.0,0.0,0.0,60.0,32.5,1.25,0.0,33.75,0.0
GREEN SQUARE COMPACT MIRROR,15.0,3.75,0.0,0.0,0.0,30.0,0.0,30.0,2.5,31.25,3.75,52.5,0.0
GREEN SWEETHEART BRACELET,72.25,0.0,12.75,0.0,8.5,42.5,12.75,0.0,21.25,0.0,98.5,4.25,38.25
GREEN VINTAGE EARRINGS ,0.0,0.0,0.0,0.0,0.0,7.5,0.0,0.0,0.0,15.0,0.0,18.75,0.0
GREEN VINTAGE SPOT BEAKER,0.0,0.0,0.0,0.0,0.0,0.0,117.3,192.95,159.79999999999998,139.4,84.15,45.9,12.75
GREEN WIRE STANDING CANDLE HOLDER,11.25,0.0,22.5,11.25,15.0,33.75,0.0,3.75,0.0,18.75,0.0,11.25,0.0
GREEN WITH METAL BAG CHARM,0.0,0.0,0.0,0.0,0.0,0.0,0.0,14.850000000000001,0.0,0.0,0.0,0.0,0.0
GREEN/BLUE CERAMIC CANDLE HOLDER,0.0,0.0,0.0,0.0,0.0,0.0,0.0,13.2,0.0,0.0,0.0,0.0,0.0
GREEN/BLUE FLOWER DESIGN BIG MUG,1.95,3.9,0.0,0.0,1.56,2.34,0.78,0.0,0.0,3.12,0.0,0.0,0.0
"GREETING CARD, OVERCROWDED POOL.",0.0,2.2800000000000002,0.0,0.0,2.2800000000000002,4.5600000000000005,2.2800000000000002,6.840000000000001,0.0,2.2800000000000002,6.840000000000001,0.0,6.840000000000001
"GREETING CARD, STICKY GORDON",0.0,4.5600000000000005,2.2800000000000002,2.2800000000000002,4.5600000000000005,2.2800000000000002,2.2800000000000002,2.2800000000000002,9.120000000000001,0.19,0.0,0.0,0.0
"GREETING CARD, TWO SISTERS.",0.0,2.2800000000000002,0.0,0.0,2.2800000000000002,0.0,0.0,0.0,0.0,0.0,0.0,0.0,0.0
"GREETING CARD,SQUARE, DOUGHNUTS",5.04,0.0,0.0,15.120000000000001,0.0,5.04,15.120000000000001,0.0,10.91,0.0,2.4899999999999998,0.0,0.0
GREY ACRYLIC FACETED BANGLE,30.0,5.9,0.0,0.0,0.0,0.0,0.0,0.0,0.0,0.0,0.0,0.0,0.0
GREY FLORAL FELTCRAFT SHOULDER BAG,393.75,168.75,48.75,161.25,97.5,90.0,0.0,0.0,0.0,0.0,0.0,0.0,0.0
GREY HEART HOT WATER BOTTLE,1717.5,1032.99,352.5,26.25,146.25,131.25,142.5,97.5,326.25,1308.81,1113.13,2042.5,503.67
GROOVY CACTUS INFLATABLE,0.0,0.0,1.7,0.0,0.0,0.0,0.0,9.36,23.4,23.4,2.34,35.489999999999995,0.0
GROW A FLYTRAP OR SUNFLOWER IN TIN,150.0,390.0,303.75,480.0,630.0,690.0,630.0,420.0,330.0,510.0,571.25,750.0,60.0
GROW YOUR OWN BASIL IN ENAMEL MUG,193.20000000000002,69.30000000000001,205.8,168.0,132.3,132.3,203.70000000000002,63.0,37.800000000000004,189.10000000000002,123.9,308.70000000000005,48.3
GROW YOUR OWN FLOWERS SET OF 3,0.0,0.0,0.0,0.0,0.0,0.0,0.0,0.0,0.0,0.0,40.5,13.5,368.54999999999995
GROW YOUR OWN PLANT IN A CAN ,361.25,158.75,100.0,62.5,30.0,0.0,0.0,0.0,0.0,0.0,0.0,0.0,0.0
GUMBALL COAT RACK,323.84999999999997,535.35,547.5,659.4,558.4499999999999,203.99999999999997,726.75,535.05,489.15,752.1099999999999,856.52,836.12,433.49999999999994
GUMBALL MAGAZINE RACK,0.0,148.5,0.0,162.0,243.0,0.0,465.75,162.0,81.0,81.0,81.0,0.0,0.0
GUMBALL MONOCHROME COAT RACK,6.25,2.5,20.22,37.5,60.0,0.0,0.0,0.0,0.0,0.0,0.0,0.0,0.0
GYMKHANA TREASURE BOOK BOX,0.0,0.0,0.0,283.5,119.25,135.0,78.75,72.0,45.0,130.5,173.33,198.0,58.5
GYMKHANNA TREASURE BOOK BOX,0.0,0.0,0.0,192.56,33.28,0.0,18.0,0.0,0.0,18.0,0.0,0.0,0.0
HAIRCLIPS FORTIES FABRIC ASSORTED,46.800000000000004,31.200000000000003,31.200000000000003,39.650000000000006,31.200000000000003,7.800000000000001,23.400000000000002,15.600000000000001,62.400000000000006,23.400000000000002,78.65,39.0,9.120000000000001
HAND OPEN SHAPE DECO.WHITE,39.92,0.0,0.0,0.0,0.0,0.0,0.0,0.0,0.0,0.0,0.0,0.0,0.0
HAND OPEN SHAPE GOLD,16.25,0.0,25.5,8.5,21.25,8.5,25.5,0.0,8.5,0.0,114.45,102.0,33.75
HAND OVER THE CHOCOLATE   SIGN ,646.8000000000001,329.70000000000005,591.48,768.6000000000001,611.4000000000001,573.3000000000001,621.6,789.6000000000001,157.50000000000003,992.5300000000001,825.72,506.81000000000006,263.83000000000004
HAND PAINTED HANGING EASTER EGG,0.0,0.0,0.0,0.0,0.0,0.0,0.0,0.0,0.0,0.0,0.0,8.4,0.84
HAND TOWEL PALE BLUE W FLOWERS,80.35,43.45,0.0,95.2,23.8,39.6,0.0,0.0,0.0,0.0,0.0,0.0,0.0
HAND TOWEL PINK FLOWER AND DAISY,61.9,12.5,0.0,0.0,0.0,0.0,0.0,0.0,0.0,0.0,28.42,4.13,0.0
HAND WARMER BABUSHKA DESIGN,1854.9,330.6,63.00000000000001,16.8,27.300000000000004,6.300000000000001,8.4,8.4,52.50000000000001,203.70000000000002,371.63000000000005,294.0,144.9
HAND WARMER BIRD DESIGN,1316.7,0.0,2.1,6.300000000000001,8.4,0.0,0.0,0.0,157.50000000000003,1123.43,1543.15,2330.86,852.3900000000001
HAND WARMER OWL DESIGN,1104.6000000000001,56.7,0.0,44.10000000000001,18.900000000000002,6.300000000000001,16.8,4.2,281.40000000000003,1316.63,2145.92,2834.7900000000004,1221.9900000000002
HAND WARMER RED LOVE HEART,0.0,0.0,0.0,0.0,0.0,0.0,0.0,0.0,27.300000000000004,1192.8000000000002,1169.7,2186.1000000000004,693.0000000000001
HAND WARMER RED POLKA DOT,225.00000000000003,0.0,0.0,0.0,0.0,0.0,0.0,0.0,0.0,0.0,0.0,0.0,0.0
HAND WARMER RED RETROSPOT,989.1000000000001,0.0,0.0,0.0,2.1,6.300000000000001,0.0,0.0,163.8,728.7,1106.7,1407.0000000000002,527.1
HAND WARMER SCOTTY DOG DESIGN,928.2,2.1,0.0,2.1,2.1,6.300000000000001,0.0,0.0,205.8,1276.8000000000002,1438.5000000000002,2190.3,703.5000000000001
HAND WARMER UNION JACK,997.8000000000001,0.0,0.0,21.0,0.0,12.600000000000001,2.1,0.0,153.3,921.9000000000001,1365.0000000000002,1610.7,819.0000000000001
HANGING  BUTTERFLY T-LIGHT HOLDER,0.0,0.0,0.0,0.0,0.0,0.0,0.0,0.0,0.0,0.0,334.96,525.0,97.5
HANGING BAUBLE T-LIGHT HOLDER LARGE,11.8,0.0,2.95,0.0,0.0,0.0,0.0,0.0,0.0,14.75,5.9,38.35000000000001,0.0
HANGING BAUBLE T-LIGHT HOLDER SMALL,0.0,33.15,0.0,5.1,2.55,0.0,10.2,17.849999999999998,0.0,2.55,56.099999999999994,12.75,0.0
HANGING BUTTERFLY  EGG,0.0,5.1,0.0,2.55,0.0,0.0,0.0,0.0,0.0,0.0,0.0,0.0,0.0
HANGING CHICK  YELLOW DECORATION,7.25,91.35,223.29999999999998,356.7,226.2,40.599999999999994,36.25,11.6,34.8,40.599999999999994,4.35,13.049999999999999,0.0
HANGING CHICK CREAM DECORATION,104.39999999999999,216.04999999999998,303.04999999999995,482.84999999999997,181.24999999999997,60.9,49.3,88.44999999999999,55.099999999999994,78.3,0.0,2.9,0.0
HANGING CHICK GREEN DECORATION,0.0,65.24999999999999,107.29999999999998,397.29999999999995,182.7,94.25,15.95,69.6,110.19999999999999,50.75,10.149999999999999,11.6,0.0
HANGING CLEAR MINI BOTTLE,0.0,0.0,0.0,0.0,0.0,0.0,0.0,0.0,28.35,1.8900000000000001,15.120000000000001,1.26,2.52
HANGING ENGRAVED METAL HEART,0.0,0.0,0.0,0.0,24.900000000000002,307.1,120.35000000000001,103.75000000000001,62.25000000000001,87.15,236.55,182.60000000000002,12.450000000000001
HANGING FAIRY CAKE DECORATION,37.8,6.300000000000001,10.5,31.500000000000004,27.3,12.600000000000001,0.0,39.900000000000006,0.0,0.0,20.64,21.0,0.0
HANGING GLASS ETCHED TEALIGHT,69.29999999999998,6.6,11.549999999999999,0.0,0.0,0.0,0.0,0.0,0.0,0.0,0.0,0.0,0.0
HANGING HEART BASKET,16.8,0.0,2.1,4.2,0.0,0.0,0.0,0.0,0.0,0.0,0.0,0.0,0.0
HANGING HEART BONHEUR,0.0,0.0,0.0,0.0,0.0,0.0,0.0,0.0,0.0,168.29999999999998,114.17999999999999,112.19999999999999,19.549999999999997
HANGING HEART JAR T-LIGHT HOLDER,172.5,401.25,338.97,836.25,511.25,777.5,691.25,536.25,521.25,597.46,436.17,491.13,205.0
HANGING HEART MIRROR DECORATION ,94.9,173.55,78.0,153.4,62.60000000000001,66.95,53.300000000000004,105.5,59.800000000000004,70.15,51.25,112.85000000000001,43.400000000000006
HANGING HEART WITH BELL,0.0,0.0,1.25,2.5,25.44,31.25,15.0,70.44,95.0,41.410000000000004,46.53,107.64,0.0
HANGING HEART ZINC T-LIGHT HOLDER,266.9,240.98999999999998,345.95,387.63,464.09999999999997,506.65999999999997,425.84999999999997,220.99999999999997,243.95,238.10999999999999,206.47,293.28999999999996,73.1
HANGING HEN ON NEST DECORATION,0.0,178.2,206.24999999999997,420.74999999999994,163.34999999999997,37.949999999999996,19.799999999999997,47.849999999999994,41.24999999999999,39.599999999999994,21.449999999999996,34.65,19.799999999999997
HANGING JAM JAR T-LIGHT HOLDER,91.8,207.39999999999998,286.45,278.79999999999995,492.15,673.1999999999999,311.09999999999997,375.7,163.2,0.0,0.0,0.0,0.0
HANGING JAM JAR T-LIGHT HOLDERS,0.0,0.0,0.0,0.0,0.0,0.0,0.0,0.0,20.4,122.39999999999999,164.04999999999998,295.32,30.599999999999998
HANGING MEDINA LANTERN SMALL,23.6,76.7,26.550000000000004,64.9,11.8,0.0,0.0,0.0,0.0,0.0,0.0,0.0,0.0
HANGING METAL CHICKEN DECORATION,0.0,0.0,7.5,120.0,13.75,0.0,0.0,2.5,7.5,0.0,0.0,1.25,0.0
HANGING METAL HEART LANTERN,234.29999999999995,271.49999999999994,235.19999999999996,359.69999999999993,407.69999999999993,381.1499999999999,402.59999999999997,288.74999999999994,240.89999999999998,350.69999999999993,379.63999999999993,324.99999999999994,200.97
HANGING METAL RABBIT DECORATION,0.0,70.0,98.75,228.75,71.25,0.0,0.0,10.0,22.5,0.0,0.0,3.75,0.0
HANGING METAL STAR LANTERN,266.54999999999995,41.24999999999999,40.5,108.89999999999998,123.89999999999999,148.49999999999997,158.39999999999998,153.45,80.85,244.34999999999997,387.88999999999993,344.78999999999996,243.29
HANGING MINI COLOURED BOTTLES,0.0,0.0,0.0,0.0,0.0,0.0,0.0,0.0,13.23,44.730000000000004,2.52,22.05,3.7800000000000002
HANGING PHOTO CLIP ROPE LADDER,21.449999999999996,41.24999999999999,21.449999999999996,11.549999999999999,33.0,4.949999999999999,87.44999999999999,47.849999999999994,9.9,49.47999999999999,24.71,44.489999999999995,16.45
HANGING QUILTED PATCHWORK APPLES,0.0,0.0,0.0,0.0,0.0,0.0,0.0,0.0,29.879999999999995,409.18999999999994,209.98999999999998,196.70999999999998,23.24
HANGING RIDGE GLASS T-LIGHT HOLDER,0.0,20.28,40.56,0.0,0.0,0.0,0.0,0.0,0.0,0.0,0.0,0.0,0.0
HANGING SPRING FLOWER EGG LARGE,0.0,16.15,80.75,186.14999999999998,105.39999999999999,0.0,0.0,0.0,0.0,0.0,0.0,9.35,0.0
HANGING SPRING FLOWER EGG SMALL,0.0,24.05,58.50000000000001,185.9,52.00000000000001,0.0,0.0,0.19,0.0,2.09,3.99,1.52,3.2300000000000004
HANGING WOOD AND FELT BUTTERFLY ,0.0,19.74,44.52,33.6,29.64,1.26,0.0,9.24,2.1,18.060000000000002,10.08,18.9,10.08
HANGING WOOD AND FELT FLOWER,0.0,16.8,1.68,3.3600000000000003,11.58,1.26,1.7999999999999998,4.08,3.0,0.36,1.7999999999999998,6.36,0.96
HANGING WOOD AND FELT HEART,0.0,3.7800000000000002,32.34,17.22,28.98,1.26,0.0,10.08,2.94,6.720000000000001,0.0,21.0,0.0
HAPPY BIRTHDAY CARD STRIPEY TEDDY,0.0,0.0,0.0,0.0,0.0,0.0,0.0,0.0,2.2800000000000002,0.0,0.0,0.19,0.0
HAPPY BIRTHDAY CARD TEDDY/CAKE,0.0,0.0,0.0,0.0,0.0,0.0,0.0,0.0,0.95,0.0,0.0,0.0,0.0
HAPPY EASTER HANGING DECORATION,48.75,86.25,142.5,198.75,82.5,0.0,18.75,0.0,0.0,7.5,3.75,18.75,0.0
HAPPY STENCIL CRAFT,120.0,82.5,13.75,118.75,125.22,100.0,93.75,80.0,130.44,186.25,167.46,298.67,151.25
HARDMAN MUG 3 ASSORTED,0.0,0.0,0.0,0.0,5.069999999999999,0.39,3.12,0.78,0.0,14.82,0.39,0.0,0.0
HAWAIIAN GRASS SKIRT ,17.5,1.25,0.0,47.5,1.25,13.75,33.75,16.25,15.0,5.0,16.25,31.25,0.0
HEADS AND TAILS SPORTING FUN,121.25,48.75,57.5,116.25,87.5,171.25,87.5,86.25,87.5,294.8,134.92,33.75,0.0
HEART BEADED TRELLIS DECORATION,0.0,0.0,0.0,0.0,8.32,124.80000000000001,37.44,6.24,37.44,110.24000000000001,52.0,85.28,45.760000000000005
HEART CALCULATOR,20.0,127.5,46.25,23.75,32.5,2.5,23.75,53.75,22.5,33.75,26.25,76.17,31.21
HEART DECORATION PAINTED ZINC ,44.2,23.4,43.550000000000004,70.2,85.35000000000001,90.35000000000001,63.050000000000004,82.10000000000001,71.5,25.300000000000004,74.7,53.25,20.150000000000002
HEART DECORATION RUSTIC HANGING ,23.400000000000002,0.0,4.550000000000001,0.0,4.550000000000001,17.55,79.23,37.620000000000005,72.2,73.30000000000001,99.94000000000001,36.29,2.66
HEART DECORATION WITH PEARLS ,56.099999999999994,87.55,51.72,42.5,80.17999999999999,95.19999999999999,79.05,75.92999999999999,73.94999999999999,55.11,74.86999999999999,101.14999999999999,22.099999999999998
HEART FILIGREE DOVE  SMALL,434.19,281.25,380.0,191.25,580.44,285.0,218.75,252.5,283.75,395.44,346.69,452.5,122.5
HEART FILIGREE DOVE LARGE,399.29999999999995,263.99999999999994,296.99999999999994,212.84999999999997,397.6499999999999,366.29999999999995,115.49999999999999,230.99999999999997,219.44999999999996,371.38999999999993,280.48999999999995,125.39999999999998,77.53999999999999
HEART GARLAND RUSTIC PADDED,73.75,26.55,20.650000000000002,35.400000000000006,29.5,8.850000000000001,32.45,23.6,11.8,0.0,8.850000000000001,41.3,0.0
HEART IVORY TRELLIS LARGE,310.2,320.09999999999997,442.19999999999993,417.44999999999993,465.44999999999993,320.09999999999997,270.59999999999997,304.49999999999994,275.54999999999995,373.04999999999995,212.83999999999997,326.68999999999994,75.89999999999999
HEART IVORY TRELLIS SMALL,275.0,201.25,162.5,158.75,295.44,313.75,177.5,167.5,532.5,335.44,252.34,310.0,103.75
HEART MINI PORTRAIT FRAME,0.0,0.0,0.0,0.0,0.0,0.0,0.0,0.0,0.0,0.0,335.4,540.4499999999999,115.05
HEART MIRROR ANTIQUE WHITE,0.0,0.0,0.0,0.0,0.0,0.0,0.0,0.0,0.0,1384.2,327.18,0.0,0.0
HEART OF WICKER LARGE,1295.0500000000002,1203.6000000000001,1435.9,215.35000000000002,5.9,864.3500000000001,1395.3500000000001,728.6500000000001,740.45,958.5500000000001,1350.0000000000002,1226.9800000000002,294.78000000000003
HEART OF WICKER SMALL,1141.8,1214.3999999999999,1301.9999999999998,257.4,3.3,900.8999999999999,1482.6,749.0999999999999,709.4999999999999,1194.5199999999998,1168.4699999999998,1546.0199999999998,254.09999999999997
HEART SHAPE WIRELESS DOORBELL,46.2,8.4,6.300000000000001,31.500000000000004,4.2,12.600000000000001,16.8,23.1,0.0,0.0,16.8,42.0,16.8
HEART SHAPED HOLLY WREATH,0.0,0.0,0.0,0.0,0.0,49.800000000000004,41.5,74.70000000000002,136.95000000000002,896.4000000000001,987.7,841.1500000000001,58.1
HEART SHAPED MIRROR,8.45,0.0,0.0,0.0,0.0,0.0,0.0,0.0,0.0,0.0,0.0,0.0,0.0
HEART STRING MEMO HOLDER HANGING,44.25000000000001,14.750000000000002,2.95,2.95,0.0,2.95,5.9,0.0,17.700000000000003,83.43,179.33,179.33,9.48
HEART T-LIGHT HOLDER,27.5,45.0,0.0,0.0,0.0,0.0,0.0,0.0,0.0,0.0,0.0,0.0,0.0
HEART T-LIGHT HOLDER ,43.5,0.0,0.0,0.0,4.35,0.0,0.0,0.0,0.0,2.9,5.8,46.39999999999999,0.0
HEART T-LIGHT HOLDER WILLIE WINKIE,0.0,0.0,0.0,0.0,0.0,0.0,56.099999999999994,104.1,259.04999999999995,329.24999999999994,420.72999999999996,287.05999999999995,77.55
HEART TRELLIS TRIPLE T-LIGHT HOLDER,0.0,0.0,0.0,0.0,0.0,0.0,0.0,0.0,0.0,0.0,181.14000000000001,127.16000000000001,23.12
HEART TRELLISTRIPLE T-LIGHT HOLDER,0.0,0.0,0.0,0.0,0.0,0.0,0.0,0.0,0.0,23.12,129.12,0.0,0.0
HEART WOODEN CHRISTMAS DECORATION,144.5,0.0,0.0,0.0,0.0,0.0,5.1,11.9,35.699999999999996,166.17999999999998,298.91999999999996,514.0,70.49
HEART WREATH DECORATION WITH BELL,0.0,0.0,0.0,0.0,0.0,0.0,82.46000000000001,164.96,173.75,252.46,407.46,373.75,88.75
HEARTS  STICKERS,73.94999999999999,96.89999999999999,51.0,46.75,40.8,10.2,61.199999999999996,20.4,30.599999999999998,47.53,43.779999999999994,100.86999999999999,5.1
HEARTS GIFT TAPE,52.720000000000006,93.08000000000001,7.800000000000001,1.3,15.600000000000001,0.65,7.800000000000001,9.100000000000001,1.9500000000000002,7.800000000000001,31.85,3.9,9.100000000000001
HEARTS WRAPPING TAPE ,0.65,0.0,0.0,2.6,0.0,0.0,0.0,0.0,0.0,0.0,0.0,0.0,0.0
HELLO SAILOR BATHROOM SET,0.0,0.0,0.0,11.25,0.0,0.0,0.0,15.0,11.25,0.0,0.0,15.0,0.0
HELLO SAILOR BLUE SOAP HOLDER,28.73,6.76,23.66,10.14,6.76,20.28,20.28,33.8,47.32000000000001,49.010000000000005,0.0,15.21,0.0
HEN HOUSE DECORATION,39.599999999999994,117.14999999999998,267.29999999999995,450.44999999999993,138.59999999999997,47.849999999999994,61.04999999999999,28.049999999999997,9.899999999999999,69.29999999999998,24.749999999999996,69.29999999999998,19.799999999999997
HEN HOUSE W CHICK IN NEST,0.0,0.0,0.0,0.42,0.0,0.0,0.0,0.0,0.0,0.0,0.0,0.0,0.0
HEN HOUSE W CHICK STANDING,10.08,0.84,7.14,24.78,0.0,0.0,0.0,0.0,0.0,0.0,0.0,0.0,0.0
HEN HOUSE W FAMILY IN BARN & NEST,0.0,1.7,2.55,4.25,4.25,0.0,0.0,0.0,0.0,0.0,0.0,0.0,0.0
HEN HOUSE WITH CHICK STANDING,0.0,0.0,0.0,0.0,0.84,0.0,0.0,0.0,0.0,0.0,0.0,5.04,0.0
HEN PARTY CORDON BARRIER TAPE,15.0,7.5,30.0,0.0,20.0,16.25,20.0,22.5,22.5,31.25,6.25,8.75,0.0
HENRIETTA HEN MUG ,0.0,0.0,0.0,0.0,0.0,0.0,0.0,0.0,0.0,0.0,184.79999999999998,283.79999999999995,14.849999999999998
HERB MARKER BASIL,34.45,72.15,118.30000000000001,115.7,132.60000000000002,147.55,124.15,42.25,39.0,8.450000000000001,14.3,48.1,32.5
HERB MARKER CHIVES ,26.0,50.7,87.75,135.20000000000002,105.30000000000001,130.65,96.2,41.6,22.1,19.5,11.05,44.85,26.650000000000002
HERB MARKER MINT,26.650000000000002,76.05000000000001,111.80000000000001,145.60000000000002,137.8,148.85000000000002,119.60000000000001,49.400000000000006,23.400000000000002,16.900000000000002,14.950000000000001,44.2,26.650000000000002
HERB MARKER PARSLEY,35.1,68.9,96.2,137.8,126.75000000000001,123.50000000000001,111.80000000000001,42.900000000000006,39.0,19.5,14.950000000000001,53.300000000000004,34.45
HERB MARKER ROSEMARY,31.200000000000003,79.95,109.85000000000001,137.8,134.55,138.45000000000002,119.60000000000001,42.900000000000006,39.0,20.150000000000002,18.200000000000003,52.650000000000006,31.85
HERB MARKER THYME,33.800000000000004,72.15,96.2,155.35000000000002,122.2,137.8,107.25000000000001,42.900000000000006,22.750000000000004,20.150000000000002,20.150000000000002,44.85,34.45
HI TEC ALPINE HAND WARMER,77.55,3.3,0.0,0.0,0.0,0.0,3.3,0.0,19.799999999999997,21.45,72.6,133.64999999999998,20.31
HILDA CANDY SPOT RABBIT,0.0,11.25,0.0,11.25,0.0,0.0,0.0,11.25,18.75,0.0,11.25,7.5,3.75
HIPPY CHIC DECORATIVE PARASOL,142.20000000000002,284.40000000000003,0.0,0.0,0.0,0.0,0.0,0.0,0.0,0.0,0.0,0.0,0.0
HOLIDAY FUN LUDO,86.25,97.5,101.25,108.75,228.75,240.0,63.75,180.0,48.75,217.5,401.25,292.3,89.92
HOLLY TOP CHRISTMAS STOCKING,14.45,0.0,0.0,0.0,0.0,0.0,0.0,0.0,0.0,0.0,0.0,0.0,0.0
HOME BUILDING BLOCK WORD,1591.4,1653.8000000000002,1457.45,1499.1000000000001,1002.5000000000001,1591.4,1066.8500000000001,774.95,916.1500000000001,1160.05,910.25,1375.55,285.6
HOME GARLAND PAINTED ZINC ,40.199999999999996,121.19999999999999,59.39999999999999,59.39999999999999,17.4,41.24999999999999,30.0,63.0,63.75,109.5,46.5,41.25,0.0
HOME SMALL WOOD LETTERS,212.85000000000002,193.05,222.75,113.85000000000001,89.10000000000001,64.35000000000001,39.6,54.45,14.850000000000001,19.8,0.0,0.0,0.0
HOME SWEEET HOME 3 PEG HANGER ,0.0,0.0,0.0,0.0,0.0,0.0,0.0,0.0,0.0,93.75,0.0,0.0,0.0
HOME SWEET HOME 2 DRAWER CABINET,0.0,0.0,0.0,0.0,0.0,0.0,0.0,0.0,0.0,267.3,471.15000000000003,310.40000000000003,79.2
HOME SWEET HOME 3 PEG HANGER ,0.0,0.0,0.0,0.0,0.0,0.0,0.0,0.0,0.0,337.5,228.75,168.75,41.25
HOME SWEET HOME BLACKBOARD,0.0,0.0,0.0,0.0,0.0,0.0,0.0,0.0,0.0,688.0500000000001,947.0200000000001,854.6600000000001,146.45
HOME SWEET HOME BOTTLE ,0.0,0.0,0.0,0.0,0.0,0.0,0.0,0.0,0.0,270.40000000000003,312.0,191.36,35.36
HOME SWEET HOME CUSHION COVER ,0.0,0.0,0.0,0.0,0.0,0.0,0.0,0.0,0.0,1076.25,821.25,843.75,120.0
HOME SWEET HOME HANGING HEART,0.0,0.0,0.0,0.0,0.0,0.0,0.0,0.0,0.0,543.15,410.83,345.09999999999997,16.15
HOME SWEET HOME HOOK,0.0,0.0,0.0,0.0,0.0,0.0,0.0,0.0,0.0,67.64999999999999,125.39999999999998,171.59999999999997,40.95
HOME SWEET HOME KEY HOLDER,0.0,0.0,0.0,0.0,0.0,0.0,0.0,0.0,0.0,375.0,350.46,360.38,75.0
HOME SWEET HOME METAL SIGN ,306.80000000000007,253.87000000000003,286.15000000000003,415.95000000000005,231.20000000000002,256.65000000000003,227.15000000000003,230.10000000000002,418.90000000000003,186.4,212.40000000000003,238.95000000000002,188.80000000000004
HOME SWEET HOME MUG,266.25,275.0,117.5,308.75,202.5,228.75,246.25,196.25,221.25,214.57999999999998,324.94999999999993,308.53,125.35999999999999
HOMEMADE JAM SCENTED CANDLES,1061.3999999999999,939.15,887.4,974.3999999999999,1078.8,782.9999999999999,591.5999999999999,522.0,522.0,759.8499999999999,696.0,487.19999999999993,174.0
"HOOK, 1 HANGER ,MAGIC GARDEN",51.0,105.67999999999999,97.75,61.199999999999996,33.15,20.4,20.4,0.0,5.949999999999999,0.85,0.0,0.0,0.0
HORSE & PONY WALL ART,0.0,0.0,0.0,0.0,0.0,0.0,0.0,0.0,0.0,0.0,275.19,45.0,0.0
HOT BATHS METAL SIGN,350.70000000000005,307.20000000000005,327.6,529.2,377.1,508.20000000000005,306.6,0.0,63.00000000000001,548.1,647.8800000000001,789.6,184.8
HOT BATHS SOAP HOLDER,79.43,82.81,35.49,62.53,60.84,70.98,45.629999999999995,15.21,28.729999999999997,25.35,21.97,33.8,3.38
HOT STUFF HOT WATER BOTTLE,0.0,0.0,0.0,0.0,0.0,0.0,0.0,0.0,26.25,558.96,277.5,528.75,176.25
HOT WATER BOTTLE BABUSHKA ,2758.1000000000004,162.75,32.55,41.85000000000001,0.0,18.6,4.65,0.0,0.0,41.85,0.0,0.0,0.0
HOT WATER BOTTLE BABUSHKA LARGE,37.2,0.0,0.0,0.0,0.0,0.0,0.0,0.0,0.0,0.0,0.0,0.0,0.0
HOT WATER BOTTLE I AM SO POORLY,1765.5,330.15000000000003,232.50000000000003,106.95,153.45000000000002,204.3,134.85000000000002,134.85000000000002,330.15000000000003,1751.8500000000001,1916.7,3911.4,1127.7
HOT WATER BOTTLE KEEP CALM,0.0,0.0,0.0,0.0,0.0,0.0,0.0,0.0,361.95000000000005,5683.5,5045.55,7344.150000000001,2182.2000000000003
HOT WATER BOTTLE SEX BOMB,0.0,0.0,0.0,0.0,0.0,0.0,0.0,0.0,4.95,685.5,424.85,545.1,171.6
HOT WATER BOTTLE TEA AND SYMPATHY,1200.65,3.95,0.0,7.9,0.0,0.0,0.0,0.0,300.1,2345.15,2498.8,3778.05,1120.75
HOUSE SHAPE PENCIL SHARPENER,2.52,2.52,10.08,2.52,2.52,0.0,0.0,3.6,0.0,1.44,0.0,3.0,0.8999999999999999
HOUSE WRECKING METAL SIGN ,23.1,4.2,6.300000000000001,12.600000000000001,27.300000000000004,31.5,0.0,0.0,0.0,0.0,0.0,0.0,0.0
HYACINTH BULB T-LIGHT CANDLES,13.44,6.72,26.88,33.6,6.72,0.0,13.44,13.44,6.72,6.72,20.16,6.72,0.0
High Resolution Image,0.0,0.0,0.0,0.0,0.0,0.0,0.0,0.0,0.0,0.0,3.0,3.0,0.0
I CAN ONLY PLEASE ONE PERSON MUG,383.75,208.75,146.25,216.25,293.75,211.25,1.25,0.0,0.0,0.0,0.0,0.0,0.0
I LOVE LONDON BEAKER,0.0,0.0,0.0,0.0,0.0,0.0,0.0,22.5,217.5,203.75,56.25,81.25,32.5
I LOVE LONDON WALL ART,0.0,0.0,0.0,0.0,0.0,0.0,0.0,0.0,0.0,0.0,29.700000000000003,29.700000000000003,0.0
I'M ON HOLIDAY METAL SIGN,100.80000000000001,86.10000000000001,280.50000000000006,331.8,429.6,569.1,558.6,430.50000000000006,571.2,342.3,251.93000000000004,195.23000000000002,165.69000000000003
ICE CREAM BUBBLES,0.0,0.0,0.0,0.0,0.0,0.0,0.0,0.0,49.8,463.9699999999999,315.4,398.4,66.39999999999999
ICE CREAM DESIGN GARDEN PARASOL,0.0,0.0,0.0,39.5,0.0,316.0,79.0,79.0,0.0,0.0,0.0,0.0,0.0
ICE CREAM PEN LIP GLOSS ,0.0,0.0,0.0,240.0,720.0,723.75,660.0,480.0,360.0,560.0,550.0,955.0,30.0
ICE CREAM SUNDAE LIP GLOSS,0.0,0.0,0.0,180.0,780.0,722.5,540.0,570.0,630.0,630.0,780.0,987.5,240.0
ICON MUG REVOLUTIONARY,0.0,0.0,15.0,6.63,14.43,6.63,13.26,3.51,19.89,20.28,13.65,37.83,10.92
ICON PLACEMAT POP ART ELVIS,0.0,10.08,10.08,2.88,0.48,4.08,9.96,3.36,2.88,4.4399999999999995,4.32,3.12,0.0
IF YOU CAN'T STAND THE HEAT MUG,87.5,35.0,40.0,18.75,42.5,42.5,46.25,22.5,5.0,66.25,30.33,41.12,13.29
ILLUSTRATED CAT BOWL ,35.699999999999996,99.44999999999999,99.44999999999999,66.3,40.8,127.5,76.5,86.69999999999999,35.699999999999996,196.35,145.35,58.64999999999999,48.449999999999996
INCENSE BAZAAR PEACH,0.0,2.52,0.0,0.0,0.0,0.0,0.0,0.0,0.0,0.0,0.0,0.0,0.0
INFLATABLE POLITICAL GLOBE ,119.0,133.45,42.5,19.549999999999997,5.95,0.0,0.0,0.0,0.0,0.0,0.0,0.0,0.0
IVORY CHANDELIER T-LIGHT HOLDER,0.0,0.0,0.0,0.0,6.25,131.25,87.5,100.0,12.5,81.25,75.0,6.25,0.0
IVORY ENCHANTED FOREST PLACEMAT,95.69999999999999,0.0,29.699999999999996,31.35,46.199999999999996,36.3,8.25,29.699999999999996,28.049999999999997,56.099999999999994,36.3,37.949999999999996,14.849999999999998
IVORY GIANT GARDEN THERMOMETER,535.5,505.75,523.6,541.45,589.0500000000001,243.95000000000002,0.0,0.0,0.0,0.0,0.0,0.0,0.0
IVORY GOLD METAL BAG CHARM,0.0,0.0,0.0,0.0,0.0,0.0,0.0,14.850000000000001,0.0,0.0,0.0,0.0,0.0
IVORY HANGING DECORATION  BIRD,11.899999999999999,103.69999999999999,130.89999999999998,261.8,130.05,36.55,20.4,37.4,28.049999999999997,25.5,5.1,18.7,11.899999999999999
IVORY HANGING DECORATION  EGG,10.2,20.4,42.5,45.05,39.099999999999994,0.0,22.42,14.440000000000001,4.5600000000000005,4.5600000000000005,20.900000000000002,14.440000000000001,0.76
IVORY HANGING DECORATION  HEART,169.14999999999998,339.15,218.45,334.04999999999995,242.25,179.35,99.44999999999999,144.5,96.05,163.05999999999997,157.17999999999998,94.28,35.7
IVORY KNITTED MUG COSY ,102.29999999999998,41.25,0.0,19.799999999999997,0.0,0.0,3.3,64.35,0.0,16.49,33.88999999999999,117.08999999999999,21.42
IVORY LOVE BIRD CANDLE,130.4,27.58,22.5,42.5,17.5,2.5,3.75,37.5,25.0,60.0,14.92,35.0,1.25
IVORY PAPER CUP CAKE CASES ,17.05,5.500000000000001,14.3,68.75,21.450000000000003,16.5,29.150000000000002,40.7,41.800000000000004,44.0,41.800000000000004,15.950000000000001,0.55
IVORY PENDANT TRIPLE SHELL NECKLACE,0.0,0.0,0.0,0.0,0.0,14.850000000000001,0.0,14.850000000000001,0.0,0.0,0.0,0.0,0.0
IVORY PILLAR CANDLE GOLD FLOCK,44.25,5.9,5.9,61.199999999999996,0.0,0.0,53.1,0.0,35.400000000000006,70.80000000000001,41.300000000000004,47.2,0.0
IVORY PILLAR CANDLE SILVER FLOCK,109.15,29.500000000000004,0.0,2.95,17.700000000000003,38.35000000000001,53.1,0.0,35.400000000000006,61.95000000000001,115.05000000000001,103.25000000000001,45.03
IVORY RETRO KITCHEN WALL CLOCK,0.0,0.0,0.0,0.0,0.0,0.0,0.0,0.0,0.0,0.0,0.0,70.5,0.0
IVORY SCULPTED RND CANDLE ,15.299999999999999,0.0,2.55,7.6499999999999995,7.6499999999999995,0.0,0.0,0.85,0.0,0.0,0.0,3.4,0.0
IVORY SHELL HEART EARRINGS,0.0,0.0,0.0,0.0,0.0,5.1,0.0,0.0,0.0,0.0,0.0,0.0,0.0
IVORY SHELL HEART NECKLACE,25.0,6.25,12.5,0.0,6.25,12.5,0.0,0.0,0.0,0.0,28.169999999999998,0.0,0.0
IVORY STRING CURTAIN WITH POLE ,0.0,0.0,35.7,0.0,0.0,11.9,11.9,23.4,27.299999999999997,81.89999999999999,17.55,13.649999999999999,0.0
IVORY SWEETHEART SOAP DISH,0.0,0.0,0.0,0.0,12.450000000000001,62.25000000000001,19.92,22.410000000000004,62.25000000000001,37.35,32.370000000000005,62.25000000000001,34.86
IVORY SWEETHEART WIRE LETTER RACK ,0.0,0.0,0.0,0.0,134.43,467.61,217.5,168.75,292.5,206.25,206.25,131.25,11.25
IVORY WICKER HEART LARGE,0.0,0.0,0.0,0.0,0.0,0.0,0.0,0.0,512.4,655.05,679.8,881.0999999999999,158.39999999999998
IVORY WICKER HEART MEDIUM,0.0,0.0,0.0,0.0,0.0,0.0,0.0,0.0,317.46,397.5,418.75,915.0,66.25
IVORY WICKER HEART SMALL,0.0,0.0,0.0,0.0,0.0,0.0,0.0,0.0,20.16,20.79,51.03,104.58,18.27
IVORY WIRE SWEETHEART LETTER TRAY,0.0,0.0,0.0,0.0,88.23,56.25,63.82,33.75,82.5,37.5,41.25,22.5,41.25
IVY HEART WREATH,40.5,0.0,0.0,0.0,0.0,0.0,0.0,0.0,0.0,0.0,33.75,6.75,0.0
JADE CRYSTAL+GLASS BRACELET,0.0,0.0,4.95,0.0,0.0,0.0,0.0,0.0,0.0,0.0,0.0,0.0,0.0
JADE DROP EARRINGS W FILIGREE,0.0,0.0,14.850000000000001,0.0,0.0,24.75,0.0,4.95,0.0,29.700000000000003,19.8,9.9,9.9
JAM CLOCK MAGNET,0.0,0.0,0.0,167.62,80.92,49.13,8.67,89.59,40.46,81.42,43.35,78.03,20.0
JAM JAR WITH BLUE LID,17.28,0.0,0.0,0.0,0.0,0.0,0.0,0.0,0.0,0.0,0.0,0.0,0.0
JAM JAR WITH GREEN LID,209.95,120.69999999999999,124.94999999999999,142.79999999999998,172.54999999999998,142.79999999999998,74.8,68.0,95.19999999999999,91.08999999999999,176.45,82.30999999999999,20.4
JAM JAR WITH PINK LID,271.43,207.39999999999998,144.5,195.5,170.0,139.39999999999998,137.7,98.6,58.65,128.48999999999998,198.54999999999998,124.74,31.45
JAM MAKING SET PRINTED,1626.8999999999999,1054.1499999999999,1041.1,1558.7499999999998,253.74999999999997,645.25,994.6999999999999,872.9,836.65,1381.51,1005.3999999999999,1106.9399999999998,385.75
JAM MAKING SET WITH JARS,1904.75,1817.5,2036.0,2767.5,1598.5,1374.0,1486.75,1399.25,1059.5,1975.5,1646.5,1581.25,490.25
JARDIN ETCHED GLASS BUTTER DISH,7.25,0.0,0.0,0.0,0.0,0.0,0.0,0.0,0.0,0.0,0.0,0.0,0.0
JARDIN ETCHED GLASS CHEESE DISH,0.0,94.25,36.25,74.45,241.79999999999998,1.95,0.0,0.0,0.0,0.0,0.0,0.0,0.0
JARDIN ETCHED GLASS FRUITBOWL,0.0,0.0,0.0,3.95,169.85000000000002,185.65,15.8,0.0,0.0,0.0,0.0,0.0,0.0
JARDIN ETCHED GLASS LARGE BELL JAR,0.0,0.0,0.0,0.0,138.25,0.0,0.0,0.0,0.0,0.0,0.0,0.0,0.0
JARDIN ETCHED GLASS SMALL BELL JAR,59.400000000000006,23.8,5.95,11.9,46.8,0.0,0.0,0.0,0.0,0.0,0.0,0.0,0.0
JASMINE VOTIVE CANDLE,20.879999999999995,6.959999999999999,6.959999999999999,0.0,0.58,0.0,0.0,0.0,6.959999999999999,6.959999999999999,0.0,6.959999999999999,0.0
JAZZ HEARTS ADDRESS BOOK,6.3,23.52,18.060000000000002,38.64,5.88,21.0,67.64000000000001,52.25000000000001,26.790000000000003,76.45,49.13,76.83000000000001,35.150000000000006
JAZZ HEARTS PURSE NOTEBOOK,44.199999999999996,34.0,8.5,39.099999999999994,38.24999999999999,57.8,81.89999999999999,97.5,42.12,151.32,95.16,187.59,79.94999999999999
JET BLACK LAS VEGAS BRACELET ROUND,11.25,0.0,0.0,0.0,0.0,0.0,0.0,0.0,0.0,0.0,0.0,0.0,0.0
JET BLACK LAS VEGAS NECKLACE 45CM,11.9,0.0,0.0,0.0,0.0,0.0,0.0,0.0,0.0,0.0,0.0,11.9,0.0
JIGSAW RABBIT AND BIRDHOUSE,4.949999999999999,13.2,70.94999999999999,202.94999999999996,11.549999999999999,1.65,43.07,35.99,14.16,24.78,27.14,11.209999999999999,24.78
JIGSAW TOADSTOOLS 3 PIECE,0.0,21.45,26.4,47.849999999999994,13.2,1.65,31.27,41.89,11.21,23.599999999999998,43.66,34.22,10.03
JIGSAW TREE WITH BIRDHOUSE,75.39999999999999,30.449999999999996,127.6,156.6,60.9,18.849999999999998,72.57,44.84,30.68,16.52,47.79,28.91,15.34
JIGSAW TREE WITH WATERING CAN,20.4,3.4,45.9,34.849999999999994,15.299999999999999,13.6,7.829999999999999,6.67,1.16,1.7399999999999998,6.67,5.51,0.58
JINGLE BELL HEART ANTIQUE GOLD,0.0,0.0,0.0,0.0,0.0,0.0,77.64,22.880000000000003,14.56,424.32,395.14,484.40000000000003,81.09
JINGLE BELL HEART ANTIQUE SILVER,0.0,0.0,0.0,0.0,0.0,0.0,71.4,35.36,93.60000000000001,831.85,1151.54,1288.8500000000001,251.56
JINGLE BELL HEART DECORATION,0.0,0.0,0.0,0.0,0.0,465.29999999999995,666.7499999999999,318.59999999999997,227.69999999999996,498.29999999999995,1346.5499999999997,1668.1499999999999,270.59999999999997
JINGLE BELLS TREE DECORATION,6.300000000000001,0.0,0.0,0.0,0.0,0.0,0.0,4.2,0.0,32.28,85.14000000000001,70.56,2.46
JOY LARGE WOOD LETTERS,0.0,0.0,0.0,0.0,63.2,35.55,15.8,0.0,0.0,0.0,0.0,0.0,0.0
JOY WOODEN BLOCK LETTERS,103.95,34.650000000000006,0.0,14.850000000000001,4.95,9.9,0.0,44.550000000000004,9.9,135.9,113.85000000000001,148.5,110.0
JUMBO  BAG BAROQUE BLACK WHITE,518.7,543.9,438.75,841.1,498.68,875.1600000000001,871.52,690.5600000000001,844.48,1032.56,584.48,910.22,325.74
JUMBO BAG 50'S CHRISTMAS ,0.0,0.0,0.0,0.0,0.0,0.0,41.6,301.6,809.12,1926.1100000000001,2252.61,3317.6,801.24
JUMBO BAG ALPHABET,0.0,0.0,0.0,0.0,918.58,1747.46,1148.68,1388.92,1472.64,1918.53,1476.77,1295.02,389.84000000000003
JUMBO BAG APPLES,0.0,0.0,0.0,0.0,862.1600000000001,1901.38,1126.06,1405.04,1339.52,1462.24,982.51,1183.3700000000001,351.52
JUMBO BAG CHARLIE AND LOLA TOYS,132.75,79.65,73.75,245.5,95.68,141.44,149.76,195.52,131.04,2.08,0.0,0.0,0.0
JUMBO BAG DOILEY PATTERNS,0.0,0.0,0.0,0.0,0.0,2490.8,2276.04,2334.8,690.5600000000001,83.2,41.6,0.0,0.0
JUMBO BAG DOLLY GIRL DESIGN,138.45,235.8,347.1,276.9,225.42000000000002,328.64,280.8,241.28,613.6,789.2,276.58,357.7,128.96
JUMBO BAG OWLS,462.15,424.95,518.7,561.6,0.0,0.0,339.04,540.8000000000001,963.0400000000001,923.49,166.4,333.12,349.03
JUMBO BAG PAISLEY PARK,0.0,0.0,0.0,0.0,0.0,0.0,0.0,0.0,0.0,0.0,686.4,2949.44,540.8
JUMBO BAG PEARS,0.0,0.0,0.0,0.0,0.0,888.6800000000001,796.64,878.5400000000001,958.88,1048.29,906.88,1012.87,224.64000000000001
JUMBO BAG PINK POLKADOT,425.1,805.35,700.05,1084.07,894.6600000000001,1253.72,1281.28,1125.28,1426.88,1431.92,1035.8400000000001,1152.29,265.42
JUMBO BAG PINK VINTAGE PAISLEY,292.5,429.0,497.25,806.13,667.94,837.72,693.13,661.44,948.48,928.97,625.99,765.73,166.01999999999998
JUMBO BAG RED RETROSPOT,1142.7,1193.25,1273.35,1647.88,1407.38,2143.3,1783.8200000000002,2261.7000000000003,2694.04,2899.11,2431.46,3327.9100000000003,717.6
JUMBO BAG SCANDINAVIAN BLUE PAISLEY,0.0,0.0,78.0,603.98,604.24,881.9200000000001,503.36,759.2,811.2,738.46,586.5,648.87,185.5
JUMBO BAG SCANDINAVIAN PAISLEY,331.5,452.25,370.5,39.0,0.0,39.0,0.0,0.0,0.0,0.0,0.0,0.0,0.0
JUMBO BAG SPACEBOY DESIGN,196.95,350.85,382.2,446.94,341.38,455.52000000000004,484.64000000000004,434.72,744.64,921.5,671.8100000000001,859.4200000000001,287.48
JUMBO BAG STRAWBERRY,331.5,565.35,563.55,1015.17,385.84000000000003,803.6600000000001,1094.08,767.0,1137.76,904.0400000000001,625.99,784.6,144.78
JUMBO BAG TOYS ,214.5,438.6,189.15,417.15,200.46,461.76,149.76,264.16,357.76,358.64,220.48000000000002,295.36,0.0
JUMBO BAG VINTAGE CHRISTMAS ,0.0,0.0,0.0,0.0,0.0,0.0,35.36,149.76,490.88,1391.1100000000001,1507.97,2025.1000000000001,330.72
JUMBO BAG VINTAGE DOILEY ,0.0,0.0,0.0,0.0,0.0,0.0,0.0,0.0,89.44000000000001,0.0,0.0,0.0,0.0
JUMBO BAG VINTAGE DOILY ,0.0,0.0,0.0,0.0,0.0,0.0,0.0,0.0,1620.3200000000002,3195.32,1959.3600000000001,2974.4,707.2
JUMBO BAG VINTAGE LEAF,0.0,0.0,0.0,0.0,0.0,1813.24,1476.54,1861.8600000000001,1462.24,2002.18,1454.49,1724.17,492.93
JUMBO BAG WOODLAND ANIMALS,374.4,541.95,370.5,484.12,464.88,591.5,613.6,603.2,773.76,708.87,711.33,675.1800000000001,187.17000000000002
JUMBO SHOPPER VINTAGE RED PAISLEY,625.5,565.35,629.85,831.74,698.36,1058.2,784.1600000000001,796.64,1264.64,1401.16,786.12,1262.94,373.52
JUMBO STORAGE BAG SKULLS,280.8,409.35,380.25,376.61,260.78000000000003,457.6,686.4,424.32,534.5600000000001,904.4200000000001,455.52000000000004,698.0600000000001,284.96000000000004
JUMBO STORAGE BAG SUKI,559.65,622.05,721.5,674.18,815.88,1181.44,902.72,879.84,1175.2,1101.2,802.82,1198.0800000000002,409.38
JUNGLE POPSICLES ICE LOLLY HOLDERS,3.75,90.0,18.75,36.25,0.0,0.0,0.0,0.0,0.0,0.0,0.0,0.0,0.0
JUNGLE POPSICLES ICE LOLLY MOULDS,0.0,0.0,0.0,27.5,70.0,205.0,147.5,112.5,16.25,17.46,34.96,54.64,41.09
KEEP CALM BIRTHDAY WRAP,0.0,0.0,0.0,0.0,0.0,0.0,0.0,0.0,0.0,0.0,0.0,21.0,0.0
KEEP CALM WALL ART ,0.0,0.0,0.0,0.0,0.0,0.0,0.0,0.0,0.0,0.0,346.32000000000005,89.4,0.0
KEEP OUT BOYS DOOR HANGER ,34.8,17.4,43.49999999999999,8.7,5.8,69.6,8.7,0.0,0.0,0.0,0.0,0.0,0.0
"KEY FOB , BACK DOOR ",41.6,56.550000000000004,76.05000000000001,98.15,119.60000000000001,118.30000000000001,66.95,83.2,55.25000000000001,117.66000000000001,69.24000000000001,80.96000000000001,37.71
"KEY FOB , FRONT  DOOR ",19.5,45.5,63.7,72.15,55.900000000000006,68.9,57.2,61.75,56.550000000000004,100.43,59.160000000000004,98.17,20.8
"KEY FOB , GARAGE DESIGN",34.45,75.4,78.0,107.25000000000001,114.4,85.80000000000001,65.0,31.200000000000003,0.0,0.0,0.0,0.0,0.0
"KEY FOB , SHED",53.95,102.05000000000001,62.400000000000006,99.45,120.25000000000001,169.65,72.15,126.10000000000001,109.20000000000002,156.01000000000002,104.09,100.16000000000001,40.95
KEY RING BASEBALL BOOT ASSORTED ,0.0,0.0,0.0,0.0,0.0,0.0,0.0,0.0,0.0,0.0,433.3,630.0,232.5
KEY RING BASEBALL BOOT UNION JACK,0.0,0.0,0.0,0.0,0.0,0.0,0.0,0.0,0.0,0.0,362.05,517.5,138.75
KIDS CUTLERY DOLLY GIRL ,0.0,0.0,0.0,0.0,16.6,83.0,0.0,0.0,16.6,33.2,0.0,0.0,0.0
KIDS CUTLERY SPACEBOY ,0.0,0.0,0.0,0.0,16.6,83.0,0.0,0.0,16.6,33.2,0.0,0.0,0.0
KIDS RAIN MAC BLUE,44.199999999999996,42.5,4.25,20.4,2.55,42.5,45.9,103.69999999999999,51.849999999999994,75.64999999999999,60.349999999999994,36.48,40.8
KIDS RAIN MAC PINK,65.45,42.5,3.4,21.25,4.25,41.65,68.85,62.05,33.15,116.44999999999999,75.1,36.48,20.4
KINGS CHOICE BISCUIT TIN,102.0,277.75,113.0,215.0,127.5,85.0,25.5,55.25,29.75,42.379999999999995,71.28999999999999,145.8,42.38
KINGS CHOICE GIANT TUBE MATCHES,132.6,134.55,153.0,206.25,68.85,25.5,99.15,43.349999999999994,76.5,45.9,0.0,0.0,0.0
KINGS CHOICE MUG,100.0,72.5,66.25,118.75,63.75,38.75,11.25,11.25,68.75,47.5,46.45,80.33,35.79
KINGS CHOICE TEA CADDY ,112.10000000000002,217.55,112.10000000000001,182.90000000000003,150.45000000000002,20.65,20.650000000000002,56.05000000000001,47.2,82.60000000000001,41.190000000000005,120.84,29.500000000000004
KITCHEN FLOWER POTS WALL PLAQUE,5.95,41.650000000000006,5.95,35.7,17.85,17.85,17.85,11.9,0.0,17.85,0.0,0.0,0.0
KITCHEN METAL SIGN,46.2,51.11000000000001,103.95,57.2,37.03,54.45,46.2,53.35,98.45,61.6,66.05000000000001,35.900000000000006,23.650000000000002
KITTENS DESIGN FLANNEL,3.4,30.599999999999998,0.0,0.85,0.0,31.449999999999996,10.2,0.0,20.4,10.2,3.4,51.0,16.38
KITTY PENCIL ERASERS,2.73,0.63,0.84,3.15,2.73,5.67,0.0,5.04,0.0,0.63,3.9899999999999998,8.19,2.94
KNEELING MAT HOUSEWORK  DESIGN,0.0,0.0,0.0,0.0,0.0,122.09999999999998,175.79999999999998,168.29999999999998,206.24999999999997,164.99999999999997,156.75,216.14999999999998,109.88000000000001
KNICKERBOCKERGLORY MAGNET ASSORTED ,0.0,0.0,0.0,64.74,224.1,224.92999999999998,87.0,139.44,92.96,72.05999999999999,109.55999999999999,105.41,4.9799999999999995
KNITTED RABBIT DOLL ,0.0,0.0,0.0,0.0,0.0,0.0,0.0,26.4,0.0,0.0,0.0,0.0,0.0
KNITTED UNION FLAG HOT WATER BOTTLE,2003.67,287.61,242.61,48.75,22.5,45.0,63.75,22.5,305.22,961.25,936.26,1322.09,627.0
LA JARDIN BOTANIQUE CUSHION COVER,0.0,0.0,0.0,0.0,0.0,0.0,0.0,0.0,0.0,270.0,30.0,0.0,0.0
LA PALMIERA TILE COASTER,5.0,0.0,0.0,0.0,20.0,15.0,0.0,34.8,27.839999999999996,15.079999999999998,11.16,18.7,10.579999999999998
LA PALMIERA TILE HOOK,0.0,12.600000000000001,10.5,0.0,4.2,0.0,0.0,12.09,0.0,0.0,0.0,0.0,0.0
LA PALMIERA WALL THERMOMETER,2.55,0.0,2.55,7.6499999999999995,7.6499999999999995,2.55,15.299999999999999,0.0,0.0,0.0,0.0,0.0,0.0
LADIES & GENTLEMEN METAL SIGN,645.15,359.54999999999995,295.79999999999995,724.1999999999999,598.9499999999999,359.54999999999995,0.0,0.0,2.55,711.4499999999999,566.0999999999999,520.1999999999999,255.0
LADLE LOVE HEART PINK,7.98,0.0,0.0,0.0,0.0,0.0,0.0,0.0,0.0,0.0,0.0,0.0,0.0
LADLE LOVE HEART RED ,2.52,0.0,0.0,0.0,0.0,0.0,0.0,0.0,0.0,0.0,0.0,0.0,0.0
LADS ONLY TISSUE BOX,80.0,0.0,2.5,7.5,16.25,3.75,1.25,7.800000000000001,23.19,20.85,13.65,34.32,2.73
LADYBIRD + BEE RAFFIA FOOD COVER,138.75,67.5,131.25,75.0,30.0,0.0,0.0,3.75,0.0,0.0,0.0,0.0,0.0
LANTERN CREAM GAZEBO ,343.05,253.95000000000002,350.15000000000003,544.0500000000001,418.8,532.2,839.4,394.05,209.4,486.90000000000003,207.9,505.2,148.5
LARGE  TALL CAMPHOR WOOD TOADSTOOL ,16.35,21.8,5.45,21.8,10.9,32.7,10.9,0.0,0.0,0.0,27.25,0.0,2.5
LARGE ANTIQUE WHITE PHOTO FRAME,0.0,0.0,0.0,0.0,0.0,79.80000000000001,0.0,79.80000000000001,0.0,225.48000000000002,0.0,79.80000000000001,79.80000000000001
LARGE BLACK DIAMANTE HAIRSLIDE,0.0,0.0,0.0,0.0,0.0,0.0,0.0,0.0,0.0,6.6,0.0,0.0,0.0
LARGE BLUE PROVENCAL CERAMIC BALL,0.0,12.600000000000001,0.0,0.0,0.0,25.200000000000003,0.0,0.0,12.600000000000001,25.200000000000003,0.0,4.2,12.600000000000001
LARGE BONNE JAM JAR  T-LIGHT HOLDER,0.0,0.0,0.0,0.0,0.0,0.0,17.34,69.36,11.56,86.7,28.900000000000002,0.0,0.0
LARGE CAKE STAND  HANGING STRAWBERY,0.0,0.0,0.0,0.0,0.0,0.0,0.0,0.0,0.0,0.0,0.0,0.0,271.40000000000003
LARGE CAKE STAND HANGING HEARTS,0.0,0.0,0.0,197.5,395.0,177.75,0.0,0.0,0.0,0.0,0.0,0.0,0.0
LARGE CAKE TOWEL CHOCOLATE SPOTS,261.0,301.04999999999995,0.0,67.5,13.5,80.55,13.5,0.0,13.5,27.0,84.9,375.3,282.75
LARGE CAKE TOWEL PINK SPOTS,529.65,398.0,47.25,101.25,27.0,81.0,60.75,6.75,0.0,94.5,241.65,111.9,0.0
"LARGE CAKE TOWEL, CHOCOLATE SPOTS",47.25,0.0,0.0,0.0,0.0,0.0,0.0,0.0,0.0,0.0,0.0,0.0,0.0
LARGE CAMPHOR WOOD FIELD MUSHROOM ,21.8,10.9,0.0,0.0,10.9,10.9,21.8,0.0,10.9,10.9,5.45,0.0,3.75
LARGE CERAMIC TOP STORAGE JAR,0.0,0.0,0.0,0.0,0.0,443.99999999999994,580.8,267.59999999999997,377.84999999999997,427.49999999999994,341.54999999999995,424.04999999999995,84.14999999999999
LARGE CHINESE STYLE SCISSOR,23.8,34.0,19.549999999999997,8.5,28.05,61.2,39.9,35.7,55.25,42.5,34.0,59.5,34.0
LARGE CIRCULAR MIRROR MOBILE,0.0,36.25,38.75,40.0,55.0,73.75,140.0,121.25,75.0,65.0,32.5,106.25,10.0
LARGE CRYSTAL DIAMANTE HAIRSLIDE,0.0,0.0,0.0,0.0,0.0,0.0,0.0,1.65,1.65,6.6,0.0,0.0,0.0
LARGE HANGING IVORY & RED WOOD BIRD,42.25,8.450000000000001,16.25,18.200000000000003,47.17,13.65,15.600000000000001,9.75,15.600000000000001,53.95,37.050000000000004,39.650000000000006,0.0
LARGE HEART MEASURING SPOONS,287.09999999999997,384.44999999999993,133.64999999999998,262.34999999999997,211.2,171.59999999999997,36.3,62.69999999999999,105.6,117.11999999999999,277.03,248.97999999999996,122.03999999999999
LARGE IVORY HEART WALL ORGANISER,0.0,0.0,0.0,0.0,56.4,169.2,155.1,197.39999999999998,112.8,169.2,259.76,124.32,70.5
LARGE MEDINA STAMPED METAL BOWL ,118.80000000000001,29.700000000000003,49.5,118.80000000000001,24.75,19.8,89.1,39.6,29.700000000000003,24.75,242.55,79.2,4.95
LARGE MINT DIAMANTE HAIRSLIDE,0.0,0.0,0.0,0.0,0.0,0.0,0.0,1.65,14.85,6.6,0.0,3.3,0.0
LARGE PARLOUR FRAME,0.0,0.0,0.0,0.0,0.0,0.0,0.0,0.0,0.0,0.0,0.0,122.85,0.0
LARGE PARLOUR PICTURE FRAME,0.0,0.0,0.0,0.0,0.0,0.0,0.0,0.0,0.0,0.0,143.10000000000002,148.5,84.15
LARGE PINK GLASS SUNDAE DISH,51.3,84.0,22.95,35.7,101.91000000000001,140.62,0.0,0.0,0.0,0.0,0.0,0.0,0.0
LARGE POPCORN HOLDER ,557.6999999999999,82.49999999999999,34.65,0.0,0.0,0.0,0.0,0.0,0.0,0.0,0.0,0.0,0.0
LARGE PURPLE BABUSHKA NOTEBOOK  ,53.75,70.0,35.0,21.25,36.25,65.0,42.5,35.0,23.75,42.46,42.46,39.84,102.74
LARGE RED BABUSHKA NOTEBOOK ,28.75,51.25,42.5,6.25,96.25,32.5,40.0,43.75,73.75,51.21,34.92,100.97,86.47
LARGE RED RETROSPOT WINDMILL,23.1,16.8,155.4,73.5,207.00000000000003,247.8,218.40000000000003,90.30000000000001,35.7,10.5,4.2,31.5,0.0
LARGE ROUND WICKER PLATTER ,35.7,29.75,71.4,17.85,35.7,59.5,47.6,47.6,35.7,124.95,113.05000000000001,404.59999999999997,119.0
LARGE SKULL WINDMILL,0.0,0.0,0.0,14.700000000000001,27.300000000000004,25.200000000000003,65.10000000000001,10.5,12.600000000000001,0.0,6.300000000000001,0.0,0.0
LARGE STRIPES CHOCOLATE GIFT BAG,23.75,40.0,0.0,0.0,0.0,0.0,0.0,65.0,60.0,40.0,40.0,25.0,0.0
LARGE TORTILLA DESIGN RED BOWL,3.75,0.0,0.0,0.0,3.75,0.0,23.099999999999994,79.19999999999999,0.0,0.0,0.0,0.0,0.0
LARGE WHITE HEART OF WICKER,0.0,0.0,0.0,0.0,0.0,0.0,587.0500000000001,827.1000000000001,1094.45,1291.3500000000001,1070.88,1569.0700000000002,200.60000000000002
LARGE WHITE HONEYCOMB PAPER BELL  ,153.3,0.0,12.600000000000001,12.6,12.600000000000001,14.7,42.0,29.400000000000002,0.0,27.300000000000004,58.800000000000004,128.10000000000002,8.4
LARGE WHITE/PINK ROSE ART FLOWER,46.64000000000001,123.80000000000001,72.36,74.48,25.44,121.68,12.72,0.0,0.0,0.0,0.0,0.0,0.0
LARGE YELLOW BABUSHKA NOTEBOOK ,40.0,11.25,13.75,3.75,51.25,45.0,36.25,18.75,26.25,10.0,11.25,81.17,70.05
LARGE ZINC GLASS CANDLEHOLDER,0.0,0.0,0.0,0.0,0.0,12.600000000000001,12.600000000000001,0.0,0.0,0.0,20.65,0.0,4.13
LARGE ZINC HEART WALL ORGANISER,0.0,0.0,0.0,0.0,56.4,56.4,28.2,302.1,0.0,0.0,0.0,0.0,0.0
LAUNDRY 15C METAL SIGN,126.14999999999999,108.75,183.2,184.14999999999998,219.95,156.6,146.45,165.29999999999998,240.7,144.17999999999998,111.78,197.01999999999998,51.88999999999999
LAUREL HEART ANTIQUE GOLD,0.0,0.0,0.0,0.0,0.0,0.0,39.96,57.94,30.0,88.71000000000001,81.09,116.05,5.0
LAUREL HEART ANTIQUE SILVER,0.0,0.0,0.0,0.0,0.0,0.0,39.96,94.96000000000001,26.25,242.18,183.39000000000001,216.34,44.64
LAUREL STAR ANTIQUE GOLD,0.0,0.0,0.0,0.0,0.0,0.0,0.0,24.96,0.0,154.92000000000002,42.34,88.59,5.0
LAUREL STAR ANTIQUE SILVER ,0.0,0.0,0.0,0.0,0.0,0.0,1.25,32.46,17.5,149.76,84.96000000000001,134.92,38.75
LAVENDER INCENSE 40 CONES IN TIN,8.75,7.5,0.0,0.0,0.0,1.25,7.5,2.5,0.0,0.0,7.5,11.25,0.0
LAVENDER INCENSE IN TIN,22.5,8.75,3.75,13.75,9.88,26.600000000000005,0.0,0.0,0.0,0.0,0.0,0.0,0.0
LAVENDER SCENT CAKE CANDLE,6.959999999999999,6.959999999999999,0.0,6.959999999999999,0.0,6.959999999999999,0.0,20.879999999999995,6.959999999999999,0.0,13.919999999999998,13.919999999999998,0.0
LAVENDER SCENTED FABRIC HEART,138.75,103.75,162.5,162.5,137.5,161.25,140.0,31.25,143.75,75.0,121.2,118.75,12.5
LAVENDER TOILETTE BOTTLE,0.0,0.0,0.0,0.0,0.0,0.0,0.0,0.0,0.0,328.64,287.04,128.96,64.48
LE JARDIN BOTANIQUE CUSHION COVER,0.0,0.0,0.0,0.0,0.0,0.0,0.0,0.0,0.0,367.5,615.0,579.48,108.75
LEAVES MAGNETIC  SHOPPING LIST,0.0,0.0,0.0,0.0,0.0,0.0,0.0,34.8,0.0,0.0,0.0,0.0,0.0
LED TEA LIGHTS,0.0,0.0,0.0,0.0,0.0,569.33,350.67,326.57,17.34,34.68,34.68,0.0,0.0
LETS GO SHOPPING COTTON TOTE BAG,29.25,13.5,36.0,38.25,36.0,0.0,27.0,13.5,65.25,20.71,63.46,33.75,27.0
"LETTER ""A"" BLING KEY RING",0.0,0.0,1.25,0.0,1.25,1.25,8.75,15.0,0.0,0.0,2.5,18.75,6.959999999999999
"LETTER ""B"" BLING KEY RING",1.25,0.0,0.0,0.0,0.0,0.0,0.0,0.0,0.0,0.0,0.0,0.0,3.4799999999999995
"LETTER ""C"" BLING KEY RING",1.25,0.0,0.0,0.0,0.0,1.25,0.0,22.5,0.0,0.0,0.0,7.5,7.539999999999999
"LETTER ""D"" BLING KEY RING",1.25,0.0,0.0,0.0,0.0,0.0,1.25,7.5,0.0,0.0,1.25,7.5,6.959999999999999
"LETTER ""E"" BLING KEY RING",0.0,0.0,0.0,0.0,0.0,0.0,3.75,8.75,0.0,0.0,0.0,7.5,7.249999999999999
"LETTER ""F"" BLING KEY RING",0.0,0.0,0.0,0.0,0.0,0.0,0.0,0.0,0.0,0.0,0.0,0.0,3.7699999999999996
"LETTER ""G"" BLING KEY RING",0.0,1.25,0.0,0.0,1.25,0.0,0.0,1.25,0.0,0.0,0.0,7.5,7.249999999999999
"LETTER ""H"" BLING KEY RING",0.0,0.0,0.0,0.0,0.0,0.0,2.5,0.0,0.0,0.0,0.0,8.75,3.7699999999999996
"LETTER ""I"" BLING KEY RING",0.0,0.0,0.0,0.0,0.0,0.0,0.0,15.0,0.0,0.0,0.0,0.0,3.7699999999999996
"LETTER ""J"" BLING KEY RING",3.75,0.0,0.0,0.0,0.0,0.0,2.5,0.0,0.0,0.0,0.0,7.5,3.4799999999999995
"LETTER ""K"" BLING KEY RING",2.5,2.5,3.75,0.0,0.0,0.0,3.75,7.5,0.0,0.0,0.0,7.5,7.249999999999999
"LETTER ""L"" BLING KEY RING",0.0,0.0,0.0,0.0,0.0,0.0,2.5,15.0,0.0,0.0,1.25,0.0,10.439999999999998
"LETTER ""M"" BLING KEY RING",10.0,0.0,0.0,0.0,0.0,0.0,0.0,1.25,0.0,0.0,0.0,7.5,3.4799999999999995
"LETTER ""N"" BLING KEY RING",0.0,0.0,0.0,0.0,0.0,0.0,2.5,0.0,0.0,1.25,0.0,2.5,3.7699999999999996
"LETTER ""O"" BLING KEY RING",0.0,0.0,0.0,0.0,0.0,0.0,0.0,0.0,0.0,0.0,0.0,0.0,3.4799999999999995
"LETTER ""P"" BLING KEY RING",0.0,0.0,0.0,1.25,1.25,1.25,0.0,0.0,0.0,0.0,0.0,0.0,7.249999999999999
"LETTER ""R"" BLING KEY RING",0.0,1.25,1.25,0.0,0.0,0.0,0.0,0.0,0.0,0.0,0.0,0.0,3.7699999999999996
"LETTER ""S"" BLING KEY RING",3.75,0.0,0.0,0.0,0.0,0.0,0.0,0.0,0.0,0.0,0.0,15.0,7.249999999999999
"LETTER ""T"" BLING KEY RING",0.0,0.0,0.0,0.0,0.0,0.0,0.0,0.0,0.0,0.0,0.0,0.0,3.4799999999999995
"LETTER ""U"" BLING KEY RING",0.0,0.0,0.0,0.0,0.0,0.0,0.0,0.0,0.0,0.0,0.0,0.0,3.4799999999999995
"LETTER ""V"" BLING KEY RING",1.25,0.0,0.0,0.0,0.0,0.0,1.25,0.0,0.0,0.0,0.0,0.0,3.4799999999999995
"LETTER ""W"" BLING KEY RING",0.0,0.0,0.0,0.0,0.0,0.0,0.0,0.0,0.0,0.0,0.0,0.0,3.4799999999999995
"LETTER ""Y"" BLING KEY RING",0.0,0.0,0.0,0.0,0.0,1.25,0.0,0.0,0.0,0.0,0.0,0.0,3.4799999999999995
"LETTER ""Z"" BLING KEY RING",0.0,0.0,0.0,0.0,0.0,0.0,0.0,0.0,0.0,0.0,0.0,0.0,3.4799999999999995
LETTER HOLDER HOME SWEET HOME,0.0,0.0,0.0,0.0,0.0,0.0,0.0,0.0,0.0,472.5,440.37,274.84000000000003,105.0
LETTER SHAPE PENCIL SHARPENER,3.2,0.0,1.6,5.6,4.0,0.8,2.16,0.0,0.0,0.36,2.0999999999999996,2.52,1.8
LIGHT DECORATION BATTERY OPERATED,0.0,0.0,0.0,0.0,0.0,0.0,0.0,0.0,0.0,0.0,0.0,4.2,0.0
LIGHT GARLAND BUTTERFILES PINK,161.5,97.75,233.75,208.25,55.25,85.0,38.25,178.5,55.25,255.0,187.0,357.0,76.5
LIGHT PINK FLOCK GLASS CANDLEHOLDER,0.0,0.0,0.0,0.0,0.0,0.0,0.0,2.2800000000000002,9.120000000000001,2.2800000000000002,0.0,0.0,0.0
LIGHTHOUSE PRINTED METAL SIGN,0.0,19.8,9.9,0.0,0.0,0.0,0.0,0.0,0.0,0.0,0.0,0.0,0.0
LILAC DIAMANTE PEN IN GIFT BOX,34.65,0.0,0.0,14.850000000000001,4.95,0.0,9.9,4.95,4.95,14.850000000000001,19.8,4.95,0.0
LILAC FEATHERS CURTAIN,0.0,0.0,0.0,0.0,0.0,0.0,0.0,9.48,0.0,0.0,0.0,0.0,0.0
LILAC GAUZE BUTTERFLY LAMPSHADE,0.0,0.0,3.36,0.42,0.0,0.0,4.62,0.0,0.0,1.68,0.0,0.0,0.0
LILAC VOTIVE CANDLE,0.0,0.0,0.0,0.0,10.08,0.0,5.04,0.0,0.0,0.0,0.0,0.0,0.0
LILY BROOCH AMETHYST COLOUR,19.8,0.0,0.0,0.0,0.0,9.9,0.0,4.95,14.850000000000001,0.0,4.95,9.9,9.9
LILY BROOCH OLIVE COLOUR,14.850000000000001,0.0,0.0,0.0,0.0,14.850000000000001,0.0,0.0,14.850000000000001,0.0,4.95,0.0,4.95
LIPSTICK PEN BABY PINK,15.54,5.88,12.18,19.74,14.4,2.52,23.52,16.8,4.619999999999999,26.759999999999998,22.04,80.78999999999999,13.799999999999999
LIPSTICK PEN FUSCHIA,32.34,5.88,15.54,20.16,10.08,23.099999999999998,28.98,20.58,7.14,56.59,41.29,83.82,13.319999999999999
LIPSTICK PEN RED,33.6,21.0,19.740000000000002,18.48,10.5,18.9,19.740000000000002,50.82,6.72,38.01,92.72,119.52,21.84
LITTLE GREEN MONSTER SOFT TOY,2.55,2.55,0.0,0.0,0.0,7.6499999999999995,0.0,10.2,0.0,12.75,0.0,7.6499999999999995,0.0
LITTLE PINK MONSTER SOFT TOY,0.0,7.6499999999999995,0.0,0.0,0.0,7.6499999999999995,0.0,0.0,0.0,12.75,0.0,12.75,0.0
LOCAL CAFE MUG,107.4,78.6,0.0,0.0,2.1,31.500000000000004,14.700000000000001,0.0,6.300000000000001,6.66,20.7,104.10000000000001,29.79
LOLITA  DESIGN  COTTON TOTE BAG,22.5,58.5,40.5,0.0,29.25,0.0,54.0,2.25,27.0,29.25,31.5,6.75,40.5
LONDON BUS COFFEE MUG,181.04999999999998,430.95,270.29999999999995,425.84999999999997,481.95,346.79999999999995,196.35,158.1,127.49999999999999,339.15,295.79999999999995,576.3,211.64999999999998
LOVE BUILDING BLOCK WORD,740.7,1852.6000000000001,1106.55,681.2,788.3000000000001,1151.25,1090.7,422.45000000000005,651.45,985.45,683.8,1044.3,187.5
LOVE GARLAND PAINTED ZINC ,39.599999999999994,85.79999999999998,46.199999999999996,84.14999999999999,56.99999999999999,66.0,19.799999999999997,24.749999999999996,41.24999999999999,82.48999999999998,24.739999999999995,21.4,9.870000000000001
LOVE HEART NAPKIN BOX ,195.5,395.25,0.0,0.0,0.0,0.0,0.0,0.0,0.0,0.0,0.0,0.0,0.0
LOVE HEART POCKET WARMER,79.19999999999999,128.7,19.799999999999997,39.599999999999994,0.0,0.0,0.0,3.3,39.599999999999994,11.549999999999999,108.89999999999999,110.54999999999998,28.489999999999995
LOVE HEART SOCK HANGER,23.099999999999998,128.7,70.94999999999999,19.799999999999997,39.599999999999994,47.849999999999994,3.3,13.2,16.5,8.25,19.799999999999997,0.0,0.0
LOVE HEART TRINKET POT,17.4,147.89999999999998,31.9,13.260000000000002,3.12,17.94,10.92,9.36,5.85,21.06,14.82,77.29,6.24
LOVE HOT WATER BOTTLE,0.0,0.0,0.0,0.0,0.0,0.0,0.0,0.0,220.15,3241.15,2851.8500000000004,4276.3,820.9000000000001
LOVE POTION MASALA INCENSE,5.25,0.0,5.25,5.25,10.5,0.0,0.0,5.25,0.0,5.25,0.0,0.0,0.0
LOVEBIRD HANGING DECORATION WHITE ,175.1,169.01,208.25,257.54999999999995,128.35,175.1,98.6,119.27999999999999,170.85,199.67999999999998,114.82,253.23,35.699999999999996
LOVELY BONBON STICKER SHEET,36.55,23.799999999999997,11.049999999999999,14.45,22.95,20.4,10.2,0.85,20.4,30.599999999999998,0.0,22.099999999999998,0.0
LUNCH BAG  BLACK SKULL.,458.7,547.8,488.4,847.4,681.45,1117.05,993.3,1494.55,1178.1,1492.2,1075.8,1359.6,344.85
LUNCH BAG ALPHABET DESIGN,0.0,0.0,0.0,0.0,749.1,1452.0,999.9,994.9499999999999,1046.1,954.53,846.4499999999999,795.3,174.07999999999998
LUNCH BAG APPLE DESIGN,0.0,0.0,0.0,0.0,948.05,2126.85,1432.2,1595.55,1537.8,1239.15,983.4,1108.8,211.2
LUNCH BAG CARS BLUE,369.59999999999997,693.0,532.95,856.35,749.1,1219.35,1062.6,1544.4,1381.05,1153.35,829.97,1062.61,140.25
LUNCH BAG DOILEY PATTERN ,0.0,0.0,0.0,0.0,0.0,2082.3,1830.8,1844.7,503.25,82.5,49.5,0.0,0.0
LUNCH BAG DOLLY GIRL DESIGN,245.85,280.5,466.95,615.45,523.05,772.2,460.35,615.45,777.15,732.6,470.26,681.4499999999999,109.72999999999999
LUNCH BAG PAISLEY PARK  ,0.0,0.0,0.0,0.0,0.0,0.0,0.0,0.0,0.0,0.0,481.8,2350.9,556.05
LUNCH BAG PINK POLKADOT,270.6,562.65,587.4,971.85,762.3,990.0,1257.3,1443.75,1301.85,1108.8,678.16,925.65,200.49
LUNCH BAG RED RETROSPOT,704.55,818.4,884.4,1049.05,1260.6,1661.55,1508.1,1605.45,1749.95,1688.09,1203.72,1584.89,476.05
LUNCH BAG RED VINTAGE DOILY,0.0,0.0,0.0,0.0,0.0,0.0,0.0,0.0,0.0,0.0,0.0,1115.3999999999999,282.15
LUNCH BAG SPACEBOY DESIGN ,402.6,676.5,618.75,722.6999999999999,810.15,851.4,938.85,1075.8,1189.65,1250.7,1119.54,1439.6299999999999,210.38
LUNCH BAG SUKI  DESIGN ,458.7,697.95,539.55,99.0,82.5,0.0,0.0,0.0,0.0,0.0,0.0,0.0,0.0
LUNCH BAG SUKI DESIGN ,0.0,0.0,102.3,805.2,907.5,1407.45,1107.15,1366.2,1483.35,1127.78,881.9399999999999,1089.83,194.7
LUNCH BAG VINTAGE DOILEY ,0.0,0.0,0.0,0.0,0.0,0.0,0.0,0.0,49.5,0.0,0.0,0.0,0.0
LUNCH BAG VINTAGE DOILY ,0.0,0.0,0.0,0.0,0.0,0.0,0.0,0.0,1417.35,1909.05,1565.85,1763.85,473.56
LUNCH BAG VINTAGE LEAF DESIGN,0.0,0.0,0.0,0.0,601.55,1343.1,835.05,998.25,1008.15,699.6,788.6999999999999,788.6999999999999,222.75
LUNCH BAG WOODLAND,425.7,645.15,509.84999999999997,707.85,681.45,1125.3,861.3,1150.05,1158.3,923.18,781.28,817.6,280.5
LUNCH BOX I LOVE LONDON,532.35,468.0,497.24999999999994,514.8,477.74999999999994,471.9,267.15,514.8,432.15,464.33,401.84999999999997,384.38,151.21
LUNCH BOX WITH CUTLERY FAIRY CAKES ,0.0,0.0,66.3,25.5,58.65,2.55,0.0,0.0,0.0,0.0,0.0,0.0,0.0
LUNCH BOX WITH CUTLERY RETROSPOT ,265.2,390.15,285.59999999999997,285.59999999999997,321.29999999999995,464.09999999999997,487.04999999999995,226.95,260.09999999999997,466.51,298.07,254.99999999999997,53.41
LUSH GREENS RIBBONS,21.25,46.25,0.0,0.0,0.0,0.0,0.0,0.0,0.0,0.0,0.0,0.0,0.0
M/COLOUR POM-POM CURTAIN,0.0,0.0,8.5,0.0,0.0,0.0,0.0,0.0,0.0,0.0,0.0,0.0,0.0
MADRAS NOTEBOOK LARGE ,18.75,0.0,22.5,3.75,0.0,0.0,120.0,22.5,0.0,0.0,0.0,0.0,0.0
MADRAS NOTEBOOK MEDIUM,0.0,0.0,15.299999999999999,7.6499999999999995,0.0,0.0,54.75,64.5,60.0,99.75,91.5,77.25,21.75
MAGAZINE RACK GEBRA ASSORTED ,16.5,0.0,0.0,0.0,0.0,60.0,1.25,72.5,0.0,35.0,33.75,27.5,0.0
MAGIC DRAWING SLATE BAKE A CAKE ,52.980000000000004,11.34,0.42,31.92,12.6,1.68,33.42,1.26,2.1,15.120000000000001,26.88,30.24,2.52
MAGIC DRAWING SLATE BUNNIES ,10.08,13.44,11.76,37.8,21.42,20.580000000000002,12.0,3.36,42.0,82.32,48.12,76.02,15.120000000000001
MAGIC DRAWING SLATE CIRCUS PARADE  ,76.44,12.18,33.18,57.54,35.28,40.74,46.2,43.26,31.5,109.2,97.02,147.84,6.720000000000001
MAGIC DRAWING SLATE DINOSAUR,27.720000000000002,33.18,25.200000000000003,60.480000000000004,34.019999999999996,35.28,35.28,15.959999999999999,67.62,56.7,111.72,121.8,16.8
MAGIC DRAWING SLATE DOLLY GIRL ,77.28,24.42,34.86,32.76,63.42,53.58,44.52,25.2,56.28,100.38,143.46,175.98,31.92
MAGIC DRAWING SLATE GO TO THE FAIR ,18.3,0.0,15.54,11.34,13.02,10.5,23.1,0.84,10.08,13.86,23.1,57.12,22.68
MAGIC DRAWING SLATE LEAP FROG ,6.3,0.84,0.84,10.5,1.68,0.84,13.86,12.6,15.120000000000001,26.88,31.5,28.98,14.280000000000001
MAGIC DRAWING SLATE PURDEY,40.980000000000004,1.68,21.84,37.8,32.34,34.86,28.8,42.84,44.94,69.72,65.52,48.72,23.52
MAGIC DRAWING SLATE SPACEBOY ,83.16,35.52,27.3,89.46000000000001,75.18,67.62,45.36,55.44,67.62,135.66,143.46,212.94,26.46
MAGIC GARDEN FELT GARLAND ,0.0,46.8,103.35,85.8,70.2,0.0,0.0,0.0,56.55,0.0,67.22,101.85999999999999,0.0
MAGIC SHEEP WOOL GROWING FROM PAPER,51.0,40.8,35.699999999999996,66.3,30.599999999999998,30.599999999999998,5.1,40.8,63.74999999999999,130.89999999999998,77.35,229.5,44.199999999999996
MAGIC TREE -PAPER FLOWERS,46.74999999999999,0.0,12.75,57.8,0.0,31.449999999999996,10.2,40.8,31.45,34.849999999999994,28.9,163.2,64.6
MAGNETS PACK OF 4 CHILDHOOD MEMORY,83.75,61.25,35.0,106.25,71.25,111.25,22.5,65.0,18.75,35.0,47.5,5.0,30.0
MAGNETS PACK OF 4 HOME SWEET HOME,47.5,1.25,17.5,53.75,38.75,48.75,17.5,100.8,34.71,55.23,67.47,67.86,15.719999999999999
MAGNETS PACK OF 4 RETRO PHOTO,48.99,35.16,6.25,33.75,8.75,35.0,18.75,23.009999999999998,33.93,51.599999999999994,46.41,53.55,19.89
MAGNETS PACK OF 4 SWALLOWS,207.5,80.0,72.5,103.75,41.25,15.0,76.25,139.38,70.97999999999999,140.01,143.25,104.52,49.14
MAGNETS PACK OF 4 VINTAGE COLLAGE,32.5,30.0,65.0,62.5,47.5,82.5,17.5,67.08,40.559999999999995,55.379999999999995,44.58,71.61,34.05
MAGNETS PACK OF 4 VINTAGE LABELS ,52.66,55.32,5.0,30.0,3.75,17.5,17.5,53.04,20.28,28.47,39.39,44.459999999999994,9.75
MAKE YOUR OWN FLOWERPOWER CARD KIT,70.80000000000001,118.00000000000001,138.65000000000003,147.50000000000003,100.30000000000001,141.60000000000002,153.40000000000003,17.700000000000003,177.00000000000003,141.16000000000003,212.18000000000004,158.64000000000001,83.32000000000001
MAKE YOUR OWN MONSOON CARD KIT,150.45000000000002,97.35000000000001,82.60000000000001,241.90000000000003,123.90000000000002,135.70000000000002,94.40000000000002,61.95000000000001,106.20000000000002,141.49,118.00000000000001,215.35000000000002,86.69000000000001
MAKE YOUR OWN PLAYTIME CARD KIT,32.45,112.10000000000001,20.650000000000002,53.10000000000001,17.700000000000003,70.80000000000001,91.45000000000002,53.10000000000001,126.85000000000002,76.70000000000002,147.50000000000003,94.4,103.28
MAN FLU METAL SIGN,86.10000000000001,117.0,71.4,220.50000000000003,88.2,138.60000000000002,75.60000000000001,216.3,140.70000000000002,198.18,118.51,228.27,35.42
MARIE ANTOINETTE TRINKET BOX GOLD,0.0,0.0,0.0,0.0,0.0,0.0,0.0,0.0,0.0,0.0,72.0,0.0,0.0
MARIE ANTOINETTE TRINKET BOX SILVER,0.0,0.0,0.0,0.0,0.0,0.0,0.0,0.0,0.0,0.0,72.0,0.0,0.0
MAXWELL 2 TONE BLUE 60 PAGE PHOTO A,0.0,0.0,0.0,0.0,2.0,5.85,0.0,0.0,0.0,0.0,0.0,0.0,0.0
MEASURING TAPE BABUSHKA BLUE,236.35000000000002,115.05000000000001,23.6,17.700000000000003,35.400000000000006,0.0,17.700000000000003,53.10000000000001,61.95000000000001,53.10000000000001,20.650000000000002,82.60000000000001,109.15
MEASURING TAPE BABUSHKA PINK,119.10000000000001,138.65,11.8,50.150000000000006,2.95,17.700000000000003,23.6,85.55000000000001,115.05000000000001,103.87000000000002,119.63000000000001,56.050000000000004,5.9
MEASURING TAPE BABUSHKA RED,318.95000000000005,0.0,26.55,35.400000000000006,8.850000000000001,0.0,2.95,20.650000000000002,5.9,8.850000000000001,41.300000000000004,47.2,0.0
MEDIUM CERAMIC TOP STORAGE JAR,0.0,0.0,0.0,0.0,0.0,270.0,308.75,117.5,386.25,247.5,233.75,188.75,53.75
MEDIUM CHINESE STYLE SCISSOR,10.5,10.0,0.5,5.0,15.0,6.5,12.2,0.0,12.0,0.0,10.0,15.0,0.0
MEDIUM MEDINA STAMPED METAL BOWL ,109.15000000000002,61.95000000000001,26.550000000000004,59.00000000000001,67.85000000000001,35.400000000000006,5.9,82.60000000000002,82.60000000000001,106.20000000000002,103.25000000000001,29.500000000000004,17.700000000000003
MEDIUM PARLOUR FRAME ,0.0,0.0,0.0,0.0,0.0,0.0,0.0,0.0,0.0,0.0,0.0,84.1,0.0
MEDIUM PARLOUR PICTURE FRAME ,0.0,0.0,0.0,0.0,0.0,0.0,0.0,0.0,0.0,0.0,305.15000000000003,215.8,29.050000000000004
MEDIUM PINK BUDDHA HEAD ,0.0,0.0,5.9,35.400000000000006,0.0,11.8,17.700000000000003,2.95,14.75,0.0,5.9,35.400000000000006,5.9
MEDIUM WHITE/PINK ROSE ART FLOWER,1.69,60.900000000000006,30.48,1.69,0.0,0.0,0.0,45.69,33.86,0.0,0.0,0.0,0.0
MEMO BOARD COTTAGE DESIGN,306.90000000000003,515.85,568.35,573.3,285.15,461.4,336.6,103.95,183.15,207.9,495.0,499.95000000000005,89.1
MEMO BOARD RETROSPOT  DESIGN,257.4,384.8,467.65000000000003,374.90000000000003,331.65000000000003,306.90000000000003,365.0,320.5,518.45,539.5500000000001,488.75,589.0500000000001,183.15
METAL 4 HOOK HANGER FRENCH CHATEAU,451.35,501.5,407.1,495.6,0.0,336.3,533.95,241.9,392.35,477.97,270.7,310.97,164.5
METAL BASE FOR CANDLES,0.42,0.0,0.0,0.0,0.0,4.2,0.0,0.0,0.0,0.0,0.0,0.0,0.0
METAL DECORATION NAUGHTY CHILDREN ,110.5,23.799999999999997,108.8,100.3,67.14999999999999,91.8,46.75,100.58,91.8,114.99,98.80999999999999,133.87,32.51
METAL HERB GERDEN CONTAINER,0.0,0.0,0.0,0.0,0.0,56.25,0.0,0.0,18.75,64.67999999999999,0.0,0.0,0.0
METAL MERRY CHRISTMAS WREATH,126.75,0.0,0.0,0.0,0.0,0.0,0.0,76.05,25.349999999999998,218.4,167.25,198.9,1.95
METAL RABBIT LADDER EASTER ,0.0,0.0,18.7,19.549999999999997,14.45,0.0,0.0,0.0,0.0,0.0,10.2,0.0,0.0
METAL SIGN CUPCAKE SINGLE HOOK,60.050000000000004,85.25,2.5,6.25,2.5,6.25,16.25,18.75,13.75,17.5,2.5,21.25,1.25
METAL SIGN DROP YOUR PANTS,0.0,0.0,0.0,0.0,0.0,0.0,0.0,0.0,0.0,806.31,671.3100000000001,616.55,176.29
METAL SIGN EMPIRE TEA,85.55000000000001,64.9,82.60000000000001,250.75000000000003,113.20000000000002,35.400000000000006,56.05000000000001,182.02,116.92,172.22,116.92,137.19,56.09
METAL SIGN HER DINNER IS SERVED ,39.45,83.95,94.15,23.6,64.9,11.8,44.25,29.500000000000004,2.95,100.30000000000001,38.35000000000001,26.550000000000004,14.750000000000002
METAL SIGN HIS DINNER IS SERVED,52.85,46.95,29.25,5.9,0.0,17.700000000000003,23.6,68.73,37.13,73.62,26.12,67.25,6.37
METAL SIGN NEIGHBOURHOOD WITCH ,79.80000000000001,75.60000000000001,94.50000000000001,130.20000000000002,126.00000000000001,121.80000000000001,75.60000000000001,144.9,184.8,240.60000000000002,65.10000000000001,39.900000000000006,0.0
METAL SIGN TAKE IT OR LEAVE IT ,315.65000000000003,298.12,289.1,244.85000000000002,452.45000000000005,421.8500000000001,236.00000000000003,474.95000000000005,377.6,413.00000000000006,507.07000000000005,345.15000000000003,135.70000000000002
"METAL SIGN,CUPCAKE SINGLE HOOK",125.60000000000001,86.5,25.0,62.5,12.5,35.0,22.5,58.75,20.0,33.75,5.0,28.75,1.25
METAL TUBE CHIME ON BAMBOO,3.38,11.83,31.9,6.76,1.69,0.0,0.0,0.0,0.0,0.0,0.0,0.0,0.0
METALIC LEAVES BAG CHARMS,0.0,0.0,0.0,0.0,0.0,0.0,0.0,0.0,0.0,19.68,29.52,59.129999999999995,37.44
MIDNIGHT BLUE COPPER FLOWER NECKLAC,0.0,0.0,5.95,0.0,0.0,0.0,11.9,0.0,0.0,0.0,0.0,0.0,0.0
MIDNIGHT BLUE CRYSTAL DROP EARRINGS,0.0,0.0,0.0,0.0,0.0,0.0,0.0,0.0,0.0,0.0,0.0,2.95,0.0
MIDNIGHT BLUE DROP CRYSTAL NECKLACE,0.0,0.0,0.0,0.0,0.0,0.0,0.0,0.0,0.0,0.0,23.6,0.0,0.0
MIDNIGHT BLUE PAIR HEART HAIR SLIDE,3.75,0.0,0.0,3.75,0.0,0.0,0.0,0.0,15.0,22.5,0.0,0.0,0.0
MIDNIGHT BLUE VINTAGE EARRINGS,0.0,0.0,0.0,0.0,0.0,0.0,0.0,0.0,15.0,30.0,0.0,15.0,0.0
MIDNIGHT GLAMOUR SCARF KNITTING KIT,23.6,8.850000000000001,0.0,30.0,0.0,0.0,30.0,47.5,15.0,49.96,72.22,93.39,15.0
MILK BOTTLE WITH GLASS STOPPER ,111.2,55.6,27.8,0.0,0.0,0.0,0.0,0.0,0.0,0.0,0.0,0.0,0.0
MILK MAIDS MUG ,0.0,0.0,0.0,0.0,0.0,0.0,0.0,0.0,0.0,0.0,155.09999999999997,169.95,11.549999999999999
MILK PAN BLUE POLKADOT,3.75,26.25,30.0,45.0,18.75,3.75,15.0,30.0,37.5,0.0,48.75,15.0,28.75
MILK PAN PINK POLKADOT,71.25,56.25,11.25,3.75,0.0,3.75,0.0,0.0,0.0,0.0,0.0,0.0,0.0
MILK PAN RED RETROSPOT,78.75,116.25,127.5,123.75,60.0,48.75,60.0,7.5,18.75,63.75,71.21000000000001,131.17,88.75
MINI  ZINC GARDEN DECORATIONS ,0.0,10.2,10.2,44.199999999999996,21.25,10.2,34.8,13.919999999999998,0.0,0.0,0.0,0.0,0.0
MINI CAKE STAND  HANGING STRAWBERY,14.85,54.449999999999996,89.1,160.04999999999998,138.6,181.5,118.8,59.4,21.45,57.75,51.15,135.29999999999998,90.42
MINI CAKE STAND T-LIGHT HOLDER,30.240000000000002,37.38,50.4,45.36,12.6,26.46,4.62,33.6,15.120000000000001,32.34,23.1,0.0,11.34
MINI CAKE STAND WITH HANGING CAKES,116.0,79.45,137.75,137.75,101.5,76.85,65.25,78.3,52.199999999999996,53.65,89.89999999999999,89.89999999999999,46.4
MINI FUNKY DESIGN TAPES,53.35,50.400000000000006,0.0,61.199999999999996,69.7,5.95,11.049999999999999,63.75,38.25,51.0,42.5,1.7,22.1
MINI JIGSAW BAKE A CAKE ,20.58,30.6,21.32,1.26,20.58,0.0,5.04,2.52,10.08,20.58,11.34,2.52,5.510000000000001
MINI JIGSAW BUNNIES,18.72,2.52,31.92,25.62,20.580000000000002,10.08,2.1,2.1,22.259999999999998,30.66,1.68,18.869999999999997,3.42
MINI JIGSAW CIRCUS PARADE ,81.06,31.92,39.06,13.44,20.16,20.16,12.18,12.6,11.76,10.5,31.07,42.4,1.7100000000000002
MINI JIGSAW DINOSAUR ,32.34,7.140000000000001,30.240000000000002,31.08,10.08,20.16,20.58,1.68,32.76,12.17,2.9299999999999997,18.4,12.43
MINI JIGSAW DOLLY GIRL,70.98,10.08,62.160000000000004,14.280000000000001,30.240000000000002,73.5,23.1,12.6,21.84,35.28,68.88,44.08,1.33
MINI JIGSAW GO TO THE FAIR,20.16,0.0,20.16,0.84,20.16,0.42,22.26,2.52,0.42,9.66,1.68,3.36,0.0
MINI JIGSAW LEAP FROG,0.0,0.0,10.5,0.0,20.16,10.08,1.68,1.26,1.68,4.62,20.580000000000002,2.1,1.4
MINI JIGSAW PURDEY,21.84,0.0,0.42,10.08,20.16,0.42,22.26,3.78,31.5,21.84,28.97,29.81,5.13
MINI JIGSAW SPACEBOY,114.06,10.08,71.4,19.32,40.32,65.52,56.28,14.7,54.18,47.45,63.83,78.44,19.22
MINI LADLE LOVE HEART PINK,0.0,10.92,5.46,1.26,11.76,10.92,2.94,5.88,2.94,20.14,15.51,12.95,5.88
MINI LADLE LOVE HEART RED ,0.0,35.28,7.5600000000000005,6.72,8.4,13.44,2.1,10.5,2.94,1.67,16.79,14.64,8.36
MINI LIGHTS WOODLAND MUSHROOMS,0.0,0.0,0.0,0.0,0.0,0.0,0.0,0.0,0.0,0.0,675.0,2415.21,697.5
MINI PAINT SET VINTAGE ,5.5,0.0,0.65,0.0,0.0,0.0,1.9500000000000002,0.0,0.0,3.26,0.0,4.89,4.89
MINI PAINTED GARDEN DECORATION ,0.0,10.2,30.599999999999998,41.65,20.4,0.0,73.36999999999999,27.839999999999996,31.899999999999995,38.56999999999999,4.06,19.72,6.959999999999999
MINI PLAYING CARDS BUFFALO BILL ,0.0,0.0,0.0,0.0,0.0,0.0,0.0,0.0,0.0,76.02,136.14,126.0,19.32
MINI PLAYING CARDS DOLLY GIRL ,0.0,0.0,0.0,0.0,0.0,0.0,0.0,0.0,0.0,61.74,176.46,162.54,23.1
MINI PLAYING CARDS FUN FAIR ,0.0,0.0,0.0,0.0,0.0,0.0,0.0,0.0,0.0,49.980000000000004,112.62,41.58,4.62
MINI PLAYING CARDS GYMKHANA,0.0,0.0,0.0,0.0,0.0,0.0,0.0,0.0,0.0,60.900000000000006,176.4,109.62,7.56
MINI PLAYING CARDS SPACEBOY ,0.0,0.0,0.0,0.0,0.0,0.0,0.0,0.0,0.0,36.54,238.20000000000002,217.56,49.14
MINI WOODEN HAPPY BIRTHDAY GARLAND,101.4,96.33,57.46,314.34000000000003,67.6,125.06,133.51,163.93,126.75000000000001,167.31,103.09,64.22,5.07
MINIATURE ANTIQUE ROSE HOOK IVORY,0.0,0.0,0.0,0.0,63.76,369.59,192.55999999999997,143.58999999999997,300.46,160.19,155.20999999999998,199.2,67.22999999999999
MINITURE ANTIQUE ROSE HOOK IVORY,0.0,0.0,0.0,0.0,0.0,40.8,0.0,0.0,0.0,0.0,0.0,0.0,0.0
MINT GREEN ROSE TOWEL,18.6,18.6,0.0,18.6,37.2,37.2,9.3,37.2,0.0,37.2,46.5,46.5,18.6
MINT KITCHEN SCALES,0.0,0.0,0.0,0.0,0.76,0.0,0.0,0.0,0.0,0.0,0.0,0.0,0.0
MIRROR LOVE BIRD T-LIGHT HOLDER,15.0,15.0,18.75,30.0,0.0,0.0,0.0,0.0,0.0,0.0,11.25,0.0,0.0
MIRROR MOSAIC CANDLE PLATE,0.0,0.0,0.0,0.0,1.45,20.3,0.0,17.4,0.0,0.0,29.0,11.6,0.0
MIRROR MOSAIC GOBLET CANDLE HOLDER,17.0,8.5,17.0,0.0,34.0,0.0,25.5,0.0,0.0,8.5,0.0,0.0,0.0
MIRROR MOSAIC HURRICANE LAMP ,0.0,0.0,0.0,0.0,13.5,91.65,27.0,0.0,78.15,0.0,37.3,23.8,13.5
MIRROR MOSAIC T-LIGHT HOLDER ,9.899999999999999,11.549999999999999,4.949999999999999,0.0,9.899999999999999,59.39999999999999,19.799999999999997,3.3,0.0,9.899999999999999,0.0,24.749999999999996,0.0
MIRROR MOSAIC T-LIGHT HOLDER ROUND,0.0,1.65,14.849999999999998,0.0,19.799999999999997,9.899999999999999,0.0,9.899999999999999,44.55,0.0,19.799999999999997,0.0,0.0
MIRROR MOSAIC VOTIVE HOLDER,29.400000000000002,0.0,25.200000000000003,0.0,0.0,25.200000000000003,14.700000000000001,12.600000000000001,12.600000000000001,12.600000000000001,46.2,54.60000000000001,12.600000000000001
MIRRORED DISCO BALL ,314.3,77.35000000000001,174.4,166.60000000000002,150.6,65.45,120.85000000000001,156.55,154.70000000000002,289.3,340.8,311.25,120.85
MIRRORED DOVE WALL DECORATION,0.0,0.0,0.0,10.5,0.0,16.8,0.0,12.600000000000001,42.0,33.6,23.1,71.4,4.13
MIRRORED WALL ART FOXY,12.7,0.0,0.0,0.0,0.0,0.0,0.0,0.0,0.0,0.0,0.0,3.3,9.899999999999999
MIRRORED WALL ART GENTS,5.1,2.55,0.0,0.0,2.55,0.0,23.25,18.0,3.0,9.75,23.88,16.67,13.96
MIRRORED WALL ART LADIES,0.0,2.55,0.0,0.0,2.55,0.0,23.25,20.25,3.0,14.25,6.0,6.75,9.0
MIRRORED WALL ART PHOTO FRAMES,12.75,12.75,0.0,25.5,0.0,25.5,4.25,4.25,0.0,0.0,0.0,4.25,12.75
MIRRORED WALL ART POPPIES,0.0,30.599999999999998,10.2,2.55,0.0,53.55,39.75,33.75,19.5,10.5,7.5,2.25,28.5
MIRRORED WALL ART SKULLS,15.0,0.0,0.0,22.5,3.75,7.5,63.75,71.25,6.25,67.5,3.75,33.75,0.0
MIRRORED WALL ART SNOWFLAKES,0.0,0.0,0.0,0.0,0.0,0.0,45.0,54.0,38.25,34.5,42.75,84.0,27.75
MIRRORED WALL ART SPLODGES,0.0,0.0,0.0,15.0,0.0,15.0,31.25,15.0,15.0,32.5,1.25,2.5,15.0
MIRRORED WALL ART STARS,17.700000000000003,88.50000000000001,0.0,26.55,0.0,0.0,39.0,36.75,20.25,35.25,8.25,12.75,39.0
MIRRORED WALL ART TABLE LAMP,2.95,0.0,0.0,17.700000000000003,0.0,0.0,9.75,6.75,3.75,11.25,5.25,18.33,0.0
MISELTOE HEART WREATH ,0.0,0.0,0.0,0.0,0.0,49.800000000000004,0.0,0.0,0.0,0.0,83.0,0.0,0.0
MISELTOE HEART WREATH WHITE,0.0,0.0,0.0,0.0,0.0,49.800000000000004,0.0,0.0,0.0,0.0,74.7,0.0,0.0
MISTLETOE HEART WREATH CREAM,0.0,0.0,0.0,0.0,4.15,149.4,12.450000000000001,116.20000000000002,103.75000000000001,390.1,551.95,435.1,12.450000000000001
MISTLETOE HEART WREATH GREEN,0.0,0.0,0.0,0.0,0.0,78.85000000000001,8.3,49.800000000000004,141.10000000000002,630.8000000000001,946.2,713.1500000000001,141.10000000000002
MIXED NUTS LIGHT GREEN BOWL,1.25,0.0,11.25,34.86,22.68,17.64,0.0,0.0,0.0,0.0,0.0,0.0,0.0
MOBILE VINTAGE HEARTS ,14.850000000000001,62.25000000000001,54.45,44.550000000000004,54.45,4.95,39.6,99.00000000000001,103.95000000000002,39.6,79.2,153.45000000000002,0.0
MOCK LOBSTER FRIDGE MAGNET,1.7,0.0,0.0,11.049999999999999,0.0,0.0,0.85,24.24,10.53,18.72,5.46,18.72,11.309999999999999
MODERN FLORAL STATIONERY SET,32.45,20.650000000000002,11.8,2.95,35.400000000000006,50.150000000000006,255.2,243.75,58.75,164.6,195.13,405.53999999999996,63.230000000000004
MODERN VINTAGE COTTON SHOPPING BAG,10.2,7.6499999999999995,0.0,11.850000000000001,0.0,0.0,0.0,0.0,0.0,0.0,0.0,0.0,0.0
MONEY BOX BISCUITS DESIGN,45.0,0.0,2.5,32.5,32.5,30.0,2.5,3.75,47.5,36.25,28.75,5.0,3.75
MONEY BOX CONFECTIONERY DESIGN,15.0,15.0,2.5,6.25,0.0,0.0,1.25,1.25,16.25,2.5,34.96,31.25,14.04
MONEY BOX FIRST ADE DESIGN,1.25,0.0,17.5,3.75,18.75,18.75,0.0,2.5,0.0,0.0,0.0,0.0,0.0
MONEY BOX FIRST AID DESIGN,0.0,0.0,0.0,0.0,0.0,0.0,0.0,1.25,10.0,4.96,0.0,8.75,9.36
MONEY BOX HOUSEKEEPING DESIGN,15.0,8.75,21.25,11.25,17.5,3.75,15.0,5.0,2.5,55.0,21.21,6.25,30.419999999999998
MONEY BOX KINGS CHOICE DESIGN,23.75,31.25,46.25,57.5,1.25,21.25,2.5,3.75,17.5,9.96,33.63,49.84,38.46
MONEY BOX POCKET MONEY DESIGN,35.0,35.0,17.5,42.5,35.0,36.25,15.0,16.25,30.0,15.0,6.25,26.25,38.69
MONSTERS STENCIL CRAFT,77.5,48.75,12.5,42.5,122.72,92.5,67.5,56.25,113.97,224.96,176.25,196.21,116.17
MONTANA DIAMOND CLUSTER EARRINGS,0.0,0.0,0.0,0.0,0.0,15.299999999999999,0.0,0.0,0.0,0.0,0.0,0.0,0.0
MOODY BOY  DOOR HANGER ,23.2,8.7,23.2,10.149999999999999,10.149999999999999,24.65,33.35,64.97999999999999,53.03999999999999,53.04,15.209999999999999,60.839999999999996,12.09
MOODY GIRL DOOR HANGER ,24.65,2.9,39.15,14.5,17.4,44.949999999999996,34.8,64.74,56.55,83.85,44.07,76.05,12.87
MOP PENDANT SHELL NECKLACE,0.0,0.0,0.0,0.0,29.700000000000003,0.0,0.0,0.0,0.0,0.0,14.850000000000001,0.0,0.0
MORE BUTTER METAL SIGN ,44.1,16.8,45.300000000000004,29.400000000000002,21.000000000000004,35.7,42.0,85.24000000000001,52.14,54.56,51.5,85.37,0.0
MOROCCAN BEATEN METAL MIRROR,0.0,0.0,0.0,0.0,0.0,0.0,0.0,3.95,11.850000000000001,0.0,0.0,0.0,0.0
MOROCCAN TEA GLASS,114.75,76.8,206.54999999999998,173.39999999999998,71.39999999999999,79.89999999999999,46.2,91.8,91.8,10.2,0.0,0.0,0.0
MOTHER'S KITCHEN SPOON REST ,0.0,0.0,0.0,210.0,82.5,37.5,18.75,18.75,60.0,109.74000000000001,86.13,67.34,0.0
MOTORING TISSUE BOX,28.75,0.0,3.75,26.25,2.5,6.25,26.25,8.19,19.11,20.01,27.810000000000002,40.95,8.19
MOUSE TOY WITH PINK T-SHIRT,112.5,105.0,37.5,116.25,75.0,26.25,112.5,63.75,71.25,67.5,204.02,215.65,49.13
MOUSEY LONG LEGS SOFT TOY,2.55,15.299999999999999,17.849999999999998,17.849999999999998,0.0,0.0,5.1,5.1,0.0,0.0,0.0,7.6499999999999995,2.55
MR ROBOT SOFT TOY,156.0,109.2,6.95,27.8,13.9,13.9,6.95,41.7,34.75,27.8,83.4,13.9,90.2
MRS ROBOT SOFT TOY,109.2,93.6,6.95,41.7,13.9,13.9,13.9,20.85,6.95,13.9,41.7,6.95,45.35
MULTI COLOUR SILVER T-LIGHT HOLDER,285.59999999999997,108.8,119.0,210.79999999999998,183.6,372.29999999999995,142.79999999999998,122.39999999999999,163.2,316.2,316.79999999999995,527.9499999999999,194.39999999999998
MULTI HEARTS  STICKERS,22.95,77.35,9.35,11.05,17.0,0.0,21.25,0.85,0.85,1.7,4.25,18.7,11.049999999999999
MULTICOLOUR  CONFETTI IN TUBE,21.449999999999996,19.799999999999997,0.0,0.0,19.799999999999997,0.0,19.799999999999997,0.0,39.599999999999994,0.0,0.0,23.099999999999998,19.799999999999997
MULTICOLOUR 3D BALLS GARLAND,38.25,48.449999999999996,10.2,48.449999999999996,91.8,38.25,30.599999999999998,71.39999999999999,48.449999999999996,61.199999999999996,2.55,40.8,2.55
MULTICOLOUR EASTER RABBIT ,0.0,3.9,23.4,11.7,0.0,0.0,0.0,0.0,0.0,0.0,0.0,0.0,0.0
MULTICOLOUR HONEYCOMB FAN,1.65,0.0,62.69999999999999,34.65,8.25,19.799999999999997,20.28,25.349999999999998,30.029999999999998,19.5,14.04,28.08,15.989999999999998
MULTICOLOUR HONEYCOMB PAPER GARLAND,11.549999999999999,19.799999999999997,28.049999999999997,70.94999999999999,3.3,0.0,28.049999999999997,18.15,3.3,31.349999999999994,29.699999999999996,75.89999999999999,0.0
MULTICOLOUR POLKADOT PLATE,0.0,0.0,0.0,0.0,0.0,10.2,0.0,0.0,0.0,0.0,0.0,0.0,0.0
MULTICOLOUR RABBIT EGG WARMER,2.1,31.500000000000004,0.0,52.699999999999996,23.799999999999997,0.0,0.0,25.5,0.0,50.05,6.8,1.7,0.0
MULTICOLOUR SPRING FLOWER MUG,3.4,10.2,0.0,11.7,6.24,2.34,7.8,10.14,4.68,10.919999999999998,2.34,9.36,3.9000000000000004
MUM'S KITCHEN CLOCK,0.0,0.0,0.0,148.5,4.95,49.5,49.5,24.75,44.55,64.35,24.75,39.6,21.449999999999996
MUMMY MOUSE RED GINGHAM RIBBON,0.0,0.0,0.0,5.45,0.0,0.0,0.0,0.0,0.0,0.0,0.0,0.0,0.0
MURANO STYLE GLASS BRACELET BLACK,10.5,0.0,0.0,3.5,0.0,0.0,0.0,0.0,0.0,0.0,0.0,0.0,0.0
MURANO STYLE GLASS BRACELET GOLD,0.0,0.0,0.0,10.5,0.0,0.0,0.0,0.0,0.0,10.5,0.0,0.0,3.5
MURANO STYLE GLASS BRACELET RED,10.5,0.0,0.0,10.5,0.0,0.0,0.0,0.0,0.0,0.0,0.0,0.0,0.0
MUSICAL ZINC HEART DECORATION ,0.0,0.0,11.899999999999999,10.2,12.89,23.799999999999997,35.699999999999996,39.95,2.55,58.76,48.309999999999995,86.00999999999999,38.08
N0 SINGING METAL SIGN,0.0,0.0,0.0,0.0,0.0,0.0,0.0,0.0,0.0,0.0,6.300000000000001,115.50000000000001,275.1
NAMASTE SWAGAT INCENSE,6.0,1.7999999999999998,9.0,5.3999999999999995,5.3999999999999995,9.0,9.0,9.0,11.099999999999998,10.799999999999999,10.799999999999999,10.799999999999999,0.0
NATURAL HANGING QUILTED HEARTS ,0.0,0.0,0.0,0.0,0.0,0.0,0.0,0.0,19.919999999999998,365.88,178.45,89.63999999999999,9.959999999999999
NATURAL SLATE CHALKBOARD LARGE ,368.55,284.40000000000003,645.3000000000001,657.9000000000001,559.75,563.85,398.25,679.5,524.25,618.3000000000001,704.7,611.1,44.550000000000004
NATURAL SLATE HEART CHALKBOARD ,1280.3000000000002,1492.7000000000003,1351.1000000000001,1539.9000000000003,1236.0500000000002,1227.2000000000003,985.3000000000002,1112.7,1256.7000000000003,1693.63,1684.9800000000002,2112.51,777.7
NATURAL SLATE RECTANGLE CHALKBOARD,118.79999999999998,296.99999999999994,325.04999999999995,316.79999999999995,385.34999999999997,283.79999999999995,179.84999999999997,186.45,305.24999999999994,352.34,315.29999999999995,333.28,52.78999999999999
NECKLACE+BRACELET PINK BUTTERFLY,0.0,0.0,15.299999999999999,0.0,0.0,0.0,2.55,0.0,12.75,0.0,33.15,7.6499999999999995,0.0
NECKLACE+BRACELET SET BLUE BLOSSOM,0.0,0.0,5.1,0.0,0.0,0.0,0.0,0.0,2.55,0.0,0.0,12.75,0.0
NECKLACE+BRACELET SET BLUE HIBISCUS,0.0,0.0,0.0,10.2,0.0,5.1,0.0,0.0,0.0,0.0,2.55,30.599999999999998,2.55
NECKLACE+BRACELET SET FRUIT SALAD ,7.6499999999999995,0.0,2.55,0.0,0.0,2.55,0.0,0.0,5.1,0.0,0.0,12.75,2.55
NECKLACE+BRACELET SET PINK DAISY,0.0,0.0,2.55,0.0,0.0,0.0,0.0,0.0,0.0,0.0,0.0,0.0,0.0
NEW BAROQUE BLACK PHOTO ALBUM,0.0,0.0,0.0,0.0,0.0,0.0,44.25,5.9,0.0,0.0,0.0,0.0,0.0
NEW BAROQUE JEWELLERY BOX ,0.0,0.0,0.0,0.0,0.0,0.0,0.0,0.0,0.0,0.0,41.7,55.6,0.0
NEW ENGLAND MUG W GIFT BOX,5.1,0.0,0.0,0.0,0.0,0.0,0.0,0.0,0.0,0.0,0.0,0.0,0.0
NINJA RABBIT BLACK,0.0,3.75,1.25,0.0,21.200000000000003,40.0,33.7,3.75,1.25,5.0,14.84,18.63,4.92
NINJA RABBIT PINK,20.0,6.25,5.0,5.0,21.200000000000003,12.5,15.0,3.75,3.75,11.25,6.25,10.0,0.0
NO JUNK MAIL METAL SIGN,63.75,47.5,72.5,86.25,48.75,85.0,67.5,167.31,172.38,77.61,0.0,0.0,0.0
NO SINGING METAL SIGN,464.1000000000001,355.50000000000006,318.3,472.50000000000006,333.90000000000003,573.3000000000001,354.90000000000003,694.2,663.6,927.3000000000001,2.1,0.0,0.0
NOEL GARLAND PAINTED ZINC ,0.0,0.0,0.0,0.0,0.0,0.0,0.0,0.0,19.799999999999997,90.0,81.50999999999999,187.98,31.83
NOEL WOODEN BLOCK LETTERS ,279.6,71.35000000000001,17.85,0.0,5.95,0.0,11.9,71.35000000000001,178.4,190.4,297.5,474.40000000000003,29.75
NUMBER TILE COTTAGE GARDEN 0 ,15.6,0.0,15.6,31.2,15.6,1.95,15.6,5.85,1.95,0.0,0.0,0.0,0.0
NUMBER TILE COTTAGE GARDEN 1,13.649999999999999,1.95,31.2,31.2,15.6,19.5,1.95,5.85,3.9,3.9,1.95,3.9,0.0
NUMBER TILE COTTAGE GARDEN 2,15.6,1.95,31.2,31.2,15.6,15.6,5.85,5.85,1.95,1.95,0.0,1.95,0.0
NUMBER TILE COTTAGE GARDEN 3 ,11.7,0.0,15.6,33.15,15.6,0.0,15.6,5.85,0.0,0.0,3.9,0.0,0.0
NUMBER TILE COTTAGE GARDEN 4,11.7,1.95,35.1,31.2,17.55,0.0,1.95,5.85,1.95,0.0,0.0,0.0,0.0
NUMBER TILE COTTAGE GARDEN 5,11.7,0.0,15.6,33.15,17.55,0.0,0.0,9.75,1.95,0.0,1.95,0.0,0.0
NUMBER TILE COTTAGE GARDEN 6,11.7,0.0,15.6,33.15,15.6,0.0,15.6,11.7,0.0,1.95,0.0,0.0,0.0
NUMBER TILE COTTAGE GARDEN 7,11.7,0.0,15.6,31.2,21.45,1.95,0.0,11.7,3.9,1.95,0.0,0.0,0.0
NUMBER TILE COTTAGE GARDEN 8,13.649999999999999,0.0,15.6,33.15,15.6,0.0,15.6,5.85,1.95,0.0,0.0,0.0,0.0
NUMBER TILE COTTAGE GARDEN 9,11.7,3.9,15.6,37.05,15.6,19.5,0.0,5.85,0.0,0.0,0.0,0.0,0.0
NUMBER TILE COTTAGE GARDEN No,21.0,0.0,25.200000000000003,18.900000000000002,12.600000000000001,12.600000000000001,0.0,10.5,8.4,0.0,0.0,0.0,0.0
NUMBER TILE VINTAGE FONT 0,10.08,39.76,3.9,3.9,0.0,0.0,3.9,0.0,3.9,3.9,0.0,0.0,0.0
NUMBER TILE VINTAGE FONT 1,10.08,41.71,3.9,7.8,0.0,0.0,3.9,0.0,3.9,9.75,0.0,3.9,0.0
NUMBER TILE VINTAGE FONT 2,10.08,41.71,19.5,0.0,0.0,3.9,7.8,0.0,11.7,3.9,0.0,3.9,0.0
NUMBER TILE VINTAGE FONT 3,10.08,45.61,3.9,7.8,1.95,3.9,5.85,0.0,17.55,3.9,0.0,5.85,3.9
NUMBER TILE VINTAGE FONT 4,10.08,39.76,19.5,15.6,1.95,0.0,3.9,0.0,3.9,3.9,1.95,0.0,0.0
NUMBER TILE VINTAGE FONT 5,12.03,39.76,3.9,7.8,0.0,9.75,5.85,0.0,3.9,5.85,1.95,3.9,0.0
NUMBER TILE VINTAGE FONT 6 ,10.08,39.76,19.5,0.0,1.95,0.0,19.5,0.0,3.9,3.9,0.0,3.9,0.0
NUMBER TILE VINTAGE FONT 7,10.08,39.76,3.9,0.0,0.0,15.6,3.9,1.95,5.85,9.75,0.0,0.0,1.95
NUMBER TILE VINTAGE FONT 8,12.03,39.76,3.9,3.9,0.0,0.0,3.9,0.0,3.9,7.8,0.0,0.0,1.95
NUMBER TILE VINTAGE FONT 9 ,10.08,39.76,3.9,0.0,0.0,0.0,7.8,0.0,3.9,3.9,0.0,1.95,0.0
NUMBER TILE VINTAGE FONT No ,0.0,61.08,0.0,0.0,0.0,0.0,0.0,0.0,4.2,14.700000000000001,0.0,4.2,0.0
"NURSERY A,B,C PAINTED LETTERS",54.0,33.75,67.5,81.0,0.0,128.25,54.0,87.75,13.5,128.25,13.5,20.25,177.45
OCEAN SCENT CANDLE IN JEWELLED BOX,191.25,129.11,63.75,128.07999999999998,46.75,80.75,68.0,119.0,114.75,93.5,106.25,12.75,0.0
OFFICE MUG WARMER BLACK+SILVER ,106.20000000000002,123.90000000000002,26.55,35.400000000000006,41.300000000000004,17.700000000000003,64.9,41.85,44.25000000000001,137.55,132.64000000000001,216.76000000000002,58.45
OFFICE MUG WARMER CHOC+BLUE,336.70000000000005,126.85000000000002,2.95,61.95,56.05000000000001,23.6,76.70000000000002,47.2,59.00000000000001,50.040000000000006,209.45000000000002,129.25,145.2
OFFICE MUG WARMER PINK,191.75000000000003,209.45000000000002,8.850000000000001,38.35000000000001,20.650000000000002,5.9,47.2,23.6,32.45,17.700000000000003,85.44000000000001,115.05000000000001,36.25
OFFICE MUG WARMER POLKADOT,351.05000000000007,194.70000000000002,2.95,53.10000000000001,53.10000000000001,23.6,67.85000000000001,35.400000000000006,59.00000000000001,70.69000000000001,109.04,329.96000000000004,92.75
OLD DOC RUSSEL METAL SIGN,27.300000000000004,0.0,0.0,2.1,0.0,0.0,0.0,0.0,0.0,0.0,0.0,0.0,0.0
OPEN CLOSED METAL SIGN,0.0,0.0,0.0,138.6,391.05,470.25000000000006,445.50000000000006,445.5,485.1,678.1500000000001,465.3,490.8,267.3
OPIUM SCENTED VOTIVE CANDLE,0.0,0.0,6.959999999999999,6.959999999999999,0.0,0.0,13.919999999999998,0.0,27.839999999999996,6.959999999999999,0.0,6.959999999999999,6.959999999999999
ORANGE FELT VASE + FLOWERS,0.0,0.0,0.0,1.25,0.0,0.0,0.0,0.0,0.0,0.0,0.0,0.0,0.0
ORANGE FLOWER MUG ,0.0,0.0,0.0,1.56,0.0,0.0,0.0,0.0,0.0,0.0,0.0,0.0,0.0
ORANGE PENDANT TRIPLE SHELL NECKLAC,0.0,0.0,0.0,0.0,0.0,0.0,0.0,14.850000000000001,0.0,0.0,0.0,0.0,0.0
ORANGE SCENTED SET/9 T-LIGHTS,30.599999999999998,42.5,12.75,49.3,11.049999999999999,30.599999999999998,56.949999999999996,21.25,34.0,66.22999999999999,25.5,0.0,0.0
ORANGE TV TRAY TABLE ,4.25,8.5,4.25,62.4,171.6,107.25,0.0,0.0,0.0,0.0,0.0,0.0,0.0
ORANGE VOTIVE CANDLE,18.959999999999997,5.04,27.839999999999996,0.0,0.0,13.919999999999998,0.0,0.0,20.879999999999995,13.919999999999998,6.959999999999999,13.919999999999998,6.959999999999999
ORANGE/WHT/FUSCHIA STONES NECKLACE,0.0,0.0,0.0,0.0,29.700000000000003,0.0,0.0,0.0,0.0,0.0,0.0,0.0,0.0
ORIENTAL RED CUSHION COVER ,0.0,0.0,0.0,0.0,0.0,0.0,0.0,9.3,13.950000000000001,0.0,9.3,27.900000000000002,0.0
ORIGAMI JASMINE INCENSE/CANDLE SET,29.849999999999998,30.599999999999998,0.0,15.299999999999999,2.55,20.4,40.8,29.75,28.9,31.45,107.1,4.25,0.0
ORIGAMI LAVENDER INCENSE/CANDL SET ,27.3,15.299999999999999,2.55,28.049999999999997,2.55,0.0,22.099999999999998,10.2,1.7,8.5,56.1,74.8,11.05
ORIGAMI OPIUM INCENSE/CANDLE SET ,40.05,0.0,0.0,0.0,0.0,0.0,0.0,0.0,0.0,0.0,0.0,0.0,0.0
ORIGAMI ROSE INCENSE IN TUBE,4.949999999999999,19.799999999999997,0.0,21.449999999999996,0.0,5.04,5.04,0.0,0.0,0.0,0.0,0.0,0.0
ORIGAMI ROSE INCENSE/CANDLE SET ,17.849999999999998,17.849999999999998,0.0,15.299999999999999,0.0,0.0,2.55,10.2,41.65,34.85,71.4,122.39999999999999,28.9
ORIGAMI SANDLEWOOD INCENSE+FLOWER,2.1,12.600000000000001,0.0,0.0,31.200000000000003,16.25,0.0,0.0,0.0,0.0,0.0,0.0,0.0
ORIGAMI SANDLEWOOD INCENSE/CAND SET,45.15,0.0,2.55,5.1,0.0,0.0,0.85,29.75,21.25,28.9,38.25,122.39999999999999,34.85
ORIGAMI VANILLA INCENSE CONES,12.0,0.0,0.0,1.65,2.1,5.04,6.72,0.0,0.0,0.0,0.0,0.0,0.0
ORIGAMI VANILLA INCENSE/CANDLE SET ,14.55,15.299999999999999,0.0,15.299999999999999,2.55,20.4,20.4,8.5,6.8,48.449999999999996,79.9,8.5,4.25
OVAL  MINI PORTRAIT FRAME,0.0,0.0,0.0,0.0,0.0,0.0,0.0,0.0,0.0,0.0,214.5,333.0,64.35
OVEN MITT APPLES DESIGN,84.1,105.85,118.9,62.349999999999994,121.8,150.8,118.0,114.55,82.65,86.83,142.88,221.96,16.34
OVERNIGHT BAG VINTAGE ROSE PAISLEY,227.70000000000002,0.0,49.5,74.25,34.65,84.15,69.3,64.35000000000001,113.85000000000001,133.65,143.55,188.10000000000002,19.8
OWL DOORSTOP,89.10000000000001,103.95,173.25,201.65,103.95000000000002,163.35000000000002,113.85000000000001,99.0,183.15,133.65,280.85,442.90000000000003,0.0
OYSTER TRINKET BOX,0.0,3.25,0.0,0.0,3.25,9.75,6.5,9.75,13.0,3.25,0.0,13.0,22.12
PACK 20 DOLLY PEGS,0.0,0.0,0.0,1.7,0.0,0.0,0.0,0.0,0.0,0.0,0.0,0.0,0.0
PACK 20 ENGLISH ROSE PAPER NAPKINS,62.05,132.6,78.2,3.4,0.0,0.0,0.0,0.0,0.0,0.0,0.0,0.0,0.0
PACK 3 BOXES BIRD PANETTONE ,0.0,0.0,0.0,0.0,0.0,0.0,0.0,0.0,0.0,0.0,0.0,80.07,101.85999999999999
PACK 3 BOXES BIRD PANNETONE ,226.2,134.54999999999998,319.79999999999995,189.14999999999998,115.05,130.65,78.0,54.599999999999994,140.39999999999998,258.32,388.51,209.57,0.0
PACK 3 BOXES CHRISTMAS PANETTONE,0.0,0.0,0.0,0.0,0.0,0.0,0.0,0.0,0.0,0.0,0.0,87.86999999999999,7.8
PACK 3 BOXES CHRISTMAS PANNETONE,323.7,0.0,0.0,0.0,0.0,0.0,0.0,25.349999999999998,23.4,585.5799999999999,693.29,101.63,0.0
PACK 3 FIRE ENGINE/CAR PATCHES,31.25,10.0,37.5,15.0,0.0,0.0,0.0,0.0,0.0,0.0,0.0,0.0,0.0
PACK 3 IRON ON DOG PATCHES,15.0,1.25,32.5,32.5,7.5,50.0,16.25,18.75,40.0,13.75,0.0,10.0,2.46
PACK 4 FLOWER/BUTTERFLY PATCHES,0.0,0.0,0.0,1.25,0.0,0.0,0.0,0.0,0.0,0.0,0.0,0.0,0.0
PACK 6 HEART/ICE-CREAM PATCHES,23.75,38.75,1.25,48.75,42.5,72.5,20.0,3.75,53.75,6.25,4.92,21.25,0.0
PACK OF 12 50'S CHRISTMAS TISSUES,0.0,0.0,0.0,0.0,0.0,0.0,0.0,0.0,0.0,210.6,290.94,248.42999999999998,47.58
PACK OF 12 BLUE PAISLEY TISSUES ,32.19,8.12,24.359999999999996,47.559999999999995,46.39999999999999,33.059999999999995,31.899999999999995,51.03999999999999,51.32999999999999,32.36,48.839999999999996,71.82,19.549999999999997
PACK OF 12 CHRISTMAS FUN CARDS,0.0,0.0,0.0,0.0,0.0,0.0,0.0,0.0,0.0,50.150000000000006,88.50000000000001,0.0,0.0
PACK OF 12 CIRCUS PARADE TISSUES ,13.919999999999998,27.839999999999996,27.839999999999996,10.729999999999999,27.839999999999996,30.739999999999995,6.959999999999999,4.64,41.75999999999999,34.32,33.54,27.349999999999998,9.36
PACK OF 12 COLOURED PENCILS,141.1,123.25,65.44999999999999,78.19999999999999,75.64999999999999,153.85,53.55,104.83,141.1,165.75,187.64,152.01,25.5
PACK OF 12 DOILEY TISSUES,0.0,0.0,0.0,0.0,0.0,0.0,0.0,0.0,0.0,0.0,9.36,0.0,0.0
PACK OF 12 DOLLY GIRL TISSUES,0.0,0.0,0.0,0.0,0.0,0.0,0.0,0.0,0.0,180.95999999999998,156.39,92.42999999999999,5.46
PACK OF 12 HEARTS DESIGN TISSUES ,68.14999999999999,302.75999999999993,98.88999999999999,107.58999999999999,75.10999999999999,104.39999999999999,78.88,79.74999999999999,139.77999999999997,154.61999999999998,171.04,175.32999999999998,35.25
PACK OF 12 LONDON TISSUES ,102.07999999999998,55.96999999999999,99.46999999999998,122.66999999999999,95.98999999999998,80.91,65.24999999999999,81.77999999999999,95.99,139.17,140.01999999999998,171.7,53.43
PACK OF 12 PAISLEY PARK TISSUES ,0.0,0.0,0.0,0.0,0.0,0.0,0.0,0.0,0.0,240.23999999999998,178.62,114.66,21.06
PACK OF 12 PINK PAISLEY TISSUES ,18.849999999999998,13.339999999999998,38.56999999999999,39.44,38.85999999999999,48.71999999999999,51.03999999999999,54.809999999999995,66.11999999999999,132.51,99.7,52.61,12.87
PACK OF 12 PINK POLKADOT TISSUES,16.24,30.159999999999997,50.169999999999995,56.54999999999999,60.60999999999999,46.39999999999999,42.05,35.379999999999995,63.79999999999999,97.03999999999999,62.949999999999996,54.36,10.92
PACK OF 12 RED APPLE TISSUES,0.0,0.0,0.0,0.0,0.0,0.0,0.0,0.0,0.0,91.64999999999999,98.66999999999999,56.55,5.46
PACK OF 12 RED RETROSPOT TISSUES ,50.74999999999999,81.77999999999999,103.81999999999998,88.15999999999998,122.08999999999999,116.28999999999999,46.10999999999999,74.52999999999999,52.779999999999994,176.08999999999997,134.35999999999999,120.94999999999999,33.54
PACK OF 12 SKULL TISSUES,64.66999999999999,68.14999999999999,32.769999999999996,68.44,45.239999999999995,25.809999999999995,33.059999999999995,63.50999999999999,49.00999999999999,85.35,80.34,81.50999999999999,10.92
PACK OF 12 SPACEBOY TISSUES,21.459999999999997,48.71999999999999,44.07999999999999,69.88999999999999,73.07999999999998,58.86999999999999,17.4,47.849999999999994,40.309999999999995,154.98,71.75,107.83999999999999,13.459999999999999
PACK OF 12 STICKY BUNNIES,11.05,88.4,75.4,132.60000000000002,26.0,7.800000000000001,1.9500000000000002,0.0,0.65,2.6,0.0,25.35,8.450000000000001
PACK OF 12 SUKI TISSUES ,72.49999999999999,40.019999999999996,42.339999999999996,103.52999999999999,84.38999999999999,102.36999999999999,48.13999999999999,76.27,107.87999999999998,122.86999999999999,85.47999999999999,176.89,39.69
PACK OF 12 TRADITIONAL CRAYONS,133.56,92.82000000000001,45.36,89.46,84.84,116.34,103.32,145.98,102.9,334.08,290.84,236.94,54.91
PACK OF 12 VINTAGE CHRISTMAS TISSUE,0.0,0.0,0.0,0.0,0.0,0.0,0.0,0.0,0.0,191.1,215.67,211.38,51.87
PACK OF 12 VINTAGE DOILY TISSUES,0.0,0.0,0.0,0.0,0.0,0.0,0.0,0.0,0.0,218.39999999999998,156.39,92.03999999999999,33.54
PACK OF 12 VINTAGE LEAF TISSUES ,0.0,0.0,0.0,0.0,0.0,0.0,0.0,0.0,0.0,180.17999999999998,122.46,56.16,28.86
PACK OF 12 WOODLAND TISSUES ,27.259999999999998,56.25999999999999,40.599999999999994,80.03999999999999,93.08999999999999,69.02,10.439999999999998,57.709999999999994,95.69999999999999,129.67999999999998,76.58999999999999,66.64999999999999,16.43
PACK OF 20 NAPKINS PANTRY DESIGN,85.0,301.75,311.95,393.54999999999995,364.65,345.95,270.29999999999995,298.34999999999997,280.5,328.88,215.76,212.49999999999997,64.6
PACK OF 20 NAPKINS RED APPLES,80.75,153.85,190.39999999999998,184.45,166.6,260.95,181.89999999999998,162.35,152.15,117.3,179.29,114.74999999999999,38.25
PACK OF 20 SKULL PAPER NAPKINS,37.4,115.6,107.94999999999999,101.14999999999999,46.75,78.19999999999999,119.85,119.0,141.1,133.45,111.35,137.7,16.15
PACK OF 20 SPACEBOY NAPKINS,11.049999999999999,103.69999999999999,34.0,56.949999999999996,38.25,20.4,8.5,22.95,39.95,102.0,66.3,43.28,34.849999999999994
PACK OF 6 BIRDY GIFT TAGS,520.0,177.5,286.25,305.0,369.19,151.25,141.25,177.5,146.25,341.25,556.05,540.97,65.0
PACK OF 6 COCKTAIL PARASOL STRAWS,0.0,0.0,0.0,0.0,0.0,0.0,112.56,140.28,38.22,86.1,22.68,105.84,3.36
PACK OF 6 HANDBAG GIFT BOXES,45.9,22.95,109.64999999999999,81.6,61.199999999999996,122.39999999999999,63.75,91.8,96.89999999999999,68.85,76.5,58.64999999999999,2.55
PACK OF 6 LARGE FRUIT STRAWS ,0.0,0.0,0.0,0.0,0.0,0.0,141.35999999999999,199.01999999999998,105.39999999999999,175.54,70.67999999999999,88.1,17.41
PACK OF 6 PANETTONE GIFT BOXES,0.0,0.0,0.0,0.0,0.0,0.0,0.0,0.0,0.0,0.0,0.0,99.31,112.19999999999999
PACK OF 6 PANNETONE GIFT BOXES,119.85,119.85,206.54999999999998,102.0,229.49999999999997,232.04999999999998,107.1,102.0,79.05,244.66,323.84999999999997,206.54999999999998,0.0
PACK OF 6 SANDCASTLE FLAGS ASSORTED,3.4,19.549999999999997,129.2,189.54999999999998,318.75,192.1,148.75,109.64999999999999,84.14999999999999,3.4,10.98,26.349999999999998,0.85
PACK OF 6 SKULL PAPER CUPS,38.35,40.95,100.75000000000001,43.550000000000004,32.5,46.800000000000004,74.10000000000001,42.900000000000006,84.5,77.35000000000001,89.05000000000001,106.60000000000001,9.100000000000001
PACK OF 6 SKULL PAPER PLATES,28.9,48.449999999999996,100.29999999999998,66.3,23.799999999999997,144.5,84.14999999999999,57.8,75.64999999999999,101.14999999999999,115.6,119.0,11.899999999999999
PACK OF 6 SMALL FRUIT STRAWS,0.0,0.0,0.0,0.0,0.0,0.0,64.68,102.9,35.28,91.98,20.58,59.64,1.68
PACK OF 6 SWEETIE GIFT BOXES,61.199999999999996,12.75,15.299999999999999,43.349999999999994,38.25,91.8,68.85,30.599999999999998,142.79999999999998,91.8,214.05999999999997,81.6,20.4
PACK OF 60 DINOSAUR CAKE CASES,103.95,239.25000000000003,303.6,343.75,167.20000000000002,246.95000000000002,350.35,275.0,345.40000000000003,358.93,193.85000000000002,335.8,57.25000000000001
PACK OF 60 MUSHROOM CAKE CASES,54.45,133.10000000000002,88.0,171.05,140.8,76.45,112.75000000000001,74.80000000000001,158.95000000000002,157.3,146.20000000000002,107.43,45.800000000000004
PACK OF 60 PINK PAISLEY CAKE CASES,277.20000000000005,270.05,328.90000000000003,607.2,416.99,422.95000000000005,353.65000000000003,375.65000000000003,366.3,419.93,359.90000000000003,393.88000000000005,93.80000000000001
PACK OF 60 SPACEBOY CAKE CASES,97.35000000000001,154.55,184.8,232.10000000000002,150.15,223.3,225.59000000000003,239.25000000000003,169.95000000000002,306.1,207.50000000000003,205.60000000000002,79.75000000000001
PACK OF 72 RETROSPOT CAKE CASES,473.00000000000006,509.30000000000007,629.2,831.0500000000001,860.2,825.1800000000001,562.1,506.00000000000006,583.0,806.95,728.8000000000001,801.8000000000001,161.10000000000002
PACK OF 72 SKULL CAKE CASES,227.70000000000002,128.15,189.20000000000002,281.6,209.55,237.60000000000002,334.95000000000005,222.75000000000003,219.45000000000002,374.00000000000006,395.45000000000005,239.8,47.300000000000004
PACK OF SIX LED TEA LIGHTS,0.0,0.0,0.0,0.0,0.0,0.0,0.0,127.16,150.28,543.32,797.64,1268.72,393.05
PACK/12 BLUE FOLKART CARDS,8.850000000000001,8.850000000000001,0.0,5.9,0.0,0.0,5.9,2.95,2.95,8.850000000000001,8.850000000000001,11.8,0.0
PACK/12 XMAS FUN CARD,56.050000000000004,0.0,0.0,0.0,0.0,0.0,0.0,35.400000000000006,2.95,2.95,0.0,0.0,0.0
PACKING CHARGE,0.0,0.0,0.0,0.0,0.0,0.0,0.0,7.5,7.5,37.5,7.5,37.5,7.5
PADS TO MATCH ALL CUSHIONS,0.0,0.0,0.0,0.0,0.001,0.0,0.0,0.001,0.0,0.001,0.0,0.0,0.0
PAINT YOUR OWN CANVAS SET,166.64999999999998,115.49999999999999,117.14999999999998,250.79999999999995,118.79999999999998,196.34999999999997,199.64999999999998,174.89999999999998,130.35,173.23,306.86999999999995,326.65,158.38
PAINT YOUR OWN EGGS IN CRATE,0.0,0.0,0.0,0.0,0.0,0.0,0.0,0.0,0.0,0.0,0.0,39.52,2.08
PAINTED HEART WREATH WITH BELL,0.0,0.0,0.0,0.0,0.0,0.0,0.0,0.0,0.0,15.0,0.0,0.0,0.0
PAINTED LIGHTBULB RAINBOW DESIGN,0.0,0.0,0.0,0.0,0.84,0.0,0.0,9.299999999999999,2.52,0.0,11.399999999999999,0.0,0.0
PAINTED LIGHTBULB STAR+ MOON,2.52,5.04,0.0,0.0,0.0,0.0,2.52,8.879999999999999,7.14,1.26,11.399999999999999,3.7800000000000002,0.0
PAINTED METAL HEART WITH HOLLY BELL,73.94999999999999,0.0,4.35,2.9,0.0,17.4,0.0,1.45,7.25,229.10999999999999,168.09,1.17,0.0
PAINTED METAL PEARS ASSORTED,321.09999999999997,270.4,359.96999999999997,371.8,468.13,589.81,447.84999999999997,420.81,322.79,721.24,598.26,934.5699999999999,123.37
PAINTED METAL STAR WITH HOLLY BELLS,76.85,0.0,0.0,0.0,0.0,0.0,0.0,36.25,34.8,126.94999999999999,213.72,78.0,0.0
PAINTED PINK RABBIT ,1.7,30.599999999999998,46.75,96.05,35.699999999999996,0.0,0.0,0.0,0.0,5.949999999999999,3.4,3.4,5.1
PAINTED SEA SHELL METAL WINDCHIME,0.0,0.0,7.5,0.0,7.5,0.0,37.92,3.95,0.0,0.0,0.0,0.0,0.0
PAINTED YELLOW WOODEN DAISY,0.0,51.0,23.799999999999997,86.69999999999999,15.299999999999999,2.55,0.0,2.55,0.85,0.85,8.5,2.55,5.1
PAIR BUTTERFLY HAIR CLIPS,45.0,0.0,0.0,0.0,0.0,15.0,0.0,0.0,0.0,0.0,0.0,0.0,0.0
PAIR OF ENAMEL BUTTERFLY HAIRCLIP,20.1,0.0,0.0,0.0,0.0,0.0,16.75,0.0,0.0,13.4,0.0,6.7,0.0
PAIR OF PINK FLOWER CLUSTER SLIDE,0.0,0.0,0.0,0.0,0.0,0.0,7.6499999999999995,0.0,0.0,15.299999999999999,0.0,2.55,0.0
PAIR PADDED HANGERS PINK CHECK,7.5,11.25,15.0,100.80000000000001,15.0,0.0,0.0,7.5,15.0,0.0,22.5,0.0,0.0
PAISLEY PARK CARD,0.0,0.0,0.0,0.0,0.0,0.0,0.0,0.0,0.0,0.0,0.0,75.6,40.32
PAISLEY PATTERN  STICKERS,5.949999999999999,0.0,0.0,0.85,5.1,15.299999999999999,10.2,5.1,5.1,10.2,5.1,25.5,0.0
PANDA AND BUNNIES STICKER SHEET,34.849999999999994,28.9,10.2,43.349999999999994,16.15,20.4,16.15,21.25,20.4,12.75,13.6,52.699999999999996,0.85
PANTRY 3 HOOK ROLLING PIN HANGER,0.0,0.0,0.0,0.0,0.0,0.0,0.0,0.0,0.0,367.5,150.0,213.75,26.25
PANTRY APPLE CORER,0.0,0.0,0.0,62.349999999999994,73.94999999999999,63.8,39.15,23.199999999999996,36.25,21.75,36.25,52.199999999999996,13.049999999999999
PANTRY CHOPPING BOARD,0.0,0.0,0.0,0.0,0.0,0.0,0.0,0.0,0.0,183.15,207.90000000000003,193.05,29.700000000000003
PANTRY HOOK BALLOON WHISK ,0.0,0.0,0.0,0.0,0.0,0.0,0.0,0.0,0.0,149.76,170.56,83.2,4.16
PANTRY HOOK SPATULA,0.0,0.0,0.0,0.0,0.0,0.0,0.0,0.0,0.0,124.80000000000001,118.56,70.72,2.08
PANTRY HOOK TEA STRAINER ,0.0,0.0,0.0,0.0,0.0,0.0,0.0,0.0,0.0,99.84,166.4,62.400000000000006,2.08
PANTRY KITCHEN THERMOMETER ,0.0,0.0,0.0,0.0,0.0,0.0,0.0,0.0,0.0,0.0,5.0,78.75,26.25
PANTRY MAGNETIC  SHOPPING LIST,0.0,0.0,0.0,0.0,0.0,0.0,200.6,586.8,507.49999999999994,571.6899999999999,653.7199999999999,706.76,179.79999999999998
PANTRY PASTRY BRUSH,0.0,0.0,0.0,367.5,170.0,148.75,82.5,90.0,73.75,54.92,98.59,113.59,31.13
PANTRY ROLLING PIN,0.0,0.0,341.25,1108.86,333.75,493.86,97.5,527.94,298.86,150.0,258.75,299.96,15.0
PANTRY SCRUBBING BRUSH,0.0,0.0,316.79999999999995,815.0999999999999,237.59999999999997,202.94999999999996,143.54999999999998,197.99999999999997,227.69999999999996,181.48999999999998,224.39999999999998,189.70999999999998,14.84
PANTRY WASHING UP BRUSH,0.0,0.0,0.0,735.15,398.74999999999994,272.59999999999997,200.1,208.79999999999998,271.15,312.14,199.82,353.90999999999997,73.94999999999999
PAPER BUNTING COLOURED LACE,23.6,185.85000000000002,185.85000000000002,342.20000000000005,625.4000000000001,764.0500000000001,513.2,2.95,0.0,0.0,0.0,0.0,0.0
PAPER BUNTING PAISLEY PARK,0.0,0.0,0.0,0.0,0.0,0.0,0.0,0.0,0.0,0.0,0.0,197.65000000000003,56.050000000000004
PAPER BUNTING RETROSPOT,259.6,542.8000000000001,548.7,855.5000000000001,1003.0000000000001,1345.2000000000003,991.2000000000002,896.8000000000001,805.3500000000001,513.3000000000001,498.44000000000005,451.3500000000001,309.75000000000006
PAPER BUNTING VINTAGE PAISLEY,23.6,53.10000000000001,185.85000000000002,271.40000000000003,342.20000000000005,542.8000000000001,312.70000000000005,256.65000000000003,153.40000000000003,159.3,47.2,315.65000000000003,17.700000000000003
PAPER BUNTING VINTAGE PARTY,0.0,0.0,0.0,0.0,0.0,0.0,0.0,0.0,0.0,0.0,0.0,619.5000000000001,147.50000000000003
PAPER BUNTING WHITE LACE,153.40000000000003,413.00000000000006,885.0000000000001,699.1500000000001,1230.15,595.9000000000001,0.0,0.0,0.0,0.0,0.0,495.6,135.70000000000002
PAPER CHAIN KIT 50'S CHRISTMAS ,1991.2500000000002,0.0,5.9,14.75,29.500000000000004,35.400000000000006,50.150000000000006,513.3000000000001,348.1,3183.9100000000003,3562.0400000000004,5894.39,1827.0200000000002
PAPER CHAIN KIT EMPIRE,126.85000000000002,365.80000000000007,873.2000000000002,2327.55,2501.6000000000004,277.3,156.35000000000002,47.2,17.700000000000003,32.45,0.0,0.0,32.45
PAPER CHAIN KIT LONDON,79.65,156.35000000000002,132.75000000000003,76.70000000000002,91.45000000000002,44.25000000000001,56.05000000000001,67.85000000000001,0.0,82.60000000000001,38.24,85.55000000000001,26.550000000000004
PAPER CHAIN KIT RETROSPOT,746.3500000000001,309.75000000000006,410.05000000000007,424.80000000000007,525.1,737.5000000000001,474.95000000000005,451.3500000000001,578.2,754.8700000000001,504.3400000000001,1046.92,492.43000000000006
PAPER CHAIN KIT SKULLS ,59.00000000000001,41.300000000000004,88.50000000000001,109.15,44.25000000000001,76.7,91.45000000000002,32.45,88.5,150.45000000000002,44.25,70.80000000000001,8.850000000000001
PAPER CHAIN KIT VINTAGE CHRISTMAS,1477.9500000000003,35.400000000000006,35.400000000000006,0.0,0.0,17.700000000000003,17.7,277.30000000000007,191.75000000000003,2382.9400000000005,2200.15,3705.8600000000006,1005.6200000000001
PAPER LANTERN 5 POINT SEQUIN STAR,0.0,0.0,0.0,0.0,0.0,51.75,23.0,34.5,17.25,46.0,80.5,34.5,0.0
PAPER LANTERN 5 POINT STAR MOON ,0.0,0.0,0.0,0.0,0.0,0.0,29.050000000000004,0.0,16.6,195.05,24.900000000000002,174.3,0.0
PAPER LANTERN 5 POINT STAR MOON 30,0.0,0.0,0.0,0.0,0.0,33.2,0.0,0.0,8.3,0.0,0.0,0.0,0.0
PAPER LANTERN 5 POINT STUDDED STAR,0.0,0.0,0.0,0.0,0.0,23.0,11.5,0.0,11.5,0.0,0.0,0.0,0.0
PAPER LANTERN 6 POINT SNOW STAR,0.0,0.0,0.0,0.0,0.0,49.800000000000004,24.900000000000002,0.0,16.6,16.6,0.0,0.0,0.0
PAPER LANTERN 7 POINT SNOW STAR,0.0,0.0,0.0,0.0,39.900000000000006,66.5,19.950000000000003,19.950000000000003,13.3,206.14999999999998,39.900000000000006,226.10000000000002,26.6
PAPER LANTERN 9 POINT DELUXE STAR,0.0,0.0,0.0,0.0,0.0,113.05000000000001,33.25,0.0,53.2,179.55,159.60000000000002,152.95000000000002,19.950000000000003
PAPER LANTERN 9 POINT HOLLY STAR 23,0.0,0.0,0.0,0.0,0.0,49.800000000000004,16.6,0.0,8.3,0.0,0.0,0.0,0.0
PAPER LANTERN 9 POINT HOLLY STAR 40,0.0,0.0,0.0,0.0,0.0,37.5,0.0,0.0,0.0,0.0,0.0,0.0,0.0
PAPER LANTERN 9 POINT HOLLY STAR L,0.0,0.0,0.0,0.0,0.0,31.25,25.0,0.0,0.0,50.0,125.0,200.0,0.0
PAPER LANTERN 9 POINT HOLLY STAR S,0.0,0.0,0.0,0.0,0.0,24.900000000000002,49.800000000000004,20.75,0.0,103.75,78.85000000000001,58.10000000000001,4.15
PAPER LANTERN 9 POINT SNOW STAR,0.0,0.0,0.0,0.0,33.2,76.0,41.5,33.85,8.3,411.5,190.9,199.20000000000002,45.650000000000006
PAPER LANTERN 9 POINT SNOW STAR ,0.0,0.0,0.0,0.0,34.5,23.0,74.75,0.0,11.5,166.75,103.5,138.0,103.5
PAPER POCKET TRAVELING FAN ,5.32,0.0,3.3600000000000003,10.080000000000002,21.840000000000003,25.200000000000003,18.48,8.540000000000001,15.120000000000001,27.300000000000004,8.4,22.540000000000003,0.0
PAPERWEIGHT CHILDHOOD MEMORIES,45.9,0.0,15.299999999999999,5.1,15.299999999999999,30.599999999999998,61.199999999999996,15.299999999999999,20.4,27.909999999999997,30.599999999999998,63.33,23.68
PAPERWEIGHT HOME SWEET HOME,25.5,56.099999999999994,0.0,15.299999999999999,15.299999999999999,0.0,2.55,15.299999999999999,0.0,10.2,15.299999999999999,15.299999999999999,15.209999999999999
PAPERWEIGHT KINGS CHOICE ,10.2,30.599999999999998,0.0,5.1,30.599999999999998,5.1,0.0,15.299999999999999,0.0,7.6499999999999995,15.299999999999999,20.4,9.75
PAPERWEIGHT SAVE THE PLANET,58.64999999999999,45.9,0.0,35.699999999999996,30.599999999999998,30.599999999999998,0.0,17.849999999999998,30.599999999999998,40.8,45.9,33.15,17.16
PAPERWEIGHT VINTAGE COLLAGE,25.5,71.39999999999999,0.0,45.9,76.5,48.449999999999996,17.849999999999998,53.55,15.299999999999999,20.4,81.46,61.199999999999996,43.29
PAPERWEIGHT VINTAGE PAISLEY,10.2,10.2,0.0,30.599999999999998,0.0,0.0,0.0,15.299999999999999,0.0,0.0,15.299999999999999,17.849999999999998,16.77
PARISIENNE CURIO CABINET,0.0,0.0,0.0,0.0,0.0,692.1,616.4,337.5,454.8,437.1,429.6,300.0,169.8
PARISIENNE JEWELLERY DRAWER ,0.0,0.0,0.0,0.0,0.0,902.8,525.0,270.0,383.9,630.0,871.4,442.5,596.7
PARISIENNE KEY CABINET ,0.0,0.0,0.0,0.0,0.0,723.2,544.95,297.7,572.4,483.0,298.35,497.95,97.75
PARLOUR CERAMIC WALL HOOK,0.0,0.0,0.0,0.0,83.0,240.70000000000002,224.10000000000002,74.7,327.85,83.00000000000001,116.2,290.5,74.7
PARTY BUNTING,418.5,1027.65,1373.4,3024.4500000000003,3915.4500000000003,5489.55,4737.150000000001,4519.35,3608.55,2843.2000000000003,1970.1000000000001,1560.2,465.3
PARTY CHARMS 50 PIECES,0.0,0.0,0.0,0.0,0.0,0.0,134.45999999999998,130.31,89.63999999999999,65.57,63.91,121.17999999999999,13.28
PARTY CONE CHRISTMAS DECORATION ,203.99999999999997,0.0,15.299999999999999,5.1,0.0,0.0,20.4,5.1,39.949999999999996,127.49999999999999,173.39999999999998,137.7,45.9
PARTY CONES CANDY ASSORTED,105.0,85.44,60.0,217.5,112.5,37.5,90.0,97.5,30.0,97.5,60.0,16.25,0.0
PARTY CONES CANDY DECORATION,0.0,0.0,0.0,0.0,0.0,0.0,0.0,0.0,0.0,0.0,47.82,10.2,2.46
PARTY CONES CANDY TREE DECORATION,25.5,27.48,81.6,40.8,10.2,10.2,20.4,10.2,20.4,0.0,0.0,0.0,0.0
PARTY CONES CARNIVAL ASSORTED,90.0,90.0,60.0,67.5,0.0,0.0,0.0,0.0,0.0,0.0,0.0,0.0,0.0
PARTY FOOD SHOPPER BAG,30.0,61.25,55.0,82.5,16.25,11.25,11.25,0.0,0.0,0.0,0.0,0.0,0.0
PARTY INVITES BALLOON GIRL,10.2,24.65,28.049999999999997,37.4,7.6499999999999995,16.15,30.599999999999998,22.099999999999998,34.0,23.799999999999997,27.2,28.9,11.899999999999999
PARTY INVITES DINOSAURS,21.25,45.9,73.1,40.8,17.849999999999998,16.15,57.8,43.349999999999994,37.4,50.14999999999999,44.199999999999996,34.849999999999994,4.25
PARTY INVITES FOOTBALL,34.849999999999994,24.65,27.2,10.2,5.949999999999999,44.199999999999996,50.15,20.4,20.4,17.0,2.55,39.949999999999996,11.899999999999999
PARTY INVITES JAZZ HEARTS,33.15,45.9,53.55,34.0,11.899999999999999,35.699999999999996,42.5,25.5,40.8,17.85,29.75,27.979999999999997,13.53
PARTY INVITES SPACEMAN,25.5,30.599999999999998,59.49999999999999,31.449999999999996,19.55,11.899999999999999,31.45,37.4,30.599999999999998,54.4,15.299999999999999,36.55,10.2
PARTY INVITES WOODLAND,20.4,118.14999999999999,24.65,36.55,22.099999999999998,24.65,19.549999999999997,44.199999999999996,54.39999999999999,73.94999999999999,54.26,28.9,1.7
PARTY METAL SIGN ,110.19999999999999,0.0,0.0,268.25,386.7,411.79999999999995,287.09999999999997,239.24999999999997,495.9,317.10999999999996,302.60999999999996,573.5999999999999,127.6
PARTY PIZZA DISH BLUE POLKADOT,20.28,40.32,2.55,42.5,15.299999999999999,21.25,5.1,14.45,20.4,10.2,1.7,14.45,16.53
PARTY PIZZA DISH GREEN POLKADOT,25.32,15.120000000000001,0.0,32.3,5.1,5.1,5.1,24.65,20.4,0.0,0.0,18.56,16.53
PARTY PIZZA DISH PINK POLKADOT,20.28,45.36,0.0,25.5,35.699999999999996,5.949999999999999,25.5,34.849999999999994,34.0,22.029999999999998,0.0,15.299999999999999,15.390000000000002
PARTY PIZZA DISH RED RETROSPOT,30.36,50.4,30.54,45.9,45.9,40.8,34.0,24.65,22.95,40.8,0.0,15.299999999999999,24.700000000000003
PARTY TIME DESIGN FLANNEL,1.7,0.0,0.0,11.049999999999999,0.0,10.2,10.2,10.2,0.0,1.7,10.2,1.7,1.9500000000000002
PARTY TIME PENCIL ERASERS,0.21,0.0,0.84,1.26,0.21,0.63,1.8900000000000001,6.09,0.63,1.26,9.24,11.76,7.35
PASTEL BLUE PHOTO ALBUM ,0.0,0.0,0.0,0.0,14.5,0.0,0.0,0.0,0.0,0.0,0.0,0.0,0.0
PASTEL COLOUR HONEYCOMB FAN,0.0,39.599999999999994,59.39999999999999,8.25,6.6,3.3,18.33,37.83,28.08,28.08,15.209999999999999,34.71,14.82
PASTEL PINK PHOTO ALBUM ,0.0,0.0,0.0,1.5,2.0,0.0,0.0,0.0,0.0,0.0,0.0,0.0,0.0
PEACE SMALL WOOD LETTERS,33.75,6.75,40.5,13.5,6.75,27.0,13.5,6.75,0.0,13.5,6.75,0.0,0.0
PEACE WOODEN BLOCK LETTERS,222.4,13.9,20.85,138.75,41.7,41.7,55.6,83.14999999999999,166.54999999999998,180.70000000000002,250.20000000000002,194.6,261.29999999999995
PEACH KNITTED HEN ,0.0,1.65,29.699999999999996,39.599999999999994,9.899999999999999,0.0,0.0,0.0,0.0,0.0,0.0,0.0,0.0
PEARL AND CHERRY QUARTZ BRACLET,0.0,0.0,0.0,0.0,0.0,7.0,0.0,0.0,0.0,0.0,0.0,0.0,0.0
PEARL CRYSTAL PUMPKIN T-LIGHT HLDR,194.69999999999996,161.7,174.89999999999998,224.39999999999998,107.24999999999999,204.59999999999997,130.35,105.6,138.59999999999997,49.49999999999999,117.11999999999998,161.67,46.98
PEARLISED IVORY HEART LARGE ,0.0,0.0,0.0,0.0,0.0,0.0,0.0,0.0,0.0,0.0,178.2,201.45,62.69999999999999
PEARLISED IVORY HEART SMALL ,0.0,0.0,0.0,0.0,0.0,0.0,0.0,0.0,0.0,0.0,82.5,153.71,30.0
PEG BAG APPLES DESIGN,73.94999999999999,285.59999999999997,226.95,198.89999999999998,262.65,321.29999999999995,137.7,155.54999999999998,204.0,101.72,157.95999999999998,124.66999999999999,35.419999999999995
PENCIL CASE LIFE IS BEAUTIFUL,197.65000000000003,73.75000000000001,144.55,126.85000000000002,35.400000000000006,61.95000000000001,0.0,41.300000000000004,73.75000000000001,64.9,111.99000000000001,156.13000000000002,26.330000000000002
PENNY FARTHING BIRTHDAY CARD,35.28,60.480000000000004,20.16,40.32,70.56,100.8,131.04,60.480000000000004,95.76,132.7,41.98,116.57000000000001,15.120000000000001
PENS ASSORTED FUNKY JEWELED ,0.85,0.0,0.0,0.0,0.0,0.0,0.0,0.0,0.0,0.0,0.0,0.0,0.0
PENS ASSORTED FUNNY FACE,0.0,0.0,0.0,0.0,0.0,0.0,0.38,0.0,0.0,0.0,0.0,0.0,0.0
PENS ASSORTED SPACEBALL,0.0,0.0,0.0,0.0,0.0,0.0,0.0,0.0,0.0,8.149999999999999,14.669999999999998,1.63,8.149999999999999
PERIWINKLE T-LIGHT HOLDER,1.25,23.75,0.0,3.75,1.25,5.0,0.0,0.0,0.0,5.0,0.0,5.0,0.0
"PET MUG, GOLDFISH",0.0,0.0,0.84,0.0,0.0,0.0,2.2800000000000002,0.19,0.0,0.0,0.0,2.2800000000000002,0.0
PETIT TRAY CHIC,0.0,0.0,0.0,0.0,0.0,145.2,80.85,44.55,80.85,212.82999999999998,226.02999999999997,432.28,11.54
PHARMACIE FIRST AID TIN,128.25,337.5,87.75,202.59,114.75,114.75,141.75,135.7,54.0,94.5,87.75,94.5,27.0
PHOTO CLIP LINE,6.25,40.0,7.5,15.0,0.0,25.0,7.5,7.5,37.5,1.25,55.0,7.46,1.25
PHOTO CUBE,272.24999999999994,125.39999999999999,113.84999999999998,72.6,39.209999999999994,34.65,52.8,100.64999999999998,59.39999999999999,249.05999999999997,178.07,425.37,102.11999999999999
PHOTO FRAME CORNICE,395.3,795.75,448.40000000000003,522.1500000000001,737.5,407.1,392.35,660.8000000000001,395.3,604.75,592.84,613.6,156.24
PHOTO FRAME LINEN AND LACE LARGE,0.0,0.0,0.0,0.0,0.0,0.0,0.0,0.0,0.0,311.25,270.99,144.48000000000002,45.0
PHOTO FRAME LINEN AND LACE SMALL,0.0,0.0,0.0,0.0,0.0,0.0,0.0,0.0,0.0,287.04,131.04000000000002,199.68,27.04
PICNIC BASKET WICKER LARGE,0.0,0.0,0.0,0.0,0.0,0.0,3.0,0.0,0.0,0.0,0.0,0.0,0.0
PICNIC BASKET WICKER SMALL,513.5500000000001,889.85,668.0500000000001,1048.65,1044.95,1320.1000000000001,85.15,17.85,142.8,37.7,0.0,0.0,0.0
PICNIC BOXES SET OF 3 RETROSPOT ,19.8,207.9,39.6,301.95,113.85000000000001,356.40000000000003,108.9,99.0,267.3,287.1,108.9,217.8,118.80000000000001
PICTURE DOMINOES,387.15,87.0,156.6,126.14999999999999,169.64999999999998,261.0,130.5,195.75,84.1,392.28,391.71999999999997,645.02,166.46999999999997
PICTURE FRAME WOOD TRIPLE PORTRAIT,426.3,565.2,375.15,571.95,348.15,388.65,477.45000000000005,517.95,520.8,353.49,276.75,642.3,264.3
PIECE OF CAMO STATIONERY SET,0.0,0.0,0.0,0.0,0.0,0.0,1.12,0.0,0.0,1.92,1.9200000000000002,1.6,0.0
PIG KEYRING WITH LIGHT & SOUND ,151.25,30.0,60.0,30.0,60.0,30.0,0.0,30.0,0.0,30.0,81.25,181.25,0.39
PIG MUG IN TWO COLOUR DESIGNS,0.0,18.7,0.0,0.0,1.56,4.68,4.68,10.139999999999999,4.68,0.0,4.68,0.0,0.0
PIGGY BANK RETROSPOT ,364.65,178.5,175.95,224.39999999999998,206.54999999999998,346.79999999999995,142.79999999999998,216.45,342.75,252.45,287.87,183.6,0.0
PIN CUSHION BABUSHKA BLUE,0.0,60.300000000000004,23.450000000000003,10.05,40.2,0.0,3.35,40.2,0.0,3.35,6.7,0.0,36.35
PIN CUSHION BABUSHKA PINK,10.05,40.2,6.7,10.05,63.650000000000006,0.0,3.35,40.2,0.0,21.39,92.49000000000001,69.65,75.26
PIN CUSHION BABUSHKA RED,3.35,167.5,3.35,30.15,20.1,20.1,0.0,100.5,20.1,23.450000000000003,73.7,40.06,73.95
PING MICROWAVE APRON,29.75,5.95,0.0,60.449999999999996,64.35,74.1,35.099999999999994,115.05,54.599999999999994,74.33,102.32,87.17999999999999,90.42
PING! MICROWAVE PLATE,40.0,20.0,0.0,0.0,3.75,22.5,0.0,0.0,15.0,23.03,20.2,46.980000000000004,55.07
PINK  HEART CONFETTI IN TUBE,21.449999999999996,67.64999999999999,3.3,79.19999999999999,75.89999999999999,65.99999999999999,4.949999999999999,74.24999999999999,59.39999999999999,1.65,0.0,1.65,19.799999999999997
PINK  HEART SHAPE LOVE BUCKET ,61.95000000000001,50.150000000000006,61.95000000000001,97.35000000000002,64.9,162.25000000000003,118.00000000000001,41.300000000000004,26.55,76.59,20.650000000000002,67.85000000000001,139.83
PINK  HONEYCOMB PAPER BALL ,12.600000000000001,105.00000000000001,54.60000000000001,77.7,4.2,16.8,0.0,0.0,0.0,0.0,0.0,0.0,0.0
PINK  HONEYCOMB PAPER FAN,52.5,0.0,52.50000000000001,2.1,8.4,2.1,20.150000000000002,24.05,31.85,25.35,10.4,34.45,22.75
PINK  POLKADOT CUP,72.25,79.05,115.6,92.64999999999999,109.64999999999999,161.5,145.35,119.85,86.7,62.05,45.05,89.17999999999999,28.9
PINK  POLKADOT PLATE ,87.88,114.92,143.65,163.93,98.02,255.19,140.27,76.05,177.45,118.3,150.41,0.0,0.0
PINK & WHITE BREAKFAST TRAY,17.85,11.9,0.0,41.45,100.30000000000001,26.550000000000004,0.0,0.0,0.0,0.0,0.0,0.0,0.0
PINK & WHITE ROSEBUD RING,0.0,0.0,0.0,8.5,0.0,0.0,0.0,12.75,0.0,16.9,16.6,4.15,0.0
PINK 3 PIECE POLKADOT CUTLERY SET,630.0,750.0,562.45,87.15,0.0,0.0,0.0,0.0,0.0,0.0,0.0,0.0,0.0
PINK ACRYLIC JEWEL SNOWFLAKE,0.0,0.0,0.0,0.0,0.0,0.0,0.0,0.0,4.5600000000000005,0.0,0.0,0.0,0.0
PINK AND BLACK STRING CURTAIN,0.0,0.0,5.95,5.95,0.0,0.0,0.0,0.0,0.0,0.0,3.9,1.95,0.0
PINK AND WHITE CHRISTMAS TREE 120CM,0.0,0.0,0.0,0.0,0.0,70.80000000000001,0.0,17.700000000000003,17.700000000000003,53.10000000000001,29.13,156.0,2.95
PINK B'FLY C/COVER W BOBBLES,17.85,23.8,0.0,23.8,0.0,0.0,0.0,0.0,0.0,0.0,0.0,0.0,0.0
PINK BABY BUNTING,14.75,221.25,250.75,365.8,209.45,421.85,215.35,318.6,244.85,295.0,232.72,179.84,32.45
PINK BAROQUE FLOCK CANDLE HOLDER,11.9,0.0,0.0,0.0,0.0,0.0,0.0,0.0,0.0,0.0,0.0,0.0,0.0
PINK BERTIE GLASS BEAD BAG CHARM,10.2,40.8,0.0,0.0,0.0,2.1,0.0,0.0,0.0,0.0,0.0,0.0,0.0
PINK BITTY LIGHT CHAIN,0.0,0.0,0.0,0.0,0.0,0.0,0.0,4.65,0.0,0.0,30.0,40.0,15.0
PINK BLUE FELT CRAFT TRINKET BOX,273.75,247.94,218.75,392.5,327.5,332.5,212.94,252.5,340.0,470.08,675.38,688.51,189.84
PINK BOUDICCA LARGE BRACELET,13.9,0.0,6.95,0.0,20.85,41.7,6.95,0.0,0.0,62.550000000000004,0.0,69.5,0.0
PINK BOUDOIR T-LIGHT HOLDER,10.2,0.0,0.0,0.0,0.0,0.0,0.0,0.0,0.0,0.0,0.0,0.0,0.0
PINK BREAKFAST CUP AND SAUCER ,2.95,23.6,0.0,3.9,0.0,0.0,0.0,0.0,0.0,0.0,0.0,0.0,0.0
PINK BUNNY EASTER EGG BASKET,0.0,0.0,0.0,0.0,0.0,0.0,0.0,0.0,0.0,0.0,23.099999999999998,0.0,0.0
PINK BUTTERFLY CUSHION COVER,0.0,0.0,0.0,0.0,23.4,9.75,0.0,0.0,0.0,0.0,0.0,0.0,0.0
PINK BUTTERFLY CUSHION COVER ,0.0,19.8,0.0,0.0,39.6,0.0,0.0,0.0,0.0,0.0,0.0,0.0,0.0
PINK BUTTERFLY WASHBAG,8.5,0.0,0.0,0.0,0.0,4.25,0.0,0.0,0.0,12.75,0.0,4.25,4.25
PINK CANDYSTUFT ARTIFICIAL FLOWER,1.45,8.7,34.8,2.9,0.0,0.0,8.7,0.0,0.0,2.9,0.0,0.0,37.44
PINK CAT BOWL,2.1,33.6,14.700000000000001,16.8,8.4,0.0,2.1,14.700000000000001,16.8,3.26,14.45,8.62,41.89
PINK CAT FLORAL CUSHION COVER ,3.75,0.0,0.0,0.0,0.0,0.0,18.75,0.0,0.0,0.0,0.0,0.0,0.0
PINK CHERRY BLOSSOM CUP & SAUCER,0.0,7.5,0.0,0.0,0.0,0.0,0.0,0.0,0.0,0.0,0.0,0.0,0.0
PINK CHERRY LIGHTS,0.0,27.0,0.0,0.0,0.0,0.0,0.0,0.0,0.0,0.0,0.0,0.0,0.0
PINK CHICK EGG WARMER + EGG CUP,2.1,25.200000000000003,27.300000000000004,76.2,24.65,0.0,0.0,0.0,0.0,0.0,6.8,0.0,0.0
PINK CHRISTMAS FLOCK DROPLET ,10.0,0.0,0.0,0.0,0.0,0.0,0.0,0.0,0.0,0.0,0.0,0.0,0.0
PINK CHRYSANTHEMUMS ART FLOWER,0.0,0.0,37.800000000000004,0.0,0.0,0.0,0.0,0.0,0.0,0.0,0.0,0.0,0.0
PINK CLEAR GLASS CANDLE PLATE,0.0,0.0,0.0,0.0,0.0,0.0,7.5,0.0,0.0,0.0,22.5,5.0,0.0
PINK CREAM FELT CRAFT TRINKET BOX ,358.75,283.75,315.0,510.0,321.25,432.5,303.75,382.5,381.25,612.18,802.85,825.57,243.71
PINK CRYSTAL GUITAR PHONE CHARM,0.0,0.0,0.0,0.85,0.0,0.0,0.0,0.0,0.0,0.0,0.0,0.0,0.0
PINK CRYSTAL SKULL PHONE CHARM,0.0,0.0,0.0,0.0,0.0,0.0,0.0,0.0,0.0,0.0,0.0,0.0,2.47
PINK CRYSTAL+GLASS BRACELET,0.0,29.700000000000003,4.95,0.0,0.0,4.95,0.0,0.0,0.0,0.0,0.0,0.0,0.0
PINK DAISY BAG CHARM,0.0,0.0,0.0,0.0,0.0,0.0,0.0,0.0,0.0,15.299999999999999,0.0,0.0,0.0
PINK DIAMANTE PEN IN GIFT BOX,135.95,0.0,9.9,14.850000000000001,0.0,0.0,14.850000000000001,14.850000000000001,4.95,14.850000000000001,4.95,74.25,9.9
PINK DISCO HANDBAG,0.0,0.0,11.9,0.0,0.0,1.95,0.0,44.849999999999994,46.8,5.85,25.349999999999998,37.74,1.95
PINK DOG BOWL,64.14999999999999,89.99000000000001,20.4,67.85000000000001,20.650000000000002,2.95,8.850000000000001,20.650000000000002,29.500000000000004,7.87,8.36,22.62,48.28
PINK DOG CANNISTER,5.95,0.0,0.0,11.9,21.45,0.0,0.0,0.0,0.0,0.0,0.0,0.0,0.0
PINK DOUGHNUT TRINKET POT ,186.45,109.79999999999998,151.79999999999998,247.49999999999997,122.99999999999999,145.2,100.64999999999999,148.49999999999997,59.39999999999999,98.99,108.85999999999999,359.68999999999994,3.9
PINK DRAWER KNOB ACRYLIC EDWARDIAN,166.25,235.57,285.22,215.0,209.19,153.75,243.75,198.97,128.75,210.0,157.5,168.31,15.0
PINK EASTER HENS+FLOWER,0.0,0.0,0.0,0.0,0.0,0.0,0.0,11.25,0.0,0.0,0.0,0.0,0.0
PINK ENAMEL FLOWER HAIR TIE,0.0,0.0,0.0,0.0,0.0,17.700000000000003,0.0,0.0,0.0,17.700000000000003,0.0,0.0,0.0
PINK ENAMEL+GLASS HAIR COMB,12.600000000000001,0.0,0.0,0.0,0.0,0.0,12.600000000000001,0.0,18.900000000000002,10.5,2.1,0.0,0.0
PINK FAIRY CAKE CHILDRENS APRON,218.4,47.1,302.25,442.65,237.9,436.8,169.65,214.5,319.8,349.28,365.57,835.98,82.13
PINK FAIRY CAKE CUSHION COVER,17.7,22.65,11.25,120.0,40.05,15.0,37.5,2.55,58.95,20.1,30.0,45.3,15.0
PINK FEATHERS CURTAIN,0.0,0.0,0.0,0.0,25.0,0.0,0.0,0.0,0.0,25.28,0.0,0.0,0.0
PINK FELT EASTER EGG BASKET,0.0,23.099999999999998,0.0,0.0,0.0,0.0,0.0,0.0,0.0,0.0,0.0,0.0,0.0
PINK FELT EASTER RABBIT GARLAND,30.599999999999998,22.95,76.5,94.35,71.39999999999999,0.0,0.0,0.0,0.0,0.0,0.0,0.0,0.0
PINK FELT HANGING HEART W FLOWER,0.0,0.0,0.0,30.599999999999998,10.2,0.0,0.0,0.0,5.1,0.0,0.0,0.0,0.0
PINK FLOCK GLASS CANDLEHOLDER,9.899999999999999,0.0,9.899999999999999,0.0,9.88,0.0,0.0,0.0,0.0,0.0,0.0,0.0,0.0
PINK FLOCK PHOTO FRAME ,0.0,0.0,0.0,0.0,0.0,15.0,0.0,0.0,0.0,0.0,0.0,0.0,0.0
PINK FLOCK SUEDE CUSHION COVER ,0.0,0.0,0.0,0.0,0.0,0.0,15.0,0.0,0.0,0.0,0.0,0.0,0.0
PINK FLORAL FELTCRAFT SHOULDER BAG,277.5,82.5,206.25,172.5,135.0,198.75,153.75,249.24,228.75,146.21,763.59,723.93,153.75
PINK FLOWER CROCHET FOOD COVER,7.5,60.0,67.5,26.25,60.0,93.75,56.25,97.5,75.0,41.25,74.96000000000001,45.0,22.5
PINK FLOWER FABRIC PONY,26.25,0.0,0.0,30.0,30.0,18.75,41.25,41.25,15.0,15.0,30.0,7.5,11.25
PINK FLOWERS RABBIT EASTER,0.0,0.0,17.700000000000003,23.4,0.0,0.0,5.9,0.0,0.0,0.0,0.0,1.95,0.0
PINK FLUFFY CHRISTMAS DECORATION,4.5600000000000005,0.0,0.0,0.0,0.0,0.0,0.0,0.0,0.0,0.0,0.0,0.0,0.0
PINK FLY SWAT,1.9500000000000002,1.3,0.0,1.9500000000000002,0.65,9.100000000000001,16.25,1.9500000000000002,3.25,0.65,1.3,2.6,0.0
PINK FOXGLOVE ARTIIFCIAL FLOWER,0.0,0.0,0.0,17.849999999999998,0.0,0.0,0.0,0.0,0.0,17.849999999999998,0.0,0.0,0.0
PINK GAUZE BUTTERFLY LAMPSHADE,0.0,0.0,1.68,0.42,0.0,0.0,0.0,0.0,0.0,0.84,0.0,3.36,0.0
PINK GINGHAM CAT WITH SCARF,15.299999999999999,2.55,15.299999999999999,68.85,5.1,51.0,50.99999999999999,2.55,0.0,0.0,0.0,0.0,0.0
PINK GLASS CANDLEHOLDER,35.400000000000006,23.6,35.400000000000006,29.500000000000004,78.9,17.700000000000003,35.400000000000006,76.70000000000002,0.0,26.550000000000004,41.300000000000004,47.2,0.0
PINK GLASS TASSLE BAG CHARM ,11.8,0.0,0.0,0.0,0.0,0.0,8.850000000000001,0.0,0.0,0.0,0.0,0.0,0.0
PINK GOOSE FEATHER TREE 60CM,0.0,0.0,0.0,0.0,0.0,3.9,0.0,23.4,31.2,50.699999999999996,74.1,31.2,35.099999999999994
PINK GREEN EMBROIDERY COSMETIC BAG,17.700000000000003,0.0,0.0,0.0,0.0,0.0,0.0,0.0,0.0,0.0,2.95,2.95,0.0
PINK HANGING GINGHAM EASTER HEN,0.0,6.720000000000001,0.0,2.52,4.2,0.0,0.0,0.0,0.0,0.0,0.0,0.0,0.0
PINK HANGING HEART T-LIGHT HOLDER,0.0,0.0,0.0,0.0,0.0,0.0,0.0,0.0,0.0,0.0,191.42000000000002,299.91,96.80000000000001
PINK HAPPY BIRTHDAY BUNTING,174.4,283.4,523.2,670.35,555.9,1177.2,583.15,648.5500000000001,408.75,981.0000000000001,512.3000000000001,392.40000000000003,81.75
PINK HEART DOTS HOT WATER BOTTLE,30.0,0.0,0.0,0.0,0.0,0.0,0.0,0.0,0.0,0.0,0.0,0.0,0.0
PINK HEART OF GLASS BRACELET,0.0,5.95,11.9,0.0,17.85,23.8,0.0,5.95,17.85,0.0,0.0,0.0,0.0
PINK HEART RED HANDBAG,0.0,8.850000000000001,0.0,0.0,0.0,0.0,0.0,0.0,2.46,0.0,0.0,0.0,0.0
PINK HEART SHAPE EGG FRYING PAN,130.35,529.65,297.59999999999997,145.2,97.34999999999998,56.24999999999999,129.14999999999998,54.449999999999996,85.79999999999998,83.33999999999999,116.33999999999999,0.0,0.0
PINK HEART SHAPE PHOTO FRAME,29.699999999999996,84.14999999999999,42.89999999999999,11.549999999999999,3.3,36.3,1.65,21.449999999999996,26.4,0.0,0.0,0.0,0.0
PINK HEARTS LIGHT CHAIN ,60.0,101.85,0.0,0.0,0.0,13.950000000000001,4.65,4.65,13.950000000000001,0.0,55.800000000000004,4.65,46.5
PINK HEARTS PAPER GARLAND,3.3,3.3,0.0,0.0,0.0,0.0,0.0,0.0,0.0,0.0,0.0,6.6,0.0
PINK HORSE SOCK PUPPET,50.150000000000006,56.05000000000001,17.700000000000003,94.4,44.25000000000001,82.60000000000002,100.30000000000001,70.80000000000001,148.95,23.6,0.0,0.0,0.0
PINK HORSE SOCK PUPPET KIT,0.0,0.0,0.0,0.0,0.0,0.0,0.0,0.0,0.0,0.0,41.300000000000004,82.60000000000001,0.0
PINK HYDRANGEA ART FLOWER,0.0,25.200000000000003,12.600000000000001,0.0,25.200000000000003,12.600000000000001,0.0,0.0,0.0,0.0,0.0,21.0,0.0
PINK JEWELLED MIRROR TRINKET TRAY,0.0,0.0,0.0,0.0,0.0,0.0,0.0,0.0,0.0,0.0,0.0,0.0,29.25
PINK JEWELLED PHOTO FRAME,0.0,0.0,0.0,0.0,0.0,0.0,0.0,0.0,0.0,0.0,0.0,12.72,0.0
PINK JEWELLED PHOTO FRAME ,0.0,0.0,19.8,0.0,19.8,59.400000000000006,34.65,0.0,19.8,0.0,17.0,61.55,24.75
PINK KNITTED EGG COSY,11.7,0.0,9.75,35.879999999999995,14.43,0.0,0.0,0.0,0.0,0.0,0.0,0.0,0.0
PINK LOVE BIRD CANDLE,35.16,6.25,18.75,11.25,2.5,16.25,7.5,0.0,0.0,30.0,1.25,31.25,0.0
PINK LOVE HEART SHAPE CUP,29.75,72.25,20.4,61.199999999999996,31.449999999999996,28.9,33.15,11.049999999999999,0.0,22.099999999999998,20.4,27.909999999999997,15.299999999999999
PINK METAL CHICKEN HEART ,0.0,75.99,132.60999999999999,149.0,28.31,4.47,8.94,7.45,5.96,0.0,13.41,0.0,0.0
PINK METAL SWINGING BUNNY,0.0,41.65,17.849999999999998,4.25,0.0,0.0,0.0,0.0,0.0,0.0,0.0,0.0,0.0
PINK MONTE CARLO HANDBAG,0.0,0.0,0.0,0.0,23.4,0.0,140.39999999999998,17.55,0.0,0.0,0.0,0.0,0.0
PINK NEW BAROQUE FLOCK CANDLESTICK,4.65,13.950000000000001,9.3,0.0,0.0,0.0,0.0,0.0,0.0,0.0,0.0,0.0,0.0
PINK NEW BAROQUECANDLESTICK CANDLE,129.3,46.699999999999996,38.1,46.699999999999996,0.0,40.8,0.0,61.199999999999996,20.4,64.6,1.7,0.85,20.4
PINK OVAL JEWELLED MIRROR,17.85,11.9,29.75,11.9,11.9,0.0,35.7,0.0,0.0,0.0,0.0,0.0,0.0
PINK OWL SOFT TOY,73.75,174.05,67.85000000000001,171.10000000000002,129.8,91.45000000000002,38.35000000000001,53.10000000000001,109.15000000000002,106.20000000000002,300.90000000000003,413.00000000000006,38.35000000000001
PINK PADDED MOBILE,55.25,46.75,80.75,97.75,80.75,38.25,80.75,21.25,12.75,0.0,25.5,0.0,0.0
PINK PAISLEY CUSHION COVER ,23.8,0.0,0.0,5.95,0.0,0.0,17.85,11.9,0.0,0.0,0.0,0.0,0.0
PINK PAISLEY ROSE GIFT WRAP,31.5,21.0,10.5,31.5,21.0,21.0,31.5,63.0,21.0,42.0,63.0,21.0,10.5
PINK PAISLEY SQUARE TISSUE BOX ,22.5,0.0,2.5,1.25,6.25,2.5,6.25,10.530000000000001,3.9000000000000004,13.26,17.400000000000002,23.01,3.12
PINK PAPER PARASOL ,17.700000000000003,59.0,26.550000000000004,109.15000000000002,115.05000000000001,200.60000000000002,168.15,147.50000000000003,56.05000000000001,85.55000000000001,8.850000000000001,100.19000000000001,8.74
PINK PARTY BAGS,58.80000000000001,151.20000000000002,239.40000000000003,165.9,216.3,140.70000000000002,214.20000000000002,186.9,100.80000000000001,123.90000000000002,67.2,54.6,25.200000000000003
PINK PARTY SUNGLASSES,1.95,0.0,0.0,3.9,0.0,11.7,0.0,1.95,1.95,0.0,0.0,1.95,0.0
PINK PILLAR CANDLE SILVER FLOCK,0.0,2.95,8.850000000000001,0.0,0.0,2.95,0.0,0.0,0.0,0.0,5.9,44.25000000000001,58.78
PINK POLKADOT BOWL,87.5,128.75,217.5,86.25,131.25,195.0,201.25,117.5,168.75,174.92000000000002,102.46,148.63,84.96000000000001
PINK POLKADOT CHILDRENS UMBRELLA,117.0,169.0,100.75,19.5,0.0,0.0,0.0,0.0,0.0,0.0,0.0,0.0,0.0
PINK POLKADOT GARDEN PARASOL,0.0,0.0,0.0,0.0,0.0,0.0,202.5,0.0,67.5,0.0,0.0,0.0,0.0
PINK POLKADOT KIDS BAG,0.0,1.95,0.0,0.0,0.0,0.0,0.0,0.0,0.0,0.0,0.0,0.0,0.0
PINK POLKADOT PLATE ,0.0,0.0,0.0,0.0,0.0,0.0,0.0,0.0,0.0,0.0,0.0,135.2,43.94
PINK POLKADOT WRAP ,73.5,189.0,147.0,220.5,115.5,105.0,199.5,189.0,220.5,210.0,168.0,178.5,52.5
PINK POT PLANT CANDLE,3.75,15.0,33.75,3.75,45.0,0.0,38.35000000000001,2.95,0.0,109.15000000000002,0.0,112.10000000000002,46.25
PINK REGENCY TEACUP AND SAUCER,14.75,0.0,1094.0500000000002,876.1500000000001,1140.1000000000001,1348.1000000000001,870.45,802.35,1008.1000000000001,1661.45,984.0600000000001,1062.74,373.79
PINK RETRO BIG FLOWER BAG,0.0,11.7,11.7,23.4,25.349999999999998,7.8,29.25,0.0,0.0,0.0,0.0,0.0,0.0
PINK RIVIERA HANDBAG,0.0,0.0,11.9,0.0,11.9,0.0,0.0,0.0,0.0,0.0,0.0,0.0,0.0
PINK ROSE FABRIC MIRROR,47.5,2.5,15.0,15.0,30.0,6.25,27.72,0.0,0.0,2.5,8.75,28.75,2.5
PINK ROSE WASHBAG,26.25,11.25,11.25,11.25,60.0,82.5,22.5,82.5,37.5,41.25,0.0,0.0,0.0
PINK ROSEBUD & PEARL NECKLACE,0.0,0.0,0.0,0.0,15.0,0.0,0.0,0.0,0.0,0.0,0.0,15.0,0.0
PINK ROSEBUD PEARL BRACELET,0.0,0.0,0.0,15.0,15.0,0.0,0.0,0.0,15.0,0.0,0.0,13.649999999999999,11.7
PINK ROUND COMPACT MIRROR,0.0,0.0,0.0,0.0,15.0,0.0,0.0,0.0,0.0,0.0,0.0,0.0,0.0
PINK SCOTTIE DOG W FLOWER PATTERN,0.0,2.55,2.55,5.1,7.6499999999999995,15.299999999999999,22.95,38.25,17.849999999999998,22.95,15.299999999999999,58.64999999999999,0.0
PINK SMALL GLASS CAKE STAND,0.0,0.0,0.0,46.8,0.0,0.0,0.0,0.0,0.0,0.0,0.0,0.0,0.0
PINK SMALL JEWELLED PHOTOFRAME,3.3,0.0,0.0,0.0,0.0,0.0,1.65,1.65,0.0,6.6,3.3,3.3,0.0
PINK SPOTS CHOCOLATE NESTING BOXES ,64.14999999999999,5.9,0.0,0.0,0.0,0.0,0.0,0.0,0.0,0.0,0.0,0.0,0.0
PINK SQUARE TABLE CLOCK,0.0,0.0,15.299999999999999,0.0,0.0,0.0,0.0,0.0,0.0,0.0,15.299999999999999,0.0,1.58
PINK STITCHED WALL CLOCK,75.0,25.0,0.0,0.0,3.75,0.0,0.0,105.07000000000001,17.380000000000003,33.970000000000006,0.0,0.0,0.0
PINK STOCKING CHRISTMAS DECORATION,0.0,0.0,0.0,0.0,0.0,0.0,3.8,3.8,4.5600000000000005,31.160000000000004,11.02,3.42,0.0
PINK STRAWBERRY HANDBAG ,5.9,0.0,0.0,5.9,0.0,5.9,0.0,0.0,0.0,0.0,17.700000000000003,2.95,0.0
PINK STRING CURTAIN WITH POLE,0.0,0.0,11.9,0.0,0.0,0.0,0.0,11.7,0.0,33.15,0.0,5.85,0.0
PINK SWEETHEART BRACELET,89.25,0.0,17.0,0.0,8.5,17.0,38.25,25.5,21.25,4.25,119.75,0.0,63.75
PINK TALL PORCELAIN T-LIGHT HOLDER ,2.55,0.0,0.0,5.1,0.0,0.0,5.1,0.0,0.0,0.0,0.0,0.0,0.0
PINK UNION JACK  LUGGAGE TAG,46.25,15.0,47.5,38.75,30.22,17.5,38.75,13.75,10.0,2.5,20.0,36.17,13.629999999999999
PINK UNION JACK  PASSPORT COVER ,44.1,29.4,60.900000000000006,37.800000000000004,31.14,86.10000000000001,66.84,25.200000000000003,21.0,4.2,6.300000000000001,39.900000000000006,4.2
PINK VINTAGE PAISLEY PICNIC BAG,120.95,17.7,67.85,123.9,261.35,631.95,587.4,458.3,333.2,119.49,131.79,204.42,68.46000000000001
PINK VINTAGE SPOT BEAKER,0.0,0.0,0.0,0.0,0.0,0.0,138.54999999999998,200.6,134.3,130.9,133.45,28.9,0.85
PINK VINTAGE VICTORIAN EARRINGS,2.95,0.0,0.0,0.0,0.0,0.0,8.850000000000001,0.0,0.0,0.0,0.0,17.700000000000003,0.0
PINK/AMETHYST/GOLD NECKLACE,0.0,0.0,0.0,27.8,0.0,0.0,0.0,0.0,0.0,0.0,0.0,0.0,0.0
PINK/BLUE DISC/MIRROR STRING,0.0,0.0,0.0,0.0,0.0,0.0,25.41,0.0,1.17,6.63,0.0,0.0,0.0
PINK/BLUE STRING CURTAIN ,0.0,0.0,0.0,0.0,0.0,0.0,0.0,11.7,0.0,0.0,1.95,1.95,0.0
PINK/FLOWER RABBIT EGG WARMER ,0.0,31.500000000000004,4.2,0.0,0.0,0.0,0.0,0.0,0.0,0.0,0.0,0.0,0.0
PINK/GREEN FLOWER DESIGN BIG MUG,1.95,0.0,0.0,0.0,1.56,2.34,0.39,0.39,0.78,4.29,1.9500000000000002,2.73,0.78
PINK/PURPLE CIRCLE CURTAIN,0.0,0.0,18.6,0.0,0.0,0.0,0.0,33.97,3.95,0.0,0.0,0.0,0.0
PINK/PURPLE RETRO RADIO,0.0,0.0,17.700000000000003,26.55,41.300000000000004,20.650000000000002,17.700000000000003,0.0,0.0,88.50000000000001,0.0,100.30000000000001,0.0
"PINK/WHITE ""KEEP CLEAN"" BULLET BIN",5.9,0.0,2.95,0.0,35.400000000000006,0.0,0.0,17.700000000000003,0.0,44.25000000000001,2.95,47.20000000000001,0.0
PINK/WHITE CHRISTMAS TREE 30CM,0.0,0.0,0.0,0.0,0.0,0.0,0.0,0.0,9.120000000000001,8.36,0.0,0.0,0.0
PINK/WHITE CHRISTMAS TREE 60CM,16.85,0.0,0.0,0.0,0.0,15.600000000000001,15.600000000000001,15.600000000000001,31.200000000000003,62.400000000000006,38.72,50.050000000000004,0.0
PINK/WHITE GLASS DEMI CHOKER,15.0,0.0,0.0,0.0,0.0,0.0,0.0,0.0,0.0,0.0,0.0,0.0,0.0
PINK/YELLOW FLOWERS HANDBAG,22.5,30.0,22.5,0.0,0.0,0.0,0.0,0.0,0.0,0.0,0.0,0.0,0.0
PIZZA PLATE IN BOX,217.5,56.25,48.75,22.5,45.0,30.0,15.0,18.75,26.25,41.78,139.38,175.08,126.24000000000001
PLACE SETTING WHITE HEART,127.68,122.22,164.22,156.24,137.34,140.28,72.24,70.56,123.06,122.91,208.74,200.04,60.06
PLACE SETTING WHITE STAR,62.58,21.0,24.36,19.74,23.94,40.32,6.72,35.28,21.42,73.92,123.9,134.15,12.6
PLASMATRONIC LAMP,71.10000000000001,23.700000000000003,0.0,0.0,0.0,0.0,0.0,0.0,0.0,0.0,0.0,0.0,71.10000000000001
PLASTERS IN TIN CIRCUS PARADE ,669.8999999999999,554.3999999999999,348.15,556.05,498.29999999999995,651.7499999999999,450.44999999999993,544.4999999999999,402.5999999999999,739.1999999999999,584.0899999999999,793.6299999999999,372.88999999999993
PLASTERS IN TIN SKULLS,537.8999999999999,262.34999999999997,115.49999999999999,292.04999999999995,181.49999999999997,361.34999999999997,259.04999999999995,349.79999999999995,362.99999999999994,483.44999999999993,735.8999999999999,674.8499999999999,245.84999999999997
PLASTERS IN TIN SPACEBOY,725.9999999999999,542.8499999999999,384.44999999999993,478.49999999999994,424.04999999999995,442.19999999999993,313.5,608.8499999999999,381.15,874.4999999999999,724.31,1055.9099999999999,235.92999999999998
PLASTERS IN TIN STRONGMAN,521.3999999999999,377.84999999999997,186.45,372.9,254.09999999999997,465.29999999999995,275.54999999999995,325.04999999999995,399.29999999999995,770.55,590.6999999999999,816.7499999999999,268.93999999999994
PLASTERS IN TIN VINTAGE PAISLEY ,391.04999999999995,318.44999999999993,270.59999999999997,409.19999999999993,359.69999999999993,546.1499999999999,158.39999999999998,310.19999999999993,351.44999999999993,560.9399999999999,547.6999999999999,798.4799999999999,252.42
PLASTERS IN TIN WOODLAND ANIMALS,544.4999999999999,559.3499999999999,255.74999999999997,457.04999999999995,392.69999999999993,770.5499999999998,420.74999999999994,582.4499999999999,468.5999999999999,985.0399999999998,808.4999999999999,895.9499999999998,268.93999999999994
PLAYING CARDS I LOVE LONDON ,0.0,0.0,0.0,0.0,0.0,0.0,0.0,0.0,0.0,132.5,283.75,215.0,101.25
PLAYING CARDS JUBILEE UNION JACK,0.0,0.0,0.0,0.0,0.0,0.0,0.0,0.0,0.0,351.25,683.73,655.0,127.5
PLAYING CARDS KEEP CALM & CARRY ON,0.0,0.0,0.0,0.0,0.0,0.0,0.0,0.0,0.0,716.25,1503.71,1250.0,268.75
PLAYING CARDS VINTAGE DOILEY ,0.0,0.0,0.0,0.0,0.0,0.0,0.0,0.0,0.0,15.0,1.25,0.0,0.0
PLAYING CARDS VINTAGE DOILY ,0.0,0.0,0.0,0.0,0.0,0.0,0.0,0.0,0.0,107.5,286.23,281.25,43.75
PLEASE ONE PERSON METAL SIGN,1018.5000000000001,634.2,824.4000000000001,1270.5000000000002,1374.6000000000001,720.3000000000001,0.0,0.0,2.1,1696.8000000000002,1680.0000000000002,455.70000000000005,942.9000000000001
POCKET BAG BLUE PAISLEY RED SPOT,3.75,0.0,0.0,38.75,30.0,26.25,75.0,23.75,60.0,8.75,22.5,141.21,17.5
POCKET BAG PINK PAISELY BROWN SPOT,3.75,0.0,17.5,20.0,15.0,30.0,60.0,3.75,0.0,11.25,9.96,51.17,1.25
"POCKET MIRROR ""GLAMOROUS""",0.0,0.0,1.25,5.0,0.0,0.0,0.0,0.0,0.0,0.0,0.0,0.0,0.0
POCKET MIRROR WOODLAND,1.25,0.0,0.0,0.0,0.0,0.0,0.0,0.0,0.0,0.0,1.25,7.5,0.0
POLKA DOT RAFFIA FOOD COVER,52.5,60.0,18.75,63.75,161.25,120.0,168.75,161.25,30.0,41.21,26.25,11.25,26.25
POLKADOT COFFEE CUP & SAUCER PINK,61.199999999999996,61.199999999999996,0.0,72.68,128.77,86.9,124.82000000000001,167.48000000000002,40.290000000000006,0.79,0.0,0.0,0.0
POLKADOT MUG PINK ,33.0,52.79999999999999,0.0,3.9000000000000004,0.0,0.0,0.0,0.0,0.0,0.0,0.0,0.0,0.0
POLKADOT PEN,0.0,3.4,0.0,3.4,0.0,0.0,0.0,0.0,0.0,0.0,0.0,0.0,0.0
POLKADOT RAIN HAT ,63.0,75.18,1.26,30.66,23.52,47.04,11.34,25.2,24.36,42.82,27.669999999999998,54.94,24.34
POLYESTER FILLER PAD 30CMx30CM,2.5,3.75,6.25,2.5,7.5,5.0,36.25,0.0,3.75,18.75,35.0,0.0,12.5
POLYESTER FILLER PAD 40x40cm,58.0,43.5,43.5,113.1,43.5,117.45,197.2,101.5,105.85,234.9,210.25,316.09999999999997,50.75
POLYESTER FILLER PAD 45x30cm,8.7,2.9,11.6,5.8,17.4,0.0,10.15,7.25,14.5,14.5,24.65,26.099999999999998,2.9
POLYESTER FILLER PAD 45x45cm,69.75,23.25,66.65,75.95,89.9,150.35000000000002,134.85000000000002,48.050000000000004,15.5,207.70000000000002,292.95000000000005,213.9,40.3
POLYESTER FILLER PAD 60x40cm,0.0,0.0,0.0,0.0,0.0,5.1,0.0,0.0,0.0,0.0,0.0,0.0,0.0
POLYESTER FILLER PAD 65CMx65CM,25.5,0.0,0.0,4.25,0.0,0.0,0.0,0.0,0.0,42.5,0.0,0.0,0.0
POMPOM CURTAIN,114.44999999999999,81.55,111.2,27.8,71.4,27.8,13.9,41.7,133.95,83.4,27.8,226.2,39.0
POP ART PUSH DOWN RUBBER ,0.0,0.0,0.0,0.0,0.0,0.0,2.88,0.0,0.0,0.0,0.0,0.0,0.0
POPART RECT PENCIL SHARPENER ASST,0.84,0.0,0.0,0.0,0.0,0.0,0.0,0.0,0.24,0.24,0.24,0.72,0.0
POPCORN HOLDER,0.0,0.0,0.0,0.0,0.0,0.0,299.2,570.35,543.15,741.56,826.37,1476.6899999999998,266.0
POPPY FIELDS CHOPPING BOARD,0.0,0.0,0.0,0.0,0.0,0.0,0.0,0.0,0.0,9.9,202.95000000000002,193.05,14.850000000000001
POPPY'S PLAYHOUSE BATHROOM,126.00000000000001,67.2,119.70000000000002,165.9,48.300000000000004,77.7,109.20000000000002,94.50000000000001,86.10000000000001,111.30000000000001,218.40000000000003,121.80000000000001,31.500000000000004
POPPY'S PLAYHOUSE BEDROOM ,325.50000000000006,115.50000000000001,235.20000000000002,407.40000000000003,121.80000000000001,174.3,157.5,201.60000000000002,243.60000000000002,241.50000000000003,369.46000000000004,346.29,52.50000000000001
POPPY'S PLAYHOUSE KITCHEN,342.3,201.60000000000002,270.90000000000003,386.40000000000003,100.80000000000001,174.3,218.4,247.8,243.60000000000002,270.69,363.09000000000003,407.33000000000004,56.7
POPPY'S PLAYHOUSE LIVINGROOM ,268.8,117.60000000000001,159.60000000000002,289.8,84.00000000000001,136.5,182.70000000000002,136.5,197.40000000000003,147.00000000000003,258.16,241.36,46.2
PORCELAIN BUDAH INCENSE HOLDER,0.0,0.8,0.0,0.0,0.0,0.0,0.1,0.1,0.0,0.0,0.0,0.1,0.0
PORCELAIN BUTTERFLY OIL BURNER,181.05,136.8,8.850000000000001,38.35000000000001,0.0,2.95,2.95,35.400000000000006,11.8,0.0,0.0,0.0,0.0
PORCELAIN ROSE LARGE ,33.75,3.75,37.5,10.0,27.5,5.0,0.0,0.0,0.0,0.0,0.0,0.0,0.0
PORCELAIN ROSE SMALL,50.15,40.8,6.8,71.39999999999999,34.0,3.4,19.55,40.8,0.0,42.43,47.599999999999994,21.75,0.0
PORCELAIN T-LIGHT HOLDERS ASSORTED,98.75,15.0,10.0,15.0,0.0,1.25,15.0,0.0,78.75,127.38,141.25,223.75,37.5
POSTE FRANCE CUSHION COVER,0.0,0.0,0.0,0.0,0.0,0.0,0.0,0.0,0.0,465.0,348.75,596.25,60.0
POSY CANDY BAG,1.25,3.75,0.0,2.5,25.0,0.0,16.25,0.0,0.0,0.0,0.0,0.0,0.0
POTTERING IN THE SHED METAL SIGN,122.85,139.01999999999998,344.86,451.36,384.12,609.44,497.12,361.92,499.20000000000005,786.24,454.99,307.84000000000003,322.40000000000003
POTTERING MUG,103.75,85.0,147.5,128.75,133.75,155.0,90.0,78.75,80.0,166.77999999999997,207.88999999999996,310.10999999999996,95.64999999999999
POTTING SHED ROSE CANDLE,0.0,0.0,5.9,14.75,0.0,0.0,0.0,0.0,0.0,0.0,0.0,0.0,0.0
POTTING SHED SEED ENVELOPES,23.75,67.5,48.75,75.0,57.5,90.0,35.0,8.75,48.75,41.17,40.81,61.25,6.25
POTTING SHED SOW 'N' GROW SET,4.25,0.0,0.0,0.0,0.0,0.0,0.0,0.0,0.0,0.0,0.0,0.0,0.0
POTTING SHED TEA MUG,261.25,238.75,205.0,257.5,245.0,327.5,293.75,303.75,0.0,13.16,6.58,217.73999999999998,6.58
POTTING SHED TWINE,14.700000000000001,77.7,54.6,111.30000000000001,102.9,168.00000000000003,29.400000000000002,48.300000000000004,21.0,16.8,4.2,52.50000000000001,0.0
PRETTY HANGING QUILTED HEARTS,0.0,0.0,0.0,0.0,0.0,0.0,0.0,0.0,9.959999999999999,369.34999999999997,179.27999999999997,108.72999999999999,39.839999999999996
PSYCHEDELIC METAL SIGN CALENDAR,0.0,0.0,0.0,0.0,0.0,0.0,0.0,7.9,0.0,0.0,0.0,0.0,0.0
PSYCHEDELIC TILE COASTER,10.08,0.0,0.0,0.0,0.0,15.0,0.0,20.879999999999995,13.919999999999998,15.5,10.579999999999998,32.3,5.5
PSYCHEDELIC TILE HOOK,0.0,14.700000000000001,0.0,0.0,18.900000000000002,21.0,8.4,2.73,16.38,21.45,1.95,24.959999999999997,7.8
PSYCHEDELIC WALL THERMOMETER,2.55,15.299999999999999,0.0,17.849999999999998,15.299999999999999,12.75,5.1,41.08,0.0,0.0,0.0,0.0,0.0
PURPLE ACRYLIC FACETED BANGLE,30.0,0.0,0.0,0.0,0.0,0.0,0.0,0.0,0.0,0.0,10.0,10.0,0.0
PURPLE ANEMONE ARTIFICIAL FLOWER,0.0,0.0,0.0,6.76,0.0,0.0,0.0,0.0,0.0,0.0,0.0,0.0,0.0
PURPLE BERTIE GLASS BEAD BAG CHARM,12.299999999999999,10.2,0.0,0.0,0.0,2.1,0.0,0.0,0.0,0.0,0.0,0.0,0.0
PURPLE BOUDICCA LARGE BRACELET,20.85,0.0,48.65,13.9,20.85,20.85,6.95,0.0,13.9,62.550000000000004,6.95,0.0,0.0
PURPLE DRAWERKNOB ACRYLIC EDWARDIAN,182.5,173.26,215.0,107.5,116.25,32.5,252.5,126.25,133.75,140.0,177.3,128.75,45.0
PURPLE DRESS JEWELLERY STAND,0.0,0.0,0.0,0.0,0.0,0.0,0.0,48.19,0.0,0.0,0.0,0.0,0.0
PURPLE ENAMEL FLOWER HAIR TIE,0.0,0.0,0.0,0.0,0.0,0.0,0.0,0.0,0.0,17.700000000000003,0.0,0.0,0.0
PURPLE ENAMEL FLOWER RING,0.0,0.0,0.0,0.0,8.850000000000001,23.6,26.550000000000004,0.0,0.0,73.75,5.9,0.0,0.0
PURPLE ENAMEL+GLASS HAIR COMB,0.0,0.0,0.0,0.0,0.0,0.0,0.0,0.0,4.2,12.600000000000001,0.0,0.0,0.0
PURPLE FOXGLOVE ARTIIFCIAL FLOWER,0.0,0.0,0.0,17.849999999999998,0.0,0.0,0.0,0.0,0.0,0.0,0.0,0.0,0.0
PURPLE FRANGIPANI HAIRCLIP,0.85,0.0,0.0,0.0,0.0,0.0,0.0,0.0,0.0,0.0,0.0,0.0,0.0
PURPLE FRANGIPANI NECKLACE,0.0,0.0,0.0,0.0,0.0,0.0,0.0,15.299999999999999,0.0,0.0,0.0,5.1,0.0
PURPLE GEMSTONE BRACELET,0.0,0.0,0.0,0.0,0.0,0.0,0.0,0.0,0.0,0.0,2.95,2.95,17.700000000000003
PURPLE GLASS TASSLE BAG CHARM,0.0,0.0,0.0,0.0,0.0,0.0,0.0,0.0,0.0,0.0,17.700000000000003,0.0,0.0
PURPLE LAS VEGAS BRACELET ROUND,11.25,0.0,0.0,0.0,0.0,0.0,0.0,0.0,0.0,11.25,0.0,0.0,0.0
PURPLE PAPER PARASOL,20.650000000000002,0.0,23.6,82.60000000000002,26.550000000000004,91.45000000000002,115.05000000000001,100.30000000000001,38.35000000000001,85.55000000000001,14.750000000000002,47.2,5.9
PURPLE SWEETHEART BRACELET,34.0,0.0,8.5,0.0,0.0,17.0,12.75,0.0,21.25,4.25,8.5,4.25,63.75
PURPLE/BLUE CERAMIC CANDLE HOLDER,0.0,0.0,0.0,0.0,0.0,0.0,0.0,3.3,0.0,0.0,0.0,0.0,0.0
PURPLE/COPPER HANGING LAMPSHADE,0.0,0.0,3.4,0.0,0.0,2.55,2.55,0.0,0.0,5.1,1.7,0.0,0.0
PURPLE/TURQ FLOWERS HANDBAG,0.0,0.0,0.0,2.5,0.0,0.0,0.0,0.0,0.0,0.0,0.0,0.0,0.0
QUEEN OF SKIES LUGGAGE TAG,10.0,5.0,6.25,6.25,21.47,16.25,13.97,2.5,6.25,12.46,2.46,5.0,1.25
QUEEN OF THE SKIES HOLIDAY PURSE ,2.95,2.95,0.0,0.0,0.0,0.0,0.0,0.0,0.0,0.0,5.79,0.0,0.0
QUEEN OF THE SKIES PASSPORT COVER ,4.2,8.4,10.5,0.0,14.34,10.5,37.440000000000005,4.2,12.600000000000001,4.2,8.4,21.0,2.1
QUEENS GUARD COFFEE MUG,203.99999999999997,367.2,288.15,428.4,331.5,242.24999999999997,280.5,170.85,170.85,392.7,145.2,487.04999999999995,91.52
RABBIT  DESIGN  COTTON TOTE BAG,18.0,31.5,15.75,27.0,15.75,0.0,20.25,0.0,9.0,6.75,31.5,27.0,0.0
RABBIT EASTER DECORATION,0.0,2.95,0.0,17.700000000000003,2.95,0.0,0.0,0.0,0.0,0.0,0.0,0.0,0.0
RABBIT NIGHT LIGHT,0.0,0.0,0.0,0.0,0.0,1177.1200000000001,1386.96,91.52000000000001,291.76,149.22,780.69,6765.93,1971.2
RAIN PONCHO ,1.7,0.85,0.0,0.0,0.0,0.0,0.0,0.0,0.0,0.0,0.0,0.0,0.0
RAIN PONCHO RETROSPOT,108.8,129.2,4.25,61.199999999999996,59.5,181.89999999999998,133.45,197.2,167.45,273.56,159.13,223.05999999999997,31.379999999999995
RAINBOW PEGS PHOTO CLIP STRING,6.5,2.6,0.0,0.0,3.25,0.0,0.0,1.3,5.2,2.6,2.76,21.61,1.3
RAINY LADIES BIRTHDAY CARD,35.28,85.68,40.32,25.2,40.32,20.16,65.52,50.4,45.36,96.59,47.02,46.55,10.91
RASPBERRY ANT COPPER FLOWER NECKLAC,0.0,0.0,5.95,0.0,0.0,5.95,29.75,0.0,0.0,0.0,11.9,11.9,0.0
RASTA IN BATH W SPLIFF ASHTRAY,0.0,0.0,0.0,0.0,0.0,0.85,0.0,0.0,0.85,0.85,0.85,2.55,0.0
RATTLE SNAKE EGGS,47.66,35.16,30.0,0.0,1.25,2.5,20.0,11.25,7.04,15.0,85.33,138.29,32.96
RECIPE BOX BLUE SKETCHBOOK DESIGN,350.3,153.40000000000003,303.85,349.55,405.6,285.40000000000003,135.70000000000002,191.75000000000003,97.35000000000001,243.88000000000002,205.53,26.550000000000004,0.0
RECIPE BOX PANTRY YELLOW DESIGN,878.3000000000001,806.0500000000001,898.2500000000001,1413.7,803.8500000000001,1278.0,668.1500000000001,765.5000000000001,784.3000000000001,1160.3600000000001,1097.42,1415.4700000000003,390.83000000000004
RECIPE BOX RETROSPOT ,800.9000000000001,403.40000000000003,791.3000000000001,533.2,111.35000000000001,0.0,413.00000000000006,209.45000000000002,482.3,738.9,414.45000000000005,797.2,457.2
"RECORD FRAME 7"" SINGLE SIZE ",363.45,124.94999999999999,121.65,211.35,183.6,122.39999999999999,86.69999999999999,214.2,66.3,275.12,244.51999999999998,366.78,106.4
RECTANGULAR SHAPED MIRROR,0.0,20.28,0.0,10.14,0.0,0.0,0.0,38.58,99.54,28.44,31.73,9.48,11.850000000000001
RECYCLED ACAPULCO MAT BLUE,0.0,0.0,0.0,0.0,0.0,0.0,59.6,149.0,0.0,0.0,0.0,0.0,0.0
RECYCLED ACAPULCO MAT GREEN,0.0,0.0,0.0,0.0,0.0,0.0,67.05,0.0,0.0,0.0,149.0,0.0,0.0
RECYCLED ACAPULCO MAT LAVENDER,0.0,0.0,0.0,0.0,0.0,0.0,44.7,0.0,0.0,0.0,0.0,0.0,0.0
RECYCLED ACAPULCO MAT PINK,0.0,0.0,0.0,0.0,0.0,149.0,14.9,0.0,0.0,0.0,149.0,0.0,0.0
RECYCLED ACAPULCO MAT RED,0.0,0.0,0.0,0.0,0.0,149.0,0.0,0.0,0.0,0.0,0.0,0.0,0.0
RECYCLED ACAPULCO MAT TURQUOISE,0.0,0.0,0.0,0.0,0.0,149.0,0.0,0.0,0.0,0.0,0.0,0.0,0.0
RECYCLED PENCIL WITH RABBIT ERASER,0.63,2.52,5.88,20.79,4.2,2.31,6.93,3.78,10.5,7.14,9.03,27.09,0.0
RECYCLING BAG RETROSPOT ,304.5,363.3,384.3,260.4,394.8,484.2,237.3,456.3,369.6,550.06,329.07,662.0,119.7
RED   ACRYLIC FACETED BANGLE,15.0,5.9,0.0,0.0,0.0,0.0,0.0,0.0,0.0,0.0,0.0,0.0,20.0
RED  EGG  SPOON,0.0,0.0,0.0,23.4,6.6,8.64,6.4799999999999995,9.48,15.12,12.48,8.64,24.24,0.0
RED  HARMONICA IN BOX ,541.25,410.0,338.75,385.0,437.72,581.25,393.75,507.5,363.75,1104.2,1272.66,448.64,2.5
RED 3 PIECE RETROSPOT CUTLERY SET,660.0,795.0,501.50000000000006,103.75,0.0,0.0,0.0,0.0,0.0,0.0,0.0,0.0,0.0
RED APPLES CHOPPING BOARD   ,0.0,0.0,0.0,0.0,0.0,0.0,0.0,0.0,0.0,9.9,183.15,292.05,49.50000000000001
RED BABY BUNTING ,120.95,224.2,162.25,123.9,265.5,256.65,159.3,174.05,126.85,374.65,188.8,233.05,88.5
RED BOUDICCA LARGE BRACELET,13.9,13.9,0.0,13.9,20.85,0.0,0.0,0.0,13.9,62.550000000000004,0.0,6.95,0.0
RED CHARLIE+LOLA PERSONAL DOORSIGN,2.95,0.0,8.850000000000001,32.45,0.0,23.6,88.50000000000001,53.82,45.239999999999995,53.82,57.72,69.42,16.38
RED COAT RACK PARIS FASHION,113.85000000000001,108.9,202.95000000000002,99.0,49.5,138.60000000000002,44.550000000000004,84.15,99.0,44.550000000000004,44.550000000000004,39.6,14.850000000000001
RED DAISY PAPER LAMPSHADE,0.0,3.75,0.0,0.0,0.0,0.0,32.5,0.0,3.75,7.5,15.0,0.0,0.0
RED DAISY POCKET BOOK ,16.15,0.0,22.95,0.0,0.85,20.4,4.25,5.1,0.0,2.55,9.28,22.95,0.0
RED DRAWER KNOB ACRYLIC EDWARDIAN,182.5,121.82,145.22,112.5,102.5,15.0,85.0,72.72,65.0,150.0,150.0,173.75,15.0
RED ENAMEL FLOWER RING,0.0,0.0,0.0,0.0,8.850000000000001,23.6,44.25000000000001,0.0,0.0,56.05000000000001,20.650000000000002,0.0,0.0
RED ENCHANTED FOREST PLACEMAT,100.64999999999999,19.799999999999997,0.0,19.8,54.44999999999999,19.799999999999997,57.74999999999999,18.15,14.85,21.449999999999996,37.949999999999996,108.89999999999999,23.1
RED FLOCK LOVE HEART PHOTO FRAME,25.499999999999996,50.15,56.949999999999996,20.4,0.0,2.55,0.0,39.78,28.08,64.08,31.259999999999998,44.129999999999995,0.0
RED FLORAL FELTCRAFT SHOULDER BAG,277.5,123.75,127.5,236.25,161.25,150.0,176.25,259.05,285.0,288.71,790.86,753.0600000000001,168.67
RED FLOWER CROCHET FOOD COVER,52.5,71.25,37.5,101.25,48.75,172.5,71.25,52.5,60.0,41.21,26.25,107.62,33.71
RED GINGHAM ROSE JEWELLERY BOX,285.45,127.05,0.0,0.0,0.0,1.95,124.8,259.35,173.54999999999998,317.84999999999997,247.65,588.9,83.85
RED GINGHAM TEDDY BEAR ,120.95000000000002,85.55000000000001,159.3,156.35000000000002,70.80000000000001,35.400000000000006,126.1,50.150000000000006,91.45000000000002,55.940000000000005,144.44,283.20000000000005,38.35
RED GLASS TASSLE BAG CHARM,2.95,0.0,0.0,0.0,0.0,0.0,8.850000000000001,0.0,0.0,0.0,5.9,26.55,2.95
RED HANGING HEART T-LIGHT HOLDER,1336.3500000000001,1103.3000000000002,613.6000000000001,439.55000000000007,241.90000000000003,407.1,336.30000000000007,515.5,368.75000000000006,792.36,834.6300000000001,1312.3100000000002,412.78000000000003
RED HEART LUGGAGE TAG,35.0,55.0,26.25,0.0,0.0,8.75,15.0,3.75,31.25,33.75,13.75,21.25,0.0
RED HEART SHAPE LOVE BUCKET ,41.300000000000004,268.45000000000005,168.15000000000003,82.60000000000001,91.45,126.85000000000002,147.50000000000003,59.00000000000001,29.5,165.20000000000002,11.8,194.59000000000003,154.63
RED HEARTS LIGHT CHAIN ,131.85,310.8,91.44,13.950000000000001,13.950000000000001,0.0,96.09,9.3,0.0,51.150000000000006,18.6,13.950000000000001,0.0
RED KITCHEN SCALES,0.0,0.0,0.0,0.0,0.0,0.0,0.0,60.0,0.0,52.5,0.0,0.0,0.0
RED KUKUI COCONUT SEED NECKLACE,0.0,0.0,0.0,23.8,0.0,0.0,0.0,6.0,24.0,36.0,12.0,18.0,12.0
RED LOVE HEART SHAPE CUP,24.65,133.45,35.7,48.45,39.949999999999996,29.75,30.599999999999998,38.25,6.8,3.4,53.55,38.25,19.27
RED METAL BEACH SPADE ,15.0,68.75,57.5,78.75,271.25,305.0,172.5,106.25,55.0,17.5,22.5,42.42,20.0
RED METAL BOX TOP SECRET,0.0,0.0,0.0,0.0,0.0,120.0,0.0,0.0,0.0,240.0,0.0,120.0,120.0
RED PAPER PARASOL,0.0,94.4,17.700000000000003,94.4,79.65,194.70000000000002,100.30000000000001,115.05000000000001,56.05000000000001,82.60000000000001,17.7,73.64000000000001,5.9
RED PEONY CUSHION COVER ,0.0,0.0,0.0,0.0,0.0,18.6,0.0,0.0,9.3,23.25,0.0,27.900000000000002,0.0
RED PEONY TABLE CLOCK,0.0,0.0,0.0,0.0,0.0,0.0,0.0,5.9,0.0,17.700000000000003,11.8,11.8,0.0
RED POLKADOT BEAKER ,11.7,0.0,0.0,58.5,25.74,17.16,19.5,14.43,4.29,27.369999999999997,5.85,10.92,0.0
RED POLKADOT COFFEE  MUG,31.500000000000004,12.600000000000001,27.300000000000004,18.33,24.18,0.0,0.0,0.0,0.0,0.0,0.0,0.0,0.0
RED POLKADOT PUDDING BOWL,31.500000000000004,0.0,0.0,6.63,0.0,0.0,0.0,0.0,0.0,0.0,0.0,0.0,0.0
RED PUDDING SPOON,0.84,5.04,2.52,14.399999999999999,3.2399999999999998,5.76,6.72,18.0,12.959999999999999,13.32,14.1,6.48,0.6
RED PURSE WITH PINK HEART,2.5,6.25,0.0,0.0,0.0,0.0,0.0,0.0,0.0,0.0,0.0,0.0,0.0
RED RETROSPOT APRON ,214.20000000000002,255.85000000000002,333.20000000000005,196.35000000000002,166.60000000000002,89.25,172.55,65.45,71.4,65.45,35.7,113.05000000000001,17.85
RED RETROSPOT BIG BOWL,19.8,128.70000000000002,108.9,69.30000000000001,74.25,128.70000000000002,94.05000000000001,44.550000000000004,181.20000000000002,0.0,0.0,0.0,0.0
RED RETROSPOT BOWL,115.0,252.5,232.5,231.25,212.5,201.25,326.25,168.75,180.0,162.46,147.46,223.75,112.46000000000001
RED RETROSPOT BUTTER DISH,432.90000000000003,217.8,262.35,390.6,212.85000000000002,462.6,368.55,224.25,587.4000000000001,292.05,423.0,4.95,0.0
RED RETROSPOT CHARLOTTE BAG,240.5,246.5,239.7,356.15,331.5,396.95,430.95,430.95,463.2,570.14,579.99,627.9399999999999,153.78
RED RETROSPOT CHILDRENS UMBRELLA,292.5,358.25,156.0,172.25,78.0,74.75,169.0,152.75,165.75,572.0,435.63,397.15,110.63
RED RETROSPOT CUP,104.55,119.85,131.49,191.25,164.04999999999998,175.95,201.45,163.2,114.75,96.05,106.11,148.04,38.25
RED RETROSPOT LUGGAGE TAG,45.0,45.0,47.5,81.25,23.75,12.5,62.5,6.25,25.0,10.0,0.0,0.0,0.0
RED RETROSPOT MINI CASES,152.39999999999998,228.59999999999997,380.99999999999994,304.79999999999995,380.99999999999994,393.69999999999993,228.59999999999997,76.19999999999999,311.15,457.19999999999993,266.7,368.29999999999995,76.19999999999999
RED RETROSPOT MUG,203.55000000000004,303.85,209.45000000000005,212.40000000000003,179.95000000000002,330.40000000000003,112.10000000000002,125.0,327.05,97.35000000000001,126.85000000000002,319.70000000000005,5.9
RED RETROSPOT OVEN GLOVE ,120.0,170.0,103.75,178.75,83.75,175.0,86.25,111.25,165.0,219.92000000000002,130.97,304.48,109.76
RED RETROSPOT OVEN GLOVE DOUBLE,168.15,171.10000000000002,182.90000000000003,247.80000000000004,165.20000000000002,241.90000000000003,97.35000000000001,56.050000000000004,59.000000000000014,64.9,41.300000000000004,41.300000000000004,0.0
RED RETROSPOT PEG BAG,203.70000000000002,262.5,308.09999999999997,413.09999999999997,369.75,548.25,451.34999999999997,311.09999999999997,367.2,367.05999999999995,351.76,346.52,66.16
RED RETROSPOT PICNIC BAG,32.45,256.65,268.45,451.35,917.45,1280.3,660.8,781.75,410.05,162.25,117.67,108.93,111.66
RED RETROSPOT PLATE ,91.25999999999999,175.76,226.45999999999998,353.21,209.56,305.89,295.75,226.45999999999998,223.08,223.07999999999998,187.59,133.51,64.22
RED RETROSPOT PUDDING BOWL,51.0,80.75,76.5,225.25,34.0,68.0,34.0,51.0,25.5,17.0,51.0,212.5,51.0
RED RETROSPOT PURSE ,94.4,53.10000000000001,94.4,94.4,115.05000000000001,156.35000000000002,120.95000000000002,47.2,85.55000000000001,86.65,50.150000000000006,0.0,0.0
RED RETROSPOT SHOPPER BAG,187.5,225.0,190.0,205.0,268.75,315.0,308.75,232.5,367.5,221.17000000000002,329.84,392.3,128.75
RED RETROSPOT SHOPPING BAG,40.8,91.8,61.199999999999996,112.19999999999999,79.05,94.35,45.9,5.1,107.1,62.58,141.63,108.0,2.55
RED RETROSPOT SMALL MILK JUG,45.9,186.14999999999998,326.4,466.65,277.95,471.75,265.2,303.45,290.7,303.45,392.7,336.59999999999997,71.39999999999999
RED RETROSPOT STORAGE JAR,202.23000000000002,215.49,187.5,116.25,18.75,15.0,0.0,0.0,0.0,0.0,0.0,0.0,0.0
RED RETROSPOT SUGAR JAM BOWL,193.2,188.7,307.95,221.25,163.2,221.84999999999997,127.49999999999999,172.05,251.4,160.64999999999998,208.5,262.2,25.5
RED RETROSPOT TAPE,58.56,100.85000000000001,15.600000000000001,31.85,29.900000000000002,16.25,22.1,23.400000000000002,33.800000000000004,78.0,102.43,58.42000000000001,9.940000000000001
RED RETROSPOT TEA CUP AND SAUCER ,352.5,180.0,281.25,346.47,127.5,287.61,135.0,71.25,97.5,56.25,146.25,141.36,251.25
RED RETROSPOT TISSUE BOX,43.75,21.25,31.25,13.75,30.0,3.75,16.25,8.97,10.92,8.19,23.13,34.95,7.800000000000001
RED RETROSPOT TRADITIONAL TEAPOT ,333.6,333.6,83.4,166.8,0.0,0.0,0.0,0.0,0.0,0.0,0.0,0.0,0.0
RED RETROSPOT UMBRELLA,392.70000000000005,464.1,404.6,297.5,249.9,339.15000000000003,223.05,612.85,392.70000000000005,946.0500000000001,636.45,574.0500000000001,71.4
RED RETROSPOT WASHBAG,29.400000000000002,0.0,39.900000000000006,0.0,4.2,4.2,16.8,0.0,0.0,0.0,6.300000000000001,0.0,0.0
RED RETROSPOT WRAP ,115.5,283.5,215.04,201.7,157.5,252.0,252.0,336.0,168.0,325.5,283.5,409.5,126.0
RED ROCKING HORSE HAND PAINTED,0.0,0.0,0.0,0.0,0.0,0.0,57.46,93.75,243.75,340.0,418.75,478.75,70.0
RED ROSE AND LACE C/COVER,8.850000000000001,0.0,0.0,0.0,0.0,0.0,0.0,0.0,0.0,0.0,0.0,0.0,0.0
RED SPOT CERAMIC DRAWER KNOB,153.75,302.88,287.72,255.0,351.47,262.5,211.25,226.47,370.0,352.45,321.45,372.65,34.8
RED SPOT PAPER GIFT BAG,0.0,0.0,0.0,0.0,0.0,0.0,0.0,0.0,63.13999999999999,373.09999999999997,302.58,305.03999999999996,92.66
RED SPOTTY BISCUIT TIN,209.25,265.5,400.5,292.5,440.25,411.75,93.75,203.25,342.75,321.0,185.25,609.75,56.25
RED STAR CARD HOLDER,76.7,0.0,2.95,0.0,2.95,0.0,0.0,5.9,14.75,383.09,423.27,554.13,67.45
RED STRIPE CERAMIC DRAWER KNOB,125.0,367.88,282.72,366.25,286.69,383.75,395.0,240.22,367.5,514.85,477.48999999999995,413.64,34.8
RED TEA TOWEL CLASSIC DESIGN,127.5,66.25,30.0,71.25,10.0,56.25,90.0,20.0,8.75,0.0,0.0,0.0,0.0
RED TOADSTOOL LED NIGHT LIGHT,712.8,679.8,379.49999999999994,655.05,344.84999999999997,442.19999999999993,353.09999999999997,457.04999999999995,618.7499999999999,948.7499999999999,836.5299999999999,1440.2999999999997,564.2299999999999
RED VICTORIAN FABRIC OVAL BOX,2.94,5.04,15.120000000000001,15.120000000000001,5.04,21.0,2.52,12.6,15.120000000000001,11.34,13.44,31.5,2.1
RED VINTAGE SPOT BEAKER,0.0,0.0,0.0,0.0,0.0,0.0,124.1,202.29999999999998,219.29999999999998,177.65,115.6,53.55,13.6
RED WHITE SCARF  HOT WATER BOTTLE,11.850000000000001,0.0,0.0,0.0,0.0,0.0,0.0,0.0,0.0,0.0,0.0,0.0,0.0
RED WOOLLY HOTTIE WHITE HEART.,2084.58,81.36,3.75,52.5,3.75,0.0,0.0,0.0,55.300000000000004,1338.13,1206.75,1861.0,447.75
RED/CREAM STRIPE CUSHION COVER ,0.0,20.0,105.0,55.0,33.75,40.0,50.0,66.25,17.5,33.75,5.0,31.25,10.0
REGENCY CAKE FORK,0.0,0.0,0.0,0.0,0.0,232.5,184.98,159.96,60.0,159.96,140.0,82.5,0.0
REGENCY CAKE SLICE,0.0,0.0,0.0,0.0,0.0,386.1,201.5,176.75,242.55,160.15,158.4,178.20000000000002,19.8
REGENCY CAKESTAND 3 TIER,0.0,0.0,0.0,80.0,0.0,100.0,40.0,0.0,0.0,0.0,0.0,0.0,0.0
REGENCY MILK JUG PINK ,0.0,0.0,0.0,0.0,0.0,1411.0,823.5,599.75,149.5,934.5,525.25,436.5,78.0
REGENCY SUGAR BOWL GREEN,0.0,0.0,0.0,0.0,0.0,1875.0,924.45,838.25,558.95,1210.1000000000001,348.6,431.6,132.8
REGENCY SUGAR TONGS,0.0,0.0,0.0,0.0,69.72,413.34000000000003,442.43000000000006,258.29,333.66,319.63000000000005,244.02000000000004,131.97,59.760000000000005
REGENCY TEA PLATE GREEN ,0.0,0.0,0.0,0.0,0.0,1082.3999999999999,608.0999999999999,366.29999999999995,438.8999999999999,722.8399999999999,517.8799999999999,316.78999999999996,122.08999999999997
REGENCY TEA PLATE PINK,0.0,0.0,0.0,0.0,0.0,1001.5499999999998,490.19999999999993,296.99999999999994,428.99999999999994,567.7499999999999,414.12999999999994,245.84999999999997,158.39999999999998
REGENCY TEA PLATE ROSES ,0.0,0.0,0.0,0.0,0.0,1323.2999999999997,940.7499999999999,455.3999999999999,501.5999999999999,795.4299999999998,677.8599999999999,361.34999999999997,82.49999999999999
REGENCY TEA SPOON,0.0,0.0,0.0,0.0,0.0,195.0,117.48,147.46,75.0,129.96,90.0,40.0,0.0
REGENCY TEA STRAINER,0.0,0.0,0.0,0.0,15.0,468.75,455.73,318.96,183.75,453.75,315.0,359.96,7.46
REINDEER HEART DECORATION GOLD,0.0,0.0,0.0,0.0,0.0,0.0,19.919999999999998,0.0,39.839999999999996,107.77999999999999,193.14999999999998,160.71999999999997,39.779999999999994
REINDEER HEART DECORATION SILVER,0.0,0.0,0.0,0.0,0.0,0.0,10.79,30.709999999999997,90.47,186.51,213.1,328.78999999999996,94.10999999999999
RELAX LARGE WOOD LETTERS,0.0,0.0,0.0,0.0,0.0,0.0,0.0,276.5,11.850000000000001,0.0,0.0,0.0,0.0
RESIN BRACELET W PASTEL BEADS,0.0,9.9,0.0,0.0,0.0,0.0,0.0,0.0,0.0,4.95,0.0,0.0,0.0
RESIN NECKLACE W PASTEL BEADS,0.0,15.0,0.0,0.0,0.0,0.0,0.0,0.0,0.0,7.5,0.0,22.5,0.0
RETO LEAVES MAGNETIC SHOPPING LIST,0.0,0.0,0.0,0.0,0.0,0.0,17.4,17.4,0.0,17.4,0.0,0.0,0.0
"RETRO ""TEA FOR ONE"" ",9.9,9.9,24.75,1.95,5.85,1.95,0.0,0.0,0.0,0.0,0.0,0.0,0.0
RETRO BROWN BALL ASHTRAY ,2.5,0.0,15.0,0.0,15.0,3.75,15.0,0.0,0.0,0.0,0.0,0.0,0.0
RETRO COFFEE MUGS ASSORTED,251.76,128.75,132.5,112.5,252.5,70.0,0.0,0.0,26.25,3.3,4.949999999999999,11.549999999999999,0.0
RETRO LEAVES MAGNETIC NOTEPAD,0.0,0.0,0.0,0.0,0.0,0.0,71.05,78.3,0.0,0.0,0.0,0.0,0.0
RETRO LONGBOARD IRONING BOARD COVER,3.75,0.0,0.0,0.0,30.0,15.0,6.25,50.0,46.25,16.25,43.75,30.0,8.75
RETRO MOD TRAY,38.25,11.05,60.349999999999994,36.55,33.15,52.699999999999996,22.95,27.2,45.9,57.589999999999996,18.56,145.0,7.4399999999999995
"RETRO PILL BOX , REVOLUTIONARY",0.0,0.0,0.0,3.8,0.0,0.0,0.0,2.66,0.0,1.9,0.19,0.5700000000000001,0.0
"RETRO PILL BOX KEY CHAIN,THE KING",0.0,0.0,0.0,7.6,0.0,0.0,0.95,2.28,0.0,2.8499999999999996,3.8,0.38,0.19
RETRO PINK BALL ASHTRAY ,3.75,1.25,21.25,2.5,22.5,5.0,1.25,0.0,0.0,0.0,0.0,0.0,0.0
RETRO PLASTIC 70'S TRAY,9.24,1.25,9.64,1.26,18.9,2.1,17.22,5.46,6.3,22.68,6.3,8.4,12.6
RETRO PLASTIC DAISY TRAY,9.24,0.85,19.02,14.73,12.6,2.1,6.720000000000001,7.14,6.3,15.12,1.27,14.35,7.1499999999999995
RETRO PLASTIC ELEPHANT TRAY,1.7,33.15,35.699999999999996,2.55,30.599999999999998,62.9,11.899999999999999,45.05,34.849999999999994,73.94999999999999,40.8,45.9,30.599999999999998
RETRO PLASTIC POLKA TRAY,13.91,27.549999999999997,17.66,8.87,32.879999999999995,5.49,10.62,18.599999999999998,22.8,24.9,19.52,33.8,30.8
"RETRO TIN ASHTRAY,REVOLUTIONARY",0.0,0.0,7.800000000000001,0.0,0.0,0.0,0.0,8.12,3.4799999999999995,0.0,0.0,0.0,0.0
RETROSPOT BABUSHKA DOORSTOP,85.0,133.75,52.5,0.0,0.0,0.0,18.75,3.75,11.25,0.0,3.75,75.0,22.12
RETROSPOT CANDLE  LARGE,2.55,0.0,0.0,0.0,0.0,0.0,0.0,0.0,30.599999999999998,0.0,122.39999999999999,0.0,71.98
RETROSPOT CANDLE  MEDIUM,10.5,0.0,50.400000000000006,25.200000000000003,0.0,25.200000000000003,25.200000000000003,0.0,0.0,4.13,56.63000000000001,71.05,70.59
RETROSPOT CANDLE  SMALL,21.970000000000002,3.38,11.83,20.28,20.28,40.56,0.0,20.28,0.0,20.28,40.56,6.58,46.8
RETROSPOT CHILDRENS APRON,300.59999999999997,274.95,403.95,222.6,156.0,261.3,144.29999999999998,167.7,140.4,394.9,159.33,537.98,121.36
RETROSPOT CIGAR BOX MATCHES ,162.5,85.0,215.0,17.5,83.75,88.75,62.5,106.25,106.25,120.0,170.0,303.75,87.75
RETROSPOT GIANT TUBE MATCHES,173.39999999999998,109.35,117.29999999999998,102.0,63.74999999999999,35.699999999999996,76.2,79.05,107.1,229.5,99.44999999999999,390.15,104.55
RETROSPOT HEART HOT WATER BOTTLE,2469.0,1275.45,512.85,205.95,34.650000000000006,151.5,108.9,54.45,391.05,1371.3000000000002,1257.45,2487.15,760.35
RETROSPOT LARGE MILK JUG,468.3,379.20000000000005,570.3000000000001,524.25,382.65000000000003,611.85,382.65000000000003,441.6,545.1,298.5,326.25,371.25000000000006,143.55
RETROSPOT PADDED SEAT CUSHION,108.75,82.5,75.0,131.25,180.0,108.75,221.25,52.5,105.0,142.42000000000002,52.5,22.5,0.0
RETROSPOT PARTY BAG + STICKER SET,235.95,310.2,161.7,250.79999999999998,160.04999999999998,84.14999999999999,414.15,89.1,168.29999999999998,267.29999999999995,257.39,366.28999999999996,34.65
RETROSPOT RED WASHING UP GLOVES,300.3,123.9,115.50000000000001,186.9,296.1,126.00000000000001,163.8,107.10000000000001,256.20000000000005,73.5,98.7,90.30000000000001,0.0
RETROSPOT SMALL TUBE MATCHES,255.74999999999997,54.449999999999996,115.5,110.55,102.3,107.25,62.0,69.3,97.35,128.7,140.25,262.34999999999997,72.6
RETROSPOT TEA SET CERAMIC 11 PC ,147.25,742.5,926.7,1184.1000000000001,1090.0500000000002,1624.8,1236.6000000000001,1586.1000000000001,1362.3000000000002,1566.3000000000002,2265.15,3434.55,775.2
RETROSPOT WOODEN HEART DECORATION,0.0,0.0,21.25,41.65,102.28,32.3,51.0,72.25,73.1,225.89,273.84,282.13,108.8
REVOLVER WOODEN RULER ,0.0,0.0,263.25,456.29999999999995,347.09999999999997,267.15,212.54999999999998,191.1,261.3,624.2299999999999,630.0799999999999,897.2299999999999,173.54999999999998
REX CASH+CARRY JUMBO SHOPPER,158.64999999999998,126.35,56.05,98.8,92.14999999999999,111.14999999999999,118.75,111.14999999999999,79.8,155.79999999999998,207.1,329.65,66.5
RIBBON REEL CHRISTMAS PRESENT ,174.9,0.0,16.5,0.0,16.5,0.0,16.5,26.4,115.5,296.97,592.3,656.5,62.67
RIBBON REEL CHRISTMAS SOCK BAUBLE,239.25,0.0,16.5,0.0,16.5,0.0,16.5,34.65,90.75,326.61,717.62,702.63,143.38
RIBBON REEL FLORA + FAUNA ,14.85,23.099999999999998,54.45,51.15,97.35,52.8,82.5,89.1,72.6,100.65,160.04,117.12,62.66
RIBBON REEL HEARTS DESIGN ,75.9,402.6,136.95,211.2,133.65,107.25,184.8,201.3,135.3,133.65,339.86,240.84,117.09
RIBBON REEL LACE DESIGN ,77.7,165.9,195.3,218.4,23.1,6.300000000000001,0.0,0.0,216.3,294.0,237.3,178.5,84.0
RIBBON REEL MAKING SNOWMEN ,168.3,0.0,16.5,0.0,0.0,0.0,16.5,28.05,67.65,197.99,460.32,484.98,44.52
RIBBON REEL POLKADOTS ,140.25,39.6,0.0,0.0,0.0,0.0,0.0,1.65,204.6,198.0,288.75,348.15,94.05
RIBBON REEL SNOWY VILLAGE,257.4,0.0,0.0,18.15,0.0,0.0,0.0,18.15,57.75,260.63,762.29,489.96,145.2
RIBBON REEL SOCKS AND MITTENS,72.6,0.0,0.0,0.0,0.0,0.0,0.0,18.15,33.0,128.68,346.49,262.3,13.16
RIBBON REEL STRIPES DESIGN ,430.65,132.0,153.45,174.9,207.89999999999998,207.9,306.9,209.55,278.85,318.45,402.56,598.81,186.41
RIBBONS PURSE ,33.6,0.0,14.700000000000001,63.00000000000001,0.0,18.900000000000002,16.8,8.4,0.0,0.0,0.0,44.1,29.330000000000002
RIDGED BONNE JAM JAR T-LIGHT HOLDER,0.0,0.0,0.0,0.0,0.0,0.0,19.799999999999997,51.14999999999999,39.599999999999994,29.699999999999996,29.699999999999996,92.38999999999999,9.899999999999999
RIDGED GLASS FINGER BOWL,17.4,13.049999999999999,37.699999999999996,18.849999999999998,3.12,6.24,25.74,3.9,7.8,1.56,0.0,0.0,0.0
RIDGED GLASS POSY VASE ,10.149999999999999,69.6,20.299999999999997,43.5,26.099999999999998,0.0,0.0,0.0,0.0,0.0,0.0,0.0,0.0
RIDGED GLASS STORAGE JAR CREAM LID,60.0,26.25,3.75,15.0,15.0,15.0,0.0,0.0,33.75,0.0,11.25,0.0,0.0
RIDGED GLASS T-LIGHT HOLDER,23.400000000000002,3.9000000000000004,26.0,0.0,24.05,23.400000000000002,16.900000000000002,0.0,15.600000000000001,11.05,6.5,52.00000000000001,15.600000000000001
RING OF ROSES BIRTHDAY CARD,5.04,40.32,15.120000000000001,30.240000000000002,60.480000000000004,35.28,45.36,55.44,35.28,25.2,30.240000000000002,40.32,5.04
RIVIERA NECKLACE,0.0,0.0,0.0,0.0,9.9,0.0,0.0,0.0,0.0,0.0,0.0,24.75,0.0
ROBIN CHRISTMAS CARD,1.26,0.0,0.0,0.0,0.0,0.0,0.0,0.0,0.0,0.0,0.0,0.0,0.0
ROBOT BIRTHDAY CARD,45.36,120.96000000000001,70.56,45.36,91.14,126.0,191.52,141.12,60.480000000000004,186.48,70.56,122.62,60.48
ROBOT MUG IN DISPLAY BOX,3.75,0.0,0.0,0.0,0.0,0.0,0.0,0.0,0.0,0.0,0.0,0.0,0.0
ROCKING HORSE GREEN CHRISTMAS ,75.64999999999999,0.0,0.0,0.0,0.0,0.0,0.0,32.3,28.049999999999997,136.85,237.14999999999998,319.59999999999997,0.0
ROCKING HORSE RED CHRISTMAS ,94.35,20.4,0.0,0.0,0.0,0.0,5.949999999999999,29.749999999999996,19.549999999999997,175.95,347.65,429.25,39.949999999999996
ROLL WRAP 50'S CHRISTMAS,0.0,0.0,0.0,0.0,0.0,0.0,0.0,0.0,101.25,640.0,906.25,1153.75,191.25
ROLL WRAP 50'S RED CHRISTMAS ,0.0,0.0,0.0,0.0,0.0,0.0,0.0,0.0,45.0,477.5,560.0,507.5,131.25
ROLL WRAP VINTAGE CHRISTMAS,0.0,0.0,0.0,0.0,0.0,0.0,0.0,0.0,152.5,661.25,853.75,843.75,237.5
ROLL WRAP VINTAGE SPOT ,0.0,0.0,0.0,0.0,0.0,0.0,0.0,0.0,171.25,665.0,772.5,825.0,256.25
ROMANTIC IMAGES GIFT WRAP SET,12.600000000000001,12.600000000000001,25.200000000000003,25.200000000000003,0.0,0.0,30.800000000000004,80.60000000000001,42.900000000000006,83.85000000000001,52.00000000000001,62.400000000000006,10.4
ROMANTIC IMAGES NOTEBOOK SET,17.0,60.0,59.75,0.0,34.25,31.25,35.0,31.25,31.25,90.0,0.0,65.0,32.5
ROMANTIC IMAGES SCRAP BOOK SET,14.850000000000001,4.95,0.0,14.850000000000001,11.25,0.0,0.0,0.0,0.0,0.0,0.0,0.0,0.0
ROMANTIC PINKS RIBBONS ,85.0,92.5,111.25,152.5,77.5,112.5,117.5,42.5,138.75,140.0,127.46000000000001,97.5,21.25
ROSE 1 WICK MORRIS BOXED CANDLE,105.80000000000001,109.10000000000001,8.5,17.0,12.75,4.25,4.25,8.5,4.25,8.5,202.0,143.75,0.0
ROSE 3 WICK MORRIS BOX CANDLE,171.0,79.0,29.75,17.0,12.75,0.0,42.5,42.5,8.5,12.75,408.0,270.0,0.0
ROSE CARAVAN DOORSTOP,94.5,108.0,162.7,108.0,67.5,121.5,263.95,81.0,135.0,81.0,216.7,155.25,302.25
ROSE COLOUR PAIR HEART HAIR SLIDES,3.75,0.0,0.0,3.75,0.0,0.0,0.0,0.0,0.0,15.0,0.0,0.0,0.0
ROSE DU SUD COSMETICS BAG,12.75,25.5,25.5,34.0,0.0,12.75,0.0,4.25,42.5,8.5,0.0,25.5,0.0
ROSE DU SUD CUSHION COVER,0.0,12.7,0.0,0.0,6.35,0.0,6.35,0.0,6.35,50.8,0.0,0.0,0.0
ROSE DU SUD CUSHION COVER ,0.0,0.0,0.0,0.0,0.0,0.0,4.95,24.75,44.550000000000004,0.0,0.0,0.0,0.0
ROSE DU SUD DRAWSTRING BAG,0.0,12.75,0.0,25.5,0.0,0.0,0.0,8.5,0.0,0.0,8.5,0.0,0.0
ROSE DU SUD OVEN GLOVE,11.8,50.150000000000006,17.700000000000003,103.25000000000001,2.95,73.75,2.95,17.700000000000003,41.300000000000004,0.0,26.7,0.0,0.0
ROSE DU SUD WASHBAG ,5.95,0.0,17.85,17.85,0.0,5.95,17.85,5.95,17.85,5.95,0.0,47.6,0.0
ROSE FLOWER CANDLE+INCENSE 16X16CM,0.0,0.0,0.0,0.0,0.0,0.0,0.0,0.0,0.0,0.0,0.0,7.5,7.5
ROSE FOLKART HEART DECORATIONS,53.75,97.5,43.75,20.0,2.5,10.0,6.25,32.5,3.75,19.72,46.17,146.09,2.5
ROSE PENDANT TRIPLE SHELL NECKLACE,0.0,0.0,0.0,0.0,0.0,0.0,0.0,14.850000000000001,0.0,0.0,0.0,0.0,0.0
ROSE SCENT CANDLE IN JEWELLED BOX,288.55,197.69,38.25,211.01999999999998,21.25,25.5,21.25,79.72,34.0,51.0,72.83,0.0,68.58
ROSE SCENT CANDLE JEWELLED DRAWER,34.0,51.0,85.0,68.0,72.25,0.0,8.5,34.0,80.75,17.0,34.0,25.5,0.0
ROSES REGENCY TEACUP AND SAUCER ,781.7,827.8000000000001,941.0500000000002,1165.95,1544.95,1806.0500000000002,1522.8000000000002,993.35,1264.0,1980.42,1528.5600000000002,1472.5900000000001,455.53000000000003
ROTATING LEAVES T-LIGHT HOLDER,153.75,40.0,15.0,20.0,21.25,60.0,13.75,15.0,58.75,124.32,293.88,333.44,63.39
ROTATING SILVER ANGELS T-LIGHT HLDR,604.3499999999999,15.299999999999999,0.0,0.0,2.55,30.599999999999998,10.2,20.4,135.14999999999998,685.39,1414.3,1974.6,858.2299999999999
ROUND ARTICULATED PINK CLOCK W/SUCK,0.0,0.0,0.0,0.0,0.0,0.0,0.0,5.32,0.0,0.0,0.0,0.0,0.0
ROUND BLUE CLOCK WITH SUCKER,0.0,0.0,0.0,0.0,0.0,0.0,0.0,21.09,0.0,0.0,0.0,0.0,0.0
ROUND CACTUS CANDLE,0.0,0.0,0.0,0.0,0.0,0.0,0.0,0.0,0.0,2.95,0.0,14.75,0.0
ROUND CAKE TIN VINTAGE GREEN,0.0,111.2,250.20000000000002,0.0,83.4,0.0,0.0,0.0,83.4,21.96,83.4,0.0,0.0
ROUND CAKE TIN VINTAGE RED,83.4,152.9,250.20000000000002,83.4,83.4,0.0,125.10000000000001,0.0,83.4,188.76000000000002,0.0,166.8,0.0
ROUND CONTAINER SET OF 5 RETROSPOT,3.3,94.04999999999998,90.74999999999999,273.9,69.3,176.54999999999998,46.199999999999996,98.99999999999999,136.95,229.34999999999997,61.05,128.7,6.6
ROUND PINK HEART MIRROR,21.0,0.0,4.2,14.700000000000001,8.4,33.6,2.1,10.5,25.200000000000003,0.0,0.0,18.900000000000002,25.200000000000003
ROUND PURPLE CLOCK WITH SUCKER,0.0,0.0,0.0,0.0,0.0,0.0,0.0,22.99,6.46,7.98,1.52,1.9000000000000001,0.0
ROUND SNACK BOXES SET OF 4 FRUITS ,424.80000000000007,510.3500000000001,395.30000000000007,754.1500000000001,398.25000000000006,885.0000000000001,716.8500000000001,660.8000000000001,663.7500000000001,637.0900000000001,654.9000000000001,725.7,277.3
ROUND SNACK BOXES SET OF 4 SKULLS,103.25000000000001,79.65,35.400000000000006,64.9,76.70000000000002,150.45000000000002,123.90000000000002,177.00000000000003,182.90000000000003,238.95000000000002,224.20000000000005,171.10000000000002,85.55000000000001
ROUND SNACK BOXES SET OF4 WOODLAND ,651.95,610.6500000000001,572.3000000000001,531.0000000000001,634.2500000000001,964.6500000000001,781.7500000000001,861.4000000000001,926.3000000000002,1165.2500000000002,1227.2,1288.9300000000003,480.74000000000007
ROUND STORAGE TIN VINTAGE LEAF,0.0,0.0,0.0,0.0,0.0,0.0,202.79999999999998,126.75,185.25,107.25,95.55,115.28,86.03
ROUND WHITE CONFETTI IN TUBE,1.65,19.799999999999997,0.0,0.0,0.0,24.749999999999996,0.0,0.0,59.39999999999999,19.799999999999997,1.65,0.0,19.799999999999997
RUBY DROP CHANDELIER EARRINGS,0.0,7.5,0.0,0.0,0.0,7.5,0.0,0.0,0.0,22.5,0.0,0.0,0.0
RUBY GLASS CLUSTER BRACELET,0.0,0.0,11.9,0.0,0.0,0.0,0.0,0.0,17.85,0.0,0.0,17.85,0.0
RUBY GLASS CLUSTER EARRINGS,0.0,0.0,0.0,0.0,0.0,0.0,0.0,0.0,0.0,0.0,1.25,0.0,0.0
RUBY GLASS CLUSTER NECKLACE,0.0,0.0,0.0,0.0,0.0,0.0,0.0,0.0,0.0,0.0,0.0,15.0,0.0
RUSTIC MIRROR WITH LACE HEART,0.0,0.0,0.0,0.0,0.0,0.0,0.0,0.0,0.0,412.5,440.93,220.93,93.45
RUSTIC STRAWBERRY JAM POT LARGE ,0.0,0.0,0.0,0.0,0.0,0.0,0.0,0.0,120.64,191.36,33.28,97.76,0.0
RUSTIC STRAWBERRY JAM POT SMALL,0.0,0.0,0.0,0.0,0.0,0.0,0.0,0.0,59.39999999999999,198.89999999999998,82.49999999999999,33.0,0.0
RUSTIC STRAWBERRY JAMPOT LARGE ,0.0,0.0,0.0,0.0,0.0,0.0,0.0,0.0,49.92,74.88,24.96,0.0,0.0
RUSTIC STRAWBERRY JAMPOT SMALL,0.0,0.0,0.0,0.0,0.0,0.0,0.0,0.0,19.799999999999997,19.799999999999997,19.799999999999997,0.0,0.0
S/12 MINI RABBIT EASTER,1.65,65.99999999999999,100.64999999999999,184.79999999999998,9.9,0.0,1.65,1.65,0.0,0.0,0.0,9.899999999999999,0.0
S/12 VANILLA  BOTANICAL T-LIGHTS,61.95000000000001,44.25000000000001,112.10000000000002,147.50000000000003,50.150000000000006,56.05000000000001,8.850000000000001,5.9,5.9,0.0,17.700000000000003,0.0,0.0
S/15 SILVER GLASS BAUBLES IN BAG,171.25,0.0,0.0,0.0,0.0,15.0,0.0,11.25,57.5,102.5,0.0,0.0,0.0
S/2 BEACH HUT TREASURE CHESTS,0.0,0.0,0.0,0.0,5.95,4.0,0.0,0.0,0.0,0.0,0.0,0.0,0.0
S/3 POT POURI CUSHIONS BLUE COLOURS,25.200000000000003,0.0,0.0,0.0,0.0,0.0,25.200000000000003,0.0,0.0,0.0,0.0,0.0,0.0
S/4 BLACK MINI ROSE CANDLE IN BOWL,6.6,0.0,0.0,0.0,0.0,0.0,23.099999999999998,0.0,0.0,6.56,1.63,11.41,0.0
S/4 CACTI CANDLES,260.6,143.1,167.0,69.3,201.65,167.0,137.29999999999998,9.9,19.8,4.95,4.95,327.75,14.850000000000001
S/4 GROOVY CAT MAGNETS,9.899999999999999,0.0,0.0,29.699999999999996,33.89999999999999,3.3,1.65,38.71,0.0,4.74,1.58,0.0,0.0
"S/4 ICON COASTER,ELVIS LIVES",0.0,0.0,0.0,1.25,7.02,2.3400000000000003,0.0,0.0,0.0,0.0,0.0,0.0,0.0
S/4 IVORY MINI ROSE CANDLE IN BOWL,28.049999999999997,21.449999999999996,37.949999999999996,8.25,21.449999999999996,26.399999999999995,51.15,1.65,0.0,23.0,22.919999999999998,60.88999999999999,11.43
S/4 PINK FLOWER CANDLES IN BOWL,8.25,80.85,160.04999999999998,146.85,103.94999999999999,85.79999999999998,155.09999999999997,9.9,19.799999999999997,89.08999999999999,117.14999999999999,150.01,29.689999999999998
S/4 VALENTINE DECOUPAGE HEART BOX,400.3,727.1,140.85,26.55,59.00000000000001,41.300000000000004,0.0,0.0,0.0,0.0,0.0,0.0,0.0
S/6 SEW ON CROCHET FLOWERS,23.75,32.5,0.0,46.25,15.0,0.0,0.0,3.75,7.5,2.5,2.5,1.25,0.0
S/6 WOODEN SKITTLES IN COTTON BAG,177.00000000000003,94.4,159.3,94.40000000000002,240.5,269.75,136.5,139.75,20.950000000000003,278.79,344.2,427.58,100.03999999999999
SALLE DE BAIN HOOK,48.75,84.22999999999999,86.47,41.25,48.75,75.0,31.25,18.75,6.25,0.0,0.0,0.0,0.0
SANDALWOOD FAN,14.45,15.3,0.0,6.8,44.2,71.39999999999999,65.45,37.4,55.25,6.8,10.2,38.25,1.7
SANDWICH BATH SPONGE,156.25,71.25,32.5,0.0,0.0,1.25,0.0,0.0,0.0,0.0,0.0,0.0,0.0
SAVE THE PLANET COTTON TOTE BAG,144.0,83.25,56.25,164.25,132.75,90.0,135.0,101.25,67.5,33.75,117.0,96.75,13.5
SAVE THE PLANET MUG,344.04,111.25,170.0,131.25,256.25,212.5,143.75,123.75,222.5,203.39,288.69999999999993,412.49999999999994,80.82999999999998
SAVOY ART DECO CLOCK,0.0,0.0,0.0,0.0,189.60000000000002,0.0,0.0,395.00000000000006,158.00000000000003,0.0,0.0,0.0,0.0
SCALLOP SHELL SOAP DISH,0.0,0.0,2.1,0.0,0.0,0.0,0.0,0.0,0.0,0.0,0.0,0.0,0.0
SCANDINAVIAN 3 HEARTS NAPKIN RING,16.25,15.600000000000001,11.05,11.59,13.3,15.39,22.800000000000004,9.120000000000001,18.240000000000002,49.650000000000006,47.59,0.0,0.0
SCANDINAVIAN PAISLEY PICNIC BAG,32.45,29.5,53.1,250.75,305.9,577.4,493.34999999999997,490.05,455.3,128.67000000000002,135.24,219.39,68.46000000000001
SCANDINAVIAN REDS RIBBONS,315.0,68.75,73.75,78.75,48.75,122.5,105.0,143.75,303.75,433.47,717.95,548.32,82.1
SCENTED CANDLE IN DIGITALIS TIN,33.6,16.8,0.0,0.0,0.0,0.0,0.0,2.1,6.300000000000001,0.0,50.400000000000006,0.0,0.0
SCENTED VELVET LOUNGE CANDLE ,48.75,15.0,0.0,0.0,45.0,0.0,0.0,0.0,9.120000000000001,13.680000000000001,15.96,91.2,5.700000000000001
SCOTTIE DOG HOT WATER BOTTLE,3108.75,795.9000000000001,158.4,39.6,49.5,322.8,171.3,54.45,691.0500000000001,2157.4500000000003,2043.45,3533.55,1206.9
SCOTTIE DOGS BABY BIB,1.25,17.5,2.5,9.36,10.14,5.8500000000000005,4.29,7.8,5.07,8.78,16.68,41.8,2.4899999999999998
SCOTTIES CHILDRENS APRON,31.349999999999998,31.349999999999998,0.0,0.0,0.0,0.0,0.0,0.0,0.0,0.0,0.0,0.0,0.0
SCOTTIES DESIGN WASHBAG,3.9,48.75,62.4,15.6,5.85,7.8,1.95,1.95,1.95,13.65,11.7,1.95,0.0
SEASIDE FLYING DISC,8.75,3.75,53.75,50.0,50.0,96.25,0.0,3.75,23.75,15.0,6.17,9.92,4.92
SET 10 CARDS HANGING BAUBLES 17080,0.0,0.0,0.0,0.0,0.0,0.0,0.0,0.0,0.0,2.99,0.0,0.0,0.0
SET 10 LIGHTS NIGHT OWL,473.55,344.25,135.0,216.0,345.3,365.55,0.0,0.0,0.0,0.0,0.0,0.0,0.0
SET 10 NIGHT OWL LIGHTS,0.0,0.0,0.0,0.0,0.0,87.75,249.75,138.9,74.25,596.1,398.95,626.3,325.05
SET 12 COLOUR PENCILS DOILEY,0.0,0.0,0.0,0.0,0.0,0.0,0.0,0.0,0.0,10.4,20.8,0.0,0.0
SET 12 COLOUR PENCILS DOLLY GIRL ,0.0,0.0,0.0,0.0,0.0,0.0,0.0,0.0,0.0,125.45,377.85,445.25,78.65
SET 12 COLOUR PENCILS LOVE LONDON,0.0,0.0,0.0,0.0,0.0,0.0,0.0,0.0,0.0,68.9,244.60000000000002,290.55,39.0
SET 12 COLOUR PENCILS SPACEBOY ,0.0,0.0,0.0,0.0,0.0,0.0,0.0,0.0,0.0,195.65,416.85,633.75,172.25
SET 12 COLOURING PENCILS DOILEY,0.0,0.0,0.0,0.0,0.0,0.0,0.0,0.0,0.0,0.0,0.65,0.0,0.0
SET 12 COLOURING PENCILS DOILY,0.0,0.0,0.0,0.0,0.0,0.0,0.0,0.0,0.0,125.45,273.0,300.3,53.95
SET 12 KIDS  WHITE CHALK STICKS,24.78,77.28,40.32,77.28,78.12,141.54,39.480000000000004,40.32,39.480000000000004,148.68,73.07,87.31,26.04
SET 12 KIDS COLOUR  CHALK STICKS,102.48,65.94,26.04,145.32,102.06,188.58,102.9,97.02,108.36,153.72,131.98,174.17,36.91
SET 12 LAVENDER  BOTANICAL T-LIGHTS,129.8,106.20000000000002,200.60000000000002,129.8,64.9,162.25000000000003,94.4,61.95,17.700000000000003,0.0,0.0,0.0,0.0
SET 12 RETRO WHITE CHALK STICKS,59.22,72.24000000000001,132.72,128.52,42.42,110.46,73.92,93.24,105.42,76.83,95.25,70.94,27.259999999999998
SET 12 VINTAGE DOILY CHALK ,0.0,0.0,0.0,0.0,0.0,0.0,0.0,0.0,0.0,0.0,39.06,351.96,88.62
SET 2 PANTRY DESIGN TEA TOWELS,0.0,0.0,686.15,976.45,364.0,334.4,468.0,387.4,302.25,471.25,416.54,292.68,94.25
SET 2 TEA TOWELS I LOVE LONDON ,0.0,0.0,0.0,0.0,0.0,0.0,204.75,383.5,455.0,484.25,422.5,718.25,211.25
SET 20 NAPKINS FAIRY CAKES DESIGN ,75.64999999999999,113.05,148.75,292.4,256.7,120.69999999999999,117.3,108.8,103.69999999999999,112.97999999999999,58.51,129.84,16.93
SET 3 PAPER VINTAGE CHICK PAPER EGG,0.0,666.7,761.1000000000001,1079.7000000000003,448.40000000000003,0.0,0.0,0.0,17.700000000000003,17.700000000000003,0.0,0.0,0.0
"SET 3 RETROSPOT TEA,COFFEE,SUGAR",399.0,756.0,520.8,374.25,379.20000000000005,405.90000000000003,403.95,642.15,719.0,491.1,265.35,647.55,151.5
SET 3 SONG BIRD PAPER EGGS ASSORTED,0.0,286.15000000000003,578.2,738.0500000000001,221.25000000000003,35.400000000000006,17.700000000000003,0.0,0.0,0.0,0.0,0.0,17.700000000000003
SET 36 COLOUR PENCILS DOILEY,0.0,0.0,0.0,0.0,0.0,0.0,0.0,0.0,0.0,20.0,20.0,0.0,0.0
SET 36 COLOUR PENCILS DOLLY GIRL,0.0,0.0,0.0,0.0,0.0,0.0,0.0,0.0,0.0,122.5,325.0,405.0,45.0
SET 36 COLOUR PENCILS LOVE LONDON,0.0,0.0,0.0,0.0,0.0,0.0,0.0,0.0,0.0,30.0,236.25,231.25,68.75
SET 36 COLOUR PENCILS SPACEBOY ,0.0,0.0,0.0,0.0,0.0,0.0,0.0,0.0,0.0,153.75,348.75,523.75,86.25
SET 36 COLOURING PENCILS DOILEY,0.0,0.0,0.0,0.0,0.0,0.0,0.0,0.0,0.0,0.0,1.25,0.0,0.0
SET 36 COLOURING PENCILS DOILY,0.0,0.0,0.0,0.0,0.0,0.0,0.0,0.0,0.0,107.5,300.0,496.25,67.5
SET 4 NURSERY DES ROUND BOXES,11.8,2.95,0.0,0.0,42.5,0.0,0.0,0.0,0.0,0.0,0.0,0.0,0.0
SET 4 PICNIC CUTLERY BLUEBERRY,0.0,0.0,0.0,0.0,0.0,0.0,0.0,0.0,0.0,0.0,52.65,60.45,46.8
SET 4 PICNIC CUTLERY CHERRY ,0.0,0.0,0.0,0.0,0.0,0.0,0.0,0.0,0.0,0.0,15.6,76.05,46.8
SET 4 PICNIC CUTLERY FONDANT,0.0,0.0,0.0,0.0,0.0,0.0,0.0,0.0,0.0,0.0,50.699999999999996,52.65,23.4
SET 4 VALENTINE DECOUPAGE HEART BOX,0.0,0.0,0.0,0.0,0.0,0.0,11.8,134.95,44.25000000000001,64.68,56.05,91.45,38.35
SET 40 HEART SHAPE PETIT FOUR CASES,0.0,0.0,0.0,0.0,0.0,0.0,0.0,839.9499999999999,1014.7499999999999,410.95,9.899999999999999,14.85,0.0
SET 6 FOOTBALL CELEBRATION CANDLES,62.5,105.0,65.0,17.5,16.25,35.0,52.5,31.25,33.75,21.25,137.5,43.75,2.5
SET 6 PAPER TABLE LANTERN HEARTS ,0.0,0.0,0.0,0.0,0.0,787.5,646.98,427.5,367.5,498.75,909.48,1556.25,390.0
SET 6 PAPER TABLE LANTERN STARS ,0.0,0.0,0.0,0.0,0.0,210.0,309.48,157.5,326.25,517.5,1325.53,1241.25,495.0
SET 6 SCHOOL MILK BOTTLES IN CRATE,0.0,0.0,0.0,0.0,0.0,0.0,0.0,0.0,792.72,1482.78,1450.77,1450.77,368.97
SET 7 BABUSHKA NESTING BOXES,0.0,0.0,0.0,0.0,0.0,0.0,0.0,0.0,0.0,0.0,0.0,0.0,671.5000000000001
SET 8 CANDLES VINTAGE DOILEY,0.0,0.0,0.0,0.0,0.0,0.0,0.0,0.0,50.699999999999996,23.4,23.4,0.0,0.0
SET 8 CANDLES VINTAGE DOILY,0.0,0.0,0.0,0.0,0.0,0.0,0.0,0.0,245.7,423.15,434.84999999999997,382.2,19.5
SET OF 10 LANTERNS FAIRY LIGHT STAR,0.0,0.0,0.0,0.0,16.6,99.60000000000001,157.70000000000002,24.900000000000002,149.4,477.25,232.4,311.25,20.75
SET OF 10 LED DOLLY LIGHTS,0.0,0.0,0.0,0.0,0.0,1692.73,1365.26,414.68,716.86,904.65,906.54,1392.61,642.26
SET OF 12  VINTAGE POSTCARD SET,17.849999999999998,61.199999999999996,35.699999999999996,81.6,77.1,96.9,140.4,171.60000000000002,109.85000000000001,221.51000000000002,112.45000000000002,227.36,18.200000000000003
SET OF 12 FAIRY CAKE BAKING CASES,0.0,0.0,0.0,0.0,0.0,0.0,0.0,488.71999999999997,570.2099999999999,721.02,526.2199999999999,570.06,175.13
SET OF 12 FORK CANDLES,0.0,0.0,0.0,0.0,0.0,0.0,0.0,0.0,462.4,442.17,517.31,335.24,72.25
SET OF 12 MINI BUNNIES IN A BUCKET,0.0,10.5,4.2,21.0,23.1,0.0,0.0,8.4,0.0,0.0,0.0,0.0,0.0
SET OF 12 MINI LOAF BAKING CASES,0.0,0.0,0.0,0.0,0.0,0.0,0.0,338.48999999999995,489.7,584.9499999999999,471.44,395.08,102.08999999999999
SET OF 12 ROSE BOTANICAL T-LIGHTS,0.0,0.0,0.0,0.0,41.300000000000004,100.30000000000001,0.0,0.0,0.0,0.0,0.0,0.0,0.0
SET OF 12 T-LIGHTS VINTAGE DOILEY,0.0,0.0,0.0,0.0,0.0,0.0,0.0,0.0,48.75,46.8,23.4,0.0,0.0
SET OF 12 T-LIGHTS VINTAGE DOILY,0.0,0.0,0.0,0.0,0.0,0.0,0.0,0.0,271.05,327.9,378.29999999999995,331.5,50.699999999999996
SET OF 2 CERAMIC CHRISTMAS REINDEER,0.0,0.0,0.0,0.0,0.0,0.0,39.15,129.04999999999998,139.2,612.16,146.67,4.35,0.0
SET OF 2 CERAMIC CHRISTMAS TREES,0.0,0.0,0.0,0.0,0.0,0.0,36.25,10.149999999999999,69.6,98.6,234.89999999999998,245.04999999999998,24.65
SET OF 2 CERAMIC PAINTED HEARTS ,0.0,0.0,0.0,0.0,0.0,0.0,110.19999999999999,160.5,136.29999999999998,173.04999999999998,297.25,275.5,30.45
SET OF 2 CHRISTMAS DECOUPAGE CANDLE,63.75,0.0,0.0,0.0,0.0,0.0,0.0,1.25,15.0,197.66,331.38,314.44,0.0
SET OF 2 ROUND TINS CAMEMBERT ,44.25000000000001,23.6,67.85000000000001,41.300000000000004,2.95,14.75,61.95000000000001,20.650000000000002,5.9,73.75000000000001,41.300000000000004,41.300000000000004,72.68
SET OF 2 ROUND TINS DUTCH CHEESE,23.6,47.2,11.8,17.700000000000003,23.6,23.6,8.850000000000001,23.6,17.700000000000003,50.150000000000006,70.80000000000001,67.85000000000001,87.69
SET OF 2 TEA TOWELS APPLE AND PEARS,126.85000000000002,321.55000000000007,300.90000000000003,341.05000000000007,175.5,210.9,315.25,250.25,188.5,390.0,344.5,517.14,52.0
SET OF 2 TEA TOWELS PING MICROWAVE,0.0,0.0,0.0,0.0,0.0,0.0,5.9,17.700000000000003,8.850000000000001,13.280000000000001,28.04,7.38,46.27
SET OF 2 TINS JARDIN DE PROVENCE,44.550000000000004,59.400000000000006,49.5,118.80000000000001,103.95,54.45,89.1,0.0,34.65,49.5,54.45,54.45,113.75
SET OF 2 TINS VINTAGE BATHROOM ,72.25,140.25,80.75,46.75,72.25,89.25,34.0,4.25,80.75,72.25,34.0,21.25,4.25
SET OF 20 KIDS COOKIE CUTTERS,743.7,732.9000000000001,459.90000000000003,686.7,322.50000000000006,315.00000000000006,273.00000000000006,163.8,336.00000000000006,626.6500000000001,618.73,981.5400000000001,278.95000000000005
SET OF 20 VINTAGE CHRISTMAS NAPKINS,408.84999999999997,9.35,0.0,0.0,10.2,0.0,11.899999999999999,20.4,99.44999999999999,708.9,1054.0,1013.1999999999999,375.7
SET OF 3 BABUSHKA STACKING TINS,89.1,14.850000000000001,29.700000000000003,0.0,0.0,0.0,0.0,0.0,0.0,0.0,0.0,0.0,0.0
SET OF 3 BIRD LIGHT PINK FEATHER ,35.0,2.5,3.75,10.0,5.0,15.600000000000001,42.51,31.59,48.75,123.63,62.01,214.5,24.96
SET OF 3 BLACK FLYING DUCKS,122.5,111.60000000000001,205.55,239.55,167.4,10.9,27.25,72.15,32.7,38.150000000000006,237.95000000000002,93.95,54.50000000000001
SET OF 3 BUTTERFLY COOKIE CUTTERS,147.5,431.25,381.25,421.25,388.75,386.25,308.75,336.25,385.0,346.78,475.41999999999996,613.67,207.04
SET OF 3 CAKE TINS PANTRY DESIGN ,1011.6,2502.9,2660.8500000000004,3054.3,237.60000000000002,4.95,1644.45,1725.6000000000001,1330.25,2086.7200000000003,1957.6000000000001,1764.5500000000002,602.6
SET OF 3 CAKE TINS SKETCHBOOK,163.35000000000002,642.9000000000001,324.75,262.35,250.5,418.8,188.10000000000002,214.35000000000002,79.2,143.55,207.9,198.0,354.75
SET OF 3 COLOURED  FLYING DUCKS,280.55,364.90000000000003,49.050000000000004,16.35,0.0,0.0,0.0,0.0,0.0,0.0,0.0,0.0,0.0
SET OF 3 CONEY ISLAND OVAL BOXES,29.700000000000003,0.0,4.95,19.8,1.5,0.0,0.0,0.0,0.0,0.0,0.0,0.0,0.0
SET OF 3 GOLD FLYING DUCKS,25.4,0.0,31.75,0.0,38.099999999999994,25.4,12.7,0.0,25.4,38.099999999999994,34.25,74.85,48.75
SET OF 3 HANGING OWLS OLLIE BEAK,0.0,0.0,0.0,0.0,0.0,0.0,148.75,136.25,260.0,422.42,464.7,928.63,257.34
SET OF 3 HEART COOKIE CUTTERS,207.5,877.5,427.5,516.25,298.97,238.75,238.75,121.25,192.5,291.51,464.83,765.3699999999999,228.92
SET OF 3 MINI HANGING PORTRAITS,0.0,0.0,0.0,0.0,0.0,0.0,0.0,0.0,0.0,0.0,33.2,90.0,0.0
SET OF 3 NOTEBOOKS IN PARCEL,354.74999999999994,280.49999999999994,376.19999999999993,285.44999999999993,323.4,381.15,245.84999999999997,151.79999999999998,247.49999999999997,369.37999999999994,747.05,628.2199999999999,0.0
SET OF 3 PANTRY WOODEN SPOONS,0.0,0.0,0.0,0.0,0.0,0.0,0.0,0.0,0.0,0.0,6.25,183.75,50.0
SET OF 3 PINK FLYING DUCKS,5.45,0.0,0.0,0.0,0.0,0.0,0.0,0.0,0.0,0.0,0.0,0.0,0.0
SET OF 3 REGENCY CAKE TINS,0.0,0.0,0.0,0.0,0.0,0.0,2727.3,2543.8,2399.05,2884.5,2194.4,2258.75,576.25
SET OF 3 WOODEN HEART DECORATIONS,0.0,0.0,0.0,0.0,0.0,0.0,318.75,348.71,483.75,787.71,898.96,1155.99,203.11
SET OF 3 WOODEN SLEIGH DECORATIONS,0.0,0.0,0.0,0.0,0.0,0.0,57.5,73.75,146.25,347.02,718.96,762.35,148.43
SET OF 3 WOODEN STOCKING DECORATION,0.0,0.0,0.0,0.0,0.0,0.0,41.25,110.0,167.5,423.51,704.36,814.69,125.89
SET OF 3 WOODEN TREE DECORATIONS,0.0,0.0,0.0,0.0,0.0,0.0,43.75,73.75,76.25,446.94,530.65,791.42,108.51
SET OF 36 DINOSAUR PAPER DOILIES,17.4,23.2,0.0,79.75,23.2,21.749999999999996,39.14999999999999,17.4,26.099999999999998,24.65,18.849999999999998,79.75,0.0
SET OF 36 DOILIES PANTRY DESIGN,0.0,0.0,0.0,0.0,0.0,0.0,739.4999999999999,693.0999999999999,545.1999999999999,414.7,220.42,17.4,0.0
SET OF 36 DOILIES SPACEBOY DESIGN ,8.7,8.7,75.39999999999999,84.1,65.25,23.2,26.099999999999998,36.25,21.75,94.25,37.699999999999996,0.0,0.0
SET OF 36 DOLLY GIRL PAPER DOILIES,0.0,0.0,0.0,0.0,0.0,0.0,0.0,0.0,0.0,0.0,2.9,58.0,0.0
SET OF 36 MUSHROOM PAPER DOILIES,10.149999999999999,11.6,1.45,0.0,47.849999999999994,13.049999999999999,14.5,1.45,23.2,27.549999999999997,2.9,7.25,0.0
SET OF 36 PAISLEY FLOWER DOILIES,78.3,168.2,153.7,301.59999999999997,233.45,52.199999999999996,139.2,207.35,198.64999999999998,478.52,275.53999999999996,388.71999999999997,87.08
SET OF 36 PANTRY PAPER DOILIES,0.0,0.0,0.0,0.0,0.0,0.0,0.0,0.0,0.0,0.0,4.35,52.22,1.45
SET OF 36 SPACEBOY PAPER DOILIES,0.0,0.0,0.0,0.0,0.0,0.0,0.0,0.0,0.0,0.0,4.35,42.05,26.099999999999998
SET OF 36 TEATIME PAPER DOILIES,68.14999999999999,149.35,282.75,392.95,272.59999999999997,291.45,192.85,127.6,194.29999999999998,207.35,253.76999999999998,345.15999999999997,8.7
SET OF 36 VINTAGE CHRISTMAS DOILIES,0.0,0.0,0.0,0.0,0.0,0.0,0.0,0.0,0.0,0.0,39.15,0.0,0.0
SET OF 4 BLACK LOVEBIRD COASTERS,45.9,15.299999999999999,0.0,0.0,5.53,20.54,9.48,56.88,7.11,4.92,0.0,56.45,21.33
SET OF 4 CAROUSEL PLACEMATS ,30.0,0.0,30.0,3.75,0.0,7.5,3.75,0.0,0.0,0.0,15.0,0.0,11.06
SET OF 4 DIAMOND NAPKIN RINGS,63.2,94.80000000000001,0.0,0.0,0.0,0.0,0.0,0.0,0.0,0.0,0.0,0.0,85.55000000000001
SET OF 4 ENGLISH ROSE COASTERS,38.75,67.5,61.25,111.25,48.75,55.0,68.75,83.75,71.25,146.21,104.92,145.0,74.96000000000001
SET OF 4 ENGLISH ROSE PLACEMATS,82.5,146.25,265.8,138.75,120.0,123.75,198.3,101.25,108.75,153.71,261.97,266.21,15.0
SET OF 4 FAIRY CAKE PLACEMATS,26.25,86.25,52.5,63.75,45.0,26.25,15.0,30.0,37.5,30.0,41.25,97.5,33.75
SET OF 4 FAIRY CAKE PLACEMATS ,75.0,183.75,41.25,37.5,48.75,7.5,0.0,7.5,15.0,41.25,33.75,67.5,27.5
SET OF 4 GREEN CAROUSEL COASTERS,0.0,2.5,0.0,1.25,0.0,0.0,1.25,0.0,0.0,5.0,2.5,12.5,1.05
SET OF 4 JAM JAR MAGNETS,0.0,0.0,0.0,52.0,497.84000000000003,395.2,224.64000000000001,459.68,384.8,520.69,324.48,463.84000000000003,72.80000000000001
SET OF 4 KNICK KNACK TINS  DOILEY ,0.0,0.0,0.0,0.0,0.0,0.0,0.0,0.0,24.900000000000002,0.0,0.0,0.0,0.0
SET OF 4 KNICK KNACK TINS DOILEY ,0.0,0.0,0.0,0.0,0.0,0.0,1855.0500000000002,1518.9,394.25000000000006,99.60000000000001,24.900000000000002,0.0,0.0
SET OF 4 KNICK KNACK TINS DOILY ,0.0,0.0,0.0,0.0,0.0,0.0,0.0,0.0,776.0500000000001,2041.8000000000002,1552.1000000000001,2045.95,481.40000000000003
SET OF 4 KNICK KNACK TINS LEAF,0.0,0.0,0.0,0.0,0.0,0.0,0.0,398.40000000000003,278.05,390.1,344.45000000000005,481.40000000000003,178.45000000000002
SET OF 4 KNICK KNACK TINS LEAVES ,0.0,0.0,0.0,0.0,0.0,0.0,796.4000000000001,161.20000000000002,0.0,99.60000000000001,0.0,0.0,0.0
SET OF 4 KNICK KNACK TINS LONDON ,0.0,0.0,0.0,0.0,0.0,0.0,763.6,825.8500000000001,672.3000000000001,834.1500000000001,647.4000000000001,784.35,249.0
SET OF 4 KNICK KNACK TINS POPPIES,0.0,0.0,0.0,0.0,0.0,0.0,493.85,580.35,361.05,365.20000000000005,302.95000000000005,315.40000000000003,183.6
SET OF 4 NAPKIN CHARMS 3 KEYS ,28.049999999999997,0.0,15.299999999999999,68.85,10.2,51.0,2.55,2.55,2.55,17.85,43.349999999999994,38.24999999999999,8.690000000000001
SET OF 4 NAPKIN CHARMS CROWNS ,40.8,0.0,30.599999999999998,30.599999999999998,20.4,20.4,0.0,2.55,0.0,25.499999999999996,53.41,45.9,17.380000000000003
SET OF 4 NAPKIN CHARMS CUTLERY,84.14999999999999,25.5,91.8,76.5,50.99999999999999,137.7,84.14999999999999,15.299999999999999,53.55,30.599999999999998,188.7,142.66,48.449999999999996
SET OF 4 NAPKIN CHARMS HEARTS,124.94999999999999,119.85,56.099999999999994,140.25,43.349999999999994,127.49999999999999,76.5,68.85,66.3,25.5,218.87999999999997,124.80999999999999,10.27
SET OF 4 NAPKIN CHARMS INSTRUMENT,7.6499999999999995,0.0,30.599999999999998,2.55,0.0,5.1,12.75,40.8,2.55,5.1,68.85,20.4,2.37
SET OF 4 NAPKIN CHARMS LEAVES   ,10.2,15.299999999999999,45.9,15.299999999999999,5.1,12.75,28.049999999999997,0.0,33.15,2.55,25.5,73.94999999999999,11.06
SET OF 4 NAPKIN CHARMS STARS   ,25.5,0.0,48.449999999999996,12.75,0.0,35.699999999999996,0.0,5.1,0.0,35.699999999999996,78.77,76.5,19.75
SET OF 4 PANTRY JELLY MOULDS,0.0,0.0,416.25,1277.5,1018.75,1201.25,743.86,746.25,767.5,856.49,695.23,915.19,323.51
SET OF 4 PISTACHIO LOVEBIRD COASTER,35.699999999999996,10.2,15.299999999999999,0.0,6.32,43.45,29.23,40.290000000000006,26.070000000000004,37.92,24.580000000000002,40.29,4.92
SET OF 4 POLKADOT COASTERS,0.0,26.25,13.75,6.25,7.5,1.25,2.5,13.75,27.5,3.75,8.71,9.96,1.25
SET OF 4 POLKADOT PLACEMATS ,3.75,37.5,85.80000000000001,15.0,11.25,0.0,0.0,0.0,37.5,7.5,37.5,33.75,0.0
SET OF 4 ROSE BOTANICAL CANDLES,82.5,127.5,3.75,82.5,0.0,22.5,67.5,0.0,41.25,7.5,160.0,411.25,182.5
SET OF 4 SANTA PLACE SETTINGS,0.0,0.0,0.0,0.0,0.0,0.0,35.0,46.25,110.0,317.5,198.75,451.25,48.75
SET OF 5 LUCKY CAT MAGNETS ,0.0,0.0,0.0,58.24,400.08000000000004,397.28000000000003,242.0,266.24,355.68,441.62,353.48,559.4,212.1
SET OF 5 MINI GROCERY MAGNETS,0.0,0.0,0.0,79.04,350.84000000000003,301.6,178.88,143.52,384.8,310.61,307.84000000000003,326.53000000000003,106.08
SET OF 5 PANCAKE DAY MAGNETS,0.0,0.0,0.0,54.08,462.48,490.88,274.56,266.24,312.0,306.45,484.64000000000004,482.56,0.0
SET OF 6 3D KIT CARDS FOR KIDS,70.55,18.7,42.5,57.8,40.8,25.5,39.099999999999994,88.39999999999999,73.1,50.93,134.01999999999998,147.48,45.05
SET OF 6 CAKE CHOPSTICKS,43.75,17.5,26.25,31.25,5.0,25.0,7.5,18.75,21.25,0.0,52.300000000000004,60.89,7.38
SET OF 6 EASTER RAINBOW CHICKS,0.0,0.0,0.0,0.0,0.0,0.0,0.0,0.0,0.0,0.0,0.0,15.0,0.0
SET OF 6 FUNKY BEAKERS,67.85000000000001,44.25000000000001,23.6,44.25000000000001,61.95000000000001,82.6,5.9,14.750000000000002,53.10000000000001,8.74,41.190000000000005,67.63000000000001,32.230000000000004
SET OF 6 GIRLS CELEBRATION CANDLES,31.25,116.25,50.0,46.25,42.94,67.5,67.5,32.5,43.75,25.0,31.25,35.0,15.0
SET OF 6 HALLOWEEN GHOST T-LIGHTS,0.0,0.0,0.0,0.0,0.0,0.0,2.1,2.52,6.72,34.44,19.32,0.42,0.0
SET OF 6 HEART CHOPSTICKS,16.25,176.25,65.0,57.5,35.0,21.25,5.0,2.5,1.25,37.46,73.47,73.39,4.96
SET OF 6 HERB TINS SKETCHBOOK,173.8,754.0,363.25,327.85,217.25,304.15000000000003,169.85,228.95000000000002,221.05,67.15,71.10000000000001,126.4,156.25
SET OF 6 ICE CREAM SKITTLES,0.0,23.6,0.0,11.8,11.8,0.0,0.0,0.0,0.0,0.0,0.0,0.0,0.0
SET OF 6 KASHMIR FOLKART BAUBLES,119.0,0.0,0.0,0.0,17.0,4.25,288.74999999999994,222.74999999999997,8.25,0.0,67.64999999999999,9.899999999999999,0.0
SET OF 6 NATIVITY MAGNETS ,0.0,0.0,0.0,2.08,0.0,24.96,0.0,49.92,79.04,624.0,1054.38,734.1800000000001,0.0
SET OF 6 RIBBONS COUNTRY STYLE,0.0,0.0,0.0,0.0,0.0,0.0,0.0,0.0,0.0,0.0,0.0,135.83,161.84
SET OF 6 RIBBONS PARTY,0.0,0.0,0.0,0.0,0.0,0.0,0.0,0.0,0.0,0.0,0.0,147.39,161.84
SET OF 6 RIBBONS PERFECTLY PRETTY  ,0.0,0.0,0.0,0.0,0.0,0.0,0.0,0.0,0.0,0.0,0.0,95.37,433.5
SET OF 6 RIBBONS VINTAGE CHRISTMAS,2.55,0.0,0.0,0.0,0.0,0.0,5.78,26.009999999999998,367.03,1494.13,2190.65,2135.71,274.55
SET OF 6 SNACK LOAF BAKING CASES,0.0,0.0,0.0,0.0,0.0,0.0,0.0,334.34,286.34999999999997,485.45,334.65999999999997,269.75,63.91
SET OF 6 SOLDIER SKITTLES,367.5,243.75,112.5,221.25,396.0,326.55,363.75,438.75,303.75,820.49,816.74,1116.62,382.3
SET OF 6 SPICE TINS PANTRY DESIGN,826.85,1374.0,1743.1000000000001,1899.5000000000002,1066.2,1283.3000000000002,0.0,0.0,47.400000000000006,773.7500000000001,1499.95,1097.65,300.20000000000005
SET OF 6 STRAWBERRY CHOPSTICKS,58.75,15.0,53.75,55.0,6.25,30.0,20.0,45.0,0.0,0.0,82.5,56.13,3.71
SET OF 6 T-LIGHTS CACTI ,20.650000000000002,64.9,0.0,35.400000000000006,44.25000000000001,17.700000000000003,35.400000000000006,11.8,5.9,26.440000000000005,37.8,149.79000000000002,81.58
SET OF 6 T-LIGHTS EASTER CHICKS,109.15,238.95000000000005,206.50000000000003,194.70000000000005,97.35000000000001,0.0,17.700000000000003,0.0,0.0,0.0,0.0,2.95,32.5
SET OF 6 T-LIGHTS SANTA,244.85000000000002,0.0,0.0,0.0,0.0,17.700000000000003,0.0,20.650000000000002,129.8,456.4800000000001,706.46,927.9300000000001,161.59000000000003
SET OF 6 T-LIGHTS SNOWMEN,374.65000000000003,0.0,0.0,0.0,0.0,35.400000000000006,11.8,17.700000000000003,76.70000000000002,302.86,514.0500000000001,827.72,11.8
SET OF 6 T-LIGHTS TOADSTOOLS,141.60000000000002,138.65000000000003,112.10000000000002,174.05,85.55000000000001,91.45000000000002,44.25000000000001,50.150000000000006,73.75000000000001,76.70000000000002,100.19000000000001,182.90000000000003,147.65
SET OF 6 T-LIGHTS WEDDING CAKE ,35.400000000000006,17.700000000000003,17.700000000000003,123.90000000000002,0.0,23.6,0.0,11.8,2.95,91.45000000000002,20.650000000000002,53.1,75.0
SET OF 6 TEA TIME BAKING CASES,0.0,0.0,0.0,0.0,0.0,0.0,0.0,596.25,492.5,663.28,482.5,632.46,52.5
SET OF 6 VINTAGE NOTELETS KIT,30.599999999999998,35.699999999999996,51.0,40.8,31.200000000000003,51.300000000000004,0.0,0.0,0.0,0.0,0.0,0.0,0.0
SET OF 60 I LOVE LONDON CAKE CASES ,0.0,0.0,0.0,0.0,0.0,0.0,196.9,199.10000000000002,251.35000000000002,233.55,318.70000000000005,227.20000000000002,84.5
SET OF 60 PANTRY DESIGN CAKE CASES ,0.0,0.0,0.0,0.0,0.0,0.0,691.35,799.33,528.5500000000001,729.45,613.1500000000001,357.70000000000005,123.9
SET OF 60 VINTAGE LEAF CAKE CASES ,0.0,0.0,0.0,0.0,0.0,0.0,455.40000000000003,386.83000000000004,424.6,291.13,215.50000000000003,187.4,37.550000000000004
SET OF 72 GREEN PAPER DOILIES,14.5,30.45,13.049999999999999,1.45,0.0,0.0,0.0,0.0,0.0,0.0,0.0,0.0,0.0
SET OF 72 PINK HEART PAPER DOILIES,179.79999999999998,446.59999999999997,347.99999999999994,397.29999999999995,362.5,316.09999999999997,200.1,195.74999999999997,268.25,220.39999999999998,364.19,324.84,23.2
SET OF 72 RETROSPOT PAPER  DOILIES,285.65,398.75,218.95,594.5,17.4,0.0,327.7,432.09999999999997,423.4,552.4499999999999,330.62,906.3899999999999,79.80999999999999
SET OF 72 SKULL PAPER  DOILIES,37.699999999999996,10.149999999999999,76.85,33.349999999999994,59.449999999999996,26.099999999999998,55.099999999999994,23.2,39.15,34.8,60.89999999999999,63.8,0.0
SET OF 9 BLACK SKULL BALLOONS,56.099999999999994,153.0,161.5,168.3,69.7,205.7,181.0,136.0,170.0,131.75,133.45,211.65,25.5
SET OF 9 HEART SHAPED BALLOONS,160.0,358.75,206.25,106.25,41.25,228.75,171.47,151.25,132.5,76.25,123.67,263.75,53.75
SET OF PICTURE FRAME  STICKERS,35.400000000000006,0.0,0.0,0.0,17.700000000000003,0.0,11.8,2.95,2.95,53.10000000000001,35.400000000000006,29.5,0.79
SET OF SALT AND PEPPER TOADSTOOLS,180.0,247.5,205.0,287.5,198.75,283.75,160.0,166.25,190.0,135.0,347.5,97.5,0.0
SET OF SKULL WALL STICKERS,5.9,0.0,2.95,56.05000000000001,17.7,17.700000000000003,0.0,0.0,2.95,0.0,17.700000000000003,44.25000000000001,0.0
SET OF TEA COFFEE SUGAR TINS PANTRY,0.0,0.0,0.0,0.0,0.0,0.0,1634.15,1396.5,1239.3000000000002,1667.16,958.44,995.5500000000001,292.65000000000003
SET/10 BLUE POLKADOT PARTY CANDLES,97.5,168.75,236.25,331.25,352.5,201.25,555.0,351.25,417.5,288.75,296.25,297.5,43.75
SET/10 IVORY POLKADOT PARTY CANDLES,76.25,106.25,35.0,41.25,91.25,62.5,161.25,71.25,180.0,11.25,112.48,78.33,36.25
SET/10 PINK POLKADOT PARTY CANDLES,190.0,316.25,318.75,468.75,420.0,363.75,592.5,458.75,485.0,300.0,401.21,377.5,72.5
SET/10 RED POLKADOT PARTY CANDLES,230.0,488.75,485.0,542.5,267.5,317.5,438.75,380.0,503.75,506.25,428.75,517.5,136.25
SET/12 FUNKY FELT FLOWER PEG IN BAG,8.4,29.400000000000002,0.0,27.300000000000004,16.8,2.1,4.2,0.0,0.0,8.4,33.6,4.2,0.0
SET/12 TAPER CANDLES,19.549999999999997,2.55,0.0,0.85,0.0,10.2,15.299999999999999,0.85,2.55,28.049999999999997,75.71,82.44999999999999,34.85
SET/2 RED RETROSPOT TEA TOWELS ,271.40000000000003,224.20000000000005,230.35000000000002,305.5,263.25,224.25,159.25,143.0,214.5,341.64,156.39,361.4,61.879999999999995
SET/20 RED RETROSPOT PAPER NAPKINS ,277.95,457.29999999999995,335.75,543.15,411.4,448.79999999999995,517.65,288.15,453.9,356.91999999999996,361.7,365.28,69.69999999999999
SET/20 STRAWBERRY PAPER NAPKINS ,12.75,62.05,73.1,199.74999999999997,84.14999999999999,180.2,146.2,170.0,119.85,32.94,17.0,0.0,0.0
SET/3 CHRISTMAS DECOUPAGE CANDLES,85.0,0.0,0.0,0.0,0.0,0.0,0.0,0.0,0.0,138.66,128.54,0.0,0.0
SET/3 DECOUPAGE STACKING TINS,39.6,74.25,131.7,19.8,49.5,24.75,74.25,0.0,0.0,29.700000000000003,136.65,232.65000000000003,14.850000000000001
SET/3 OCEAN SCENT CANDLE JEWEL BOX,295.44,150.21,25.5,110.5,72.25,165.75,55.25,55.25,34.0,89.25,46.75,106.25,0.0
SET/3 POLKADOT STACKING TINS,44.550000000000004,69.30000000000001,191.10000000000002,34.650000000000006,0.0,4.95,4.95,0.0,0.0,0.0,0.0,0.0,0.0
SET/3 POT PLANT CANDLES,0.0,32.7,38.15,21.8,38.15,0.0,5.45,10.9,21.8,43.6,70.85000000000001,10.9,0.0
SET/3 RABBITS FLOWER SKIPPPING ROPE,10.2,4.25,5.95,26.349999999999998,44.2,0.0,0.0,0.0,0.0,0.0,0.0,10.2,0.0
SET/3 RED GINGHAM ROSE STORAGE BOX,373.86,798.27,705.66,819.3,599.19,231.36,595.44,380.22,372.72,706.8,421.47,541.47,82.5
SET/3 ROSE CANDLE IN JEWELLED BOX,308.19,149.48,38.25,68.0,21.25,221.0,63.75,63.75,63.75,46.75,34.0,110.5,0.0
SET/3 VANILLA SCENTED CANDLE IN BOX,325.19,131.75,76.5,178.5,97.75,148.75,80.75,269.94,89.25,123.25,252.36,161.5,0.0
SET/4 BADGES BALLOON GIRL,37.5,30.0,27.5,62.5,3.75,15.0,27.5,37.5,15.0,41.25,44.88,62.5,3.71
SET/4 BADGES BEETLES,0.0,5.0,15.0,31.25,28.75,33.75,0.0,33.75,20.0,27.5,23.630000000000003,29.84,3.71
SET/4 BADGES CUTE CREATURES,48.75,12.5,43.75,25.0,12.5,0.0,25.0,15.0,31.25,25.0,0.0,22.14,1.25
SET/4 BADGES DOGS,0.0,17.5,28.75,12.5,13.75,22.5,15.0,38.75,37.5,29.96,18.67,51.09,13.59
SET/4 BIRD MIRROR MAGNETS ,12.6,0.0,0.0,2.1,12.600000000000001,4.2,0.0,36.83,51.03999999999999,9.279999999999998,2.03,13.049999999999999,0.58
SET/4 BLUE FLOWER CANDLES IN BOWL,28.049999999999997,42.9,39.599999999999994,67.64999999999999,44.55,0.0,0.0,0.0,0.0,0.0,0.0,0.0,0.0
SET/4 BUTTERFLY MIRROR MAGNETS,4.2,6.300000000000001,0.0,4.2,2.1,2.1,0.0,20.299999999999997,0.0,0.0,0.0,0.0,0.0
SET/4 DAISY MIRROR MAGNETS,4.2,6.300000000000001,0.0,16.8,0.0,0.0,2.1,23.199999999999996,9.28,15.079999999999998,22.619999999999997,31.029999999999998,0.8699999999999999
SET/4 GARDEN ROSE DINNER CANDLE,1.65,3.3,6.6,0.0,0.0,0.0,0.0,0.0,0.0,0.0,0.0,0.0,0.0
SET/4 MODERN VINTAGE COTTON NAPKINS,29.500000000000004,0.0,5.9,42.660000000000004,7.9,0.79,0.0,0.0,0.0,0.0,0.0,0.0,0.0
SET/4 RED MINI ROSE CANDLE IN BOWL,21.449999999999996,1.65,61.04999999999999,19.799999999999997,3.3,0.0,42.89999999999999,0.0,0.0,24.529999999999998,102.01999999999998,49.22,8.209999999999999
SET/4 SKULL BADGES,62.5,85.0,100.0,63.75,53.75,61.25,87.5,92.5,28.75,70.0,121.2,78.75,8.75
SET/4 SPRING FLOWER DECORATION,8.850000000000001,41.300000000000004,118.00000000000001,200.60000000000002,76.70000000000002,53.1,81.0,99.75,36.0,35.25,28.5,46.5,2.25
SET/5 RED RETROSPOT LID GLASS BOWLS,654.9000000000001,466.1000000000001,572.3000000000001,799.45,752.2500000000001,852.5500000000001,831.9000000000001,875.9000000000001,1039.8500000000001,985.1900000000002,833.8000000000001,1435.3000000000002,312.04
SET/6 BEAD COASTERS GAUZE BAG GOLD,40.0,0.0,0.0,1.25,3.5100000000000002,3.9000000000000004,0.0,0.0,0.0,0.0,0.0,0.0,0.0
SET/6 BLACK BIRD T-LIGHT CANDLES,61.8,0.0,22.5,4.2,0.0,0.0,14.700000000000001,2.1,4.2,10.5,6.300000000000001,8.4,0.0
SET/6 COLLAGE PAPER CUPS,0.0,17.55,9.75,26.000000000000004,22.42,43.89000000000001,75.05000000000001,27.740000000000002,13.110000000000001,44.36000000000001,17.59,18.57,11.020000000000001
SET/6 COLLAGE PAPER PLATES,1.7,20.4,11.899999999999999,34.849999999999994,52.26,82.67999999999999,101.39999999999999,43.68,15.989999999999998,57.589999999999996,27.709999999999997,32.19,6.63
SET/6 EAU DE NIL BIRD T-LIGHTS,39.0,10.2,64.80000000000001,12.600000000000001,23.1,27.300000000000004,0.0,14.700000000000001,50.400000000000006,25.200000000000003,16.73,21.0,0.0
SET/6 FROG PRINCE T-LIGHT CANDLES,76.5,40.8,58.64999999999999,45.9,35.699999999999996,5.1,17.849999999999998,10.2,20.4,73.94999999999999,20.259999999999998,28.049999999999997,32.39
SET/6 FRUIT SALAD  PAPER PLATES,0.0,20.4,0.0,37.4,49.92,53.43,11.7,45.629999999999995,28.86,17.31,2.44,6.24,0.0
SET/6 FRUIT SALAD PAPER CUPS,0.0,15.600000000000001,15.600000000000001,29.250000000000004,31.35,40.85,6.08,28.12,32.300000000000004,16.55,2.04,9.120000000000001,4.5600000000000005
SET/6 GREEN SPRING PAPER CUPS,1.3,0.0,1.3,0.0,1.1400000000000001,18.810000000000002,9.31,9.5,4.37,0.0,0.0,0.0,0.0
SET/6 IVORY BIRD T-LIGHT CANDLES,2.1,0.0,0.0,0.0,0.0,0.0,0.0,0.0,0.0,0.0,0.0,0.0,0.0
SET/6 PINK  BUTTERFLY T-LIGHTS,163.8,102.9,186.9,161.70000000000002,69.30000000000001,107.10000000000001,130.20000000000002,105.00000000000001,153.3,165.9,155.4,144.9,63.00000000000001
SET/6 PINK BIRD T-LIGHT CANDLES,73.5,63.06,47.7,31.500000000000004,55.260000000000005,16.8,0.0,14.700000000000001,25.200000000000003,25.060000000000002,31.290000000000003,39.55,12.39
SET/6 POSIES PAPER CUPS,0.0,0.0,10.4,43.550000000000004,8.17,0.0,0.0,0.0,0.0,0.0,0.0,0.0,0.0
SET/6 POSIES PAPER PLATES,0.0,1.7,13.6,30.599999999999998,2.55,22.95,9.35,0.0,0.0,0.0,0.0,0.0,0.0
SET/6 PURPLE BUTTERFLY T-LIGHTS,77.7,10.5,39.900000000000006,67.2,10.5,67.2,6.300000000000001,37.800000000000004,65.1,44.1,67.2,184.8,109.2
SET/6 RED SPOTTY PAPER CUPS,84.5,143.0,190.45000000000002,226.85000000000002,93.60000000000001,210.60000000000002,160.55,107.25000000000001,120.25000000000001,129.35000000000002,113.46000000000001,122.55000000000001,23.400000000000002
SET/6 RED SPOTTY PAPER PLATES,107.94999999999999,198.04999999999998,210.79999999999998,346.79999999999995,126.64999999999999,201.45,192.95,189.54999999999998,170.85,184.37,172.03,164.64,20.4
SET/6 TURQUOISE BUTTERFLY T-LIGHTS,94.50000000000001,90.30000000000001,147.0,90.30000000000001,123.9,126.00000000000001,81.9,42.0,109.20000000000002,149.10000000000002,115.50000000000001,71.4,39.900000000000006
SET/9 CHRISTMAS T-LIGHTS SCENTED ,30.0,0.0,0.0,0.0,0.0,0.0,0.0,0.0,0.0,0.0,0.0,0.0,0.0
SET3 BOOK BOX GREEN GINGHAM FLOWER ,294.25,298.5,328.25,293.75,222.0,110.5,174.75,68.0,145.0,204.5,170.0,413.25,63.75
SEWING BOX RETROSPOT DESIGN ,0.0,0.0,0.0,0.0,0.0,0.0,0.0,0.0,0.0,0.0,0.0,0.0,438.45000000000005
SEWING SUSAN 21 NEEDLE SET,17.0,20.4,34.849999999999994,11.049999999999999,47.599999999999994,44.199999999999996,30.599999999999998,12.75,32.3,85.78,91.58999999999999,48.879999999999995,24.44
SHELF WITH 4 HOOKS HOME SWEET HOME,0.0,0.0,0.0,0.0,0.0,0.0,0.0,0.0,0.0,575.0,537.63,187.5,18.75
"SILICON CUBE 25W, BLUE",0.42,0.0,0.0,0.0,0.0,0.0,0.0,0.0,0.0,0.0,0.0,4.2,0.0
SILICON STAR BULB  BLUE,0.42,0.0,0.0,0.0,0.0,0.0,0.42,0.0,0.42,0.84,0.0,5.04,0.42
SILK PURSE BABUSHKA BLUE,194.3,181.85000000000002,43.55,0.0,10.05,10.05,13.4,56.95,0.0,26.8,10.05,63.65,0.0
SILK PURSE BABUSHKA PINK,190.95000000000002,302.45000000000005,70.35000000000001,53.6,56.95,53.6,36.85,93.80000000000001,60.300000000000004,89.56,122.17,83.75,0.0
SILK PURSE BABUSHKA RED,304.85,154.10000000000002,10.05,23.45,10.05,10.05,0.0,0.0,0.0,0.0,0.0,0.0,0.0
SILVER  CANDLEPOT JARDIN ,71.25,11.25,0.0,0.0,0.0,0.0,0.0,0.0,0.0,0.0,0.0,0.0,0.0
SILVER 2 STRAND NECKLACE-LEAF CHARM,0.0,0.0,0.0,0.0,0.0,0.0,0.0,0.0,0.0,0.0,7.5,7.5,0.0
SILVER AND BLACK ORBIT NECKLACE,0.0,0.0,0.0,0.0,0.0,0.0,0.0,0.0,0.0,0.0,0.0,2.95,0.0
SILVER APERITIF GLASS,12.72,12.72,0.0,0.0,0.0,4.68,0.0,0.0,0.0,0.0,0.0,0.0,0.0
SILVER BELLS TABLE DECORATION,0.0,0.0,0.0,0.0,0.0,220.0,151.21,66.25,30.0,275.0,641.25,715.0,133.75
SILVER BLACK ORBIT BRACELET,0.0,0.0,0.0,0.0,0.0,0.0,0.0,0.0,0.0,9.9,4.95,4.95,0.0
SILVER BLACK ORBIT DROP EARRINGS,0.0,0.0,0.0,0.0,0.0,0.0,0.0,0.0,8.5,17.0,0.0,0.0,0.0
SILVER BOOK MARK WITH BEADS,0.0,0.0,0.0,0.0,0.0,0.0,8.5,0.0,0.0,0.0,0.0,0.0,0.0
SILVER BRACELET W PASTEL FLOWER,0.0,0.0,15.0,15.0,45.0,52.5,0.0,0.0,0.0,7.5,0.0,0.0,0.0
SILVER DIAMANTE PEN IN GIFT BOX,94.05000000000001,0.0,4.95,14.850000000000001,0.0,4.95,9.9,14.850000000000001,0.0,9.9,9.9,64.35,14.850000000000001
SILVER DISCO HANDBAG,5.95,0.0,0.0,0.0,9.75,15.6,23.4,64.35,23.4,19.729999999999997,1.95,84.08,0.0
SILVER DROP EARRINGS WITH FLOWER,0.0,0.0,0.0,0.0,0.0,18.75,7.5,0.0,0.0,0.0,0.0,0.0,0.0
SILVER FABRIC MIRROR,7.5,0.0,0.0,3.75,0.0,1.25,0.0,0.78,2.73,7.800000000000001,10.530000000000001,16.89,2.73
SILVER FISHING GNOME ,0.0,6.95,0.0,27.8,69.5,20.85,48.65,6.95,13.9,0.0,6.95,68.45,0.0
SILVER FLOWR PINK SHELL NECKLACE,0.0,0.0,0.0,0.0,0.0,7.5,0.0,0.0,0.0,22.5,0.0,0.0,0.0
SILVER GLASS T-LIGHT SET,53.1,0.0,8.850000000000001,0.0,0.0,17.700000000000003,11.8,0.0,0.0,0.0,20.54,5.79,17.5
SILVER GLITTER FLOWER VOTIVE HOLDER,15.0,0.0,0.0,0.0,0.0,0.0,0.0,3.4799999999999995,12.18,15.659999999999998,24.359999999999996,14.209999999999999,0.58
SILVER HANGING T-LIGHT HOLDER,494.99999999999994,141.89999999999998,141.89999999999998,143.54999999999998,201.29999999999998,230.99999999999997,118.79999999999998,229.34999999999997,158.39999999999998,270.59999999999997,250.79999999999995,542.8499999999999,128.7
SILVER HEARTS TABLE DECORATION,0.0,0.0,0.0,0.0,0.0,184.26,120.19999999999999,53.12,26.559999999999995,121.17999999999999,184.26,118.69,4.9799999999999995
SILVER HOOP EARRINGS WITH FLOWER,11.9,11.9,5.95,17.85,0.0,0.0,5.95,0.0,11.9,29.75,17.85,11.9,0.0
SILVER JEWELLED MIRROR TRINKET TRAY,0.0,0.0,0.0,0.0,0.0,0.0,0.0,0.0,0.0,0.0,0.0,0.0,62.4
SILVER LARIAT 40CM,0.0,0.0,0.0,0.0,0.0,0.0,0.0,0.0,0.0,0.0,32.45,17.700000000000003,0.0
SILVER LARIAT BLACK STONE EARRINGS,4.25,0.0,0.0,0.0,8.5,4.25,0.0,0.0,0.0,12.75,21.25,0.0,0.0
SILVER LATTICE VANILLA CANDLE POT,33.75,7.5,22.5,0.0,0.0,0.0,0.0,0.0,0.0,0.0,0.0,0.0,0.0
SILVER LOOKING MIRROR,14.850000000000001,0.0,0.0,9.9,0.0,0.0,0.0,0.0,0.0,0.0,0.0,0.0,0.0
SILVER M.O.P ORBIT BRACELET,9.9,0.0,0.0,0.0,0.0,9.9,0.0,0.0,9.9,14.850000000000001,24.75,19.8,0.0
SILVER M.O.P ORBIT DROP EARRINGS,0.0,0.0,8.5,8.5,0.0,0.0,0.0,0.0,0.0,21.25,21.25,12.75,0.0
SILVER M.O.P. ORBIT NECKLACE,0.0,0.0,0.0,0.0,0.0,0.0,0.0,0.0,0.0,0.0,2.95,20.650000000000002,0.0
SILVER MUG BONE CHINA TREE OF LIFE,89.69999999999999,0.0,23.4,11.7,0.0,0.0,0.0,1.25,17.5,100.44,320.28000000000003,321.34000000000003,33.92
SILVER PHOTO FRAME,25.200000000000003,18.900000000000002,14.700000000000001,4.2,16.8,27.300000000000004,25.200000000000003,12.600000000000001,0.0,8.4,4.2,0.0,0.0
SILVER PLATE CANDLE BOWL SMALL,123.90000000000002,53.10000000000001,53.10000000000001,126.85000000000002,70.80000000000001,35.400000000000006,88.50000000000001,53.10000000000001,17.700000000000003,44.25000000000001,35.400000000000006,88.50000000000001,0.0
SILVER RECORD COVER FRAME,0.0,0.0,0.0,0.0,0.0,0.0,0.0,0.0,0.0,0.0,3.75,430.32,33.629999999999995
SILVER ROCOCO CANDLE STICK,140.39999999999998,70.19999999999999,0.0,35.7,11.9,58.699999999999996,0.0,0.0,0.0,0.0,11.9,11.9,0.0
SILVER STANDING GNOME   ,17.0,17.0,0.0,25.5,17.0,17.0,4.25,4.25,0.0,0.0,29.75,8.5,2.5
SILVER STARS TABLE DECORATION,0.0,0.0,0.0,0.0,0.0,99.6,62.92999999999999,34.03,31.54,269.75,353.58,395.08,24.069999999999997
SILVER T-LIGHT SETTING,6.75,0.0,0.0,13.5,0.0,84.9,0.0,0.0,0.0,0.0,0.0,0.0,0.0
SILVER TEDDY BEAR,3.75,7.5,15.0,0.0,15.0,0.0,11.25,18.75,0.0,22.46,0.0,90.0,0.0
SILVER VANILLA  FLOWER CANDLE POT,33.75,0.0,15.0,26.25,37.5,41.25,75.0,0.0,7.5,11.25,63.75,11.25,22.5
SILVER/AMETHYST DROP EARRINGS LEAF,8.850000000000001,0.0,0.0,2.95,0.0,0.0,0.0,0.0,0.0,0.0,0.0,2.95,0.0
SILVER/CRYSTAL DROP EARRINGS W LEAF,0.0,0.0,0.0,0.0,0.0,0.0,17.700000000000003,0.0,0.0,0.0,0.0,0.0,0.0
SILVER/M.O.P PENDANT ORBIT NECKLACE,0.0,0.0,0.0,0.0,0.0,0.0,0.0,0.0,0.0,0.0,38.25,0.0,0.0
SILVER/NAT SHELL NECKLACE W PENDANT,0.0,0.0,5.95,0.0,0.0,0.0,5.95,0.0,0.0,5.95,0.0,0.0,0.0
SINGLE ANTIQUE ROSE HOOK IVORY,0.0,0.0,0.0,0.0,71.55,633.65,391.5,261.0,382.79999999999995,403.09999999999997,227.64999999999998,234.89999999999998,63.8
SINGLE HEART ZINC T-LIGHT HOLDER,298.29999999999995,301.15,164.34999999999997,346.74999999999994,400.9,354.30999999999995,392.30999999999995,248.89999999999998,254.57999999999998,235.75,357.49,316.18,127.5
SINGLE WIRE HOOK IVORY HEART,0.0,0.0,0.0,0.0,39.15,159.49999999999997,129.04999999999998,129.04999999999998,178.35,58.0,85.55,50.74999999999999,0.0
SINGLE WIRE HOOK PINK HEART,0.0,0.0,0.0,0.0,17.9,23.2,4.35,43.5,37.699999999999996,1.45,11.6,37.699999999999996,12.479999999999999
SKETCHBOOK MAGNETIC SHOPPING LIST,0.0,0.0,0.0,0.0,0.0,0.0,78.3,171.1,165.29999999999998,156.32,376.65999999999997,353.07,127.99
SKULL AND CROSSBONES  GARLAND ,44.55,44.55,19.799999999999997,95.69999999999999,3.3,37.949999999999996,103.94999999999999,94.04999999999998,52.8,110.54999999999998,193.04999999999998,85.79999999999998,19.799999999999997
SKULL DESIGN TV DINNER TRAY,113.85000000000001,39.6,69.3,69.3,34.650000000000006,54.45,29.7,39.6,54.45,34.65,128.70000000000002,297.90000000000003,104.7
SKULL LUNCH BOX WITH CUTLERY ,84.14999999999999,117.3,160.64999999999998,183.6,201.45,527.85,359.54999999999995,260.09999999999997,188.7,234.59999999999997,298.34999999999997,323.84999999999997,17.849999999999998
SKULL SHOULDER BAG,61.05,79.2,92.4,143.55,127.05,155.1,178.2,138.6,112.19999999999999,75.89999999999999,85.8,198.0,47.15
SKULLS  DESIGN  COTTON TOTE BAG,31.5,15.75,27.0,27.0,27.0,13.5,27.0,31.5,6.75,92.25,45.0,27.0,0.0
SKULLS  STICKERS,28.049999999999997,85.0,31.45,77.35,15.299999999999999,56.099999999999994,60.349999999999994,61.199999999999996,15.299999999999999,61.199999999999996,87.55,122.39999999999999,26.349999999999998
SKULLS  WATER TRANSFER TATTOOS ,48.449999999999996,69.69999999999999,54.4,134.29999999999998,52.699999999999996,56.949999999999996,100.3,81.6,98.6,69.69999999999999,56.949999999999996,157.25,51.849999999999994
SKULLS AND CROSSBONES WRAP,73.5,115.5,126.0,157.5,73.5,94.5,105.0,189.0,105.0,157.5,105.0,136.5,63.0
SKULLS DESIGN FLANNEL,12.749999999999998,8.5,0.0,10.2,0.85,11.049999999999999,11.899999999999999,2.55,0.0,10.2,10.2,54.4,1.9500000000000002
SKULLS GREETING CARD,40.32,40.32,15.120000000000001,50.4,20.16,15.120000000000001,55.44,50.4,30.240000000000002,65.52,60.480000000000004,50.4,30.24
SKULLS PARTY BAG + STICKER SET,54.449999999999996,94.05,153.45,117.14999999999999,59.4,57.75,90.75,80.85,79.19999999999999,77.55,125.39999999999999,140.25,13.2
SKULLS SQUARE TISSUE BOX,10.0,2.5,1.25,1.25,15.0,0.0,0.0,0.78,0.0,0.39,1.56,4.29,0.39
SKULLS STORAGE BOX LARGE,2.95,61.199999999999996,5.9,2.95,20.650000000000002,0.0,0.0,0.0,5.9,20.650000000000002,11.8,38.35000000000001,17.700000000000003
SKULLS STORAGE BOX SMALL,18.9,23.1,0.0,0.0,2.1,0.0,0.0,0.0,8.4,25.200000000000003,35.7,35.7,12.600000000000001
SKULLS TAPE,21.470000000000002,44.28,0.0,10.4,1.9500000000000002,0.0,3.9000000000000004,0.65,10.4,16.900000000000002,11.700000000000001,31.85,0.0
SKULLS WRITING SET ,34.65,64.35,59.39999999999999,47.849999999999994,56.099999999999994,52.8,21.449999999999996,49.49999999999999,24.749999999999996,57.74999999999999,130.35,257.4,31.349999999999998
SLATE TILE NATURAL HANGING,47.849999999999994,3.3,37.949999999999996,156.74999999999997,89.1,122.09999999999998,117.14999999999998,61.05,178.2,135.29,70.91999999999999,196.32999999999998,122.45
SLEEPING CAT ERASERS,5.04,5.67,7.56,2.73,1.26,4.62,5.46,1.05,0.21,3.15,6.51,16.38,4.41
SMALL APOTHECARY MEASURING JAR ,0.0,0.0,0.0,0.0,0.0,0.0,89.4,44.7,96.85000000000001,44.7,89.4,0.0,0.0
SMALL BLUE PROVENCAL CERAMIC BALL,0.0,0.0,0.0,6.6,4.949999999999999,19.799999999999997,0.0,0.0,46.199999999999996,16.5,0.0,6.6,0.0
SMALL BONNE JAM JAR  T-LIGHT HOLDER,0.0,0.0,0.0,0.0,0.0,0.0,24.96,104.0,12.48,0.0,83.2,64.48,76.96000000000001
SMALL CAMPHOR WOOD FIELD  MUSHROOM,11.549999999999999,9.899999999999999,0.0,4.949999999999999,9.899999999999999,13.2,9.899999999999999,4.949999999999999,9.899999999999999,3.3,16.5,19.799999999999997,9.36
SMALL CERAMIC TOP STORAGE JAR ,0.0,0.0,0.0,0.0,0.0,174.29999999999998,238.20999999999998,138.60999999999999,238.20999999999998,205.83999999999997,172.60999999999999,123.46,9.959999999999999
SMALL CHINESE STYLE SCISSOR,12.18,4.2,0.42,0.0,9.66,25.62,11.440000000000001,25.200000000000003,27.3,25.62,16.8,19.32,4.2
SMALL CHOCOLATES PINK BOWL,3.75,10.0,3.75,42.41,63.839999999999996,46.62,43.68,68.03999999999999,39.48,46.129999999999995,65.67999999999999,45.71,13.809999999999999
SMALL CHUNKY GLASS ROMAN  BOWL,0.0,23.6,2.95,23.6,8.690000000000001,0.0,0.0,0.0,0.0,0.0,0.0,0.0,0.0
SMALL DECO JEWELLERY STAND,0.0,0.0,0.0,0.0,0.0,0.0,0.0,0.0,0.0,178.8,0.0,0.0,0.0
SMALL DOLLY MIX DESIGN ORANGE BOWL,27.5,27.5,67.5,62.96,179.76,133.14,136.5,154.14,94.92,100.67,118.50999999999999,206.94,45.669999999999995
SMALL FOLDING SCISSOR(POINTED EDGE),3.5,0.0,5.0,0.0,6.0,0.0,12.25,9.6,11.76,26.4,20.88,22.2,5.76
SMALL FOLKART STAR CHRISTMAS DEC,4.62,0.0,0.0,0.0,0.0,0.0,0.0,10.92,3.36,10.15,5.32,6.46,0.0
SMALL GLASS HEART TRINKET POT,548.1,535.5,424.20000000000005,434.70000000000005,438.5,428.40000000000003,161.7,287.8,317.1,506.1,361.33000000000004,449.33000000000004,159.60000000000002
SMALL GLASS SUNDAE DISH CLEAR,49.49999999999999,0.0,49.5,29.699999999999996,49.5,64.35,19.799999999999997,47.849999999999994,9.899999999999999,29.699999999999996,16.5,49.49999999999999,0.0
SMALL HAMMERED SILVER CANDLEPOT ,109.15000000000002,0.0,32.45,88.50000000000001,123.90000000000002,106.20000000000002,53.10000000000001,17.700000000000003,26.55,70.80000000000001,126.85000000000002,123.90000000000002,35.400000000000006
SMALL HANGING GLASS+ZINC LANTERN,17.4,20.299999999999997,0.0,7.25,5.8,11.6,0.0,0.0,0.0,0.0,0.0,0.0,0.0
SMALL HANGING IVORY/RED WOOD BIRD,53.34,23.52,33.18,41.58,10.5,7.140000000000001,15.54,14.7,21.419999999999998,88.16,70.11,220.0,66.74
SMALL HEART FLOWERS HOOK ,99.44999999999999,96.89999999999999,98.6,172.54999999999998,103.75999999999999,92.64999999999999,161.5,62.9,56.949999999999996,90.03,64.88999999999999,78.77,14.709999999999999
SMALL HEART MEASURING SPOONS,160.64999999999998,207.39999999999998,110.5,197.2,111.35,95.2,77.35,50.15,99.44999999999999,118.92999999999999,173.13,136.29,88.47999999999999
SMALL IVORY HEART WALL ORGANISER,0.0,0.0,0.0,0.0,214.65,574.95,86.25,207.0,185.9,358.4,370.31,235.75,40.25
SMALL KITCHEN FLOWER POTS PLAQUE,6.95,34.75,6.95,27.8,13.9,13.9,13.9,0.0,6.95,0.0,6.95,0.0,0.0
SMALL LICORICE DES PINK BOWL,7.5,21.25,31.25,64.23,0.0,0.0,0.0,0.0,0.0,0.0,0.0,0.0,0.0
SMALL MARSHMALLOWS PINK BOWL,3.75,18.75,63.75,78.45,129.35999999999999,79.8,140.28,135.66,65.1,90.99,103.69,163.32,33.05
SMALL MEDINA STAMPED METAL BOWL ,61.199999999999996,20.4,1.7,3.4,5.1,10.2,10.2,10.2,1.7,14.36,26.349999999999998,37.4,10.2
SMALL PARISIENNE HEART PHOTO FRAME ,0.0,0.0,0.0,0.0,0.0,470.61,356.07000000000005,261.45000000000005,236.55,165.68,124.50000000000001,131.97,39.84
SMALL PARLOUR FRAME,0.0,0.0,0.0,0.0,0.0,0.0,0.0,0.0,0.0,0.0,0.0,17.34,0.0
SMALL PARLOUR PICTURE FRAME,0.0,0.0,0.0,0.0,0.0,0.0,0.0,0.0,0.0,0.0,167.62,141.61,60.69
SMALL PINK GLASS SUNDAE DISH,0.0,0.0,9.899999999999999,11.549999999999999,34.32,2.34,0.0,0.0,0.0,0.0,0.0,0.0,0.0
SMALL PINK MAGIC CHRISTMAS TREE,31.45,0.0,0.0,0.0,0.0,0.0,0.0,0.0,13.68,0.76,13.3,1.52,0.0
SMALL POLKADOT CHOCOLATE GIFT BAG ,85.0,40.8,0.0,27.2,13.6,13.6,13.6,69.7,27.2,27.2,13.6,56.099999999999994,0.0
SMALL POP BOX FUNKY MONKEY,0.0,0.0,0.0,0.0,0.0,0.0,10.0,10.0,11.25,0.0,39.05,51.14,38.64
"SMALL POP BOX,FUNKY MONKEY",1.25,7.5,18.75,7.5,57.5,23.75,0.0,0.0,0.0,0.0,0.0,0.0,0.0
SMALL POPCORN HOLDER,486.2,288.15,284.75,511.7,480.53,635.8,267.75,0.0,0.0,0.0,0.0,0.0,0.0
SMALL PURPLE BABUSHKA NOTEBOOK ,74.8,49.3,35.699999999999996,59.5,78.19999999999999,68.85,60.349999999999994,51.0,34.0,31.45,40.589999999999996,100.00999999999999,71.6
SMALL RED BABUSHKA NOTEBOOK ,67.14999999999999,57.8,42.5,34.0,78.19999999999999,31.45,29.75,59.5,43.349999999999994,66.3,61.98,140.45999999999998,72.62
SMALL RED RETROSPOT MUG IN BOX ,172.5,57.84,26.25,56.25,41.25,22.5,67.5,70.68,296.01,67.42,221.09,227.98,11.25
SMALL RED RETROSPOT WINDMILL,32.5,118.75,146.25,157.5,317.5,501.25,343.75,196.25,227.5,17.5,41.13,62.46,0.0
SMALL REGAL  SILVER CANDLEPOT ,88.50000000000001,0.0,0.0,17.700000000000003,17.700000000000003,17.700000000000003,17.700000000000003,17.700000000000003,0.0,20.650000000000002,17.700000000000003,94.4,17.700000000000003
SMALL ROUND CUT GLASS CANDLESTICK,0.0,9.9,39.6,9.9,14.850000000000001,59.400000000000006,19.8,0.0,0.0,86.4,131.7,54.45,0.0
SMALL SILVER FLOWER CANDLE POT,35.400000000000006,29.500000000000004,26.550000000000004,123.9,88.50000000000001,17.700000000000003,17.700000000000003,17.700000000000003,88.50000000000001,35.400000000000006,88.50000000000001,141.60000000000002,0.0
SMALL SILVER TRELLIS CANDLEPOT,70.80000000000001,29.500000000000004,59.00000000000001,70.80000000000001,106.20000000000002,17.700000000000003,70.80000000000001,106.20000000000002,35.400000000000006,35.400000000000006,5.9,41.300000000000004,0.0
SMALL SINGLE FLAME CANDLE HOLDER,0.0,0.0,2.0999999999999996,0.0,0.0,0.0,0.0,0.0,0.0,0.0,1.0499999999999998,6.299999999999999,2.0999999999999996
SMALL SKULL WINDMILL,1.25,35.0,61.25,30.0,22.5,112.5,45.0,23.75,23.75,0.0,10.0,16.25,0.0
SMALL SQUARE CUT GLASS CANDLESTICK,54.45,0.0,49.5,49.5,0.0,0.0,19.8,19.8,0.0,108.9,29.700000000000003,64.35,0.0
SMALL STRIPES CHOCOLATE GIFT BAG ,37.4,13.6,0.0,13.6,0.0,17.85,0.0,54.4,27.2,81.6,0.0,54.4,0.0
SMALL TALL CAMPHOR WOOD TOADSTOOL,9.899999999999999,31.349999999999994,13.2,9.899999999999999,9.899999999999999,23.099999999999998,19.799999999999997,4.949999999999999,0.0,0.0,31.349999999999994,9.899999999999999,11.7
SMALL WHITE HEART OF WICKER,0.0,0.0,0.0,0.0,0.0,0.0,477.4,792.9,1036.1999999999998,988.6499999999999,1024.6499999999999,1225.9499999999998,288.74999999999994
SMALL WHITE RETROSPOT MUG IN BOX ,78.75,37.5,15.0,97.5,101.25,0.0,30.0,3.75,26.25,41.25,165.0,176.21,30.0
SMALL WHITE/PINK ROSE ART FLOWER,0.0,15.0,15.0,6.25,0.0,0.0,0.0,0.0,0.0,7.5,0.0,0.0,0.0
SMALL YELLOW BABUSHKA NOTEBOOK ,56.949999999999996,50.15,38.24999999999999,35.699999999999996,48.449999999999996,17.0,21.25,48.449999999999996,35.699999999999996,20.4,19.41,116.86,53.37
SMALL ZINC HEART WALL ORGANISER,0.0,0.0,0.0,0.0,92.0,297.05,51.75,88.75,51.75,159.05,28.75,5.75,65.50999999999999
SMALL ZINC/GLASS CANDLEHOLDER,0.0,0.0,0.0,0.0,30.0,0.0,0.0,8.94,4.47,0.0,0.0,20.86,2.98
SMOKEY GREY COLOUR D.O.F. GLASS,2.6,0.0,7.800000000000001,31.200000000000003,17.689999999999998,1.7399999999999998,26.679999999999996,8.12,13.919999999999998,0.0,0.0,0.0,0.0
SMOKEY GREY COLOUR GLASS,0.0,0.0,0.0,0.0,0.0,0.0,0.0,0.0,0.0,2.32,6.959999999999999,19.72,13.919999999999998
SNACK TRAY HAPPY FOREST  ,0.0,0.0,0.0,0.0,0.0,0.0,0.0,0.0,0.0,0.0,0.0,78.0,136.5
SNACK TRAY I LOVE LONDON,0.0,0.0,0.0,0.0,0.0,0.0,0.0,0.0,0.0,0.0,13.649999999999999,37.05,146.25
SNACK TRAY PAISLEY PARK,0.0,0.0,0.0,0.0,0.0,0.0,0.0,0.0,0.0,0.0,0.0,54.6,171.6
SNACK TRAY RED GINGHAM,0.0,0.0,0.0,0.0,0.0,0.0,0.0,0.0,0.0,0.0,0.0,35.1,74.1
SNACK TRAY RED VINTAGE DOILY,0.0,0.0,0.0,0.0,0.0,0.0,0.0,0.0,0.0,0.0,0.0,78.0,189.15
SNOWFLAKE PORTABLE TABLE LIGHT ,118.00000000000001,0.0,17.700000000000003,0.0,0.0,0.0,0.0,8.850000000000001,35.400000000000006,112.10000000000002,326.90000000000003,503.24000000000007,0.0
SNOWSTORM PHOTO FRAME FRIDGE MAGNET,54.4,10.2,28.049999999999997,49.3,10.2,42.5,0.0,22.099999999999998,0.0,50.15,25.5,65.45,0.0
SOAP DISH BROCANTE,259.6,132.75,79.65,191.75,94.4,85.55000000000001,174.05,47.2,29.5,82.60000000000001,5.9,120.95000000000002,26.55
SOFT PINK ROSE TOWEL ,18.6,18.6,0.0,55.800000000000004,18.6,37.2,4.65,0.0,0.0,0.0,13.950000000000001,4.65,0.0
SOLDIERS EGG CUP ,595.44,565.0,413.75,158.75,15.22,0.0,117.5,123.75,370.0,263.67,382.3,449.92,100.0
SOMBRERO ,9.75,74.1,11.7,33.15,65.1,29.25,101.39999999999999,29.25,13.65,11.7,13.649999999999999,54.599999999999994,19.5
SPACE BOY CHILDRENS CUP,0.0,0.0,0.0,0.0,0.0,0.0,42.5,0.0,0.0,0.0,0.0,0.0,0.0
SPACE CADET BLACK,15.0,0.0,3.75,1.25,0.0,12.5,0.0,0.0,0.0,0.0,4.96,12.5,0.0
SPACE CADET RED,17.5,0.0,0.0,0.0,12.5,40.0,25.0,5.0,12.5,0.0,5.0,23.67,0.0
SPACE CADET WHITE,22.5,0.0,0.0,0.0,0.0,27.5,0.0,5.0,0.0,2.46,3.71,22.46,0.0
SPACE FROG,26.25,12.5,0.0,6.25,0.0,25.0,36.2,1.25,3.75,0.0,4.96,11.09,0.0
SPACE OWL,16.25,0.0,0.0,25.0,0.0,12.5,21.200000000000003,1.25,16.25,0.0,23.71,57.46,0.0
SPACEBOY BEAKER,0.0,0.0,0.0,0.0,0.0,0.0,0.0,82.5,353.75,296.25,286.25,136.25,63.75
SPACEBOY BIRTHDAY CARD,105.84,141.12,136.08,151.2,120.96,191.52,156.24,201.6,126.0,223.42,153.69,240.2,56.27
SPACEBOY CHILDRENS BOWL,0.0,0.0,0.0,0.0,0.0,0.0,91.25,337.5,200.0,337.5,262.5,220.0,40.0
SPACEBOY CHILDRENS CUP,0.0,0.0,0.0,0.0,0.0,0.0,76.25,325.0,192.5,325.0,229.96,256.25,38.71
SPACEBOY CHILDRENS EGG CUP,150.0,201.25,73.75,225.0,160.0,91.25,53.75,36.25,100.0,42.5,88.75,102.34,21.13
SPACEBOY GIFT WRAP,73.5,147.0,94.5,210.0,126.84,189.0,178.5,147.0,94.5,189.0,210.0,241.5,63.0
SPACEBOY LUNCH BOX ,606.4499999999999,1008.75,583.05,785.8499999999999,817.05,1022.4,797.55,826.8,1071.75,1233.23,924.53,747.68,286.65
SPACEBOY MINI BACKPACK,0.0,0.0,0.0,0.0,0.0,0.0,0.0,0.0,0.0,925.45,800.95,784.35,178.45000000000002
SPACEBOY MINI RUCKSACK,0.0,0.0,0.0,0.0,0.0,0.0,0.0,0.0,0.0,16.6,37.35,0.0,0.0
SPACEBOY ROCKET LOLLY MAKERS,0.0,0.0,0.0,0.0,0.0,0.0,0.0,0.0,0.0,158.08,212.16,291.2,60.32
SPACEBOY TV DINNER TRAY,206.60000000000002,152.15,99.0,59.400000000000006,9.9,54.45,49.5,0.0,19.8,19.8,69.30000000000001,127.4,68.55
SPACEBOY WALL ART,0.0,0.0,0.0,0.0,0.0,0.0,0.0,0.0,0.0,0.0,202.5,45.0,0.0
SPOTS ON RED BOOKCOVER TAPE,1.68,0.0,1.26,2.1,0.0,0.0,0.0,0.0,0.0,0.0,0.0,1.68,0.0
SPOTTED WHITE NATURAL SEED NECKLACE,0.0,0.0,0.0,0.0,0.0,0.0,0.0,6.0,6.0,54.0,0.0,6.0,0.0
SPOTTY BUNTING,0.0,0.0,0.0,0.0,0.0,4677.75,3861.0000000000005,3623.4,3741.05,3023.3,2074.05,1898.7,613.8000000000001
SPOTTY PINK DUCK DOORSTOP,34.0,4.25,68.0,17.0,17.0,29.75,21.25,34.0,72.25,55.25,63.75,72.25,126.75
SPRIG LAVENDER ARTIFICIAL FLOWER,0.0,47.5,40.0,7.5,0.0,0.0,0.0,0.0,0.0,0.0,0.0,0.0,0.0
SQUARE CHERRY BLOSSOM CABINET,71.30000000000001,0.0,0.0,71.30000000000001,47.400000000000006,190.4,166.60000000000002,53.550000000000004,23.8,47.6,0.0,47.6,0.0
SQUARE FLOOR CUSHION VINTAGE RED,0.0,0.0,0.0,0.0,0.0,0.0,0.0,0.0,0.0,0.0,69.5,0.0,0.0
SQUARE METAL CANDLEHOLDER BASE,0.0,0.0,10.2,0.0,12.72,0.0,0.0,0.85,1.7,0.0,5.1,5.95,0.0
SQUARE MINI PORTRAIT FRAME,0.0,0.0,0.0,0.0,0.0,0.0,0.0,0.0,0.0,0.0,146.25,300.59999999999997,72.14999999999999
SQUARECUSHION COVER PINK UNION FLAG,162.0,84.55,67.5,87.75,13.5,0.0,0.0,0.0,0.0,0.0,0.0,0.0,0.0
SQUARECUSHION COVER PINK UNION JACK,0.0,0.0,0.0,0.0,13.5,0.0,20.25,13.5,6.75,33.75,54.0,33.75,96.75
ST GEORGE SET OF 10 PARTY LIGHTS,0.0,0.0,0.0,0.0,0.0,0.0,0.0,0.0,0.0,0.0,0.0,5.9,0.0
ST TROPEZ NECKLACE,0.0,0.0,0.0,0.0,9.9,0.0,0.0,0.0,4.95,4.95,0.0,49.5,0.0
STANDING FAIRY POLE SUPPORT ,0.0,10.2,32.3,20.4,27.48,10.2,51.0,30.599999999999998,0.0,0.0,1.7,25.5,0.0
STAR  T-LIGHT HOLDER ,82.64999999999999,17.4,0.0,0.0,2.9,0.0,0.0,0.0,17.4,17.4,24.65,27.549999999999997,0.0
STAR DECORATION PAINTED ZINC ,62.400000000000006,0.0,0.0,0.0,0.0,0.0,0.0,19.5,3.9000000000000004,61.830000000000005,44.76,62.7,44.0
STAR DECORATION RUSTIC,25.62,0.0,0.0,0.0,0.0,0.0,2.94,5.88,5.04,26.04,35.7,63.84,7.14
STAR PORTABLE TABLE LIGHT ,227.15000000000003,0.0,17.700000000000003,5.9,35.400000000000006,0.0,64.9,20.650000000000002,5.9,5.9,0.0,0.0,0.0
STAR T-LIGHT HOLDER WILLIE WINKIE,0.0,0.0,0.0,0.0,0.0,0.0,26.4,59.55,158.39999999999998,395.98999999999995,450.43999999999994,303.54999999999995,79.17999999999999
STAR WOODEN CHRISTMAS DECORATION,130.9,0.0,0.0,0.0,0.0,0.0,5.1,11.049999999999999,40.8,174.10999999999999,291.84,460.43999999999994,58.79999999999999
STAR WREATH DECORATION WITH BELL,0.0,0.0,0.0,0.0,0.0,0.0,49.96,112.5,133.75,299.96,332.5,366.25,57.5
STARFISH SOAP DISH,0.0,0.0,15.299999999999999,51.0,0.0,2.55,0.0,0.0,15.299999999999999,0.0,15.299999999999999,0.0,15.8
STARS GIFT TAPE ,76.76,102.17000000000002,7.800000000000001,23.400000000000002,52.650000000000006,16.25,23.400000000000002,16.25,11.700000000000001,62.400000000000006,72.48,61.10000000000001,9.100000000000001
STOP FOR TEA WALL ART,0.0,0.0,0.0,0.0,0.0,0.0,0.0,0.0,0.0,0.0,634.15,259.3,17.85
STORAGE TIN HOME SWEET HOME,0.0,0.0,0.0,0.0,0.0,0.0,0.0,0.0,0.0,174.3,112.05000000000001,77.19000000000001,71.89
STORAGE TIN VINTAGE DOILEY ,0.0,0.0,0.0,0.0,0.0,0.0,0.0,0.0,17.34,0.0,0.0,0.0,0.0
STORAGE TIN VINTAGE DOILY ,0.0,0.0,0.0,0.0,0.0,0.0,0.0,0.0,476.85,705.17,554.91,410.44,63.58
STORAGE TIN VINTAGE LEAF,0.0,0.0,0.0,0.0,0.0,0.0,361.95,243.04,271.94,150.42000000000002,144.5,49.13,129.52
STRAWBERRIES  DESIGN FLANNEL ,11.049999999999999,40.8,10.2,0.85,0.85,11.049999999999999,0.0,11.049999999999999,0.0,22.95,32.3,49.3,0.39
STRAWBERRY   PICNIC BAG,32.45,50.15,141.6,551.65,631.3000000000001,767.0,495.6,0.0,0.0,0.0,0.0,2.95,11.8
STRAWBERRY BATH SPONGE ,135.0,71.25,65.0,20.0,61.25,55.0,15.0,1.25,57.5,58.71,126.17,205.77,42.46
STRAWBERRY CERAMIC TRINKET BOX,632.5,355.0,524.19,770.44,497.5,724.19,345.25,528.97,353.97,549.84,364.36,45.0,0.0
STRAWBERRY CERAMIC TRINKET POT,0.0,0.0,0.0,0.0,0.0,0.0,0.0,0.0,0.0,0.0,47.379999999999995,771.02,159.68
STRAWBERRY CHARLOTTE BAG,122.35,138.55,145.35,281.35,237.15,271.15,362.95,357.0,311.9,198.69,308.7,248.0,54.260000000000005
STRAWBERRY DREAM CHILDS UMBRELLA,6.5,74.75,61.75,29.25,32.5,9.75,22.75,13.0,0.0,0.0,0.0,0.0,0.0
STRAWBERRY FAIRY CAKE TEAPOT,418.8,364.35,376.2,319.8,425.7,262.35,195.9,305.6,222.75,138.6,257.40000000000003,267.3,84.15
STRAWBERRY HONEYCOMB  GARLAND ,57.74999999999999,80.85,49.49999999999999,87.44999999999999,82.49999999999999,95.69999999999999,107.24999999999999,33.0,28.049999999999997,74.25,102.29999999999998,26.4,0.0
STRAWBERRY LUNCH BOX WITH CUTLERY,221.85,395.25,377.4,471.75,372.29999999999995,640.05,665.55,453.9,293.25,343.96999999999997,325.97999999999996,463.26,81.17999999999999
STRAWBERRY RAFFIA FOOD COVER,48.75,60.0,33.75,75.0,63.75,120.0,262.5,146.25,187.5,48.75,60.0,22.5,0.0
STRAWBERRY SHOPPER BAG,93.75,133.75,60.0,172.5,137.5,172.5,136.25,233.7,148.75,53.75,148.63,236.05,8.75
STRAWBRY SCENTED VOTIVE CANDLE,6.959999999999999,6.959999999999999,27.839999999999996,0.0,6.09,13.919999999999998,6.959999999999999,6.959999999999999,20.879999999999995,6.959999999999999,0.0,0.0,0.0
"STRING OF 8 BUTTERFLIES,PINK",16.5,24.749999999999996,0.0,0.0,0.0,0.0,0.0,0.0,0.0,0.0,0.0,0.0,0.0
STRING OF STARS CARD HOLDER,53.10000000000001,5.9,0.0,0.0,0.0,0.0,5.9,0.0,0.0,0.0,35.400000000000006,109.15000000000002,0.0
STRIPES DESIGN MONKEY DOLL,7.6499999999999995,2.55,0.0,22.95,5.1,10.2,17.849999999999998,2.55,5.1,5.1,0.0,0.0,0.0
STRIPES DESIGN TEDDY,17.85,20.4,10.2,12.75,10.2,2.55,15.299999999999999,10.2,0.0,5.1,17.849999999999998,20.4,0.0
STRIPEY CHOCOLATE NESTING BOXES,17.700000000000003,26.550000000000004,5.9,90.7,79.65,56.05000000000001,17.700000000000003,5.9,35.400000000000006,132.0,207.95,32.45,0.0
STRIPY DESIGN SHOWER CAP,12.5,5.0,0.0,2.32,8.989999999999998,0.0,0.0,0.0,0.0,0.0,0.0,0.0,0.0
SUKI  SHOULDER BAG,105.6,165.0,127.05,165.0,130.35,160.05,270.6,201.29999999999998,146.85,121.3,125.11999999999999,260.53999999999996,51.11
SUMMER DAISIES BAG CHARM,2.55,15.299999999999999,0.0,0.0,0.0,0.0,17.849999999999998,0.0,0.0,0.0,0.0,20.4,5.1
SUMMER FUN DESIGN SHOWER CAP,8.75,2.5,17.5,7.25,10.729999999999999,0.0,0.0,0.0,0.0,0.0,0.0,0.0,0.0
SUNFLOWER DECORATIVE PARASOL,47.400000000000006,94.80000000000001,0.0,0.0,0.0,0.0,0.0,0.0,0.0,0.0,0.0,0.0,0.0
SUNSET CHECK HAMMOCK,0.0,0.0,83.4,0.0,83.4,208.5,83.4,83.4,0.0,0.0,0.0,0.0,0.0
SWALLOW SQUARE TISSUE BOX,22.5,15.0,2.5,46.25,5.0,3.75,7.5,13.65,17.16,14.04,16.77,27.69,2.34
SWALLOW WOODEN CHRISTMAS DECORATION,109.64999999999999,0.0,10.2,0.0,0.0,0.0,0.0,15.299999999999999,40.8,90.94999999999999,243.88,302.46999999999997,78.13
SWALLOWS GREETING CARD,75.6,80.64,85.68,115.92,131.04,100.8,151.2,156.24,110.88,75.6,0.0,120.96,37.589999999999996
SWEET PUDDING STICKER SHEET,22.099999999999998,0.0,6.8,1.7,3.4,0.85,10.2,0.85,5.1,0.0,3.4,0.85,0.0
SWEETHEART BIRD HOUSE,0.0,0.0,0.0,0.0,0.0,0.0,0.0,0.0,0.0,4.15,468.3,315.40000000000003,74.7
SWEETHEART CERAMIC TRINKET BOX,488.75,265.0,366.25,395.0,330.0,406.25,152.5,201.25,191.25,345.69,333.8,572.27,109.36
SWEETHEART RECIPE BOOK STAND,927.55,655.45,330.75,0.0,0.0,628.45,593.9,310.5,561.1,642.65,378.7,873.4,318.65
SWEETHEART WIRE FRUIT BOWL,0.0,0.0,0.0,0.0,0.0,0.0,0.0,0.0,0.0,0.0,0.0,0.0,88.50000000000001
SWEETHEART WIRE MAGAZINE RACK,0.0,67.5,0.0,0.0,0.0,0.0,0.0,0.0,0.0,0.0,0.0,0.0,0.0
SWEETIES  STICKERS,21.25,28.049999999999997,5.1,32.3,17.0,22.099999999999998,37.4,11.049999999999999,0.85,1.7,2.55,12.75,0.0
SWIRLY CIRCULAR RUBBERS IN BAG,1.68,9.24,0.0,5.04,4.2,0.0,5.04,1.26,0.0,3.3499999999999996,5.3999999999999995,13.4,4.96
SWISS CHALET TREE DECORATION ,62.89999999999999,0.0,0.0,0.0,0.0,0.0,0.0,0.0,16.15,77.27999999999999,110.77999999999999,81.77999999999999,0.0
SWISS ROLL TOWEL PINK  SPOTS,0.0,0.0,2.95,35.400000000000006,0.0,5.9,11.8,11.8,0.0,35.400000000000006,99.97000000000001,40.86,0.0
"SWISS ROLL TOWEL, CHOCOLATE  SPOTS",315.70000000000005,149.5,2.95,41.300000000000004,2.95,17.700000000000003,17.700000000000003,5.9,0.0,0.0,17.700000000000003,73.0,251.7
"SWISS ROLL TOWEL, PINK  SPOTS",259.65000000000003,120.0,0.0,0.0,0.0,0.0,0.0,0.0,0.0,0.0,0.0,0.0,0.0
T-LIGHT GLASS FLUTED ANTIQUE,373.75,68.75,185.0,137.5,0.0,108.75,243.75,165.0,210.0,246.25,524.6,734.92,207.3
T-LIGHT HOLDER HANGING LACE,17.5,20.0,23.75,12.5,28.75,7.5,81.25,25.0,12.5,15.0,35.0,52.5,77.31
T-LIGHT HOLDER HANGING LOVE BIRD,0.0,0.0,0.0,0.0,0.0,0.0,0.0,0.0,0.0,0.0,566.25,1005.0,157.5
T-LIGHT HOLDER SILVER HEART HANDLE,0.0,0.0,0.0,0.0,0.0,0.0,11.7,125.1,0.0,15.6,93.6,101.39999999999999,23.4
T-LIGHT HOLDER SILVER PETIT FOUR ,0.0,0.0,0.0,0.0,0.0,0.0,30.0,15.0,15.0,16.25,75.0,61.25,15.0
T-LIGHT HOLDER SILVER SAUCER,0.0,0.0,0.0,0.0,0.0,0.0,0.0,19.919999999999998,0.0,9.959999999999999,3.26,0.0,4.89
T-LIGHT HOLDER SWEETHEART HANGING,62.4,234.0,141.9,179.4,117.0,117.0,118.95,122.85,85.8,83.4,94.06,17.55,35.33
T-LIGHT HOLDER WHITE LACE,0.0,0.0,34.849999999999994,5.1,17.28,5.1,0.0,40.8,3.4,0.85,22.95,0.0,38.059999999999995
TABLE LAMP WHITE SHADE WOOD BASE,35.7,0.0,11.9,29.75,17.85,11.9,0.0,30.5,0.0,29.75,17.85,23.8,11.9
TALL ROCOCO CANDLE HOLDER,0.0,0.0,0.0,0.0,0.0,0.0,0.0,0.0,0.0,0.0,116.0,145.0,0.0
TEA BAG PLATE RED RETROSPOT,141.95,228.64999999999998,135.15,175.95,97.75,122.39999999999999,160.64999999999998,129.2,172.54999999999998,155.06,139.26,321.72999999999996,31.169999999999998
TEA COSY BLUE STRIPE,15.299999999999999,33.15,7.6499999999999995,22.95,10.2,0.0,17.849999999999998,12.75,2.55,22.95,15.16,76.22,15.16
TEA COSY RED  STRIPE,15.299999999999999,48.449999999999996,15.299999999999999,63.75,15.299999999999999,0.0,30.599999999999998,2.55,51.0,61.199999999999996,63.60999999999999,109.50999999999999,20.259999999999998
TEA FOR ONE POLKADOT,294.0,131.75,85.0,114.75,85.0,123.25,63.75,21.25,72.25,145.25,63.75,123.25,21.25
TEA PARTY  WRAPPING PAPER ,10.5,42.0,42.0,52.5,42.0,63.0,84.0,73.5,63.0,84.0,73.5,52.5,31.5
TEA PARTY BIRTHDAY CARD,35.28,120.96,100.8,120.96000000000001,120.96000000000001,156.24,90.72,131.04,65.52,146.99,80.64,135.96,40.32
TEA TIME BREAKFAST BASKET,2.1,0.0,0.0,0.0,0.0,0.0,0.0,0.0,0.0,0.0,0.0,0.0,0.0
TEA TIME DES TEA COSY,99.44999999999999,135.0,73.94999999999999,117.3,15.299999999999999,48.449999999999996,20.4,38.25,7.6499999999999995,81.6,38.11,22.95,10.2
TEA TIME KITCHEN APRON,267.75,232.05,232.05,160.65,190.4,101.15,130.9,83.30000000000001,142.8,172.55,292.15000000000003,281.90000000000003,59.5
TEA TIME OVEN GLOVE,212.5,150.6,142.5,186.25,91.25,97.5,128.75,77.5,107.5,86.21000000000001,178.23,198.47,87.46000000000001
TEA TIME PARTY BUNTING,227.85,344.1,719.4,861.3000000000001,831.6,1192.65,766.95,683.1,247.5,163.35,183.15,89.10000000000001,4.95
TEA TIME TEA SET IN GIFT BOX,41.7,201.55,20.85,132.05,180.70000000000002,20.85,48.650000000000006,55.6,6.95,0.0,0.0,0.0,0.0
TEA TIME TEAPOT IN GIFT BOX,0.0,0.0,0.0,198.00000000000003,212.85000000000002,29.700000000000003,59.400000000000006,14.850000000000001,113.85000000000001,193.05,148.5,306.90000000000003,29.700000000000003
TEAL/FUSCHIA COL BEAD NECKLACE,4.95,0.0,0.0,0.0,0.0,0.0,0.0,0.0,0.0,0.0,0.0,39.6,0.0
TEATIME PEN CASE & PENS,8.5,0.0,3.4,5.95,1.7,4.25,0.85,0.0,26.35,0.0,2.55,0.85,0.0
TEATIME PUSH DOWN RUBBER,0.0,10.08,0.0,0.0,0.0,20.16,4.5600000000000005,0.0,0.0,0.0,0.0,0.0,0.0
TEATIME ROUND PENCIL SHARPENER ,10.08,0.0,0.0,0.0,0.0,10.08,5.76,17.28,23.04,11.52,19.32,14.76,0.0
THE KING GIFT BAG,0.0,0.0,0.0,0.0,0.0,0.0,3.25,1.9500000000000002,0.65,5.2,0.0,0.0,0.0
THE KING GIFT BAG 25x24x12cm,0.0,0.0,0.0,0.0,0.0,0.0,0.0,4.2,0.0,5.04,0.0,1.68,0.0
THREE CANVAS LUGGAGE TAGS,1.95,0.0,0.0,17.55,0.0,15.6,26.4,15.6,0.0,0.0,15.6,31.43,4.13
THREE MINI HANGING FRAMES,0.0,0.0,0.0,0.0,0.0,0.0,0.0,0.0,0.0,0.0,132.8,319.55,83.0
TINY CRYSTAL BRACELET GREEN,0.0,0.0,15.299999999999999,0.0,0.0,0.0,0.0,0.0,0.0,0.0,0.0,0.0,0.0
TOADSTOOL MONEY BOX,277.3,103.25000000000001,126.85000000000002,191.75000000000003,94.4,79.65,82.60000000000001,97.35000000000001,221.25000000000003,100.30000000000001,147.50000000000003,185.85000000000002,64.9
TOAST ITS - BEST MUM,95.30000000000001,141.35,139.05,122.5,15.0,17.5,3.75,15.0,0.0,41.25,17.5,43.75,25.200000000000003
TOAST ITS - DINOSAUR,15.0,7.5,0.0,1.25,0.0,0.0,0.0,0.0,0.0,0.0,0.0,0.0,0.0
TOAST ITS - FAIRY FLOWER,56.25,63.75,18.75,38.75,1.25,8.75,7.5,15.0,22.5,63.74,27.84,33.67,4.1499999999999995
TOAST ITS - HAPPY BIRTHDAY,76.25,42.5,37.5,43.75,47.5,11.25,16.25,1.25,52.5,21.25,21.25,36.25,1.25
TOAST ITS - I LOVE YOU ,225.2,522.6,125.1,11.25,0.0,3.75,3.75,2.5,22.5,6.25,8.75,20.0,3.75
TOILET METAL SIGN,63.800000000000004,72.60000000000001,79.38000000000001,156.20000000000002,107.43,116.05000000000001,64.9,53.900000000000006,103.4,126.4,96.00000000000001,78.10000000000001,39.60000000000001
TOILET SIGN OCCUPIED OR VACANT,0.0,0.0,0.0,319.54999999999995,382.47999999999996,331.16999999999996,262.28,188.41,439.9,194.07,164.27999999999997,154.17,33.94
TOMATO CHARLIE+LOLA COASTER SET,47.7,62.95,0.0,5.45,0.0,53.75,2.5,8.75,8.75,31.25,9.54,128.75,15.0
TOOTHPASTE TUBE PEN,38.35,23.400000000000002,0.0,7.800000000000001,0.0,7.800000000000001,0.0,35.1,24.700000000000003,17.95,59.400000000000006,83.0,18.7
TOP SECRET PEN SET,0.0,0.0,1.25,8.75,5.0,37.5,3.75,1.25,0.0,0.0,0.0,0.0,0.0
TOTE BAG I LOVE LONDON,157.5,86.10000000000001,130.20000000000002,77.70000000000002,157.50000000000003,58.800000000000004,75.60000000000001,109.86,39.900000000000006,132.3,178.50000000000003,113.4,29.400000000000002
TOXIC AREA  DOOR HANGER ,4.35,13.05,31.9,23.2,4.35,89.89999999999999,30.45,52.26,81.50999999999999,63.18,50.309999999999995,77.61,23.4
TOY TIDY DOLLY GIRL DESIGN,23.1,44.1,65.1,69.3,54.6,113.4,79.8,69.3,58.8,71.4,73.36,113.12,94.80000000000001
TOY TIDY PINK POLKADOT,155.4,235.2,252.0,172.2,218.4,245.7,277.2,260.4,294.0,285.53,256.06,207.76,65.03
TOY TIDY SPACEBOY  ,96.60000000000001,165.9,228.9,94.5,132.3,237.3,153.3,96.6,174.3,136.43,176.19,195.16,101.37
TOYBOX  WRAP ,10.5,52.5,21.0,0.0,0.0,21.0,10.5,42.42,10.5,21.0,10.5,21.0,0.0
TRADITIONAL CHRISTMAS RIBBONS,300.0,1.25,11.25,1.25,2.5,3.75,15.0,78.75,125.0,474.88,825.57,747.15,105.89
TRADITIONAL KNITTING NANCY,146.45,113.1,271.15,419.04999999999995,538.05,517.3499999999999,338.24999999999994,367.94999999999993,516.4499999999999,625.2099999999999,1156.4499999999998,1582.0299999999997,341.47999999999996
TRADITIONAL MODELLING CLAY,337.5,275.0,240.0,382.5,232.5,387.5,112.5,282.5,313.75,724.8,706.94,829.24,187.06
TRADITIONAL NAUGHTS & CROSSES,0.0,0.0,0.0,0.0,0.0,0.0,0.0,0.0,0.0,0.0,597.3,2148.2999999999997,287.09999999999997
TRADITIONAL PICK UP STICKS GAME ,0.0,0.0,0.0,0.0,0.0,0.0,0.0,0.0,0.0,0.0,373.75,1428.75,387.5
TRADITIONAL WOODEN CATCH CUP GAME ,231.25,61.25,127.5,111.25,153.75,203.75,208.75,300.0,165.0,263.51,465.49,537.79,89.68
TRADITIONAL WOODEN SKIPPING ROPE,166.25,120.0,196.25,240.0,346.59999999999997,307.9,113.1,171.1,124.69999999999999,425.34999999999997,549.55,711.9499999999999,230.54999999999998
TRADTIONAL ALPHABET STAMP SET,0.0,0.0,0.0,0.0,0.0,0.0,0.0,0.0,0.0,0.0,678.1500000000001,2643.3,727.6500000000001
TRANQUILITY MASALA INCENSE,0.0,0.0,5.25,5.25,5.25,0.0,5.25,5.25,0.0,5.25,0.0,0.0,0.0
TRANSPARENT ACRYLIC TAPE DISPENSER,0.0,0.0,0.0,0.0,0.0,0.0,11.049999999999999,0.0,1.63,0.0,12.68,2.55,0.0
TRAVEL CARD WALLET FLOWER MEADOW,0.0,0.0,91.98,97.44,67.86,70.98,66.36,47.46,29.4,55.86,70.14,40.74,0.84
TRAVEL CARD WALLET I LOVE LONDON,0.0,0.0,28.560000000000002,0.0,0.0,0.0,79.8,126.0,122.64,132.72,121.8,123.48,21.84
TRAVEL CARD WALLET KEEP CALM,0.0,0.0,146.4,192.78,262.92,313.32,174.3,154.98,140.7,230.46,233.03,264.47,48.28
TRAVEL CARD WALLET PANTRY,0.0,0.0,43.68,58.38,47.46,59.22,47.04,71.82,44.1,66.77,57.96,59.63,22.240000000000002
TRAVEL CARD WALLET RETRO PETALS,0.0,0.0,66.18,78.12,101.22,115.08,91.98,0.0,0.0,0.0,0.0,0.0,0.0
TRAVEL CARD WALLET RETROSPOT,0.0,0.0,53.34,56.7,56.52,69.72,65.52,36.96,47.46,94.92,90.72,92.4,26.46
TRAVEL CARD WALLET SKULLS,0.0,0.0,44.1,71.82000000000001,49.379999999999995,35.28,51.24,49.14,44.52,64.26,89.46000000000001,97.86,31.5
TRAVEL CARD WALLET SUKI,0.0,0.0,52.74,87.78,59.46,86.52,70.98,94.5,52.08,101.64,38.22,63.84,18.48
TRAVEL CARD WALLET TRANSPORT,0.0,0.0,58.379999999999995,149.1,81.48,84.84,62.16,62.58,99.53999999999999,81.9,99.54,110.46000000000001,34.86
TRAVEL CARD WALLET UNION JACK,0.0,0.0,49.14,89.46,112.8,76.86,81.48,60.9,63.42,113.4,55.86,131.46,42.84
TRAVEL CARD WALLET VINTAGE LEAF,0.0,0.0,0.0,0.0,0.0,0.0,0.0,64.68,68.46,94.92,92.4,96.18,36.96
TRAVEL CARD WALLET VINTAGE ROSE ,0.0,0.0,30.060000000000002,31.92,22.259999999999998,40.74,20.16,0.0,0.0,0.0,0.0,0.0,0.0
TRAVEL CARD WALLET VINTAGE TICKET,0.0,0.0,113.22,150.78,156.9,130.62,71.4,147.0,126.0,139.44,110.04,143.22,50.82
TRAVEL SEWING KIT,668.25,297.0,338.25,356.4,528.0,529.65,466.95,391.05,495.0,402.58,320.23,64.35,0.0
TREASURE AHOY WALL ART,0.0,0.0,0.0,0.0,0.0,0.0,0.0,0.0,0.0,0.0,288.84000000000003,67.5,0.0
TREASURE ISLAND BOOK BOX,0.0,0.0,0.0,438.75,263.25,247.5,177.75,144.0,128.25,200.25,274.5,294.75,45.0
TREASURE TIN BUFFALO BILL ,0.0,0.0,0.0,0.0,0.0,0.0,349.44,278.72,187.20000000000002,370.24,237.12,262.08,91.52000000000001
TREASURE TIN GYMKHANA DESIGN,0.0,0.0,0.0,0.0,0.0,0.0,495.04,364.0,226.72,603.2,488.8,463.84000000000003,131.04000000000002
TREE T-LIGHT HOLDER WILLIE WINKIE,0.0,0.0,0.0,0.0,0.0,0.0,19.799999999999997,19.799999999999997,98.99999999999999,98.99999999999999,159.94,79.17999999999999,46.019999999999996
TRIPLE HOOK ANTIQUE IVORY ROSE,0.0,0.0,0.0,0.0,103.77,595.49,299.39,187.53,378.35,342.43,227.01,296.37,95.68
TRIPLE PHOTO FRAME CORNICE ,0.0,0.0,0.0,0.0,0.0,0.0,0.0,0.0,0.0,107.52,0.0,0.0,0.0
TRIPLE WIRE HOOK IVORY HEART,0.0,0.0,0.0,0.0,152.25,128.65,149.4,49.800000000000004,66.4,4.15,95.45,4.15,0.0
TRIPLE WIRE HOOK PINK HEART,0.0,0.0,0.0,0.0,12.450000000000001,74.7,33.2,29.050000000000004,37.35,0.0,12.450000000000001,0.0,15.8
TROPICAL  HONEYCOMB PAPER GARLAND ,99.44999999999999,104.55,119.85,79.04999999999998,104.55,196.35,114.74999999999999,71.39999999999999,38.25,48.449999999999996,25.499999999999996,127.5,30.599999999999998
TROPICAL HOLIDAY PURSE ,17.700000000000003,0.0,0.0,0.0,0.0,0.0,0.0,0.0,0.0,0.0,0.0,0.0,0.0
TROPICAL LUGGAGE TAG,3.75,1.25,21.25,2.5,6.25,0.0,16.47,8.75,0.0,6.21,2.46,7.5,0.0
TROPICAL PASSPORT COVER ,0.0,36.9,14.700000000000001,25.200000000000003,10.14,4.2,37.440000000000005,12.600000000000001,0.0,4.13,12.39,12.530000000000001,0.0
TUB 24 PINK FLOWER PEGS,31.349999999999994,6.6,11.549999999999999,59.39999999999999,9.899999999999999,18.15,14.849999999999998,3.3,14.849999999999998,0.0,0.0,0.0,0.0
TUMBLER BAROQUE,0.0,0.0,0.0,0.0,25.74,37.44,32.76,25.74,4.68,4.68,2.34,4.68,0.0
TUMBLER NEW ENGLAND,0.0,0.0,0.0,0.0,54.599999999999994,138.06,11.7,0.0,0.0,0.0,0.0,0.0,0.0
"TUMBLER, BAROQUE",29.699999999999996,0.0,0.0,19.799999999999997,9.36,0.0,0.0,0.0,0.0,0.0,0.0,0.0,0.0
"TUMBLER, NEW ENGLAND",3.3,19.799999999999997,29.699999999999996,49.49999999999999,29.64,0.0,0.0,0.0,0.0,0.0,0.0,0.0,0.0
TURQ ICE CREAM BUM BAG ,2.55,30.599999999999998,0.0,0.0,0.0,0.0,0.0,0.0,0.0,0.0,0.0,0.0,0.0
TURQ PENDANT TRIPLE SHELL NECKLACE,0.0,0.0,0.0,4.95,0.0,0.0,0.0,14.850000000000001,0.0,0.0,0.0,0.0,0.0
TURQ STONE/CRYSTAL EARRINGS,0.0,0.0,0.0,0.0,0.0,5.9,0.0,0.0,0.0,17.700000000000003,0.0,2.95,0.0
TURQ+RED BOUDICCA LARGE BRACELET,34.75,13.9,41.7,13.9,20.85,0.0,13.9,0.0,20.85,41.7,6.95,76.45,0.0
TURQUOISE BERTIE GLASS BEAD CHARM,0.0,20.4,0.0,0.0,0.0,2.1,0.0,0.0,0.0,0.0,0.0,0.0,0.0
TURQUOISE CHRISTMAS TREE ,3.75,0.0,0.0,0.0,0.0,0.0,0.0,0.0,0.0,0.0,1.25,1.25,0.0
TURQUOISE CRYSTAL+GLASS BRACELET,0.0,29.700000000000003,4.95,0.0,0.0,0.0,19.8,4.95,0.0,0.0,24.75,0.0,0.0
TURQUOISE GLASS TASSLE BAG CHARM ,8.850000000000001,0.0,0.0,0.0,0.0,0.0,8.850000000000001,0.0,0.0,0.0,17.700000000000003,23.6,2.95
TURQUOISE HEART OF GLASS BRACELET,0.0,11.9,0.0,0.0,11.9,0.0,0.0,5.95,17.85,0.0,0.0,0.0,0.0
TUSCAN VILLA DOVECOTE BIRD FEEDER,0.0,0.0,0.0,0.0,0.0,0.0,0.0,0.0,0.0,0.0,0.0,60.0,0.0
TV DINNER TRAY AIR HOSTESS ,151.5,148.05,49.5,44.550000000000004,0.0,34.650000000000006,59.400000000000006,0.0,29.700000000000003,19.8,79.2,69.30000000000001,53.1
TV DINNER TRAY DOLLY GIRL,256.1,186.8,158.4,127.4,14.850000000000001,39.6,44.550000000000004,4.95,24.75,0.0,64.35000000000001,127.39999999999999,80.25
TV DINNER TRAY VINTAGE PAISLEY,284.7,103.5,40.35,14.850000000000001,49.5,46.05,19.8,4.95,0.0,14.850000000000001,130.20000000000002,150.0,81.9
TWO DOOR CURIO CABINET,0.0,0.0,0.0,0.0,0.0,6.0,0.0,0.0,0.0,0.0,0.0,0.0,0.0
UBO-LIGHT TRIOBASE BLUE,0.0,0.0,0.0,0.0,0.0,0.0,0.0,0.0,0.0,0.0,2.55,0.0,0.85
UBO-LIGHT TRIOBASE PURPLE,0.0,0.0,0.0,0.0,0.0,0.0,0.0,0.0,0.0,0.0,2.55,1.7,0.0
UNION FLAG WINDSOCK,17.5,1.25,56.69,41.25,0.0,0.0,0.0,0.0,0.0,0.0,0.0,0.0,0.0
UNION JACK FLAG LUGGAGE TAG,50.0,22.5,71.25,118.75,41.47,38.75,49.19,38.75,23.75,57.42,53.71,77.46000000000001,23.71
UNION JACK FLAG PASSPORT COVER ,39.900000000000006,54.6,107.10000000000001,39.900000000000006,64.74000000000001,156.06,79.80000000000001,73.5,39.900000000000006,18.9,14.7,29.400000000000002,6.300000000000001
UNION JACK HOT WATER BOTTLE ,0.0,0.0,0.0,0.0,0.0,0.0,0.0,0.0,0.0,0.0,0.0,23.8,0.0
UNION STRIPE CUSHION COVER ,15.0,5.0,71.25,57.5,71.25,55.0,86.25,43.75,46.25,35.0,11.25,1.25,5.0
UNION STRIPE WITH FRINGE  HAMMOCK,0.0,0.0,83.4,166.8,500.40000000000003,583.8000000000001,291.9,333.6,250.20000000000002,0.0,0.0,0.0,0.0
URBAN BLACK RIBBONS ,11.25,15.0,56.25,62.5,7.5,46.25,8.75,50.0,37.5,35.8,72.81,63.14,7.47
VANILLA INCENSE 40 CONES IN TIN,10.0,0.0,2.5,2.5,0.0,2.5,7.5,11.25,0.0,0.0,0.0,0.0,0.0
VANILLA INCENSE IN TIN,38.75,8.75,7.5,21.25,6.25,0.76,7.220000000000001,3.8,14.440000000000001,2.2800000000000002,10.260000000000002,26.22,15.96
VANILLA SCENT CANDLE JEWELLED BOX,395.83,161.05,119.0,196.07999999999998,25.5,93.5,59.5,102.0,157.25,131.75,110.5,51.0,0.0
VEGETABLE GARDEN CHOPPING BOARD,0.0,0.0,0.0,0.0,0.0,0.0,0.0,0.0,0.0,4.95,74.25,84.15,4.95
VEGETABLE MAGNETIC  SHOPPING LIST,0.0,0.0,0.0,0.0,0.0,0.0,17.4,32.4,0.0,0.0,0.0,0.0,0.0
VICTORIAN  METAL POSTCARD SPRING,192.66,121.67999999999999,177.45,255.19,295.75,128.44,204.49,138.58,196.04,135.2,207.87,219.7,70.98
VICTORIAN GLASS HANGING T-LIGHT,641.25,457.5,647.5,950.0,862.5,1248.75,785.0,758.75,680.0,1021.9799999999999,1173.18,1288.47,378.3
VICTORIAN SEWING BOX SMALL ,1070.2,315.15000000000003,350.85,279.65000000000003,237.8,255.65000000000003,315.15000000000003,154.70000000000002,178.5,291.55,432.25,586.9,243.95000000000002
VICTORIAN SEWING KIT,55.0,95.0,16.25,92.5,52.5,22.5,16.25,32.5,95.0,183.75,151.21,118.71000000000001,41.17
VILLAGE SHOW WALL ART,0.0,0.0,0.0,0.0,0.0,0.0,0.0,0.0,0.0,0.0,396.02,71.4,0.0
VINTAGE  2 METER FOLDING RULER,0.0,0.0,0.0,0.0,0.0,0.0,329.99999999999994,376.19999999999993,457.04999999999995,984.2799999999999,239.23999999999998,0.0,0.0
VINTAGE  2 METRE FOLDING RULER,0.0,0.0,0.0,0.0,0.0,0.0,0.0,0.0,0.0,0.0,405.87999999999994,740.79,295.31999999999994
VINTAGE BEAD COSMETIC BAG ,0.0,0.0,0.0,0.0,20.1,0.0,13.4,0.0,10.05,0.0,5.8100000000000005,2.46,0.0
VINTAGE BEAD NOTEBOOK,17.7,26.550000000000004,17.700000000000003,2.95,0.0,8.850000000000001,5.9,47.2,11.8,0.0,0.0,0.0,0.0
VINTAGE BEAD PINK EVENING BAG,107.0,60.0,17.0,0.0,6.25,35.0,30.0,42.5,90.0,103.75,38.75,138.63,0.0
VINTAGE BEAD PINK JEWEL BOX,0.0,0.0,0.0,0.0,0.0,0.0,0.0,12.75,0.0,0.0,4.25,0.0,0.0
VINTAGE BEAD PINK JEWEL STAND,0.0,0.0,0.0,0.0,0.0,0.0,0.0,0.0,4.95,0.0,0.0,0.0,0.0
VINTAGE BEAD PINK PURSE ,106.20000000000002,0.0,0.0,0.0,30.240000000000002,24.9,50.629999999999995,48.13999999999999,83.0,68.83,87.97999999999999,111.07,2.4899999999999998
VINTAGE BEAD PINK SCARF ,79.19999999999999,39.599999999999994,0.0,0.0,0.0,21.449999999999996,89.1,67.64999999999999,19.799999999999997,150.14999999999998,19.799999999999997,54.44999999999999,0.0
VINTAGE BEAD PINK SHADE ,0.0,15.0,0.0,1.25,0.0,0.0,0.0,0.0,0.0,0.0,0.0,0.0,0.0
VINTAGE BELLS GARLAND,0.0,0.0,0.0,0.0,0.0,0.0,0.0,0.0,0.0,0.0,505.75,1326.51,294.78
VINTAGE BILLBOARD DRINK ME MUG,260.51,90.0,105.0,105.0,33.75,46.25,28.75,8.75,36.25,90.0,114.96000000000001,0.0,0.0
VINTAGE BILLBOARD LOVE/HATE MUG,133.01,223.75,60.0,51.25,37.5,33.75,16.25,17.5,27.5,86.25,27.5,126.25,10.0
VINTAGE BILLBOARD MUG ,15.0,16.25,53.75,15.0,56.25,16.25,2.5,2.5,18.75,29.96,113.71000000000001,104.88,7.38
VINTAGE BILLBOARD TEA MUG,121.25,88.75,88.75,42.5,75.0,3.75,10.0,22.5,0.0,0.0,0.0,0.0,0.0
VINTAGE BLUE TINSEL REEL,0.84,0.0,0.0,0.0,0.0,0.0,0.0,0.0,0.0,0.0,0.0,0.0,0.0
VINTAGE CARAVAN GIFT WRAP,42.0,31.5,42.0,105.0,0.0,0.0,10.5,8.82,0.0,0.0,0.0,0.0,0.0
VINTAGE CARAVAN GREETING CARD ,30.24,45.36,55.44,50.4,30.24,40.32,60.480000000000004,55.44,45.36,36.11,0.83,0.0,0.0
VINTAGE CHRISTMAS BUNTING,0.0,0.0,0.0,0.0,0.0,0.0,0.0,297.0,1029.6,1637.3,2103.75,3704.3,960.3
VINTAGE CHRISTMAS CAKE FRILL,0.0,0.0,0.0,0.0,0.0,0.0,0.0,9.899999999999999,136.95,800.2499999999999,646.8,300.29999999999995,84.14999999999999
VINTAGE CHRISTMAS GIFT BAG LARGE ,0.0,0.0,0.0,0.0,0.0,0.0,0.0,0.0,45.0,303.75,472.5,355.0,50.0
VINTAGE CHRISTMAS GIFT SACK,0.0,0.0,0.0,0.0,0.0,0.0,0.0,49.800000000000004,423.3,1128.8000000000002,1033.3500000000001,1130.7,377.65000000000003
VINTAGE CHRISTMAS PAPER GIFT BAG,0.0,0.0,0.0,0.0,0.0,0.0,0.0,0.0,56.58,209.1,277.97999999999996,209.92,27.879999999999995
VINTAGE CHRISTMAS STOCKING ,0.0,0.0,0.0,0.0,0.0,0.0,0.0,155.54999999999998,214.2,785.4,1731.4499999999998,1695.4499999999998,423.3
VINTAGE COFFEE GRINDER BOX,0.0,0.0,0.0,0.0,0.0,0.0,0.0,0.0,0.0,257.70000000000005,228.00000000000003,0.0,0.0
VINTAGE CREAM CAT FOOD CONTAINER,228.6,345.51,238.04999999999998,466.5,177.79999999999998,377.75,285.75,82.55,368.15,139.7,355.45,301.54999999999995,130.1
VINTAGE DOILY DELUXE SEWING KIT ,0.0,0.0,0.0,0.0,0.0,0.0,0.0,0.0,0.0,130.9,1219.75,1407.0,565.25
VINTAGE DOILY JUMBO BAG RED ,0.0,0.0,0.0,0.0,0.0,0.0,0.0,0.0,0.0,0.0,547.04,2753.1,532.48
VINTAGE DOILY TRAVEL SEWING KIT,0.0,0.0,0.0,0.0,0.0,0.0,0.0,0.0,0.0,423.15,1600.95,2279.55,700.05
VINTAGE DONKEY TAIL GAME ,0.0,0.0,0.0,0.0,0.0,0.0,300.0,345.0,382.5,682.5,802.42,926.13,127.5
VINTAGE EMBOSSED HEART,0.0,0.0,0.0,0.0,82.5,210.0,110.0,98.75,138.75,189.96,50.0,102.5,30.0
VINTAGE ENAMEL & CRYSTAL EARRINGS,0.0,9.9,0.0,0.0,0.0,0.0,44.550000000000004,0.0,0.0,0.0,0.0,0.0,9.9
VINTAGE ENAMEL & CRYSTAL NECKLACE,0.0,0.0,0.0,0.0,0.0,0.0,19.8,0.0,0.0,0.0,4.95,0.0,0.0
VINTAGE ENGRAVED HEART,0.0,0.0,0.0,0.0,0.0,45.0,30.0,0.0,0.0,0.0,0.0,0.0,0.0
VINTAGE GLASS COFFEE CADDY,5.95,5.95,89.25,17.85,5.95,5.95,0.0,11.9,11.9,0.0,0.0,0.0,0.0
VINTAGE GLASS T-LIGHT HOLDER,0.0,0.0,0.0,0.0,0.0,38.18,64.59,68.39999999999999,119.51999999999998,83.0,223.20999999999998,350.08,165.96999999999997
VINTAGE GLASS TEA CADDY,0.0,5.95,11.9,0.0,0.0,0.0,0.0,0.0,0.0,0.0,0.0,0.0,0.0
VINTAGE HEADS AND TAILS CARD GAME ,432.5,198.75,182.5,361.25,298.75,228.75,313.75,248.75,433.75,549.88,668.19,1051.62,294.96
VINTAGE KEEPSAKE BOX PARIS DAYS,12.7,0.0,145.89999999999998,12.7,12.7,0.0,0.0,0.0,6.35,0.0,0.0,0.0,0.0
VINTAGE KEEPSAKE BOX PINK FLOWER,0.0,0.0,0.0,0.0,0.0,0.0,12.7,0.0,0.0,0.0,0.0,6.35,0.0
VINTAGE KEEPSAKE BOX TRAVELOGUE,12.7,12.7,12.7,12.7,25.4,12.7,0.0,0.0,25.4,0.0,12.7,0.0,0.0
VINTAGE KID DOLLY CARD ,43.92,75.6,45.36,55.44,75.6,70.56,75.6,60.480000000000004,55.44,45.36,75.6,54.55,25.2
VINTAGE KITCHEN PRINT FRUITS,15.299999999999999,20.4,5.1,15.299999999999999,0.0,30.599999999999998,0.0,15.299999999999999,30.599999999999998,30.599999999999998,0.0,0.0,2.55
VINTAGE KITCHEN PRINT PUDDINGS,0.0,30.599999999999998,0.0,15.299999999999999,0.0,0.0,15.299999999999999,17.849999999999998,0.0,0.0,0.0,0.0,0.0
VINTAGE KITCHEN PRINT SEAFOOD,56.099999999999994,15.299999999999999,0.0,0.0,10.2,0.0,0.0,0.0,0.0,0.0,0.0,7.6499999999999995,0.0
VINTAGE KITCHEN PRINT VEGETABLES,0.0,15.299999999999999,0.0,15.299999999999999,22.95,30.599999999999998,5.1,15.299999999999999,45.9,0.0,0.0,15.299999999999999,0.0
VINTAGE LEAF CHOPPING BOARD  ,0.0,0.0,0.0,0.0,0.0,0.0,0.0,0.0,0.0,9.9,247.50000000000003,222.75000000000003,54.45
VINTAGE LEAF MAGNETIC NOTEPAD,0.0,0.0,0.0,0.0,0.0,0.0,0.0,258.09999999999997,346.54999999999995,285.65,514.75,255.2,57.99999999999999
VINTAGE NOTEBOOK BEAUTY GIRL,2.95,0.0,0.0,0.0,5.9,0.0,0.0,0.0,0.0,0.0,0.0,0.0,0.0
VINTAGE NOTEBOOK PARIS DAYS,17.700000000000003,5.9,23.6,0.0,0.0,17.700000000000003,17.700000000000003,17.700000000000003,0.0,0.0,0.0,0.0,0.0
VINTAGE NOTEBOOK TRAVELOGUE,0.0,38.35000000000001,0.0,0.0,0.0,0.0,17.700000000000003,2.95,0.0,0.0,14.75,0.0,0.0
VINTAGE PAISLEY STATIONERY SET,50.150000000000006,47.2,20.650000000000002,32.45,61.95000000000001,2.95,155.0,231.25,142.5,325.85,317.15,193.19,0.0
VINTAGE PHOTO ALBUM PARIS DAYS,50.8,0.0,0.0,0.0,0.0,0.0,0.0,0.0,0.0,0.0,0.0,0.0,0.0
VINTAGE PINK DECORATIVE PARASOL,142.20000000000002,94.80000000000001,0.0,0.0,0.0,0.0,0.0,0.0,0.0,0.0,0.0,0.0,0.0
VINTAGE RED ENAMEL TRIM JUG ,0.0,0.0,0.0,0.0,0.0,0.0,427.5,393.75,258.75,221.25,217.5,266.25,22.5
VINTAGE RED ENAMEL TRIM MUG ,0.0,0.0,0.0,0.0,0.0,0.0,270.0,255.0,135.0,101.25,115.0,230.0,5.0
VINTAGE RED ENAMEL TRIM PLATE,0.0,0.0,0.0,0.0,0.0,0.0,237.59999999999997,283.79999999999995,113.84999999999998,100.64999999999999,120.44999999999999,112.19999999999999,18.15
VINTAGE RED MUG,22.5,16.25,26.25,30.0,23.75,1.25,25.0,16.25,20.0,30.0,41.25,12.5,1.25
VINTAGE RED TEATIME MUG,3.75,51.25,25.0,26.25,72.5,2.5,15.0,41.88,0.0,7.5,1.25,0.0,0.0
VINTAGE RED TRIM ENAMEL BOWL ,0.0,0.0,0.0,0.0,0.0,0.0,138.75,275.0,90.0,177.5,165.0,218.75,65.0
VINTAGE ROSE BEAD BRACELET BLACK,4.25,0.0,8.5,17.0,4.25,12.75,17.0,4.25,8.5,0.0,0.0,42.5,8.5
VINTAGE ROSE BEAD BRACELET RASPBERR,21.25,17.0,4.25,0.0,0.0,12.75,17.0,0.0,8.5,0.0,21.25,42.5,0.0
VINTAGE SEASIDE JIGSAW PUZZLES,101.25,26.25,26.25,105.0,86.25,265.11,52.5,97.5,45.0,67.46000000000001,172.5,78.71000000000001,18.75
VINTAGE SHELLS PRINT,0.0,12.9,6.45,25.8,0.0,0.0,45.150000000000006,19.35,12.9,0.0,12.9,66.95,0.0
VINTAGE SNAKES & LADDERS,198.75,131.25,225.0,285.0,210.0,337.5,120.0,228.75,161.25,374.92,483.59,528.55,258.55
VINTAGE SNAP CARDS,300.04999999999995,100.3,191.25,355.29999999999995,300.9,374.0,223.54999999999998,345.95,518.5,760.54,829.1899999999999,1232.55,311.39
VINTAGE UNION JACK APRON,166.8,83.4,201.55,257.15000000000003,417.0,132.05,76.45,34.75,104.25,90.35,216.4,262.05,27.8
VINTAGE UNION JACK BUNTING,0.0,0.0,7.45,0.0,0.0,0.0,0.0,0.0,0.0,0.0,0.0,0.0,0.0
VINTAGE UNION JACK CUSHION COVER,237.60000000000002,118.80000000000001,173.25,499.95000000000005,314.85,39.6,143.55,34.65,39.6,59.400000000000006,59.400000000000006,14.850000000000001,19.8
VINTAGE UNION JACK DOORSTOP,113.05000000000001,65.45,65.45,214.20000000000002,71.4,164.45,35.7,5.95,65.45,59.5,119.0,157.65,47.60000000000001
VINTAGE UNION JACK PENNANT,23.4,66.3,239.85,438.75,245.7,58.5,5.85,46.8,5.85,46.8,33.15,23.4,0.0
VINTAGE UNION JACK SHOPPING BAG,59.400000000000006,79.2,44.550000000000004,103.95000000000002,324.75,0.0,0.0,131.7,19.8,0.0,24.75,24.75,0.0
VINTAGE ZINC PLANTER  ,0.0,0.0,0.0,0.0,0.0,0.0,0.0,0.0,0.0,0.0,39.480000000000004,16.45,19.740000000000002
VINTAGE ZINC WATERING CAN SMALL,0.0,0.0,0.0,0.0,0.0,0.0,0.0,0.0,0.0,0.0,4.95,54.45,19.8
VINYL RECORD FRAME SILVER,300.33,329.76,141.36,244.07999999999998,419.19,205.11,337.83,133.86,207.72,233.97,242.53,15.0,0.0
VIP HOLIDAY PURSE,2.95,0.0,0.0,0.0,2.95,5.9,0.0,0.0,0.0,5.79,5.79,5.9,0.0
VIP PASSPORT COVER ,0.0,0.0,0.0,0.0,0.0,0.0,0.0,10.5,21.0,4.2,2.1,35.7,0.0
VIPPASSPORT COVER ,6.300000000000001,41.1,6.300000000000001,12.600000000000001,26.94,16.8,18.54,0.0,0.0,0.0,0.0,0.0,0.0
WAKE UP COCKEREL CALENDAR SIGN ,37.5,18.75,0.0,18.75,18.75,45.0,0.0,15.0,37.5,22.38,7.5,56.25,3.75
WAKE UP COCKEREL TILE COASTER,5.0,0.0,17.5,2.5,5.0,2.5,0.0,37.989999999999995,34.8,35.959999999999994,1.16,27.839999999999996,6.959999999999999
WAKE UP COCKEREL TILE HOOK,2.1,12.600000000000001,0.0,12.600000000000001,10.5,6.300000000000001,0.0,7.41,2.34,0.0,0.0,0.0,0.0
"WALL ART , LOVES' SECRET ",0.0,0.0,0.0,0.0,0.0,0.0,0.0,0.0,0.0,0.0,47.6,0.0,0.0
"WALL ART , THE MAGIC FOREST ",0.0,0.0,0.0,0.0,0.0,0.0,0.0,0.0,0.0,0.0,13.9,0.0,0.0
"WALL ART ,PUDDINGS ",0.0,0.0,0.0,0.0,0.0,0.0,0.0,0.0,0.0,0.0,44.7,0.0,0.0
WALL ART 70'S ALPHABET ,0.0,0.0,0.0,0.0,0.0,0.0,0.0,0.0,0.0,0.0,89.4,223.5,80.03999999999999
WALL ART ANIMALS AND NATURE ,0.0,0.0,0.0,0.0,0.0,0.0,0.0,0.0,0.0,0.0,132.24,90.99000000000001,56.25
WALL ART BICYCLE SAFETY,0.0,0.0,0.0,0.0,0.0,0.0,0.0,0.0,0.0,0.0,957.95,1037.5,566.35
WALL ART BICYCLE SAFTEY ,0.0,0.0,0.0,0.0,0.0,0.0,0.0,0.0,0.0,0.0,114.15,0.0,0.0
WALL ART BIG LOVE ,0.0,0.0,0.0,0.0,0.0,0.0,0.0,0.0,0.0,0.0,1181.73,988.0500000000001,182.22
WALL ART BUFFALO BILL ,0.0,0.0,0.0,0.0,0.0,0.0,0.0,0.0,0.0,0.0,79.74000000000001,136.98000000000002,78.75
WALL ART CAT AND BIRD ,0.0,0.0,0.0,0.0,0.0,0.0,0.0,0.0,0.0,0.0,101.64,147.39,1.25
WALL ART CLASSIC PUDDINGS ,0.0,0.0,0.0,0.0,0.0,0.0,0.0,0.0,0.0,0.0,780.34,312.9,0.0
WALL ART DOG AND BALL ,0.0,0.0,0.0,0.0,0.0,0.0,0.0,0.0,0.0,0.0,52.510000000000005,157.53,16.25
WALL ART DOG LICENCE ,0.0,0.0,0.0,0.0,0.0,0.0,0.0,0.0,0.0,0.0,569.9,566.25,148.75
WALL ART DOLLY GIRL ,0.0,0.0,0.0,0.0,0.0,0.0,0.0,0.0,0.0,0.0,131.25,104.22,22.5
WALL ART GARDEN HAVEN ,0.0,0.0,0.0,0.0,0.0,0.0,0.0,0.0,0.0,0.0,202.3,71.4,51.0
WALL ART HORSE & PONY ,0.0,0.0,0.0,0.0,0.0,0.0,0.0,0.0,0.0,0.0,87.24000000000001,136.98000000000002,101.25
WALL ART I LOVE LONDON ,0.0,0.0,0.0,0.0,0.0,0.0,0.0,0.0,0.0,0.0,203.40000000000003,178.95000000000002,4.95
WALL ART KEEP CALM ,0.0,0.0,0.0,0.0,0.0,0.0,0.0,0.0,0.0,0.0,298.0,134.10000000000002,66.4
WALL ART LOVES' SECRET ,0.0,0.0,0.0,0.0,0.0,0.0,0.0,0.0,0.0,0.0,330.8,203.45000000000002,35.7
WALL ART MID CENTURY MODERN ,0.0,0.0,0.0,0.0,0.0,0.0,0.0,0.0,0.0,0.0,112.86,0.0,7.9
WALL ART ONLY ONE PERSON ,0.0,0.0,0.0,0.0,0.0,0.0,0.0,0.0,0.0,0.0,1074.8400000000001,490.50000000000006,262.71000000000004
WALL ART SPACEBOY,0.0,0.0,0.0,0.0,0.0,0.0,0.0,0.0,0.0,0.0,154.74,137.97,11.25
WALL ART STOP FOR TEA ,0.0,0.0,0.0,0.0,0.0,0.0,0.0,0.0,0.0,0.0,1426.6000000000001,1262.5,329.45
WALL ART THE MAGIC FOREST ,0.0,0.0,0.0,0.0,0.0,0.0,0.0,0.0,0.0,0.0,89.34,34.75,2.55
WALL ART TREASURE AHOY ,0.0,0.0,0.0,0.0,0.0,0.0,0.0,0.0,0.0,0.0,117.24000000000001,148.23000000000002,52.5
WALL ART VILLAGE SHOW ,0.0,0.0,0.0,0.0,0.0,0.0,0.0,0.0,0.0,0.0,440.3,327.25,154.7
WALL ART VINTAGE HEART,0.0,0.0,0.0,0.0,0.0,0.0,0.0,0.0,0.0,0.0,391.74,99.00000000000001,9.9
WALL ART WORK REST AND PLAY  ,0.0,0.0,0.0,0.0,0.0,0.0,0.0,0.0,0.0,0.0,221.07,109.05000000000001,25.349999999999998
"WALL ART,ONLY ONE PERSON ",0.0,0.0,0.0,0.0,0.0,0.0,0.0,0.0,0.0,0.0,29.700000000000003,0.0,0.0
WALL TIDY RETROSPOT ,154.3,250.0,71.6,67.2,48.3,56.7,46.2,65.1,50.4,65.1,12.530000000000001,115.5,4.13
WASH BAG VINTAGE ROSE PAISLEY,25.5,35.699999999999996,40.8,165.75,71.39999999999999,15.299999999999999,68.85,15.299999999999999,28.049999999999997,38.25,28.049999999999997,7.6499999999999995,12.75
WASHROOM METAL SIGN,204.45,105.85,348.5,321.9,231.54999999999998,124.69999999999999,102.95,163.85,234.9,179.79999999999998,75.97,249.08999999999997,77.85999999999999
WATERING CAN BLUE ELEPHANT,83.85,193.04999999999998,204.75,124.8,399.75,585.0,442.65,241.79999999999998,169.64999999999998,64.58,76.05,39.69,27.529999999999998
WATERING CAN GARDEN MARKER,21.25,15.0,68.75,103.75,80.0,91.25,51.25,17.5,31.25,12.5,22.5,60.0,0.0
WATERING CAN GREEN DINOSAUR,48.75,152.1,99.44999999999999,83.85,267.15,468.0,282.75,81.89999999999999,111.14999999999999,50.92999999999999,15.6,31.2,11.7
WATERING CAN PINK BUNNY,54.599999999999994,232.04999999999998,144.29999999999998,216.45,464.09999999999997,448.5,323.7,239.85,181.35,50.699999999999996,52.65,23.4,27.529999999999998
WAY OUT METAL SIGN ,4.949999999999999,3.3,51.14999999999999,0.0,0.0,0.0,0.0,0.0,0.0,0.0,0.0,0.0,0.0
WHITE  ROSEBUD PEARL BRACELET,0.0,0.0,0.0,0.0,15.0,0.0,0.0,0.0,0.0,0.0,13.649999999999999,37.05,0.0
WHITE 3 FRAME BIRDS AND TREE ,0.0,0.0,0.0,0.0,0.0,0.0,0.0,84.15,0.0,0.0,0.0,0.0,0.0
WHITE ALLIUM  ARTIFICIAL FLOWER,0.0,0.0,0.0,25.35,0.0,0.0,0.0,0.0,0.0,0.0,0.0,0.0,0.0
WHITE AND BLUE CERAMIC OIL BURNER,16.25,0.0,0.0,6.25,27.9,37.5,3.75,47.5,0.0,10.2,3.75,0.0,0.0
WHITE ANEMONE ARTIFICIAL FLOWER,3.38,0.0,0.0,0.0,0.0,0.0,0.0,0.0,0.0,0.0,0.0,0.0,0.0
WHITE BAMBOO RIBS LAMPSHADE,8.85,45.5,7.5,26.9,18.71,10.2,76.19999999999999,76.56,61.199999999999996,34.849999999999994,22.95,10.2,0.0
WHITE BAROQUE WALL CLOCK ,0.0,0.0,0.0,0.0,94.80000000000001,0.0,0.0,0.0,0.0,0.0,0.0,0.0,0.0
WHITE BEADED GARLAND STRING 20LIGHT,0.0,19.049999999999997,0.0,0.0,0.0,0.0,0.0,0.0,0.0,0.0,0.0,0.0,0.0
WHITE BELL HONEYCOMB PAPER ,127.04999999999998,0.0,19.799999999999997,13.2,39.599999999999994,13.2,21.449999999999996,31.349999999999998,11.549999999999999,0.0,75.89999999999999,13.2,0.0
WHITE BELL HONEYCOMB PAPER GARLAND ,115.5,0.0,0.0,80.85,19.799999999999997,90.75,26.399999999999995,49.49999999999999,0.0,0.0,0.0,0.0,0.0
WHITE BROCANTE SOAP DISH,59.00000000000001,132.75000000000003,79.65,88.50000000000001,230.10000000000002,292.05000000000007,253.70000000000005,88.50000000000001,44.25,135.70000000000002,76.70000000000002,76.70000000000002,35.400000000000006
WHITE CANDYSTUFT ARTIFICIAL FLOWER,0.0,8.7,26.099999999999998,34.8,47.849999999999994,0.0,0.0,104.39999999999999,4.35,15.95,78.3,4.35,9.36
WHITE CHRISTMAS FLOCK DROPLET ,30.0,0.0,0.0,0.0,0.0,0.0,0.0,0.0,0.0,0.0,0.0,0.0,0.0
WHITE CHRISTMAS GARLAND STARS TREES,45.0,0.0,0.0,0.0,0.0,0.0,0.0,0.0,0.0,48.75,134.43,413.52,15.0
WHITE CHRISTMAS STAR DECORATION,24.36,0.0,0.0,0.0,0.0,0.0,0.0,0.0,0.0,4.2,24.36,0.0,0.0
WHITE CHRISTMAS TREE 60CM,0.0,0.0,0.0,0.0,0.0,0.0,0.0,0.0,0.0,0.0,0.0,5.9,0.0
WHITE CHRYSANTHEMUMS ART FLOWER,25.200000000000003,0.0,0.0,16.8,0.0,37.800000000000004,0.0,0.0,0.0,0.0,0.0,0.0,0.0
WHITE ENAMEL FLOWER HAIR TIE,0.0,0.0,2.95,0.0,0.0,0.0,0.0,0.0,0.0,17.700000000000003,0.0,0.0,0.0
WHITE FRANGIPANI HAIR CLIP,0.0,0.0,0.0,0.0,0.0,0.0,8.5,0.0,0.0,0.0,0.0,0.0,0.0
WHITE FRANGIPANI NECKLACE,0.0,0.0,0.0,0.0,0.0,0.0,0.0,15.299999999999999,2.55,15.299999999999999,0.0,5.1,0.0
WHITE GOOSE FEATHER CHRISTMAS TREE ,35.400000000000006,0.0,0.0,0.0,0.0,35.400000000000006,123.90000000000002,17.700000000000003,53.10000000000001,100.30000000000001,138.65,244.85000000000002,32.45
WHITE GOOSE FEATHER TREE 60CM ,0.0,0.0,0.0,0.0,0.0,3.9,0.0,27.299999999999997,23.4,144.29999999999998,35.1,232.04999999999998,29.25
WHITE HAND TOWEL WITH BUTTERFLY,92.25,100.0,17.85,23.8,0.0,0.0,0.0,0.0,0.0,0.0,0.0,0.0,0.0
WHITE HANGING BEADS CANDLE HOLDER,32.7,122.50000000000001,168.95,155.20000000000002,65.4,114.45000000000002,59.95,130.8,0.0,144.3,125.35000000000001,119.9,0.0
WHITE HANGING HEART T-LIGHT HOLDER,3091.8500000000004,2504.55,2069.4,2740.55,2746.4500000000003,3492.8000000000006,2035.5000000000002,2326.8,2111.7000000000003,2468.4,2211.84,3273.7300000000005,690.19
WHITE HEART CONFETTI IN TUBE,0.0,44.55,41.24999999999999,39.599999999999994,67.64999999999999,98.99999999999999,70.94999999999999,70.94999999999999,79.19999999999999,82.49999999999999,0.0,23.099999999999994,19.799999999999997
WHITE HEART OF GLASS BRACELET,0.0,5.95,0.0,0.0,11.9,0.0,0.0,0.0,0.0,0.0,0.0,0.0,0.0
WHITE HEARTS WIRE PLANT POT HOLDER,0.0,0.0,0.0,0.0,0.0,225.42000000000002,146.28,78.03,26.01,196.52,127.16000000000001,28.900000000000002,45.24
WHITE HONEYCOMB PAPER GARLAND ,16.5,0.0,19.799999999999997,36.3,21.449999999999996,16.5,18.15,26.4,3.3,4.949999999999999,9.899999999999999,51.14999999999999,47.849999999999994
WHITE HYDRANGEA ART FLOWER,0.0,0.0,12.600000000000001,8.4,25.200000000000003,0.0,0.0,0.0,0.0,0.0,0.0,0.0,0.0
WHITE JEWELLED HEART DECORATION,78.19999999999999,131.75,41.65,138.54999999999998,108.00999999999999,34.0,13.6,60.41,115.6,91.66,101.92999999999999,175.1,64.6
WHITE LOVEBIRD LANTERN,97.35000000000001,81.85,163.35000000000002,180.5,234.15000000000003,251.85000000000002,262.55,118.55000000000001,67.85000000000001,115.60000000000001,99.0,139.75,76.70000000000002
WHITE METAL LANTERN,722.55,180.87,289.62,243.75,492.72,595.11,553.86,313.86,368.97,537.15,261.36,183.75,0.0
WHITE MOROCCAN METAL LANTERN,0.0,0.0,0.0,0.0,0.0,0.0,0.0,0.0,0.0,0.0,0.0,108.18,41.25
WHITE MURANO TWIST BRACELET,4.25,0.0,4.25,0.0,0.0,0.0,0.0,0.0,0.0,0.0,0.0,0.0,0.0
WHITE ROCKING HORSE HAND PAINTED,0.0,0.0,0.0,0.0,0.0,0.0,214.96,127.5,283.75,393.75,601.25,801.25,140.0
WHITE ROSEBUD  PEARL EARRINGS,2.55,0.0,0.0,0.0,0.0,0.0,0.0,0.0,0.0,0.0,0.0,0.0,0.0
WHITE ROSEBUD & PEARL NECKLACE,0.0,0.0,0.0,0.0,15.0,0.0,0.0,0.0,0.0,0.0,0.0,0.0,0.0
WHITE SAGE INCENSE,0.0,0.0,5.25,10.5,5.25,0.0,0.0,15.75,0.0,5.25,10.5,5.25,0.0
WHITE SKULL HOT WATER BOTTLE ,1659.3,198.75,56.25,52.5,41.25,48.75,67.5,67.5,112.5,826.61,1210.25,1706.5,420.75
WHITE SOAP RACK WITH 2 BOTTLES,23.8,5.95,29.75,71.4,113.45,47.6,11.9,11.9,47.6,23.8,148.75,137.25,23.8
WHITE SPOT BLUE CERAMIC DRAWER KNOB,192.5,365.38,347.72,211.25,235.44,351.25,536.25,102.5,155.0,368.29999999999995,392.95,347.99999999999994,24.65
WHITE SPOT RED CERAMIC DRAWER KNOB,168.75,296.63,305.22,262.5,251.25,343.75,347.5,137.5,391.25,452.5,377.5,288.54999999999995,81.19999999999999
WHITE SQUARE TABLE CLOCK,0.0,0.0,0.0,0.0,0.0,15.299999999999999,30.599999999999998,0.0,0.0,15.299999999999999,15.299999999999999,2.55,16.02
WHITE STITCHED CUSHION COVER,55.6,27.8,0.0,0.0,34.75,20.85,27.8,0.0,0.0,34.75,48.65,13.9,27.8
WHITE STITCHED WALL CLOCK,75.0,28.75,0.0,0.0,0.0,15.0,18.75,36.34,48.980000000000004,134.65,13.430000000000001,0.0,0.0
WHITE STONE/CRYSTAL EARRINGS,0.0,0.0,0.0,0.0,0.0,0.0,0.0,0.0,0.0,0.0,0.0,2.95,0.0
WHITE TALL PORCELAIN T-LIGHT HOLDER,160.65,45.9,66.3,147.89999999999998,123.3,22.95,33.15,20.4,2.55,5.1,33.15,50.99999999999999,0.0
"WHITE TEA,COFFEE,SUGAR JARS",30.0,76.75,60.0,63.39999999999999,159.89999999999998,97.5,144.29999999999998,107.25,58.5,74.1,105.3,97.5,0.0
WHITE TRAVEL ALARM CLOCK,0.0,0.0,38.25,2.55,5.1,7.6499999999999995,25.5,0.0,20.31,20.4,45.9,33.15,0.0
WHITE VINTAGE CRYSTAL BRACELET,0.0,0.0,13.5,0.0,0.0,6.75,20.25,0.0,0.0,0.0,0.0,0.0,0.0
WHITE VINTAGE CRYSTAL EARRINGS,0.0,0.0,18.75,0.0,0.0,7.5,0.0,0.0,0.0,0.0,0.0,0.0,0.0
WHITE WICKER STAR ,0.0,0.0,0.0,0.0,0.0,0.0,23.1,137.70000000000002,225.00000000000003,493.50000000000006,690.9000000000001,974.4000000000001,168.00000000000003
WHITE WIRE EGG HOLDER,380.40000000000003,143.55,15.0,112.5,162.3,177.3,90.0,117.30000000000001,135.0,212.10000000000002,37.5,105.0,15.0
WHITE WIRE PLANT POT HOLDER,0.0,0.0,0.0,0.0,0.0,46.24,0.0,0.0,0.0,0.0,0.0,0.0,0.0
WHITE WITH BLACK CATS PLATE,0.0,0.0,0.0,14.459999999999999,0.0,0.0,0.0,0.0,0.0,0.0,0.0,0.0,0.0
WHITE WITH METAL BAG CHARM,0.0,0.0,0.0,0.0,0.0,0.0,0.0,14.850000000000001,0.0,0.0,0.0,0.0,0.0
WHITE/PINK CHICK DECORATION,0.0,12.5,21.25,90.0,5.0,0.0,0.0,1.25,0.0,0.0,1.25,0.0,0.0
WHITE/PINK CHICK EASTER DECORATION,0.0,4.25,3.4,15.299999999999999,5.1,0.0,0.0,0.0,0.0,0.0,0.0,0.85,0.0
WHITE/PINK MINI CRYSTALS NECKLACE,0.0,0.0,0.0,0.0,19.8,0.0,0.0,0.0,0.0,0.0,0.0,0.0,0.0
WICKER STAR ,564.9000000000001,14.7,75.60000000000001,39.900000000000006,117.60000000000001,77.7,12.600000000000001,48.300000000000004,96.60000000000001,400.20000000000005,438.90000000000003,932.4000000000001,92.4
WICKER WREATH LARGE,152.1,21.45,27.299999999999997,15.6,46.8,23.4,3.9,1.95,25.35,203.1,179.63,252.92999999999998,33.15
WICKER WREATH SMALL,59.449999999999996,23.2,2.9,21.75,26.099999999999998,31.9,2.9,0.0,2.9,96.19999999999999,159.5,146.17,136.66
WINE BOTTLE DRESSING DARK BLUE,0.0,0.0,0.0,0.58,0.96,0.0,3.96,0.0,0.0,0.0,0.0,0.0,0.0
WINE BOTTLE DRESSING LT.BLUE,0.0,0.0,0.0,2.32,0.72,0.0,0.0,0.0,0.0,0.0,0.0,0.0,0.0
WIRE EGG BASKET ,0.0,0.0,0.0,0.0,0.0,0.0,0.0,0.0,0.0,0.0,0.0,246.60000000000002,0.0
WISE MAN STAR SHAPE EGG PAN,3.3,0.0,1.65,0.0,8.190000000000001,0.0,0.0,0.0,0.0,0.0,0.0,0.0,0.0
WOOD 2 DRAWER CABINET WHITE FINISH,1789.25,717.7,974.85,890.25,687.7,0.0,962.26,822.85,1219.65,1303.05,1045.25,1615.8,709.5500000000001
WOOD BLACK BOARD ANT WHITE FINISH,1437.75,1038.15,560.4,729.0,405.0,567.0,830.25,687.0,405.0,567.0,162.0,652.8,543.6
WOOD S/3 CABINET ANT WHITE FINISH,847.9000000000001,583.8000000000001,0.0,0.0,0.0,0.0,0.0,0.0,0.0,0.0,0.0,0.0,0.0
WOOD STAMP SET BEST WISHES,49.49999999999999,3.3,0.0,31.349999999999994,19.799999999999997,13.2,48.13999999999999,75.53,36.519999999999996,151.89,57.269999999999996,106.16,32.37
WOOD STAMP SET FLOWERS,9.899999999999999,26.4,41.24999999999999,4.949999999999999,69.3,24.75,64.74,57.269999999999996,33.199999999999996,74.66999999999999,84.66,157.70999999999998,9.129999999999999
WOOD STAMP SET HAPPY BIRTHDAY,24.749999999999996,84.14999999999999,19.799999999999997,28.049999999999997,23.099999999999998,56.099999999999994,118.68999999999998,58.099999999999994,105.41,87.97999999999999,48.13999999999999,68.03999999999999,26.56
WOOD STAMP SET THANK YOU,33.0,82.5,36.3,28.049999999999997,32.99999999999999,46.199999999999996,151.89,113.71,75.53,84.66,90.46999999999998,258.08,46.449999999999996
WOOD STOCKING CHRISTMAS SCANDISPOT,50.15,0.0,0.0,0.0,0.0,0.0,0.0,11.049999999999999,11.049999999999999,124.02999999999999,156.32999999999998,173.48999999999998,69.64999999999999
WOODEN BOX OF DOMINOES,355.0,121.25,118.75,307.5,247.5,166.25,125.0,303.75,225.0,484.9,858.07,1142.83,242.3
WOODEN FRAME ANTIQUE WHITE ,1724.9,876.8500000000001,883.5000000000001,1358.4500000000003,402.65000000000003,2.95,1073.75,1349.5500000000002,1165.95,1800.9600000000003,1416.8700000000001,1963.3200000000002,580.57
WOODEN HAPPY BIRTHDAY GARLAND,215.35000000000002,188.8,330.40000000000003,553.85,191.75000000000003,435.85,348.1,398.25000000000006,345.15000000000003,256.43,300.68,277.19000000000005,17.700000000000003
WOODEN HEART CHRISTMAS SCANDINAVIAN,133.45,73.1,17.849999999999998,28.049999999999997,22.95,5.1,20.4,25.5,55.24999999999999,330.83,559.9899999999999,773.5299999999999,105.46999999999998
WOODEN OWLS LIGHT GARLAND ,293.25,59.5,187.0,242.25,55.25,140.25,85.0,106.25,191.25,242.25,293.25,420.75,80.75
WOODEN PICTURE FRAME WHITE FINISH,971.85,497.24999999999994,550.8,884.8499999999999,823.65,1272.4499999999998,1083.75,951.15,963.9,1299.9800000000002,1090.39,1229.15,374.54
WOODEN REGATTA BUNTING,23.8,113.05000000000001,71.4,255.85000000000002,232.05,89.25,136.85,101.15,101.15,47.6,83.3,89.25,11.9
WOODEN SCHOOL COLOURING SET,336.59999999999997,293.69999999999993,292.04999999999995,480.1499999999999,234.29999999999995,379.49999999999994,204.59999999999997,320.99999999999994,422.3999999999999,859.6499999999999,683.0899999999999,843.1399999999999,189.73999999999998
WOODEN STAR CHRISTMAS SCANDINAVIAN,111.35,0.0,0.0,0.0,0.0,0.0,0.0,50.15,11.049999999999999,307.48999999999995,564.7499999999999,898.8599999999999,102.69999999999999
WOODEN TREE CHRISTMAS SCANDINAVIAN,109.64999999999999,0.0,0.0,0.0,0.0,0.0,0.0,21.25,0.85,279.02,411.18999999999994,508.62999999999994,0.0
WOODEN UNION JACK BUNTING,196.35000000000002,464.1,725.9000000000001,2397.8500000000004,2713.2000000000003,273.70000000000005,166.60000000000002,232.05,184.45000000000002,148.75,83.3,190.4,95.2
WOODLAND  HEIGHT CHART STICKERS ,38.35000000000001,188.80000000000004,17.700000000000003,82.60000000000001,56.05000000000001,162.25,79.65,97.35000000000002,144.55,97.35000000000002,118.00000000000001,85.55000000000001,17.700000000000003
WOODLAND  STICKERS,56.099999999999994,61.199999999999996,23.799999999999997,10.2,30.599999999999998,5.949999999999999,16.15,20.4,35.699999999999996,71.39999999999999,61.199999999999996,66.3,30.599999999999998
WOODLAND BUNNIES LOLLY MAKERS,0.0,0.0,0.0,0.0,0.0,0.0,0.0,0.0,0.0,201.76000000000002,305.76,170.56,43.68000000000001
WOODLAND CHARLOTTE BAG,115.55,289.22,204.85,371.2,173.4,238.85,320.45,366.35,341.7,237.15,362.03,375.14,118.15
WOODLAND DESIGN  COTTON TOTE BAG,108.0,153.0,42.75,94.5,112.5,130.5,94.5,92.25,126.0,4.5,13.5,2.25,0.0
WOODLAND LARGE BLUE FELT HEART,0.0,0.0,0.0,0.0,0.0,0.0,0.0,0.0,0.0,0.0,30.0,76.25,0.0
WOODLAND LARGE PINK FELT HEART,0.0,0.0,0.0,0.0,0.0,0.0,0.0,0.0,0.0,0.0,15.0,77.5,15.0
WOODLAND LARGE RED FELT HEART,0.0,0.0,0.0,0.0,0.0,0.0,0.0,0.0,0.0,0.0,45.0,202.5,0.0
WOODLAND MINI BACKPACK,0.0,0.0,0.0,0.0,0.0,0.0,0.0,0.0,0.0,759.45,688.9000000000001,431.6,128.65
WOODLAND MINI RUCKSACK ,0.0,0.0,0.0,0.0,0.0,0.0,0.0,0.0,0.0,0.0,20.75,0.0,0.0
WOODLAND PARTY BAG + STICKER SET,143.54999999999998,181.5,49.5,102.3,89.1,37.95,136.95,97.35,105.6,140.25,178.17999999999998,158.39999999999998,31.33
WOODLAND SMALL BLUE FELT HEART,0.0,0.0,0.0,0.0,0.0,0.0,0.0,0.0,0.0,0.0,34.029999999999994,170.98,41.5
WOODLAND SMALL PINK FELT HEART,0.0,0.0,0.0,0.0,0.0,0.0,0.0,0.0,0.0,0.0,19.919999999999998,180.94,31.54
WOODLAND SMALL RED FELT HEART,0.0,0.0,0.0,0.0,0.0,0.0,0.0,0.0,0.0,0.0,53.949999999999996,278.88,59.75999999999999
WOODLAND STORAGE BOX LARGE ,17.700000000000003,61.199999999999996,11.8,0.0,73.75000000000001,0.0,8.850000000000001,35.400000000000006,23.6,35.400000000000006,99.55,0.0,0.0
WOODLAND STORAGE BOX SMALL,14.700000000000001,44.400000000000006,4.2,0.0,12.600000000000001,0.0,4.2,25.200000000000003,2.1,12.600000000000001,50.7,63.00000000000001,0.0
WORLD WAR 2 GLIDERS ASSTD DESIGNS,0.8699999999999999,0.0,0.29,0.0,0.0,0.0,0.0,0.0,0.0,8.82,31.58,22.68,9.93
WOVEN BERRIES CUSHION COVER ,0.0,0.0,9.9,9.9,9.9,0.0,19.8,0.0,0.0,9.9,4.95,0.0,9.9
WOVEN BUBBLE GUM CUSHION COVER,0.0,0.0,0.0,0.0,29.700000000000003,0.0,9.9,0.0,0.0,4.95,4.95,19.8,0.0
WOVEN CANDY CUSHION COVER ,0.0,0.0,0.0,9.9,29.700000000000003,0.0,0.0,0.0,0.0,9.9,9.9,9.9,0.0
WOVEN FROST CUSHION COVER,0.0,0.0,0.0,4.95,9.9,0.0,9.9,0.0,0.0,19.8,0.0,0.0,9.9
WOVEN ROSE GARDEN CUSHION COVER ,0.0,0.0,0.0,0.0,29.700000000000003,0.0,19.8,0.0,9.9,0.0,14.850000000000001,0.0,19.8
WOVEN SUNSET CUSHION COVER ,0.0,0.0,0.0,0.0,29.700000000000003,0.0,9.9,0.0,0.0,19.8,0.0,0.0,0.0
WRAP  PINK FLOCK,10.5,0.0,0.0,0.0,0.0,0.0,0.0,0.0,0.0,0.0,0.0,0.0,0.0
WRAP  VINTAGE DOILY ,0.0,0.0,0.0,0.0,0.0,0.0,0.0,0.0,126.0,357.0,178.5,210.0,63.0
WRAP 50'S  CHRISTMAS,0.0,0.0,0.0,0.0,0.0,0.0,0.0,42.0,136.5,336.0,341.04,430.5,115.92
WRAP A PRETTY THANK YOU,0.0,0.0,0.0,0.0,0.0,0.0,0.0,0.0,0.0,0.0,0.0,21.0,0.0
WRAP ALPHABET DESIGN,0.0,136.5,231.0,304.5,199.5,273.0,147.0,189.0,105.0,210.0,147.0,189.0,21.0
WRAP ALPHABET POSTER  ,0.0,0.0,0.0,0.0,0.0,0.0,0.0,136.5,126.0,115.5,115.5,105.0,10.5
WRAP BAD HAIR DAY,0.0,0.0,0.0,2.5,2.5,7.5,2.5,5.0,0.0,7.5,5.0,12.5,0.0
WRAP BILLBOARD FONTS DESIGN,0.0,0.0,0.0,21.0,73.5,73.5,52.5,94.5,52.5,52.5,73.5,73.5,21.0
WRAP BIRD GARDEN ,0.0,0.0,0.0,0.0,0.0,0.0,0.0,94.5,63.0,126.0,147.0,84.0,10.5
WRAP BLUE RUSSIAN FOLKART,10.5,0.0,0.0,0.0,0.0,0.0,0.0,0.0,0.0,0.0,0.0,0.0,0.0
WRAP CAROUSEL,0.0,0.0,0.0,10.5,21.0,21.0,21.0,21.0,0.0,21.0,0.0,10.5,10.5
WRAP CHRISTMAS SCREEN PRINT,52.5,0.0,0.0,0.0,0.0,0.0,0.0,10.5,0.0,29.5,61.75,0.0,0.0
WRAP CHRISTMAS VILLAGE,0.0,0.0,0.0,0.0,0.0,0.0,0.0,21.0,105.0,210.0,367.5,493.5,94.92
WRAP CIRCUS PARADE,21.0,115.5,31.5,94.5,84.84,157.5,63.0,94.5,42.0,94.5,94.5,63.0,21.0
WRAP COWBOYS  ,31.5,42.0,42.0,31.5,63.0,84.0,84.0,94.5,21.0,63.0,52.5,10.5,42.0
WRAP DAISY CARPET ,0.0,21.0,21.0,56.7,21.0,21.0,21.0,0.0,21.0,31.5,10.5,21.0,10.5
WRAP DOILEY DESIGN,0.0,126.0,252.0,157.5,252.0,283.5,231.0,231.0,94.5,0.0,0.0,0.0,0.0
WRAP DOLLY GIRL,42.0,52.5,94.5,73.5,52.5,73.5,94.5,63.0,84.0,73.5,136.5,94.5,42.0
WRAP ENGLISH ROSE ,21.0,168.42,168.0,199.5,252.0,168.0,252.0,252.0,220.5,199.5,336.0,136.5,63.0
WRAP FLOWER SHOP  ,0.0,0.0,0.0,0.0,0.0,0.0,0.0,73.5,168.0,168.0,105.0,73.5,52.5
WRAP FOLK ART,10.5,42.0,0.0,0.0,0.0,10.5,0.0,0.0,0.0,21.0,0.0,0.0,0.0
WRAP GINGHAM ROSE ,0.0,0.0,0.0,0.0,0.0,0.0,168.0,126.0,147.42,147.0,115.5,84.0,21.0
WRAP GREEN PEARS ,52.5,42.0,31.5,31.5,21.0,105.0,115.5,73.5,63.0,73.5,94.5,42.0,21.0
WRAP GREEN RUSSIAN FOLKART ,21.0,0.0,0.0,0.0,0.0,0.0,0.0,0.0,0.0,0.0,0.0,0.0,0.0
WRAP I LOVE LONDON ,42.0,63.0,63.0,63.0,94.5,94.5,31.5,42.0,94.5,105.0,31.5,115.5,31.5
WRAP KEEP CALM BIRTHDAY,0.0,0.0,0.0,0.0,0.0,0.0,0.0,0.0,0.0,0.0,0.0,220.5,126.0
WRAP MAGIC FOREST ,0.0,0.0,0.0,0.0,0.0,0.0,0.0,84.0,126.0,115.5,31.5,73.5,21.0
WRAP MONSTER FUN ,10.5,31.5,10.5,10.5,52.5,73.5,10.5,63.0,31.5,31.5,42.0,84.0,10.5
WRAP PAISLEY PARK ,0.0,0.0,0.0,0.0,0.0,0.0,0.0,147.0,252.0,262.5,231.0,210.0,52.5
WRAP PINK FAIRY CAKES ,94.5,126.0,115.5,210.0,157.5,178.5,115.5,63.0,84.0,157.5,105.0,147.0,42.0
WRAP POPPIES  DESIGN,0.0,84.0,168.0,105.0,157.5,262.5,115.5,115.5,126.0,115.5,189.0,94.5,10.5
WRAP RED APPLES ,84.0,168.0,126.0,115.5,63.0,126.0,168.0,189.0,115.5,115.5,168.0,147.0,84.0
WRAP RED DOILEY,0.0,0.0,0.0,0.0,0.0,0.0,0.0,105.0,52.5,0.0,0.0,0.0,0.0
WRAP RED VINTAGE DOILY,0.0,0.0,0.0,0.0,0.0,0.0,0.0,0.0,31.5,210.0,178.5,189.0,42.0
WRAP SUKI AND FRIENDS,42.0,126.0,105.0,115.5,73.5,199.5,63.0,94.5,126.0,105.0,115.5,105.0,21.0
WRAP SUMMER ROSE DESIGN,0.0,0.0,0.0,0.0,0.0,10.5,10.5,0.0,10.5,10.5,0.0,0.0,0.0
WRAP VINTAGE LEAF DESIGN,0.0,0.0,0.0,0.0,0.0,0.0,31.5,168.42,147.0,283.5,252.0,283.5,52.5
WRAP VINTAGE PETALS  DESIGN,0.0,136.5,115.5,178.5,210.0,231.0,115.5,10.5,0.0,0.0,0.0,0.0,0.0
WRAP WEDDING DAY,0.0,42.0,31.5,21.0,42.0,42.0,31.5,52.5,42.0,31.5,42.0,0.0,10.5
"WRAP, BILLBOARD FONTS DESIGN",21.0,126.0,73.5,73.5,21.0,10.5,0.0,0.0,0.0,0.0,0.0,0.0,0.0
"WRAP, CAROUSEL",0.0,21.0,10.5,10.5,0.0,0.0,0.0,0.0,0.0,0.0,0.0,0.0,0.0
YELLOW BREAKFAST CUP AND SAUCER,5.9,0.0,8.850000000000001,8.58,0.39,6.24,0.78,0.39,0.0,0.0,0.0,0.0,0.0
YELLOW COAT RACK PARIS FASHION,148.5,74.25,178.20000000000002,103.95,34.650000000000006,64.35000000000001,44.550000000000004,74.25,74.25,84.15,39.6,59.400000000000006,0.0
YELLOW EASTER EGG HUNT START POST,0.0,29.25,72.14999999999999,25.349999999999998,19.5,0.0,0.0,0.0,0.0,0.0,0.0,0.0,0.0
YELLOW FELT HANGING HEART W FLOWER,0.0,0.0,0.0,10.2,0.0,1.7,0.0,0.0,5.1,0.0,0.0,0.0,0.0
YELLOW FLOWERS FELT HANDBAG KIT,23.1,25.200000000000003,4.2,42.00000000000001,0.0,0.0,0.0,0.0,0.0,0.0,0.0,0.0,0.0
YELLOW GIANT GARDEN THERMOMETER,23.8,119.0,35.7,71.4,29.75,238.0,65.45,89.25,71.4,53.55,220.15,160.65,29.75
YELLOW METAL CHICKEN HEART ,2.98,98.34,213.07,262.24,1.49,0.0,0.0,0.0,0.0,0.0,0.0,0.0,0.0
YELLOW PINK FLOWER DESIGN BIG BOWL,0.0,0.0,0.0,0.78,10.14,0.0,0.0,0.0,0.0,0.0,0.0,0.0,0.0
YELLOW POT PLANT CANDLE,0.0,15.0,0.0,0.0,35.400000000000006,0.0,0.0,0.0,2.95,0.0,11.8,2.95,2.95
YELLOW/BLUE RETRO RADIO,0.0,0.0,0.0,5.9,5.9,5.9,0.0,5.9,0.0,0.0,0.0,20.650000000000002,2.95
YELLOW/ORANGE FLOWER DESIGN PLATE,0.0,0.0,0.0,0.0,2.32,0.0,0.0,0.0,0.0,0.0,0.0,0.0,0.0
YELLOW/PINK FLOWER DESIGN BIG MUG,1.95,0.0,0.0,0.0,1.56,2.34,0.39,0.78,0.78,3.5100000000000002,1.56,1.56,0.0
YOU'RE CONFUSING ME METAL SIGN ,263.64,82.81,179.14000000000001,319.41,387.51,351.52,163.93,348.14000000000004,10.14,397.15000000000003,402.22,595.38,251.81
YULETIDE IMAGES GIFT WRAP SET,69.30000000000001,0.0,0.0,0.0,14.700000000000001,0.0,18.200000000000003,41.6,54.6,152.10000000000002,7.8,0.0,0.0
YULETIDE IMAGES S/6 PAPER BOXES,28.049999999999997,2.55,0.0,0.0,0.0,0.0,0.0,0.0,0.0,0.0,0.0,0.0,0.0
ZINC  HEART T-LIGHT HOLDER,0.0,0.0,0.0,0.0,0.0,190.0,100.0,79.14,60.0,123.75,102.5,98.75,0.0
ZINC  STAR T-LIGHT HOLDER ,0.0,0.0,0.0,0.0,0.0,50.0,46.25,80.0,43.75,92.5,22.5,63.75,40.0
ZINC FINISH 15CM PLANTER POTS,33.75,62.5,96.25,147.5,86.25,45.0,0.0,0.0,0.0,0.0,0.0,0.0,0.0
ZINC FOLKART SLEIGH BELLS,0.0,0.0,0.0,0.0,0.0,0.0,13.52,55.77,228.15,866.59,1453.0600000000002,2057.84,387.94
ZINC HEART FLOWER T-LIGHT HOLDER,0.0,0.0,0.0,0.0,0.0,263.75,130.0,105.39,40.0,187.5,89.96000000000001,72.38,24.92
ZINC HEART LATTICE 2 WALL PLANTER,0.0,12.7,0.0,38.099999999999994,25.4,0.0,0.0,38.099999999999994,6.35,0.0,0.0,0.0,0.0
ZINC HEART LATTICE CHARGER LARGE,15.0,0.0,7.5,15.0,22.5,0.0,60.0,0.0,26.25,18.75,3.75,3.75,0.0
ZINC HEART LATTICE CHARGER SMALL,11.8,0.0,5.9,0.0,8.850000000000001,11.8,0.0,0.0,8.850000000000001,2.95,2.95,8.850000000000001,0.0
ZINC HEART LATTICE T-LIGHT HOLDER,30.0,60.0,52.5,43.75,94.19,70.0,15.0,35.0,32.5,35.0,40.44,110.0,59.84
ZINC HEART LATTICE TRAY OVAL ,0.0,11.9,5.95,11.9,23.8,0.0,0.0,0.0,0.0,0.0,0.0,0.0,0.0
ZINC HEARTS PLANT POT HOLDER,0.0,0.0,0.0,0.0,0.0,101.15,173.09,98.26,115.60000000000001,60.690000000000005,95.37,83.82000000000001,18.17
ZINC HERB GARDEN CONTAINER,0.0,0.0,0.0,0.0,0.0,854.36,955.05,551.78,250.0,381.25,231.25,18.75,0.0
ZINC METAL HEART DECORATION,361.25,250.0,377.5,295.0,327.72,377.5,282.5,447.72,333.75,489.15,625.0,851.17,78.75
ZINC PLANT POT HOLDER,0.0,0.0,0.0,0.0,0.0,23.12,0.0,0.0,0.0,0.0,0.0,0.0,0.0
ZINC STAR T-LIGHT HOLDER ,0.0,0.0,0.0,0.0,0.0,10.0,0.0,0.0,0.0,0.0,0.0,0.0,0.0
ZINC SWEETHEART SOAP DISH,0.0,0.0,0.0,0.0,0.0,32.370000000000005,0.0,17.43,9.96,4.98,12.450000000000001,7.470000000000001,19.75
ZINC SWEETHEART WIRE LETTER RACK,0.0,0.0,0.0,0.0,141.36,112.5,30.0,167.31,127.5,93.75,82.46,146.25,22.5
ZINC T-LIGHT HOLDER STAR LARGE,0.0,0.0,0.0,0.0,51.3,307.79999999999995,129.17999999999998,102.6,223.24999999999997,167.15999999999997,287.84999999999997,222.83999999999997,47.67999999999999
ZINC T-LIGHT HOLDER STARS LARGE,0.0,0.0,0.0,0.0,0.0,11.399999999999999,0.0,11.399999999999999,0.0,0.0,0.0,0.0,0.0
ZINC T-LIGHT HOLDER STARS SMALL,0.0,0.0,0.0,0.0,119.51999999999998,560.25,186.6,205.83999999999997,295.47999999999996,265.59999999999997,219.11999999999998,335.72999999999996,60.559999999999995
ZINC WILLIE WINKIE  CANDLE STICK,117.29999999999998,83.3,113.89999999999999,45.05,97.75,85.0,112.19999999999999,87.55,83.3,163.98,262.15999999999997,357.64,117.09
ZINC WIRE KITCHEN ORGANISER,0.0,0.0,0.0,0.0,0.0,0.0,0.0,0.0,0.0,0.0,0.0,0.0,63.2
ZINC WIRE SWEETHEART LETTER TRAY,0.0,0.0,0.0,0.0,97.71000000000001,22.5,26.78,15.0,3.75,7.5,30.0,33.75,16.25
