StockCode,Description,TotalQty,TotalRevenue,LastSold,FirstSold,NumOrders,DaysSinceLastSale
10002,INFLATABLE POLITICAL GLOBE ,377,320.45,2011-04-18 12:56:00,2010-12-01 09:45:00,43,234
10080,GROOVY CACTUS INFLATABLE,243,95.69,2011-11-21 17:04:00,2011-02-27 13:47:00,20,17
10120,DOGGY RUBBER,132,27.72,2011-12-04 13:15:00,2010-12-03 11:19:00,27,4
10123C,HEARTS WRAPPING TAPE ,5,3.25,2011-03-31 13:14:00,2010-12-03 11:19:00,3,252
10124A,SPOTS ON RED BOOKCOVER TAPE,16,6.72,2011-11-06 13:00:00,2010-12-06 13:13:00,5,32
10124G,ARMY CAMO BOOKCOVER TAPE,17,7.14,2011-11-06 13:00:00,2010-12-02 13:14:00,4,32
10125,MINI FUNKY DESIGN TAPES,635,470.95,2011-12-09 10:13:00,2010-12-01 12:23:00,53,0
10133,COLOURING PENCILS BROWN TUBE,1394,697.71,2011-09-07 10:07:00,2010-12-01 12:15:00,106,93
10135,COLOURING PENCILS BROWN TUBE,952,1028.99,2011-12-07 13:35:00,2010-12-02 10:35:00,103,1
11001,ASSTD DESIGN RACING CAR PEN,628,1093.32,2011-12-05 17:17:00,2010-12-05 11:10:00,55,3
15030,FAN BLACK FRAME ,83,24.07,2011-12-06 12:21:00,2011-03-24 13:37:00,11,3
15034,PAPER POCKET TRAVELING FAN ,1187,166.18,2011-11-28 13:56:00,2010-12-05 13:55:00,68,10
15036,ASSORTED COLOURS SILK FAN,3688,2999.6,2011-12-02 17:06:00,2010-12-02 15:03:00,236,6
15039,SANDALWOOD FAN,432,367.2,2011-12-08 13:50:00,2010-12-05 12:43:00,59,0
15044A,PINK PAPER PARASOL ,372,1103.0800000000002,2011-12-05 17:17:00,2010-12-21 14:26:00,77,3
15044B,BLUE PAPER PARASOL ,207,610.6500000000001,2011-09-28 15:50:00,2010-12-01 12:54:00,46,71
15044C,PURPLE PAPER PARASOL,221,651.95,2011-12-06 14:23:00,2010-12-06 14:51:00,59,2
15044D,RED PAPER PARASOL,315,932.0900000000001,2011-12-05 16:03:00,2011-01-17 16:06:00,68,3
15056BL,EDWARDIAN PARASOL BLACK,1308,7641.200000000001,2011-12-08 10:26:00,2010-12-01 09:41:00,265,1
15056N,EDWARDIAN PARASOL NATURAL,1633,9467.050000000001,2011-12-08 10:26:00,2010-12-01 09:41:00,341,1
15056P,EDWARDIAN PARASOL PINK,442,2594.8,2011-12-08 13:50:00,2010-12-03 13:59:00,128,0
15058A,BLUE POLKADOT GARDEN PARASOL,60,405.0,2011-08-05 15:07:00,2011-05-12 12:30:00,6,125
15058B,PINK POLKADOT GARDEN PARASOL,40,270.0,2011-08-05 15:07:00,2011-06-08 10:10:00,3,125
15058C,ICE CREAM DESIGN GARDEN PARASOL,130,513.5,2011-07-07 13:33:00,2011-03-03 13:45:00,11,154
15060B,FAIRY CAKE DESIGN UMBRELLA,348,1281.0,2011-11-18 14:14:00,2010-12-02 14:30:00,92,20
16008,SMALL FOLDING SCISSOR(POINTED EDGE),912,123.35,2011-12-06 11:07:00,2010-12-09 14:10:00,54,3
16010,FOLDING CAMPING SCISSOR W/KNIF & S,30,3.5999999999999996,2011-03-28 14:27:00,2010-12-05 16:41:00,3,255
16011,ANIMAL STICKERS,609,127.89,2011-12-07 12:41:00,2010-12-05 12:53:00,31,2
16012,FOOD/DRINK SPONGE STICKERS,605,127.05,2011-12-05 14:49:00,2010-12-02 13:32:00,27,3
16014,SMALL CHINESE STYLE SCISSOR,438,181.96,2011-12-01 13:32:00,2010-12-01 12:15:00,40,7
16015,MEDIUM CHINESE STYLE SCISSOR,199,96.7,2011-11-17 17:34:00,2010-12-09 14:10:00,20,21
16016,LARGE CHINESE STYLE SCISSOR,563,475.95,2011-12-09 12:31:00,2010-12-01 12:15:00,55,0
16020C,CLEAR STATIONERY BOX SET ,6,5.1,2011-04-07 19:27:00,2011-03-02 17:33:00,2,245
16043,POP ART PUSH DOWN RUBBER ,24,2.88,2011-06-07 10:44:00,2011-06-07 10:44:00,1,185
16046,TEATIME PEN CASE & PENS,64,54.4,2011-11-28 11:26:00,2010-12-02 11:35:00,13,11
16048,TEATIME ROUND PENCIL SHARPENER ,812,111.84,2011-11-25 11:02:00,2010-12-16 14:34:00,40,14
16052,TEATIME PUSH DOWN RUBBER,96,34.8,2011-06-05 14:06:00,2011-01-26 12:29:00,4,186
16054,POPART RECT PENCIL SHARPENER ASST,14,2.28,2011-11-08 14:22:00,2010-12-10 11:33:00,6,30
16151A,FLOWERS HANDBAG blue and orange,6,7.5,2011-05-22 11:53:00,2011-05-11 12:32:00,2,201
16156L,WRAP CAROUSEL,325,136.5,2011-12-02 10:22:00,2011-03-29 15:15:00,13,7
16156L,"WRAP, CAROUSEL",100,42.0,2011-03-03 13:45:00,2011-01-07 09:40:00,4,280
16156S,WRAP PINK FAIRY CAKES ,3800,1596.0,2011-12-08 12:29:00,2010-12-02 13:44:00,152,1
16161G,WRAP BAD HAIR DAY,450,45.0,2011-11-24 11:19:00,2011-03-15 11:45:00,18,15
16161M,WRAP  PINK FLOCK,25,10.5,2010-12-02 18:15:00,2010-12-02 18:15:00,1,371
16161P,WRAP ENGLISH ROSE ,5801,2436.42,2011-12-07 11:43:00,2010-12-02 18:08:00,233,2
16161U,WRAP SUKI AND FRIENDS,3075,1291.5,2011-12-02 16:34:00,2010-12-05 14:45:00,123,6
16162L,THE KING GIFT BAG,17,11.05,2011-09-13 11:14:00,2011-06-10 11:29:00,6,87
16162M,THE KING GIFT BAG 25x24x12cm,26,10.92,2011-11-27 13:26:00,2011-07-19 12:47:00,7,11
16168M,FUNKY MONKEY GIFT BAG MEDIUM,301,126.42,2011-12-08 16:22:00,2010-12-08 15:38:00,19,0
16169E,WRAP 50'S  CHRISTMAS,3338,1401.96,2011-12-09 10:20:00,2011-07-21 13:06:00,134,0
16169K,WRAP FOLK ART,200,84.0,2011-09-28 16:07:00,2010-12-06 15:54:00,8,71
16169M,WRAP DAISY CARPET ,610,256.2,2011-12-02 10:22:00,2011-01-05 13:40:00,24,7
16169N,WRAP BLUE RUSSIAN FOLKART,25,10.5,2010-12-06 12:06:00,2010-12-06 12:06:00,1,368
16169P,WRAP GREEN RUSSIAN FOLKART ,50,21.0,2010-12-19 11:35:00,2010-12-10 11:24:00,2,355
16202A,PASTEL PINK PHOTO ALBUM ,7,3.5,2011-04-17 13:43:00,2011-03-11 14:35:00,2,235
16202B,PASTEL BLUE PHOTO ALBUM ,29,14.5,2011-04-19 14:49:00,2011-04-17 13:43:00,2,233
16202E,BLACK PHOTO ALBUM ,15,7.5,2011-04-17 13:43:00,2011-04-04 16:36:00,3,235
16206B,RED PURSE WITH PINK HEART,7,8.75,2011-01-26 12:29:00,2010-12-23 16:06:00,2,317
16207A,PINK STRAWBERRY HANDBAG ,13,38.35000000000001,2011-11-06 16:14:00,2010-12-19 14:41:00,5,32
16207B,PINK HEART RED HANDBAG,4,11.31,2011-08-30 10:49:00,2011-01-11 12:41:00,3,101
16216,LETTER SHAPE PENCIL SHARPENER,226,24.14,2011-12-07 12:41:00,2010-12-12 13:47:00,23,2
16218,CARTOON  PENCIL SHARPENERS,95,7.7,2011-12-05 12:46:00,2010-12-12 12:08:00,15,4
16219,HOUSE SHAPE PENCIL SHARPENER,215,29.1,2011-12-01 12:01:00,2010-12-16 14:34:00,15,8
16225,RATTLE SNAKE EGGS,424,426.44,2011-12-08 20:01:00,2010-12-12 10:48:00,71,0
16235,RECYCLED PENCIL WITH RABBIT ERASER,470,100.8,2011-11-30 11:48:00,2010-12-08 12:35:00,54,9
16236,KITTY PENCIL ERASERS,174,36.54,2011-12-08 11:43:00,2010-12-10 11:24:00,40,1
16237,SLEEPING CAT ERASERS,305,64.05,2011-12-08 19:57:00,2010-12-03 11:19:00,67,0
16238,PARTY TIME PENCIL ERASERS,167,41.37,2011-12-08 11:43:00,2010-12-03 14:54:00,42,1
16244B,MAXWELL 2 TONE BLUE 60 PAGE PHOTO A,7,7.85,2011-05-11 15:16:00,2011-04-26 16:45:00,2,211
16248B,BLUE HOLE PUNCH,13,16.25,2011-10-30 15:55:00,2011-03-07 17:52:00,7,39
16254,TRANSPARENT ACRYLIC TAPE DISPENSER,31,27.91,2011-11-30 14:17:00,2011-06-15 11:56:00,9,8
16258A,SWIRLY CIRCULAR RUBBERS IN BAG,121,53.57,2011-12-05 17:17:00,2010-12-01 12:23:00,29,3
16259,PIECE OF CAMO STATIONERY SET,82,6.5600000000000005,2011-11-13 11:55:00,2011-06-17 12:16:00,6,26
17003,BROCADE RING PURSE ,429,154.47,2011-12-06 16:21:00,2010-12-05 15:12:00,47,2
17007B,S/3 POT POURI CUSHIONS BLUE COLOURS,24,50.400000000000006,2011-06-08 14:35:00,2010-12-06 13:01:00,2,183
17011F,ORIGAMI SANDLEWOOD INCENSE+FLOWER,80,62.150000000000006,2011-05-19 12:10:00,2010-12-16 16:45:00,6,204
17012A,ORIGAMI VANILLA INCENSE/CANDLE SET ,270,244.89999999999998,2011-12-02 14:25:00,2010-12-15 15:34:00,24,6
17012B,ORIGAMI JASMINE INCENSE/CANDLE SET,359,340.95,2011-11-30 14:17:00,2010-12-10 12:33:00,35,8
17012C,ORIGAMI LAVENDER INCENSE/CANDL SET ,266,260.2,2011-12-08 12:50:00,2010-12-15 15:00:00,42,1
17012D,ORIGAMI ROSE INCENSE/CANDLE SET ,385,362.95,2011-12-08 12:50:00,2010-12-10 12:33:00,44,1
17012E,ORIGAMI OPIUM INCENSE/CANDLE SET ,35,40.05,2010-12-15 15:34:00,2010-12-10 12:33:00,3,358
17012F,ORIGAMI SANDLEWOOD INCENSE/CAND SET,365,329.05,2011-12-08 19:24:00,2010-12-10 12:33:00,42,0
17013D,ORIGAMI ROSE INCENSE IN TUBE,52,56.279999999999994,2011-06-07 10:05:00,2010-12-14 16:39:00,6,185
17014A,ORIGAMI VANILLA INCENSE CONES,58,27.51,2011-06-27 13:58:00,2010-12-15 15:34:00,6,164
17021,NAMASTE SWAGAT INCENSE,327,98.1,2011-11-17 14:24:00,2010-12-06 15:27:00,28,21
17028J,INCENSE BAZAAR PEACH,6,2.52,2011-01-31 15:27:00,2011-01-31 15:27:00,1,311
17038,PORCELAIN BUDAH INCENSE HOLDER,11,1.1,2011-11-24 12:48:00,2011-01-10 17:18:00,4,15
17084A,TRANQUILITY MASALA INCENSE,150,31.5,2011-09-13 14:53:00,2011-02-22 16:15:00,6,86
17084J,LOVE POTION MASALA INCENSE,175,36.75,2011-09-13 14:53:00,2010-12-07 14:30:00,7,86
17084N,FAIRY DREAMS INCENSE ,600,126.0,2011-12-08 19:24:00,2010-12-09 14:50:00,24,0
17084P,DRAGONS BLOOD INCENSE,299,62.79,2011-11-10 12:01:00,2010-12-09 14:50:00,12,29
17090A,LAVENDER INCENSE 40 CONES IN TIN,37,46.25,2011-11-24 10:24:00,2010-12-02 13:11:00,8,15
17090D,VANILLA INCENSE 40 CONES IN TIN,29,36.25,2011-07-11 11:38:00,2010-12-02 13:11:00,12,151
17091A,LAVENDER INCENSE IN TIN,135,85.23,2011-05-18 11:58:00,2010-12-01 11:21:00,24,205
17091J,VANILLA INCENSE IN TIN,279,163.44,2011-12-09 11:20:00,2010-12-05 11:57:00,47,0
17096,ASSORTED LAQUERED INCENSE HOLDERS,65,13.65,2011-05-27 13:32:00,2011-01-10 17:18:00,4,195
17107D,FLOWER FAIRY 5 DRAWER LINERS,59,150.45,2011-12-05 15:51:00,2011-08-28 13:32:00,20,3
17107D,FLOWER FAIRY 5 SUMMER DRAW LINERS,6,15.299999999999999,2011-09-19 15:00:00,2011-09-19 15:00:00,1,80
17107D,"FLOWER FAIRY,5 SUMMER B'DRAW LINERS",105,267.75,2011-06-19 14:42:00,2010-12-03 12:24:00,25,172
17109D,FLOWER FAIRY INCENSE BOUQUET,25,18.669999999999998,2011-04-21 12:34:00,2010-12-05 10:45:00,4,232
17129F,BLUE GLASS GEMS IN BAG,139,106.92999999999999,2011-11-10 12:37:00,2011-03-14 13:04:00,14,29
17136A,BLUE STONES ON WIRE FOR CANDLE,256,21.91,2011-10-13 13:35:00,2011-02-01 13:25:00,16,56
17164B,ASS COL SMALL SAND GECKO P'WEIGHT,27,11.34,2011-01-26 14:51:00,2010-12-01 12:54:00,9,316
17165D,ASS COL LARGE SAND FROG P'WEIGHT,27,28.35,2011-01-12 15:22:00,2010-12-10 11:01:00,7,330
17174,ASSTD RASTA KEY-CHAINS,9,3.7800000000000002,2011-11-24 15:01:00,2011-01-16 13:04:00,3,14
17191A,ROSE FLOWER CANDLE+INCENSE 16X16CM,4,15.0,2011-12-04 10:51:00,2011-11-13 11:39:00,2,5
18007,ESSENTIAL BALM 3.5g TIN IN ENVELOPE,270,48.6,2011-07-19 13:01:00,2010-12-06 10:18:00,15,142
18094C,WHITE AND BLUE CERAMIC OIL BURNER,134,153.1,2011-10-07 13:17:00,2010-12-06 13:47:00,15,62
18097A,PINK TALL PORCELAIN T-LIGHT HOLDER ,5,12.75,2011-06-22 16:16:00,2010-12-02 13:49:00,4,169
18097C,WHITE TALL PORCELAIN T-LIGHT HOLDER,285,712.3499999999999,2011-11-18 12:47:00,2010-12-02 13:49:00,49,21
18098C,PORCELAIN BUTTERFLY OIL BURNER,145,418.15000000000003,2011-08-08 13:11:00,2010-12-05 15:40:00,35,122
20615,BLUE POLKADOT PASSPORT COVER,231,233.34,2011-12-08 20:01:00,2010-12-02 19:18:00,35,0
20616,CHERRY BLOSSOM PASSPORT COVER,86,86.78,2011-12-08 20:01:00,2010-12-01 14:41:00,24,0
20617,FIRST CLASS PASSPORT COVER ,66,137.74,2011-11-28 13:37:00,2010-12-14 14:15:00,26,10
20618,QUEEN OF THE SKIES PASSPORT COVER ,68,137.88000000000002,2011-12-06 16:21:00,2010-12-08 12:46:00,28,2
20619,TROPICAL PASSPORT COVER ,94,170.23000000000002,2011-11-28 15:54:00,2011-01-19 11:38:00,21,10
20622,VIP PASSPORT COVER ,35,73.5,2011-11-28 11:18:00,2011-07-03 15:19:00,11,11
20622,VIPPASSPORT COVER ,79,128.58,2011-06-22 12:16:00,2010-12-14 11:48:00,20,170
20652,BLUE POLKADOT LUGGAGE TAG ,147,191.01,2011-12-08 20:01:00,2010-12-03 14:54:00,33,0
20653,CHERRY BLOSSOM LUGGAGE TAG,33,43.67,2011-12-05 17:17:00,2011-03-10 12:48:00,6,3
20654,FIRST CLASS LUGGAGE TAG ,105,126.69,2011-12-04 13:32:00,2010-12-10 11:01:00,23,4
20655,QUEEN OF SKIES LUGGAGE TAG,89,109.11,2011-12-04 13:32:00,2010-12-05 15:12:00,34,4
20657,TROPICAL LUGGAGE TAG,61,76.39,2011-11-07 10:58:00,2010-12-03 14:54:00,22,32
20658,RED RETROSPOT LUGGAGE TAG,287,358.75,2011-09-26 13:57:00,2010-12-03 14:54:00,58,73
20659,ECONOMY LUGGAGE TAG,94,139.56,2011-12-06 13:20:00,2010-12-05 15:12:00,29,2
20661,BLUE POLKADOT PURSE ,9,35.07,2011-10-31 14:09:00,2010-12-03 14:54:00,5,38
20662,FIRST CLASS HOLIDAY PURSE ,11,40.97,2011-10-24 17:07:00,2011-01-12 12:31:00,5,45
20663,QUEEN OF THE SKIES HOLIDAY PURSE ,3,11.690000000000001,2011-10-17 13:31:00,2010-12-12 16:14:00,3,52
20664,TROPICAL HOLIDAY PURSE ,6,17.700000000000003,2010-12-21 17:16:00,2010-12-12 12:08:00,3,352
20665,RED RETROSPOT PURSE ,340,998.2000000000002,2011-10-21 12:05:00,2010-12-02 15:46:00,73,49
20666,ECONOMY HOLIDAY PURSE,4,11.8,2011-04-10 11:35:00,2010-12-12 12:26:00,4,243
20667,CHERRY BLOSSOM PURSE,1,2.95,2011-05-31 11:39:00,2011-05-31 11:39:00,1,192
20668,DISCO BALL CHRISTMAS DECORATION,2082,249.84,2011-12-09 10:51:00,2010-12-01 11:45:00,103,0
20669,RED HEART LUGGAGE TAG,195,243.75,2011-11-27 14:40:00,2010-12-01 11:45:00,42,11
20670,VIP HOLIDAY PURSE,8,29.28,2011-11-15 16:38:00,2010-12-12 12:08:00,6,23
20671,BLUE TEATIME PRINT BOWL ,10,12.5,2010-12-09 13:34:00,2010-12-05 13:55:00,2,364
20674,GREEN POLKADOT BOWL,1000,1251.21,2011-12-08 15:31:00,2010-12-02 11:21:00,144,0
20675,BLUE POLKADOT BOWL,1404,1756.21,2011-12-08 15:31:00,2010-12-02 12:47:00,205,0
20676,RED RETROSPOT BOWL,2050,2566.13,2011-12-08 15:31:00,2010-12-02 11:21:00,266,0
20677,PINK POLKADOT BOWL,1469,1844.72,2011-12-08 15:31:00,2010-12-02 12:50:00,197,0
20678,LARGE BLACK DIAMANTE HAIRSLIDE,4,6.6,2011-09-23 14:49:00,2011-09-23 14:49:00,1,76
20679,EDWARDIAN PARASOL RED,1070,6238.85,2011-12-08 15:54:00,2010-12-01 09:02:00,259,0
20681,PINK POLKADOT CHILDRENS UMBRELLA,125,406.25,2011-03-10 13:58:00,2010-12-02 19:59:00,33,273
20682,RED RETROSPOT CHILDRENS UMBRELLA,960,3134.66,2011-12-07 15:02:00,2010-12-01 17:35:00,179,1
20684,STRAWBERRY DREAM CHILDS UMBRELLA,77,250.25,2011-07-22 10:52:00,2010-12-05 12:13:00,32,140
20685,DOORMAT RED RETROSPOT,1386,9469.02,2011-12-09 12:49:00,2010-12-01 15:00:00,119,0
20686,DOLLY MIXTURE CHILDREN'S UMBRELLA,252,822.38,2011-12-08 13:50:00,2010-12-05 12:00:00,64,0
20694,FLORAL PINK MONSTER,36,135.0,2011-10-31 13:58:00,2011-02-07 11:20:00,10,38
20695,FLORAL BLUE MONSTER,5,21.25,2011-11-17 15:08:00,2010-12-08 15:17:00,4,21
20696,FLORAL SOFT CAR TOY,32,120.0,2011-11-04 15:08:00,2010-12-17 11:30:00,10,34
20697,LITTLE GREEN MONSTER SOFT TOY,17,43.349999999999994,2011-11-23 12:20:00,2010-12-03 17:28:00,9,16
20698,LITTLE PINK MONSTER SOFT TOY,16,40.8,2011-11-23 12:20:00,2011-01-11 12:41:00,7,16
20699,MOUSEY LONG LEGS SOFT TOY,29,73.94999999999999,2011-12-05 17:36:00,2010-12-03 17:28:00,11,3
20700,GREEN CAT FLORAL CUSHION COVER ,10,37.5,2011-06-20 13:27:00,2010-12-21 16:06:00,4,171
20701,PINK CAT FLORAL CUSHION COVER ,6,22.5,2011-06-20 13:27:00,2010-12-23 16:06:00,3,171
20702,PINK PADDED MOBILE,127,539.75,2011-10-26 13:07:00,2010-12-05 13:42:00,40,43
20703,BLUE PADDED SOFT MOBILE,1,4.25,2011-04-14 11:45:00,2011-04-14 11:45:00,1,239
20704,MR ROBOT SOFT TOY,211,626.45,2011-12-09 10:46:00,2010-12-13 15:44:00,39,0
20705,MRS ROBOT SOFT TOY,143,428.85,2011-12-06 12:19:00,2010-12-14 12:59:00,28,3
20707,CRAZY DAISY HEART DECORATION,155,195.52,2011-12-05 17:17:00,2010-12-01 12:43:00,31,3
20711,JUMBO BAG TOYS ,1768,3567.78,2011-11-28 09:40:00,2010-12-01 14:11:00,228,11
20712,JUMBO BAG WOODLAND ANIMALS,3479,7100.46,2011-12-08 11:43:00,2010-12-01 13:04:00,446,1
20713,JUMBO BAG OWLS,2751,5582.32,2011-12-09 12:19:00,2010-12-01 11:45:00,354,0
20716,PARTY FOOD SHOPPER BAG,214,267.5,2011-06-29 11:46:00,2010-12-08 12:06:00,33,163
20717,STRAWBERRY SHOPPER BAG,1384,1735.88,2011-12-08 20:01:00,2010-12-01 11:45:00,222,0
20718,RED RETROSPOT SHOPPER BAG,2687,3372.06,2011-12-09 10:10:00,2010-12-02 15:18:00,362,0
20719,WOODLAND CHARLOTTE BAG,4149,3514.04,2011-12-08 15:09:00,2010-12-02 15:46:00,468,0
20723,STRAWBERRY CHARLOTTE BAG,3552,3037.4,2011-12-07 12:33:00,2010-12-01 09:37:00,445,2
20724,RED RETROSPOT CHARLOTTE BAG,5955,5068.25,2011-12-09 10:10:00,2010-12-02 14:47:00,664,0
20725,LUNCH BAG RED RETROSPOT,9776,16194.8,2011-12-09 11:34:00,2010-12-01 09:37:00,1180,0
20726,LUNCH BAG WOODLAND,6091,10067.51,2011-12-08 20:01:00,2010-12-01 11:21:00,785,0
20727,LUNCH BAG  BLACK SKULL.,7328,12079.2,2011-12-09 11:34:00,2010-12-01 11:29:00,995,0
20728,LUNCH BAG CARS BLUE,7018,11594.58,2011-12-07 16:47:00,2010-12-01 11:29:00,915,1
20731,POSY CANDY BAG,39,48.75,2011-06-20 14:48:00,2010-12-06 12:15:00,7,171
20733,GOLD MINI TAPE MEASURE ,216,183.2,2011-12-08 13:50:00,2010-12-02 11:35:00,43,0
20735,BLACK MINI TAPE MEASURE ,58,49.3,2011-12-06 14:23:00,2010-12-08 12:08:00,29,2
20749,ASSORTED COLOUR MINI CASES,463,2940.0499999999997,2011-12-01 09:06:00,2010-12-02 07:49:00,35,8
20750,RED RETROSPOT MINI CASES,571,3625.8499999999995,2011-12-01 11:10:00,2010-12-07 09:51:00,40,8
20751,FUNKY WASHING UP GLOVES ASSORTED,797,1673.7,2011-12-04 12:32:00,2010-12-02 15:46:00,169,5
20752,BLUE POLKADOT WASHING UP GLOVES,360,756.0000000000001,2011-11-27 14:50:00,2010-12-02 15:46:00,115,11
20754,RETROSPOT RED WASHING UP GLOVES,923,1938.3000000000002,2011-11-20 14:43:00,2010-12-01 12:43:00,233,18
20755,BLUE PAISLEY POCKET BOOK,231,196.35,2011-12-07 12:26:00,2010-12-01 17:35:00,48,2
20756,GREEN FERN POCKET BOOK,63,53.55,2011-11-22 15:45:00,2011-01-20 14:13:00,22,16
20757,RED DAISY POCKET BOOK ,122,104.47999999999999,2011-11-24 14:09:00,2010-12-02 14:09:00,29,14
20758,ABSTRACT CIRCLES POCKET BOOK,158,134.29999999999998,2011-12-07 13:53:00,2010-12-09 14:19:00,41,1
20759,CHRYSANTHEMUM POCKET BOOK ,64,54.4,2011-12-07 13:53:00,2010-12-02 14:09:00,20,1
20760,GARDEN PATH POCKET BOOK,69,58.65,2011-11-24 14:09:00,2010-12-02 14:09:00,21,14
20761,BLUE PAISLEY SKETCHBOOK,107,408.67,2011-12-07 12:21:00,2010-12-08 14:46:00,52,2
20762,GREEN FERN SKETCHBOOK ,101,382.46,2011-12-06 12:56:00,2010-12-07 15:39:00,51,2
20763,DAISY SKETCHBOOK ,71,189.96,2011-12-06 12:15:00,2010-12-08 12:36:00,25,3
20764,ABSTRACT CIRCLES SKETCHBOOK ,126,483.63,2011-12-06 14:35:00,2010-12-05 13:00:00,60,2
20765,CHRYSANTHEMUM SKETCHBOOK ,94,367.34,2011-12-05 17:17:00,2010-12-01 17:24:00,51,3
20766,GARDEN PATH SKETCHBOOK,111,414.58,2011-12-04 15:00:00,2010-12-02 15:46:00,47,4
20767,BLUE PAISLEY JOURNAL ,178,458.71999999999997,2011-12-06 14:35:00,2010-12-03 11:19:00,57,2
20768,GREEN FERN JOURNAL ,94,242.10999999999999,2011-12-06 15:43:00,2010-12-01 16:57:00,35,2
20769,DAISY JOURNAL ,66,173.11999999999998,2011-12-06 15:43:00,2010-12-06 12:06:00,26,2
20770,ABSTRACT CIRCLE JOURNAL ,71,181.04999999999998,2011-11-27 11:47:00,2010-12-05 16:41:00,27,12
20771,CHRYSANTHEMUM  JOURNAL,70,180.91,2011-12-06 12:56:00,2010-12-05 16:41:00,27,2
20772,GARDEN PATH JOURNAL,165,423.15999999999997,2011-12-08 19:28:00,2010-12-01 12:43:00,45,0
20773,BLUE PAISLEY NOTEBOOK,56,92.39999999999999,2011-09-12 13:43:00,2010-12-01 12:15:00,23,87
20774,GREEN FERN NOTEBOOK,52,85.8,2011-09-26 10:39:00,2010-12-01 12:15:00,22,74
20775,DAISY NOTEBOOK ,63,103.94999999999999,2011-11-30 17:37:00,2010-12-06 12:44:00,20,8
20777,CHRYSANTHEMUM NOTEBOOK,95,156.75,2011-11-30 17:37:00,2010-12-01 12:15:00,36,8
20778,GARDEN PATH NOTEBOOK ,15,24.75,2011-04-26 13:22:00,2010-12-09 14:19:00,8,226
20780,BLACK EAR MUFF HEADPHONES,35,182.07000000000002,2011-11-25 11:20:00,2010-12-01 16:57:00,16,14
20781,GOLD EAR MUFF HEADPHONES,29,152.13,2011-12-07 14:12:00,2010-12-06 08:34:00,20,1
20782,CAMOUFLAGE EAR MUFF HEADPHONES,38,205.08,2011-12-06 12:56:00,2010-12-07 09:13:00,16,2
20793,BLUE TILED TRAY,8,54.0,2011-09-08 10:35:00,2010-12-12 12:01:00,4,92
20794,BLUE  TILE HOOK,85,213.14999999999998,2011-12-05 14:39:00,2010-12-17 12:24:00,15,3
20795,LARGE BLUE PROVENCAL CERAMIC BALL,44,92.4,2011-12-02 13:17:00,2011-01-24 14:54:00,8,6
20796,SMALL BLUE PROVENCAL CERAMIC BALL,61,100.64999999999999,2011-11-10 12:01:00,2011-03-01 17:32:00,8,29
20798,CLEAR MILKSHAKE GLASS,36,75.60000000000001,2011-01-25 13:38:00,2010-12-02 12:28:00,5,317
20801,LARGE PINK GLASS SUNDAE DISH,496,436.48,2011-05-25 16:08:00,2010-12-13 15:46:00,45,197
20802,SMALL GLASS SUNDAE DISH CLEAR,252,415.79999999999995,2011-11-28 10:31:00,2010-12-06 08:34:00,35,11
20803,SMALL PINK GLASS SUNDAE DISH,107,58.11,2011-05-01 13:45:00,2011-02-15 14:49:00,15,221
20816,GOLD FLOWER CUSHION COVER ,8,15.6,2011-04-28 19:53:00,2011-04-28 13:17:00,2,224
20818,GOLD TEDDY BEAR,12,20.0,2011-05-04 13:36:00,2011-01-28 15:29:00,2,218
20819,SILVER TEDDY BEAR,48,183.71,2011-11-30 11:17:00,2010-12-06 15:13:00,16,9
20820,SILVER LOOKING MIRROR,5,24.75,2011-03-01 17:28:00,2010-12-01 11:21:00,2,282
20821,GOLDIE LOOKING MIRROR,16,79.2,2011-11-23 15:53:00,2011-04-05 13:48:00,5,15
20823,GOLD WINE GOBLET,64,50.56,2011-06-09 14:23:00,2011-04-19 16:14:00,5,182
20826,SILVER APERITIF GLASS,24,30.12,2011-05-18 11:08:00,2010-12-13 15:12:00,3,205
20827,GOLD APERITIF GLASS,16,6.24,2011-04-21 12:34:00,2011-04-21 12:34:00,1,232
20828,GLITTER BUTTERFLY CLIPS,818,2085.9,2011-12-06 16:21:00,2010-12-02 13:32:00,173,2
20829,GLITTER HANGING BUTTERFLY STRING,906,1910.2500000000002,2011-12-06 14:23:00,2010-12-03 17:20:00,160,2
20830,SILVER PHOTO FRAME,75,157.5,2011-10-02 15:33:00,2010-12-12 10:48:00,20,67
20831,GOLD PHOTO FRAME,121,191.22000000000003,2011-12-09 10:20:00,2010-12-12 10:48:00,23,0
20832,RED FLOCK LOVE HEART PHOTO FRAME,674,362.88,2011-11-28 13:56:00,2010-12-02 12:16:00,50,10
20835,FRENCH LATTICE CUSHION COVER ,66,54.779999999999994,2011-11-10 15:23:00,2011-05-03 09:05:00,7,28
20836,FRENCH PAISLEY CUSHION COVER,170,141.1,2011-11-24 11:52:00,2011-05-03 10:43:00,17,15
20837,FRENCH FLORAL CUSHION COVER ,141,142.47,2011-11-20 11:06:00,2011-02-17 14:51:00,15,19
20838,FRENCH LATTICE CUSHION COVER ,330,282.94,2011-11-23 16:34:00,2011-05-03 10:43:00,33,15
20839,FRENCH PAISLEY CUSHION COVER ,452,411.84,2011-12-07 11:06:00,2010-12-07 14:41:00,49,2
20840,FRENCH FLORAL CUSHION COVER ,464,399.28,2011-12-06 17:49:00,2011-04-27 15:08:00,43,2
20845,ZINC HEART LATTICE 2 WALL PLANTER,19,120.64999999999999,2011-08-16 13:13:00,2011-01-18 13:05:00,11,114
20846,ZINC HEART LATTICE T-LIGHT HOLDER,546,678.22,2011-12-07 09:22:00,2010-12-13 15:12:00,61,2
20847,ZINC HEART LATTICE CHARGER LARGE,46,172.5,2011-11-25 11:54:00,2010-12-13 15:12:00,14,14
20848,ZINC HEART LATTICE CHARGER SMALL,21,61.95,2011-11-06 14:45:00,2010-12-13 15:12:00,8,32
20851,ZINC HEART LATTICE TRAY OVAL ,9,53.550000000000004,2011-04-27 16:54:00,2011-01-30 13:48:00,7,225
20854,BLUE PATCH PURSE PINK HEART,75,123.74999999999999,2011-02-20 12:01:00,2010-12-03 14:54:00,16,292
20856,DENIM PATCH PURSE PINK BUTTERFLY,140,231.0,2011-08-09 14:18:00,2010-12-05 11:40:00,27,121
20857,BLUE ROSE PATCH PURSE PINK BUTTERFL,32,52.8,2011-02-17 13:28:00,2010-12-07 10:06:00,8,294
20861,GOLD COSMETIC BAG PINK STAR,2,4.2,2010-12-10 11:24:00,2010-12-06 12:55:00,2,364
20866,BLUE ROSE FABRIC MIRROR,228,285.14,2011-12-06 12:21:00,2010-12-01 12:23:00,35,3
20867,PINK ROSE FABRIC MIRROR,151,186.47,2011-12-06 12:21:00,2010-12-14 13:35:00,24,3
20868,SILVER FABRIC MIRROR,111,53.96,2011-12-08 19:24:00,2010-12-10 11:12:00,26,0
20869,GOLD FABRIC MIRROR,79,30.810000000000002,2011-12-08 19:24:00,2011-06-15 13:35:00,17,0
20878,SET/9 CHRISTMAS T-LIGHTS SCENTED ,24,30.0,2010-12-05 16:24:00,2010-12-01 12:23:00,7,368
20886,BOX OF 9 PEBBLE CANDLES,352,686.4,2011-11-06 14:50:00,2010-12-08 15:17:00,76,32
20893,HANGING BAUBLE T-LIGHT HOLDER SMALL,55,140.25,2011-11-23 11:22:00,2011-01-18 13:05:00,16,16
20894,HANGING BAUBLE T-LIGHT HOLDER LARGE,25,73.75,2011-11-17 12:42:00,2010-12-02 13:49:00,9,22
20897,VINTAGE NOTEBOOK PARIS DAYS,34,100.30000000000001,2011-07-26 09:20:00,2010-12-06 11:10:00,7,136
20898,VINTAGE NOTEBOOK TRAVELOGUE,25,73.75,2011-10-23 13:49:00,2011-01-27 15:51:00,4,46
20901,VINTAGE KEEPSAKE BOX PINK FLOWER,3,19.049999999999997,2011-11-14 14:39:00,2011-06-12 14:15:00,2,24
20902,VINTAGE KEEPSAKE BOX PARIS DAYS,33,190.35,2011-08-03 11:58:00,2010-12-01 14:03:00,6,128
20903,VINTAGE KEEPSAKE BOX TRAVELOGUE,20,127.0,2011-10-23 13:49:00,2010-12-06 11:10:00,10,46
20906,VINTAGE NOTEBOOK BEAUTY GIRL,3,8.850000000000001,2011-04-03 15:07:00,2010-12-08 13:23:00,2,249
20910,VINTAGE PHOTO ALBUM PARIS DAYS,8,50.8,2010-12-16 11:53:00,2010-12-03 14:35:00,3,358
20914,SET/5 RED RETROSPOT LID GLASS BOWLS,3519,10411.53,2011-12-08 15:31:00,2010-12-01 12:49:00,712,0
20931,BLUE POT PLANT CANDLE ,215,652.85,2011-12-08 19:28:00,2010-12-14 13:09:00,36,0
20932,PINK POT PLANT CANDLE,153,410.05000000000007,2011-12-08 11:15:00,2010-12-20 15:26:00,21,1
20933,YELLOW POT PLANT CANDLE,23,71.05,2011-12-08 11:15:00,2011-01-05 15:56:00,9,1
20934,SET/3 POT PLANT CANDLES,54,294.3,2011-11-04 14:54:00,2011-01-05 13:57:00,20,34
20935,ROUND CACTUS CANDLE,6,17.700000000000003,2011-11-16 16:08:00,2011-09-23 13:48:00,4,22
20936,FORKED CACTUS CANDLE,92,272.98,2011-12-09 11:34:00,2010-12-05 11:12:00,26,0
20941,FROG CANDLE,61,76.25,2011-07-06 15:15:00,2010-12-19 14:16:00,17,155
20956,PORCELAIN T-LIGHT HOLDERS ASSORTED,608,763.63,2011-12-06 17:23:00,2010-12-03 09:31:00,57,2
20961,STRAWBERRY BATH SPONGE ,716,914.36,2011-12-08 13:47:00,2010-12-01 11:21:00,121,0
20963,APPLE BATH SPONGE,790,1010.49,2011-12-08 13:47:00,2010-12-01 11:21:00,116,0
20964,POLYESTER FILLER PAD 60x40cm,2,5.1,2011-05-06 11:36:00,2011-05-06 11:36:00,1,217
20966,SANDWICH BATH SPONGE,209,261.25,2011-05-17 12:38:00,2010-12-01 11:21:00,36,206
20967,GREY FLORAL FELTCRAFT SHOULDER BAG,256,960.0,2011-05-16 09:40:00,2010-12-02 11:35:00,75,207
20969,RED FLORAL FELTCRAFT SHOULDER BAG,1010,3797.85,2011-12-08 12:07:00,2010-12-02 11:57:00,249,1
20970,PINK FLORAL FELTCRAFT SHOULDER BAG,936,3491.72,2011-12-08 13:45:00,2010-12-02 11:57:00,226,0
20971,PINK BLUE FELT CRAFT TRINKET BOX,3689,4622.19,2011-12-07 12:41:00,2010-12-02 14:09:00,432,2
20972,PINK CREAM FELT CRAFT TRINKET BOX ,4568,5773.06,2011-12-08 16:29:00,2010-12-01 12:49:00,506,0
20973,12 PENCIL SMALL TUBE WOODLAND,2618,1731.1000000000001,2011-12-08 15:09:00,2010-12-01 12:54:00,266,0
20974,12 PENCILS SMALL TUBE SKULL,2890,1876.9,2011-12-09 12:20:00,2010-12-01 12:54:00,254,0
20975,12 PENCILS SMALL TUBE RED RETROSPOT,3549,2306.8500000000004,2011-12-08 13:50:00,2010-12-02 10:17:00,283,0
20977,36 PENCILS TUBE WOODLAND,1371,1713.75,2011-10-17 14:23:00,2010-12-01 12:27:00,138,52
20978,36 PENCILS TUBE SKULLS,1403,1753.75,2011-12-08 17:24:00,2010-12-01 16:57:00,175,0
20979,36 PENCILS TUBE RED RETROSPOT,2094,2617.5,2011-12-08 12:50:00,2010-12-01 12:27:00,209,1
20980,36 PENCILS TUBE POSY,27,33.75,2011-08-08 14:53:00,2010-12-05 13:05:00,11,122
20981,12 PENCILS TALL TUBE WOODLAND,1765,1500.25,2011-12-09 08:59:00,2010-12-02 14:09:00,206,0
20982,12 PENCILS TALL TUBE SKULLS,1750,1487.5,2011-12-09 08:59:00,2010-12-01 11:41:00,211,0
20983,12 PENCILS TALL TUBE RED RETROSPOT,2067,1756.9499999999998,2011-12-08 09:05:00,2010-12-02 11:41:00,225,1
20984,12 PENCILS TALL TUBE POSY,2090,670.4999999999999,2011-10-17 12:50:00,2010-12-02 13:32:00,148,53
20985,HEART CALCULATOR,413,519.88,2011-12-07 08:38:00,2010-12-05 15:12:00,82,2
20986,BLUE CALCULATOR RULER,209,268.51,2011-12-08 13:50:00,2010-12-02 12:16:00,55,0
20992,JAZZ HEARTS PURSE NOTEBOOK,2147,957.39,2011-12-08 13:50:00,2010-12-01 11:21:00,220,0
20996,JAZZ HEARTS ADDRESS BOOK,2262,497.64000000000004,2011-12-08 19:24:00,2010-12-08 12:08:00,175,0
20997,ROSE DU SUD CUSHION COVER ,15,74.25,2011-08-31 15:30:00,2011-06-13 16:33:00,5,99
20998,ROSE DU SUD OVEN GLOVE,119,348.25000000000006,2011-10-14 13:54:00,2010-12-03 11:35:00,28,55
21000,ROSE DU SUD COSMETICS BAG,45,191.25,2011-11-25 14:02:00,2010-12-06 17:16:00,16,13
21001,ROSE DU SUD WASHBAG ,24,142.8,2011-11-07 16:16:00,2010-12-06 17:16:00,12,31
21002,ROSE DU SUD DRAWSTRING BAG,13,55.25,2011-10-23 11:42:00,2011-01-07 12:28:00,5,47
21003,ROSE DU SUD CUSHION COVER,13,82.55,2011-09-07 16:00:00,2011-01-07 16:32:00,6,92
21011,GLITTER SNOW PEAR TREE DECORATION,18,26.099999999999998,2010-12-08 15:56:00,2010-12-05 10:45:00,2,365
21012,ANTIQUE ALL GLASS CANDLESTICK,407,849.7800000000001,2011-12-09 12:00:00,2010-12-07 14:00:00,77,0
21014,SWISS CHALET TREE DECORATION ,981,348.89,2011-11-23 13:27:00,2010-12-01 15:35:00,61,15
21015,DARK BIRD HOUSE TREE DECORATION,1009,307.72999999999996,2011-12-07 14:39:00,2011-05-18 11:42:00,62,1
21018,BIRD BOX CHRISTMAS TREE DECORATION,22,18.7,2010-12-14 11:01:00,2010-12-01 15:35:00,4,360
21025,SPACE FROG,100,127.25,2011-11-28 15:54:00,2010-12-02 15:46:00,16,10
21026,SPACE OWL,140,173.62,2011-11-30 11:48:00,2010-12-02 15:46:00,22,9
21027,NINJA RABBIT PINK,99,119.95,2011-11-21 12:05:00,2010-12-12 12:41:00,17,18
21028,NINJA RABBIT BLACK,116,148.29,2011-12-05 17:17:00,2011-01-11 12:11:00,21,3
21030,SPACE CADET RED,111,141.17,2011-11-21 12:05:00,2010-12-02 15:46:00,21,18
21031,SPACE CADET BLACK,39,49.96,2011-11-16 12:18:00,2010-12-02 15:46:00,10,23
21032,SPACE CADET WHITE,64,83.63,2011-11-30 11:48:00,2010-12-02 15:46:00,15,9
21033,JUMBO BAG CHARLIE AND LOLA TOYS,531,1247.17,2011-09-08 13:53:00,2010-12-01 09:37:00,103,91
21034,REX CASH+CARRY JUMBO SHOPPER,1802,1711.8999999999999,2011-12-08 18:42:00,2010-12-01 11:49:00,858,0
21035,SET/2 RED RETROSPOT TEA TOWELS ,915,2957.01,2011-12-07 13:53:00,2010-12-01 08:45:00,207,1
21038,SET/4 MODERN VINTAGE COTTON NAPKINS,77,86.75,2011-05-04 13:52:00,2010-12-01 13:21:00,23,218
21039,RED RETROSPOT SHOPPING BAG,362,952.26,2011-12-06 12:56:00,2010-12-02 18:08:00,75,2
21040,MODERN VINTAGE COTTON SHOPPING BAG,22,29.7,2011-03-15 15:37:00,2010-12-03 15:19:00,8,268
21041,RED RETROSPOT OVEN GLOVE DOUBLE,521,1536.9500000000003,2011-11-23 14:07:00,2010-12-01 12:49:00,137,15
21042,RED RETROSPOT APRON ,302,1796.9,2011-12-06 14:23:00,2010-12-02 08:52:00,105,2
21043,APRON MODERN VINTAGE COTTON,381,810.9499999999999,2011-06-01 12:11:00,2010-12-16 13:02:00,56,191
21051,RIBBONS PURSE ,108,228.83,2011-12-08 09:47:00,2010-12-09 13:03:00,24,1
21058,PARTY INVITES WOODLAND,614,523.4599999999999,2011-12-04 14:15:00,2010-12-02 10:27:00,82,4
21059,PARTY INVITES DINOSAURS,573,487.04999999999995,2011-12-06 12:15:00,2010-12-02 17:12:00,77,3
21060,PARTY INVITES BALLOON GIRL,356,302.59999999999997,2011-12-04 14:15:00,2010-12-02 10:27:00,53,4
21061,PARTY INVITES FOOTBALL,364,309.4,2011-12-04 14:15:00,2010-12-01 11:29:00,51,4
21062,PARTY INVITES SPACEMAN,464,394.4,2011-12-02 13:20:00,2010-12-01 11:29:00,60,6
21063,PARTY INVITES JAZZ HEARTS,483,412.10999999999996,2011-12-05 17:17:00,2010-12-01 11:29:00,81,3
21064,BOOM BOX SPEAKER BOYS,171,740.15,2011-12-08 13:50:00,2010-12-02 12:16:00,54,0
21065,BOOM BOX SPEAKER GIRLS,245,527.15,2011-12-08 15:31:00,2010-12-01 11:45:00,37,0
21066,VINTAGE RED MUG,213,266.25,2011-12-01 11:53:00,2010-12-15 10:31:00,39,8
21067,VINTAGE RED TEATIME MUG,201,246.88,2011-10-04 13:25:00,2010-12-22 13:46:00,41,65
21068,VINTAGE BILLBOARD LOVE/HATE MUG,695,850.51,2011-12-08 13:59:00,2010-12-01 09:02:00,119,0
21069,VINTAGE BILLBOARD TEA MUG,362,452.5,2011-07-12 15:29:00,2010-12-02 10:39:00,47,149
21070,VINTAGE BILLBOARD MUG ,354,452.18,2011-12-05 17:17:00,2010-12-02 10:39:00,72,3
21071,VINTAGE BILLBOARD DRINK ME MUG,749,919.22,2011-10-20 09:04:00,2010-12-01 09:02:00,105,50
21078,SET/20 STRAWBERRY PAPER NAPKINS ,1289,1097.99,2011-10-11 15:10:00,2010-12-03 11:35:00,185,58
21080,SET/20 RED RETROSPOT PAPER NAPKINS ,5751,4887.65,2011-12-08 14:38:00,2010-12-02 12:47:00,656,0
21084,SET/6 COLLAGE PAPER CUPS,1479,327.05,2011-12-07 12:41:00,2011-01-07 12:28:00,94,2
21086,SET/6 RED SPOTTY PAPER CUPS,2637,1725.8100000000002,2011-12-06 14:22:00,2010-12-02 12:47:00,244,2
21087,SET/6 POSIES PAPER CUPS,126,62.120000000000005,2011-04-19 14:49:00,2011-02-24 11:54:00,10,233
21088,SET/6 FRUIT SALAD PAPER CUPS,976,231.42000000000002,2011-12-07 16:47:00,2011-01-07 12:28:00,69,1
21089,SET/6 GREEN SPRING PAPER CUPS,231,45.730000000000004,2011-08-17 14:25:00,2010-12-06 12:41:00,24,113
21090,SET/6 COLLAGE PAPER PLATES,1112,488.97999999999996,2011-12-07 12:41:00,2010-12-05 12:42:00,110,2
21094,SET/6 RED SPOTTY PAPER PLATES,2691,2286.49,2011-12-06 14:22:00,2010-12-01 09:37:00,268,2
21095,SET/6 POSIES PAPER PLATES,95,80.75,2011-06-16 19:59:00,2011-01-21 11:19:00,9,175
21096,SET/6 FRUIT SALAD  PAPER PLATES,615,273.33,2011-11-20 11:56:00,2011-01-07 12:28:00,65,19
21098,CHRISTMAS TOILET ROLL,892,1196.59,2011-12-08 15:29:00,2010-12-01 12:49:00,154,0
21100,CHARLIE AND LOLA CHARLOTTE BAG,43,70.95,2011-02-27 12:48:00,2010-12-03 12:24:00,8,285
21106,CREAM SLICE FLANNEL CHOCOLATE SPOT ,193,530.95,2011-11-29 14:38:00,2010-12-01 12:51:00,34,9
21107,CREAM SLICE FLANNEL PINK SPOT ,357,985.95,2011-11-29 14:38:00,2010-12-01 12:51:00,57,9
21108,FAIRY CAKE FLANNEL ASSORTED COLOUR,2384,3002.0,2011-12-09 11:26:00,2010-12-01 11:21:00,173,0
21109,LARGE CAKE TOWEL CHOCOLATE SPOTS,541,1520.55,2011-12-09 11:26:00,2010-12-13 15:44:00,61,0
21109,"LARGE CAKE TOWEL, CHOCOLATE SPOTS",7,47.25,2010-12-13 13:25:00,2010-12-05 13:42:00,4,360
21110,LARGE CAKE TOWEL PINK SPOTS,546,1699.7,2011-11-25 11:02:00,2010-12-05 12:13:00,75,14
21111,"SWISS ROLL TOWEL, CHOCOLATE  SPOTS",560,896.1,2011-12-09 11:26:00,2010-12-01 12:43:00,46,0
21112,SWISS ROLL TOWEL PINK  SPOTS,76,244.08,2011-11-24 14:40:00,2011-02-21 17:42:00,22,14
21112,"SWISS ROLL TOWEL, PINK  SPOTS",267,379.65000000000003,2011-01-25 10:56:00,2010-12-05 10:45:00,16,318
21114,LAVENDER SCENTED FABRIC HEART,1210,1508.7,2011-12-04 13:55:00,2010-12-02 19:18:00,124,4
21115,ROSE CARAVAN DOORSTOP,397,1897.35,2011-12-09 10:20:00,2010-12-01 09:59:00,126,0
21116,OWL DOORSTOP,431,2088.65,2011-11-30 13:08:00,2010-12-01 11:45:00,115,8
21117,BLOND DOLL DOORSTOP,109,141.75,2011-11-23 13:46:00,2011-01-13 15:11:00,14,15
21121,SET/10 RED POLKADOT PARTY CANDLES,4194,5242.5,2011-12-09 12:19:00,2010-12-01 12:22:00,319,0
21122,SET/10 PINK POLKADOT PARTY CANDLES,3811,4764.96,2011-12-09 12:16:00,2010-12-01 11:21:00,294,0
21123,SET/10 IVORY POLKADOT PARTY CANDLES,853,1063.31,2011-12-08 18:42:00,2010-12-01 12:43:00,95,0
21124,SET/10 BLUE POLKADOT PARTY CANDLES,2910,3637.5,2011-12-09 12:16:00,2010-12-01 12:23:00,220,0
21125,SET 6 FOOTBALL CELEBRATION CANDLES,499,623.75,2011-12-02 14:26:00,2010-12-01 11:29:00,65,6
21126,SET OF 6 GIRLS CELEBRATION CANDLES,487,604.19,2011-12-02 10:22:00,2010-12-01 11:29:00,67,7
21128,GOLD FISHING GNOME,46,271.7,2011-12-07 15:56:00,2010-12-09 14:50:00,15,1
21129,SILVER FISHING GNOME ,40,270.0,2011-11-29 11:48:00,2011-01-04 15:50:00,15,10
21131,GOLD STANDING GNOME,63,177.75,2011-12-06 14:23:00,2011-04-07 12:04:00,16,2
21132,SILVER STANDING GNOME   ,35,142.75,2011-12-08 15:31:00,2010-12-09 14:50:00,16,0
21135,VICTORIAN  METAL POSTCARD SPRING,1387,2344.0299999999997,2011-12-08 10:40:00,2010-12-01 12:58:00,156,1
21136,PAINTED METAL PEARS ASSORTED,3514,5950.099999999999,2011-12-08 13:50:00,2010-12-01 16:52:00,337,0
21137,BLACK RECORD COVER FRAME,2133,7627.28,2011-12-09 12:00:00,2010-12-02 14:09:00,239,0
21143,ANTIQUE GLASS HEART DECORATION ,211,411.45,2011-08-22 14:38:00,2010-12-01 13:54:00,25,108
21145,ANTIQUE GLASS PLACE SETTING,122,152.5,2011-11-16 13:25:00,2010-12-13 15:12:00,8,22
21147,JINGLE BELLS TREE DECORATION,89,200.94,2011-12-05 17:17:00,2010-12-01 15:35:00,21,3
21154,RED RETROSPOT OVEN GLOVE ,1540,1958.88,2011-12-09 08:48:00,2010-12-02 11:35:00,249,0
21155,RED RETROSPOT PEG BAG,1750,4366.55,2011-12-08 15:54:00,2010-12-02 14:30:00,347,0
21156,RETROSPOT CHILDRENS APRON,1661,3285.37,2011-12-07 08:38:00,2010-12-01 12:15:00,270,2
21157,RED RETROSPOT WASHBAG,48,100.80000000000001,2011-10-25 17:31:00,2010-12-02 18:08:00,14,44
21158,MOODY GIRL DOOR HANGER ,990,516.48,2011-12-09 08:48:00,2010-12-02 11:41:00,141,0
21159,MOODY BOY  DOOR HANGER ,724,392.59999999999997,2011-12-09 08:48:00,2010-12-02 11:41:00,104,0
21161,KEEP OUT BOYS DOOR HANGER ,130,188.5,2011-06-08 12:44:00,2010-12-02 11:41:00,34,184
21162,TOXIC AREA  DOOR HANGER ,1029,545.47,2011-12-09 08:48:00,2010-12-06 11:26:00,133,0
21163,DO NOT TOUCH MY STUFF DOOR HANGER ,906,496.44,2011-10-27 13:48:00,2010-12-02 11:41:00,106,42
21164,HOME SWEET HOME METAL SIGN ,1172,3453.3200000000006,2011-12-08 14:39:00,2010-12-03 12:43:00,239,0
21165,BEWARE OF THE CAT METAL SIGN ,2321,3913.8500000000004,2011-12-06 12:38:00,2010-12-03 14:04:00,334,3
21166,COOK WITH WINE METAL SIGN ,3741,7717.97,2011-12-08 15:31:00,2010-12-01 09:41:00,537,0
21167,WHITE SAGE INCENSE,275,57.75,2011-11-22 14:23:00,2011-02-22 16:15:00,11,16
21169,YOU'RE CONFUSING ME METAL SIGN ,2224,3752.8,2011-12-09 12:00:00,2010-12-01 09:41:00,315,0
21171,BATHROOM METAL SIGN ,232,326.79999999999995,2011-08-01 17:37:00,2010-12-07 14:57:00,58,129
21172,PARTY METAL SIGN ,2416,3520.12,2011-12-08 13:50:00,2010-12-02 08:52:00,359,0
21174,POTTERING IN THE SHED METAL SIGN,2554,5281.360000000001,2011-12-08 12:07:00,2010-12-02 15:55:00,357,1
21175,GIN + TONIC DIET METAL SIGN,4561,11340.48,2011-11-30 12:31:00,2010-12-01 09:41:00,614,9
21175,GIN AND TONIC DIET METAL SIGN,246,627.3,2011-12-08 18:03:00,2011-11-27 12:47:00,33,0
21179,NO JUNK MAIL METAL SIGN,1447,888.55,2011-09-12 16:23:00,2010-12-01 13:21:00,161,87
21181,PLEASE ONE PERSON METAL SIGN,5060,10620.000000000002,2011-12-08 19:55:00,2010-12-01 15:08:00,607,0
21187,WHITE BELL HONEYCOMB PAPER GARLAND ,232,382.79999999999995,2011-07-27 15:09:00,2010-12-05 13:00:00,31,134
21188,3D HEARTS  HONEYCOMB PAPER GARLAND,246,716.1000000000001,2011-08-03 10:56:00,2010-12-14 12:58:00,32,128
21189,WHITE HONEYCOMB PAPER GARLAND ,165,272.25,2011-12-08 11:38:00,2010-12-10 11:12:00,29,1
21190,PINK HEARTS PAPER GARLAND,8,13.2,2011-11-25 12:20:00,2010-12-01 12:31:00,5,14
21191,LARGE WHITE HONEYCOMB PAPER BELL  ,238,499.8,2011-12-06 11:33:00,2010-12-01 15:35:00,40,3
21192,WHITE BELL HONEYCOMB PAPER ,222,366.29999999999995,2011-11-27 13:26:00,2010-12-01 12:49:00,32,11
21194,PINK  HONEYCOMB PAPER FAN,316,286.6,2011-12-09 11:34:00,2010-12-15 15:00:00,38,0
21195,PINK  HONEYCOMB PAPER BALL ,129,270.90000000000003,2011-05-09 12:30:00,2010-12-05 11:57:00,18,214
21196,ROUND WHITE CONFETTI IN TUBE,89,146.84999999999997,2011-12-07 11:42:00,2010-12-15 16:32:00,9,2
21197,MULTICOLOUR  CONFETTI IN TUBE,99,163.34999999999997,2011-12-02 10:22:00,2010-12-01 12:49:00,10,7
21198,WHITE HEART CONFETTI IN TUBE,387,638.55,2011-12-07 11:42:00,2011-01-06 18:57:00,38,2
21199,PINK  HEART CONFETTI IN TUBE,288,475.19999999999993,2011-12-02 10:22:00,2010-12-15 16:32:00,37,7
21200,MULTICOLOUR HONEYCOMB PAPER GARLAND,194,320.09999999999997,2011-11-27 13:26:00,2010-12-14 13:10:00,30,11
21201,TROPICAL  HONEYCOMB PAPER GARLAND ,455,1160.25,2011-12-05 09:15:00,2010-12-08 12:41:00,64,4
21202,DOLLY HONEYCOMB GARLAND,112,184.79999999999998,2011-11-17 11:02:00,2010-12-05 16:24:00,16,22
21204,DAISIES  HONEYCOMB GARLAND ,419,691.3499999999999,2011-12-07 12:41:00,2011-01-05 15:57:00,51,2
21205,MULTICOLOUR 3D BALLS GARLAND,209,532.9499999999999,2011-12-02 14:30:00,2010-12-08 12:46:00,48,6
21206,STRAWBERRY HONEYCOMB  GARLAND ,500,824.9999999999999,2011-11-23 13:34:00,2010-12-02 12:50:00,64,15
21207,SKULL AND CROSSBONES  GARLAND ,549,905.8499999999999,2011-12-02 10:22:00,2010-12-02 12:47:00,75,7
21208,PASTEL COLOUR HONEYCOMB FAN,525,294.21,2011-12-09 11:34:00,2011-01-11 13:31:00,49,0
21209,MULTICOLOUR HONEYCOMB FAN,470,280.32,2011-12-09 10:51:00,2010-12-05 12:42:00,46,0
21210,SET OF 72 RETROSPOT PAPER  DOILIES,3139,4567.719999999999,2011-12-08 15:54:00,2010-12-01 11:41:00,342,0
21211,SET OF 72 SKULL PAPER  DOILIES,359,520.55,2011-11-28 13:26:00,2010-12-02 13:14:00,62,10
21212,PACK OF 72 RETROSPOT CAKE CASES,14986,8277.68,2011-12-08 15:31:00,2010-12-01 10:47:00,924,0
21213,PACK OF 72 SKULL CAKE CASES,5650,3107.5000000000005,2011-12-07 16:47:00,2010-12-01 11:29:00,442,1
21215,IVORY PAPER CUP CAKE CASES ,650,357.50000000000006,2011-12-05 14:40:00,2010-12-08 14:46:00,60,3
21216,"SET 3 RETROSPOT TEA,COFFEE,SUGAR",1329,6155.75,2011-12-09 08:48:00,2010-12-02 11:41:00,232,0
21218,RED SPOTTY BISCUIT TIN,1069,3831.75,2011-12-08 15:31:00,2010-12-02 12:33:00,185,0
21219,SET/4 BADGES BALLOON GIRL,323,408.59,2011-12-07 12:41:00,2010-12-06 12:23:00,42,2
21220,SET/4 BADGES DOGS,229,299.56,2011-12-09 11:34:00,2011-01-07 14:31:00,41,0
21221,SET/4 BADGES CUTE CREATURES,201,262.14,2011-12-07 12:41:00,2010-12-01 17:35:00,24,2
21222,SET/4 BADGES BEETLES,194,252.18,2011-12-09 11:34:00,2011-01-07 14:31:00,35,0
21224,SET/4 SKULL BADGES,734,913.7,2011-12-09 11:34:00,2010-12-03 17:20:00,81,0
21226,POCKET MIRROR WOODLAND,8,10.0,2011-11-25 11:12:00,2010-12-06 12:23:00,4,14
21228,"POCKET MIRROR ""GLAMOROUS""",5,6.25,2011-03-09 13:56:00,2011-02-08 10:32:00,2,274
21231,SWEETHEART CERAMIC TRINKET BOX,3232,4157.37,2011-12-08 15:31:00,2010-12-01 15:08:00,346,0
21232,STRAWBERRY CERAMIC TRINKET BOX,4545,5691.21,2011-11-06 12:36:00,2010-12-01 10:52:00,455,33
21232,STRAWBERRY CERAMIC TRINKET POT,736,978.08,2011-12-08 15:31:00,2011-10-25 13:10:00,70,0
21238,RED RETROSPOT CUP,2065,1754.99,2011-12-06 12:56:00,2010-12-01 16:57:00,257,2
21239,PINK  POLKADOT CUP,1420,1207.78,2011-12-06 10:00:00,2010-12-02 12:47:00,186,3
21240,BLUE POLKADOT CUP,1493,1268.79,2011-12-06 10:00:00,2010-12-02 17:17:00,196,3
21242,RED RETROSPOT PLATE ,1607,2715.83,2011-12-06 10:00:00,2010-12-01 11:49:00,205,3
21243,PINK  POLKADOT PLATE ,903,1526.07,2011-10-24 13:37:00,2010-12-01 11:49:00,117,45
21243,PINK POLKADOT PLATE ,106,179.14,2011-12-06 10:00:00,2011-11-07 15:33:00,17,3
21244,BLUE POLKADOT PLATE ,995,1681.55,2011-10-20 10:41:00,2010-12-01 11:49:00,132,50
21245,GREEN POLKADOT PLATE ,627,1061.23,2011-12-05 10:14:00,2010-12-01 11:49:00,96,4
21246,RED RETROSPOT BIG BOWL,175,849.45,2011-08-25 19:45:00,2010-12-08 12:45:00,39,105
21248,DOOR HANGER  MUM + DADS ROOM,187,271.15,2011-12-09 08:48:00,2010-12-12 16:05:00,52,0
21249,WOODLAND  HEIGHT CHART STICKERS ,402,1185.9,2011-12-06 09:56:00,2010-12-02 12:28:00,72,3
21250,SET OF SKULL WALL STICKERS,56,165.20000000000002,2011-11-17 19:22:00,2010-12-03 12:24:00,16,21
21251,DINOSAUR HEIGHT CHART STICKER SET,165,486.75000000000006,2011-11-25 13:28:00,2010-12-19 15:07:00,35,13
21253,SET OF PICTURE FRAME  STICKERS,65,189.59000000000003,2011-12-08 20:01:00,2010-12-06 12:21:00,16,0
21259,VICTORIAN SEWING BOX SMALL ,834,4712.3,2011-12-08 11:36:00,2010-12-01 12:22:00,233,1
21260,FIRST AID TIN,567,1842.75,2011-12-08 13:50:00,2010-12-01 12:23:00,140,0
21261,GREEN GOOSE FEATHER CHRISTMAS TREE ,123,362.8500000000001,2011-12-06 12:21:00,2011-06-27 13:58:00,25,3
21262,WHITE GOOSE FEATHER CHRISTMAS TREE ,265,781.7500000000001,2011-12-08 12:07:00,2010-12-06 15:00:00,50,1
21263,GREEN GOOSE FEATHER TREE 60CM,161,313.95,2011-12-06 17:26:00,2011-05-10 10:11:00,36,2
21264,WHITE GOOSE FEATHER TREE 60CM ,254,495.29999999999995,2011-12-06 12:56:00,2011-05-10 10:11:00,42,2
21265,PINK GOOSE FEATHER TREE 60CM,128,249.59999999999997,2011-12-07 15:52:00,2011-05-10 10:11:00,16,1
21268,VINTAGE BLUE TINSEL REEL,2,0.84,2010-12-02 15:46:00,2010-12-02 15:46:00,1,371
21272,SALLE DE BAIN HOOK,354,440.7,2011-08-01 17:37:00,2010-12-02 09:43:00,59,129
21278,VINTAGE KITCHEN PRINT PUDDINGS,31,79.05,2011-07-15 14:05:00,2011-01-06 14:53:00,7,146
21279,VINTAGE KITCHEN PRINT FRUITS,65,165.75,2011-12-04 14:55:00,2010-12-16 14:34:00,12,4
21280,VINTAGE KITCHEN PRINT VEGETABLES,65,165.75,2011-11-09 17:47:00,2011-01-10 15:51:00,12,29
21281,VINTAGE KITCHEN PRINT SEAFOOD,35,89.24999999999999,2011-11-09 17:47:00,2010-12-08 16:34:00,6,29
21284,RETROSPOT CANDLE  SMALL,240,252.8,2011-12-08 17:12:00,2010-12-09 14:50:00,23,0
21285,RETROSPOT CANDLE  MEDIUM,302,338.90000000000003,2011-12-08 17:12:00,2010-12-12 11:06:00,32,0
21286,RETROSPOT CANDLE  LARGE,183,227.53,2011-12-08 15:54:00,2010-12-16 19:51:00,16,0
21287,SCENTED VELVET LOUNGE CANDLE ,444,244.41000000000003,2011-12-06 12:26:00,2010-12-03 15:45:00,38,3
21288,STRIPEY CHOCOLATE NESTING BOXES,253,707.95,2011-11-28 14:37:00,2010-12-02 12:10:00,40,10
21289,LARGE STRIPES CHOCOLATE GIFT BAG,235,293.75,2011-11-27 13:26:00,2010-12-06 10:36:00,17,11
21291,SMALL POLKADOT CHOCOLATE GIFT BAG ,456,387.59999999999997,2011-11-28 14:37:00,2010-12-06 10:36:00,31,10
21292,SMALL STRIPES CHOCOLATE GIFT BAG ,353,300.05,2011-11-23 17:43:00,2010-12-01 12:43:00,23,15
21293,MIRRORED DOVE WALL DECORATION,101,214.13000000000002,2011-12-05 17:17:00,2011-03-01 17:28:00,18,3
21294,ETCHED GLASS COASTER,384,191.04,2011-10-16 13:51:00,2010-12-15 16:21:00,40,53
21306,SET/4 DAISY MIRROR MAGNETS,366,131.48,2011-12-05 11:49:00,2010-12-05 15:12:00,34,4
21307,SET/4 BUTTERFLY MIRROR MAGNETS,79,39.199999999999996,2011-07-13 12:06:00,2010-12-05 15:12:00,13,149
21311,SET/4 BIRD MIRROR MAGNETS ,404,144.31,2011-12-04 15:19:00,2010-12-05 15:12:00,43,4
21313,GLASS HEART T-LIGHT HOLDER ,1352,1145.51,2011-12-09 12:00:00,2010-12-02 11:41:00,113,0
21314,SMALL GLASS HEART TRINKET POT,2408,5052.360000000001,2011-12-08 14:39:00,2010-12-01 10:47:00,317,0
21316,SMALL CHUNKY GLASS ROMAN  BOWL,28,58.84,2011-04-10 13:36:00,2011-01-27 16:43:00,7,242
21317,GLASS SPHERE CANDLE STAND MEDIUM,95,510.75,2011-12-06 10:27:00,2011-01-23 14:59:00,26,3
21318,GLASS CHALICE BLUE SMALL ,210,186.48,2011-05-06 10:10:00,2011-01-07 10:47:00,28,217
21319,GLASS CHALICE GREEN  SMALL ,39,49.23,2011-04-10 13:36:00,2011-01-07 10:47:00,10,242
21320,GLASS CHALICE GREEN  LARGE ,66,120.54,2011-04-07 13:09:00,2011-01-27 16:43:00,9,245
21324,HANGING MEDINA LANTERN SMALL,69,203.55,2011-04-18 10:21:00,2010-12-01 09:53:00,20,235
21326,AGED GLASS SILVER T-LIGHT HOLDER,2672,1736.8000000000002,2011-12-09 08:59:00,2010-12-01 11:45:00,202,0
21327,SKULLS WRITING SET ,538,887.6999999999999,2011-12-08 12:50:00,2010-12-01 12:23:00,145,1
21328,BALLOONS  WRITING SET ,755,1253.9499999999998,2011-12-09 11:34:00,2010-12-01 11:21:00,187,0
21329,DINOSAURS  WRITING SET ,586,975.0999999999999,2011-12-09 11:34:00,2010-12-01 12:23:00,168,0
21332,MOROCCAN BEATEN METAL MIRROR,4,15.8,2011-08-15 14:51:00,2011-07-31 14:19:00,2,115
21333,CLASSIC WHITE FRAME,55,162.25,2011-04-05 12:37:00,2010-12-01 13:23:00,15,248
21336,GOLD WASHBAG,8,23.6,2011-05-20 11:53:00,2010-12-06 14:46:00,3,203
21348,PINK SPOTS CHOCOLATE NESTING BOXES ,27,70.05,2011-01-23 13:31:00,2010-12-16 10:38:00,4,319
21349,IVY HEART WREATH,12,81.0,2011-11-01 15:55:00,2010-12-02 17:48:00,7,37
21351,CINAMMON & ORANGE WREATH,101,654.55,2011-12-09 12:20:00,2010-12-01 15:35:00,31,0
21352,EUCALYPTUS & PINECONE  WREATH,263,977.0500000000001,2011-11-15 16:42:00,2010-12-01 15:37:00,36,23
21354,TOAST ITS - BEST MUM,559,677.15,2011-12-01 11:18:00,2010-12-01 16:11:00,64,8
21355,TOAST ITS - I LOVE YOU ,772,955.4,2011-12-09 11:34:00,2010-12-02 10:39:00,107,0
21356,TOAST ITS - FAIRY FLOWER,303,361.9,2011-12-05 17:17:00,2010-12-02 10:17:00,53,3
21357,TOAST ITS - DINOSAUR,19,23.75,2011-03-28 12:52:00,2010-12-02 15:46:00,10,255
21358,TOAST ITS - HAPPY BIRTHDAY,327,408.75,2011-12-06 16:21:00,2010-12-01 12:43:00,59,2
21359,RELAX LARGE WOOD LETTERS,73,288.35,2011-08-11 14:54:00,2011-07-03 16:00:00,16,119
21360,JOY LARGE WOOD LETTERS,29,114.55000000000001,2011-06-06 15:31:00,2011-04-08 09:25:00,6,185
21363,HOME SMALL WOOD LETTERS,207,1024.65,2011-09-25 14:33:00,2010-12-01 09:59:00,90,74
21364,PEACE SMALL WOOD LETTERS,25,168.75,2011-10-13 12:38:00,2010-12-02 08:52:00,21,57
21365,MIRRORED WALL ART STARS,300,324.0,2011-12-08 19:24:00,2010-12-01 16:21:00,41,0
21366,MIRRORED WALL ART PHOTO FRAMES,24,102.0,2011-12-07 15:07:00,2010-12-06 12:21:00,10,1
21367,MIRRORED WALL ART GENTS,115,118.71,2011-12-05 17:17:00,2010-12-01 12:31:00,34,3
21368,MIRRORED WALL ART LADIES,112,87.6,2011-12-05 11:31:00,2011-01-16 11:07:00,29,4
21369,MIRRORED WALL ART SPLODGES,98,142.5,2011-12-05 11:31:00,2011-03-07 13:51:00,13,4
21370,MIRRORED WALL ART FOXY,10,25.9,2011-12-07 16:56:00,2010-12-01 12:31:00,6,1
21371,MIRRORED WALL ART POPPIES,227,238.64999999999998,2011-12-08 19:24:00,2011-01-21 09:52:00,31,0
21372,MIRRORED WALL ART TABLE LAMP,67,75.73,2011-11-28 15:54:00,2010-12-19 14:41:00,25,10
21373,MIRRORED WALL ART SNOWFLAKES,435,326.25,2011-12-07 15:07:00,2011-06-07 10:44:00,43,1
21374,MIRRORED WALL ART SKULLS,210,295.0,2011-11-25 11:58:00,2010-12-01 16:21:00,38,14
21375,LARGE CAMPHOR WOOD FIELD MUSHROOM ,22,107.30000000000001,2011-12-04 10:11:00,2010-12-08 12:46:00,10,5
21376,LARGE  TALL CAMPHOR WOOD TOADSTOOL ,29,149.65,2011-12-04 10:11:00,2010-12-08 12:46:00,13,5
21377,SMALL CAMPHOR WOOD FIELD  MUSHROOM,93,123.20999999999998,2011-12-07 14:39:00,2010-12-03 12:24:00,19,1
21378,SMALL TALL CAMPHOR WOOD TOADSTOOL,129,175.04999999999998,2011-12-07 14:39:00,2010-12-12 11:26:00,22,1
21379,CAMPHOR WOOD PORTOBELLO MUSHROOM,141,155.61,2011-12-07 14:39:00,2010-12-03 12:24:00,23,1
21380,WOODEN HAPPY BIRTHDAY GARLAND,1310,3859.5000000000005,2011-12-02 10:22:00,2010-12-01 17:35:00,223,7
21381,MINI WOODEN HAPPY BIRTHDAY GARLAND,903,1526.0700000000002,2011-12-06 11:58:00,2010-12-02 11:41:00,132,3
21382,SET/4 SPRING FLOWER DECORATION,608,827.8000000000001,2011-12-01 12:01:00,2010-12-09 13:03:00,86,8
21383,PACK OF 12 STICKY BUNNIES,585,380.25,2011-12-08 15:02:00,2010-12-02 11:41:00,73,0
21385,IVORY HANGING DECORATION  HEART,2670,2272.62,2011-12-06 14:50:00,2010-12-02 12:10:00,198,2
21386,IVORY HANGING DECORATION  EGG,617,239.32999999999998,2011-12-04 12:32:00,2010-12-15 10:17:00,45,5
21389,IVORY HANGING DECORATION  BIRD,967,821.9499999999999,2011-12-04 13:55:00,2010-12-16 19:04:00,93,4
21390,FILIGRIS HEART WITH BUTTERFLY,2290,2858.22,2011-12-06 17:23:00,2010-12-02 11:41:00,162,2
21391,FRENCH LAVENDER SCENT HEART,660,617.85,2011-11-21 11:57:00,2010-12-16 16:45:00,68,18
21392,RED POLKADOT PUDDING BOWL,32,38.13,2011-03-17 19:01:00,2010-12-02 15:46:00,6,266
21393,BLUE POLKADOT PUDDING BOWL,29,38.67,2011-03-28 12:23:00,2010-12-02 15:46:00,7,256
21394,RED POLKADOT BEAKER ,378,195.46,2011-11-13 11:55:00,2010-12-23 11:46:00,50,26
21395,BLUE POLKADOT BEAKER ,178,69.42,2011-11-03 16:56:00,2011-03-20 13:28:00,29,35
21397,BLUE POLKADOT EGG CUP ,248,145.74,2011-04-19 16:52:00,2010-12-07 09:13:00,28,233
21398,RED POLKADOT COFFEE  MUG,143,113.91000000000001,2011-04-19 16:52:00,2010-12-01 16:57:00,23,233
21399,BLUE POLKADOT COFFEE MUG,199,110.1,2011-06-05 10:50:00,2010-12-02 15:46:00,27,187
21400,RED PUDDING SPOON,789,103.97999999999999,2011-12-04 14:55:00,2010-12-16 11:53:00,47,4
21401,BLUE PUDDING SPOON,866,115.02,2011-12-06 12:21:00,2010-12-05 15:12:00,55,3
21402,RED  EGG  SPOON,954,115.08,2011-11-30 17:37:00,2011-03-13 12:39:00,55,8
21403,BLUE EGG  SPOON,1142,140.64,2011-12-06 12:21:00,2011-02-25 10:53:00,63,3
21407,BROWN CHECK CAT DOORSTOP ,233,965.0,2011-11-22 11:18:00,2010-12-03 11:35:00,94,17
21408,SPOTTY PINK DUCK DOORSTOP,180,615.5,2011-12-08 14:39:00,2010-12-02 15:03:00,60,0
21411,GINGHAM HEART  DOORSTOP RED,614,2150.9,2011-12-08 19:29:00,2010-12-01 09:59:00,180,0
21413,PERIWINKLE T-LIGHT HOLDER,36,45.0,2011-11-13 15:29:00,2010-12-05 12:42:00,10,25
21414,SCALLOP SHELL SOAP DISH,1,2.1,2011-02-22 16:13:00,2011-02-22 16:13:00,1,289
21415,CLAM SHELL SMALL ,202,375.73,2011-12-08 15:31:00,2010-12-02 13:49:00,30,0
21416,CLAM SHELL LARGE,5,18.75,2011-03-22 16:08:00,2010-12-02 13:49:00,4,261
21417,COCKLE SHELL DISH,175,291.52000000000004,2011-12-08 19:28:00,2010-12-02 13:49:00,30,0
21418,STARFISH SOAP DISH,59,115.25,2011-12-07 13:53:00,2011-02-25 11:33:00,12,1
21420,OYSTER TRINKET BOX,47,83.87,2011-12-07 16:47:00,2011-01-20 12:04:00,13,1
21421,PORCELAIN ROSE LARGE ,94,117.5,2011-05-24 14:00:00,2010-12-02 07:48:00,11,198
21422,PORCELAIN ROSE SMALL,440,378.68,2011-11-28 15:54:00,2010-12-02 07:48:00,39,10
21424,WOODLAND STORAGE BOX LARGE ,131,367.25,2011-10-25 17:31:00,2010-12-17 15:58:00,20,44
21425,SKULLS STORAGE BOX LARGE,67,188.05,2011-12-06 16:34:00,2010-12-16 13:33:00,16,2
21426,WOODLAND STORAGE BOX SMALL,117,233.70000000000002,2011-11-30 09:53:00,2010-12-02 15:46:00,15,9
21427,SKULLS STORAGE BOX SMALL,77,161.70000000000002,2011-12-06 16:34:00,2010-12-01 12:43:00,25,2
21428,SET3 BOOK BOX GREEN GINGHAM FLOWER ,682,2786.5,2011-12-06 14:35:00,2010-12-02 11:22:00,173,2
21429,RED GINGHAM ROSE JEWELLERY BOX,1172,2210.4,2011-12-08 13:43:00,2010-12-01 14:03:00,210,0
21430,SET/3 RED GINGHAM ROSE STORAGE BOX,1862,6628.26,2011-12-08 14:38:00,2010-12-02 11:41:00,311,0
21439,BASKET OF TOADSTOOLS,506,632.5,2011-12-08 13:50:00,2010-12-05 11:57:00,71,0
21441,BLUE BIRDHOUSE DECORATION,376,223.3,2011-12-08 14:53:00,2010-12-01 12:36:00,38,0
21442,GREEN BIRDHOUSE DECORATION,386,229.45999999999998,2011-12-08 15:54:00,2010-12-10 11:01:00,36,0
21445,12 PINK ROSE PEG PLACE SETTINGS,118,147.5,2011-07-22 13:53:00,2010-12-05 12:15:00,20,139
21446,12 RED ROSE PEG PLACE SETTINGS,332,415.0,2011-12-08 19:28:00,2010-12-03 14:35:00,74,0
21447,12 IVORY ROSE PEG PLACE SETTINGS,713,891.25,2011-09-11 15:47:00,2010-12-05 11:49:00,90,88
21448,12 DAISY PEGS IN WOOD BOX,322,531.3,2011-10-16 12:06:00,2010-12-01 11:49:00,62,54
21452,TOADSTOOL MONEY BOX,601,1772.9500000000003,2011-12-07 14:43:00,2010-12-01 13:17:00,131,1
21454,PAINTED PINK RABBIT ,269,228.64999999999998,2011-12-07 13:12:00,2010-12-10 13:27:00,42,1
21455,PAINTED YELLOW WOODEN DAISY,235,199.75,2011-12-07 13:12:00,2011-01-05 15:56:00,31,1
21456,2 PICTURE BOOK EGGS EASTER CHICKS,161,201.25,2011-12-07 14:39:00,2011-01-23 13:58:00,19,1
21457,2 PICTURE BOOK EGGS EASTER DUCKS,115,143.75,2011-11-09 15:09:00,2011-01-23 13:25:00,16,29
21458,2 PICTURE BOOK EGGS EASTER BUNNY,158,197.5,2011-11-09 15:09:00,2011-01-17 15:19:00,19,29
21459,YELLOW EASTER EGG HUNT START POST,75,146.25,2011-04-18 14:50:00,2011-01-14 09:52:00,18,234
21460,GREEN EASTER EGG HUNT START POST,26,50.699999999999996,2011-03-23 11:48:00,2011-01-14 09:52:00,9,261
21461,BLUE EASTER EGG HUNT START POST,8,15.6,2011-03-23 11:48:00,2011-01-16 16:23:00,4,261
21462,"NURSERY A,B,C PAINTED LETTERS",192,859.2,2011-12-09 10:20:00,2010-12-01 15:35:00,67,0
21463,MIRRORED DISCO BALL ,450,2443.0,2011-12-07 10:11:00,2010-12-01 11:21:00,124,2
21464,DISCO BALL ROTATOR BATTERY OPERATED,244,1034.0,2011-12-01 14:38:00,2010-12-01 11:21:00,102,7
21465,PINK FLOWER CROCHET FOOD COVER,193,727.46,2011-12-01 12:55:00,2010-12-02 13:32:00,63,7
21466,RED FLOWER CROCHET FOOD COVER,231,876.29,2011-12-07 12:26:00,2010-12-01 13:54:00,90,2
21467,CHERRY CROCHET FOOD COVER,215,813.67,2011-12-05 13:14:00,2010-12-01 13:54:00,78,3
21468,BUTTERFLY CROCHET FOOD COVER,123,468.67,2011-11-29 13:06:00,2010-12-05 12:29:00,50,9
21469,POLKA DOT RAFFIA FOOD COVER,250,941.21,2011-12-07 08:45:00,2010-12-01 13:54:00,71,2
21470,FLOWER VINE RAFFIA FOOD COVER,336,1271.13,2011-12-05 16:04:00,2010-12-02 13:32:00,114,3
21471,STRAWBERRY RAFFIA FOOD COVER,301,1128.75,2011-11-23 13:51:00,2010-12-01 13:54:00,89,15
21472,LADYBIRD + BEE RAFFIA FOOD COVER,119,446.25,2011-07-15 15:32:00,2010-12-01 17:15:00,33,146
21479,WHITE SKULL HOT WATER BOTTLE ,1637,6468.41,2011-12-09 11:56:00,2010-12-01 10:52:00,369,0
21481,FAWN BLUE HOT WATER BOTTLE,1579,5248.17,2011-12-09 11:59:00,2010-12-01 12:08:00,350,0
21484,CHICK GREY HOT WATER BOTTLE,1113,4323.07,2011-12-08 12:54:00,2010-12-01 10:47:00,270,0
21485,RETROSPOT HEART HOT WATER BOTTLE,2319,11080.050000000001,2011-12-09 11:26:00,2010-12-01 10:19:00,518,0
21486,PINK HEART DOTS HOT WATER BOTTLE,8,30.0,2010-12-05 12:13:00,2010-12-01 12:43:00,4,369
21488,RED WHITE SCARF  HOT WATER BOTTLE,3,11.850000000000001,2010-12-01 16:58:00,2010-12-01 12:35:00,2,372
21494,ROTATING LEAVES T-LIGHT HOLDER,880,1212.53,2011-12-08 13:50:00,2010-12-01 11:58:00,120,0
21495,SKULLS AND CROSSBONES WRAP,3575,1501.5,2011-12-08 15:03:00,2010-12-01 14:41:00,143,0
21497,FANCY FONTS BIRTHDAY WRAP,5400,2268.0,2011-12-09 12:16:00,2010-12-01 13:23:00,216,0
21498,RED RETROSPOT WRAP ,7447,3125.74,2011-12-08 15:03:00,2010-12-01 13:23:00,299,0
21499,BLUE POLKADOT WRAP,4950,2079.0,2011-12-08 12:29:00,2010-12-02 18:15:00,198,1
21500,PINK POLKADOT WRAP ,4925,2068.5,2011-12-05 09:03:00,2010-12-02 15:00:00,197,4
21503,TOYBOX  WRAP ,526,220.92,2011-11-30 16:43:00,2010-12-19 14:41:00,22,8
21504,SKULLS GREETING CARD,1248,524.16,2011-12-07 13:46:00,2010-12-02 13:14:00,87,1
21506,"FANCY FONT BIRTHDAY CARD, ",3264,1370.88,2011-12-09 12:16:00,2010-12-01 10:39:00,241,0
21507,ELEPHANT BIRTHDAY CARD ,828,352.68,2011-12-09 12:16:00,2011-08-28 13:35:00,67,0
21507,"ELEPHANT, BIRTHDAY CARD, ",1562,656.04,2011-08-25 09:55:00,2010-12-10 10:56:00,118,106
21508,VINTAGE KID DOLLY CARD ,1805,758.71,2011-12-08 10:24:00,2010-12-02 15:19:00,137,1
21509,COWBOYS AND INDIANS BIRTHDAY CARD ,2381,1005.55,2011-12-08 14:39:00,2010-12-01 16:21:00,186,0
21518,BANK ACCOUNT  GREETING  CARD ,193,81.06,2011-04-03 15:22:00,2010-12-02 10:39:00,16,249
21519,GIN & TONIC DIET GREETING CARD ,2377,998.34,2011-12-08 17:12:00,2010-12-01 13:23:00,176,0
21520,BOOZE & WOMEN GREETING CARD ,385,161.7,2011-11-01 13:37:00,2010-12-01 13:24:00,32,37
21523,DOORMAT FANCY FONT HOME SWEET HOME,706,4833.48,2011-12-09 10:20:00,2010-12-01 09:41:00,63,0
21524,DOORMAT SPOTTY HOME SWEET HOME,645,4398.3,2011-12-07 12:48:00,2010-12-02 16:34:00,61,2
21527,RED RETROSPOT TRADITIONAL TEAPOT ,132,917.4000000000001,2011-03-11 13:13:00,2010-12-06 09:52:00,11,272
21528,DAIRY MAID TRADITIONAL TEAPOT ,176,1209.2,2011-11-29 15:09:00,2010-12-02 19:18:00,86,9
21530,DAIRY MAID TOASTRACK,684,633.24,2011-12-08 13:50:00,2010-12-02 19:18:00,81,0
21531,RED RETROSPOT SUGAR JAM BOWL,1019,2503.95,2011-12-07 08:03:00,2010-12-02 18:08:00,200,2
21533,RETROSPOT LARGE MILK JUG,1151,5445.450000000001,2011-12-09 08:48:00,2010-12-01 09:41:00,309,0
21534,DAIRY MAID LARGE MILK JUG,321,1563.75,2011-12-07 11:42:00,2010-12-07 13:01:00,124,2
21535,RED RETROSPOT SMALL MILK JUG,1466,3738.2999999999997,2011-12-08 17:24:00,2010-12-09 14:25:00,299,0
21537,RED RETROSPOT PUDDING BOWL,230,977.5,2011-12-07 08:45:00,2010-12-02 11:41:00,55,2
21538,DAIRY MAID  PUDDING BOWL,5,18.75,2010-12-09 13:34:00,2010-12-02 11:41:00,2,364
21539,RED RETROSPOT BUTTER DISH,810,3879.3,2011-11-01 14:54:00,2010-12-02 15:18:00,209,37
21544,SKULLS  WATER TRANSFER TATTOOS ,1215,1032.75,2011-12-08 11:43:00,2010-12-01 11:41:00,105,1
21547,CERAMIC BIRDHOUSE CRESTED TIT SMALL,72,212.40000000000003,2011-03-22 13:11:00,2010-12-06 15:25:00,16,261
21555,CERAMIC STRAWBERRY TRINKET TRAY,55,140.25,2011-11-06 16:07:00,2010-12-05 11:57:00,12,32
21556,CERAMIC STRAWBERRY MONEY BOX,216,536.4,2011-11-23 12:20:00,2010-12-01 12:08:00,45,16
21557,SET OF 6 FUNKY BEAKERS,180,548.0400000000001,2011-12-06 12:19:00,2010-12-01 09:41:00,50,3
21558,SKULL LUNCH BOX WITH CUTLERY ,1160,2958.0,2011-12-05 13:14:00,2010-12-03 14:35:00,252,3
21559,STRAWBERRY LUNCH BOX WITH CUTLERY,1989,5105.69,2011-12-09 10:13:00,2010-12-01 09:37:00,401,0
21561,DINOSAUR LUNCH BOX WITH CUTLERY,651,1659.1799999999998,2011-12-08 11:43:00,2010-12-02 12:28:00,157,1
21562,HAWAIIAN GRASS SKIRT ,159,198.75,2011-11-21 12:53:00,2010-12-10 09:33:00,22,17
21563,RED HEART SHAPE LOVE BUCKET ,662,1541.0200000000002,2011-12-09 10:46:00,2010-12-02 12:18:00,127,0
21564,PINK  HEART SHAPE LOVE BUCKET ,464,989.32,2011-12-09 10:46:00,2010-12-03 12:24:00,98,0
21576,LETS GO SHOPPING COTTON TOTE BAG,177,403.67,2011-12-08 11:25:00,2010-12-01 14:05:00,46,1
21577,SAVE THE PLANET COTTON TOTE BAG,549,1235.25,2011-12-02 13:20:00,2010-12-01 12:31:00,116,6
21578,WOODLAND DESIGN  COTTON TOTE BAG,433,974.25,2011-11-06 12:50:00,2010-12-02 15:46:00,79,33
21579,LOLITA  DESIGN  COTTON TOTE BAG,152,342.0,2011-12-06 12:19:00,2010-12-01 14:05:00,32,3
21580,RABBIT  DESIGN  COTTON TOTE BAG,90,202.5,2011-11-30 15:31:00,2010-12-05 13:21:00,24,8
21581,SKULLS  DESIGN  COTTON TOTE BAG,165,371.25,2011-11-25 13:30:00,2010-12-02 15:46:00,40,13
21584,RETROSPOT SMALL TUBE MATCHES,959,1578.35,2011-12-07 12:21:00,2010-12-01 12:23:00,145,2
21586,KINGS CHOICE GIANT TUBE MATCHES,395,985.65,2011-09-13 16:40:00,2010-12-01 12:15:00,63,86
21587,COSY HOUR GIANT TUBE MATCHES,147,374.84999999999997,2011-10-18 10:53:00,2010-12-01 11:21:00,25,52
21588,RETROSPOT GIANT TUBE MATCHES,666,1687.4999999999998,2011-12-08 11:43:00,2010-12-01 12:43:00,126,1
21591,COSY HOUR CIGAR BOX MATCHES ,991,1238.75,2011-12-09 11:34:00,2010-12-01 12:15:00,141,0
21592,RETROSPOT CIGAR BOX MATCHES ,1442,1609.0,2011-12-08 14:39:00,2010-12-01 11:21:00,205,0
21609,SET 12 LAVENDER  BOTANICAL T-LIGHTS,328,967.6000000000001,2011-08-30 14:09:00,2010-12-01 11:45:00,68,100
21613,S/12 VANILLA  BOTANICAL T-LIGHTS,173,510.3500000000001,2011-10-27 13:33:00,2010-12-05 16:24:00,37,42
21614,SET OF 12 ROSE BOTANICAL T-LIGHTS,48,141.60000000000002,2011-05-31 10:43:00,2011-04-19 10:19:00,7,192
21615,4 LAVENDER BOTANICAL DINNER CANDLES,671,983.75,2011-12-04 15:00:00,2010-12-09 12:20:00,98,4
21616,4 PEAR BOTANICAL DINNER CANDLES,635,943.75,2011-12-08 13:04:00,2010-12-05 15:12:00,102,0
21617,4 LILY  BOTANICAL DINNER CANDLES,434,803.0,2011-11-20 11:33:00,2010-12-06 17:16:00,75,19
21618,4 WILDFLOWER BOTANICAL CANDLES,301,471.25,2011-11-14 17:40:00,2010-12-06 12:41:00,51,24
21619,4 VANILLA BOTANICAL CANDLES,716,1022.5,2011-12-08 13:50:00,2010-12-13 13:10:00,119,0
21620,SET OF 4 ROSE BOTANICAL CANDLES,795,1188.75,2011-12-09 11:26:00,2010-12-01 16:57:00,124,0
21621,VINTAGE UNION JACK BUNTING,1,7.45,2011-02-02 14:39:00,2011-02-02 14:39:00,1,309
21622,VINTAGE UNION JACK CUSHION COVER,358,1755.3000000000002,2011-12-07 14:12:00,2010-12-01 10:03:00,92,1
21624,VINTAGE UNION JACK DOORSTOP,203,1184.8500000000001,2011-12-04 12:52:00,2010-12-05 13:55:00,82,4
21625,VINTAGE UNION JACK APRON,300,2070.0,2011-12-07 15:07:00,2010-12-01 13:21:00,112,1
21626,VINTAGE UNION JACK PENNANT,633,1234.35,2011-11-21 16:24:00,2010-12-05 11:04:00,71,17
21629,SQUARE FLOOR CUSHION VINTAGE RED,10,69.5,2011-10-18 12:17:00,2011-10-16 13:23:00,2,52
21631,HIPPY CHIC DECORATIVE PARASOL,108,426.6,2011-01-21 13:13:00,2010-12-14 12:59:00,9,321
21632,VINTAGE PINK DECORATIVE PARASOL,60,237.00000000000003,2011-01-05 10:35:00,2010-12-14 12:59:00,5,338
21633,SUNFLOWER DECORATIVE PARASOL,36,142.20000000000002,2011-01-19 11:50:00,2010-12-16 17:43:00,3,324
21634,ASSORTED MINI MADRAS NOTEBOOK,420,256.68,2011-09-29 11:39:00,2011-03-04 10:21:00,18,71
21635,MADRAS NOTEBOOK LARGE ,126,187.5,2011-07-13 11:00:00,2010-12-05 12:42:00,14,149
21636,MADRAS NOTEBOOK MEDIUM,635,492.45,2011-12-05 14:29:00,2011-02-10 09:21:00,66,3
21637,ASSORTED SANSKRIT MINI NOTEBOOK,73,91.25,2011-10-10 15:27:00,2011-03-20 15:02:00,5,59
21638,ASSORTED TUTTI FRUTTI NOTEBOOK,185,388.50000000000006,2011-12-08 13:50:00,2010-12-06 13:34:00,30,0
21640,ASSORTED TUTTI FRUTTI  FOB NOTEBOOK,385,327.25,2011-12-08 13:50:00,2010-12-05 16:00:00,44,0
21641,ASSORTED TUTTI FRUTTI KEYRING BALL,296,134.23999999999998,2011-09-11 14:09:00,2011-02-10 16:52:00,17,88
21642,ASSORTED TUTTI FRUTTI PEN,1035,336.54999999999995,2011-12-05 17:36:00,2010-12-03 14:54:00,70,3
21643,ASSORTED TUTTI FRUTTI MIRROR,282,347.94,2011-11-09 16:28:00,2010-12-01 16:57:00,27,29
21644,ASSORTED TUTTI FRUTTI HEART BOX,215,268.75,2011-11-27 16:27:00,2010-12-06 13:13:00,32,11
21647,ASSORTED TUTTI FRUTTI LARGE PURSE,106,222.60000000000002,2011-11-27 12:00:00,2010-12-06 12:41:00,24,12
21648,ASSORTED TUTTI FRUTTI SMALL PURSE,430,532.94,2011-11-14 14:02:00,2010-12-06 12:40:00,28,24
21650,ASSORTED TUTTI FRUTTI BRACELET,792,173.94000000000003,2011-12-07 12:55:00,2010-12-05 12:53:00,45,1
21651,HANGING GLASS ETCHED TEALIGHT,53,87.44999999999999,2011-02-21 13:51:00,2010-12-01 12:15:00,8,290
21654,RIDGED GLASS FINGER BOWL,184,135.35999999999999,2011-09-18 12:21:00,2010-12-01 13:21:00,30,82
21655,HANGING RIDGE GLASS T-LIGHT HOLDER,36,60.84,2011-02-11 13:53:00,2011-01-11 13:54:00,2,300
21656,RIDGED GLASS POSY VASE ,117,169.64999999999998,2011-04-21 13:22:00,2010-12-15 12:09:00,17,231
21657,MILK BOTTLE WITH GLASS STOPPER ,28,194.60000000000002,2011-02-20 13:18:00,2010-12-01 13:21:00,15,291
21658,GLASS  BEURRE DISH,626,2374.06,2011-07-19 12:10:00,2010-12-01 13:21:00,123,143
21661,VINTAGE GLASS TEA CADDY,3,17.85,2011-02-22 13:20:00,2011-01-04 11:34:00,3,289
21662,VINTAGE GLASS COFFEE CADDY,26,154.70000000000002,2011-08-15 14:17:00,2010-12-01 13:21:00,15,115
21664,RIDGED GLASS STORAGE JAR CREAM LID,48,180.0,2011-10-17 12:22:00,2010-12-01 12:49:00,16,53
21666,RIDGED GLASS T-LIGHT HOLDER,336,218.4,2011-12-06 11:39:00,2010-12-13 15:12:00,32,3
21668,RED STRIPE CERAMIC DRAWER KNOB,3255,4255.79,2011-12-09 11:34:00,2010-12-01 15:21:00,313,0
21669,BLUE STRIPE CERAMIC DRAWER KNOB,3406,4480.5,2011-12-09 11:34:00,2010-12-02 10:39:00,329,0
21670,BLUE SPOT CERAMIC DRAWER KNOB,2792,3624.64,2011-12-09 11:34:00,2010-12-01 14:41:00,274,0
21671,RED SPOT CERAMIC DRAWER KNOB,2699,3502.39,2011-12-07 12:49:00,2010-12-02 10:39:00,261,2
21672,WHITE SPOT RED CERAMIC DRAWER KNOB,2842,3704.1,2011-12-07 12:49:00,2010-12-01 09:41:00,284,2
21673,WHITE SPOT BLUE CERAMIC DRAWER KNOB,2783,3631.19,2011-12-09 11:34:00,2010-12-02 10:39:00,262,0
21675,BUTTERFLIES STICKERS,483,416.78999999999996,2011-12-05 17:17:00,2010-12-06 10:19:00,50,3
21676,FLOWERS  STICKERS,211,191.04999999999998,2011-11-30 09:53:00,2010-12-01 11:45:00,32,9
21677,HEARTS  STICKERS,730,629.0799999999999,2011-12-01 12:53:00,2010-12-03 12:24:00,79,7
21678,PAISLEY PATTERN  STICKERS,104,88.39999999999999,2011-11-25 11:25:00,2010-12-01 11:45:00,16,14
21679,SKULLS  STICKERS,856,727.5999999999999,2011-12-07 13:53:00,2010-12-02 12:47:00,82,1
21680,WOODLAND  STICKERS,576,489.59999999999997,2011-12-07 12:41:00,2010-12-06 15:13:00,50,2
21682,LARGE MEDINA STAMPED METAL BOWL ,176,871.2,2011-12-04 13:00:00,2010-12-05 12:42:00,49,4
21683,MEDIUM MEDINA STAMPED METAL BOWL ,267,787.6500000000001,2011-12-05 16:05:00,2010-12-05 13:49:00,47,3
21684,SMALL MEDINA STAMPED METAL BOWL ,248,212.41,2011-12-09 12:31:00,2010-12-09 09:27:00,33,0
21688,SILVER PLATE CANDLE BOWL SMALL,268,790.6000000000001,2011-11-30 09:53:00,2010-12-01 13:51:00,38,9
21689,SILVER VANILLA  FLOWER CANDLE POT,92,345.0,2011-12-06 12:45:00,2010-12-07 15:39:00,23,3
21690,SILVER  CANDLEPOT JARDIN ,22,82.5,2011-01-30 15:48:00,2010-12-01 13:54:00,7,312
21692,SILVER LATTICE VANILLA CANDLE POT,17,63.75,2011-02-25 11:56:00,2010-12-06 12:41:00,7,287
21693,SMALL HAMMERED SILVER CANDLEPOT ,310,914.5000000000001,2011-12-06 12:45:00,2010-12-05 16:24:00,42,3
21694,SMALL REGAL  SILVER CANDLEPOT ,111,327.45000000000005,2011-12-05 14:03:00,2010-12-01 13:51:00,18,3
21695,SMALL SILVER FLOWER CANDLE POT,241,710.9500000000002,2011-11-30 09:53:00,2010-12-05 14:25:00,34,9
21696,SMALL SILVER TRELLIS CANDLEPOT,220,649.0000000000001,2011-11-23 14:35:00,2010-12-05 13:03:00,29,15
21698,MOCK LOBSTER FRIDGE MAGNET,230,102.58,2011-12-07 16:47:00,2010-12-17 16:53:00,21,1
21700,BIG DOUGHNUT FRIDGE MAGNETS,918,780.3,2011-12-07 13:46:00,2010-12-02 14:40:00,79,1
21703,BAG 125g SWIRLY MARBLES,2040,866.23,2011-12-08 19:24:00,2010-12-01 17:35:00,199,0
21704,BAG 250g SWIRLY MARBLES,1452,1249.02,2011-12-08 19:28:00,2010-12-01 17:35:00,163,0
21705,BAG 500g SWIRLY MARBLES,885,1056.4499999999998,2011-12-09 11:26:00,2010-12-01 11:41:00,103,0
21706,FOLDING UMBRELLA RED/WHITE POLKADOT,225,1099.75,2011-12-06 08:55:00,2010-12-01 11:49:00,66,3
21707,FOLDING UMBRELLA BLACKBLUE POLKADOT,118,581.3000000000001,2011-12-06 08:55:00,2010-12-15 15:14:00,45,3
21708,FOLDING UMBRELLA CREAM POLKADOT,102,499.3,2011-11-28 11:00:00,2010-12-01 11:49:00,31,11
21709,FOLDING UMBRELLA CHOCOLATE POLKADOT,86,420.1,2011-11-25 13:40:00,2010-12-01 17:35:00,30,13
21710,FOLDING UMBRELLA PINKWHITE POLKADOT,83,402.45,2011-11-25 11:41:00,2010-12-01 11:49:00,30,14
21711,FOLDING UMBRELLA WHITE/RED POLKADOT,50,241.9,2011-11-24 14:40:00,2010-12-01 11:49:00,22,14
21713,CITRONELLA CANDLE FLOWERPOT,564,1184.4,2011-12-06 12:38:00,2010-12-06 08:34:00,123,3
21714,CITRONELLA CANDLE GARDEN POT,977,1221.25,2011-12-07 14:12:00,2010-12-02 15:46:00,124,1
21715,GIRLS VINTAGE TIN SEASIDE BUCKET,693,1767.1499999999999,2011-12-08 13:50:00,2010-12-01 12:03:00,127,0
21716,BOYS VINTAGE TIN SEASIDE BUCKET,774,1978.52,2011-12-06 12:59:00,2010-12-01 12:03:00,126,2
21717,EASTER TIN BUCKET,181,461.54999999999995,2011-03-22 11:05:00,2010-12-15 13:21:00,34,262
21718,RED METAL BEACH SPADE ,984,1232.42,2011-12-08 13:50:00,2010-12-01 12:03:00,137,0
21719,LOVELY BONBON STICKER SHEET,251,213.35,2011-11-28 13:06:00,2010-12-02 10:27:00,33,10
21720,CAKE SHOP  STICKER SHEET,57,48.449999999999996,2011-07-26 09:51:00,2010-12-06 10:19:00,8,136
21721,CANDY SHOP  STICKER SHEET,175,148.75,2011-10-26 13:56:00,2010-12-03 17:20:00,20,43
21722,SWEET PUDDING STICKER SHEET,65,55.24999999999999,2011-11-28 13:06:00,2010-12-02 10:27:00,15,10
21723,ALPHABET HEARTS STICKER SHEET,267,226.95,2011-12-05 16:55:00,2010-12-05 13:00:00,36,3
21724,PANDA AND BUNNIES STICKER SHEET,343,291.55,2011-12-08 11:43:00,2010-12-01 08:45:00,56,1
21725,SWEETIES  STICKERS,226,192.1,2011-11-17 14:26:00,2010-12-06 12:23:00,31,21
21726,MULTI HEARTS  STICKERS,231,196.35,2011-12-07 13:35:00,2010-12-03 17:20:00,36,1
21730,GLASS STAR FROSTED T-LIGHT HOLDER,493,2279.35,2011-12-07 16:56:00,2010-12-01 08:26:00,116,1
21731,RED TOADSTOOL LED NIGHT LIGHT,5087,8432.909999999998,2011-12-09 10:46:00,2010-12-01 08:45:00,461,0
21733,RED HANGING HEART T-LIGHT HOLDER,2949,8714.43,2011-12-08 14:38:00,2010-12-01 11:41:00,608,0
21735,TWO DOOR CURIO CABINET,1,6.0,2011-05-11 13:42:00,2011-05-11 13:42:00,1,211
21736,GOLD SCROLL GLASS T-LIGHT HOLDER,44,61.620000000000005,2011-04-06 12:08:00,2011-01-20 12:04:00,4,247
21738,COSY SLIPPER SHOES SMALL  RED ,43,126.85000000000001,2011-10-20 12:43:00,2010-12-01 11:49:00,18,50
21739,COSY SLIPPER SHOES SMALL GREEN,141,411.54,2011-12-08 13:50:00,2010-12-01 11:49:00,48,0
21741,COSY SLIPPER SHOES LARGE GREEN,131,386.45000000000005,2011-11-16 12:08:00,2010-12-02 12:09:00,28,23
21742,LARGE ROUND WICKER PLATTER ,192,1142.4,2011-12-08 16:18:00,2010-12-01 12:49:00,89,0
21743,STAR PORTABLE TABLE LIGHT ,130,383.50000000000006,2011-09-13 11:24:00,2010-12-01 11:21:00,29,87
21744,SNOWFLAKE PORTABLE TABLE LIGHT ,365,1122.19,2011-11-24 13:40:00,2010-12-01 11:21:00,80,14
21745,GAOLERS KEYS DECORATIVE GARDEN ,892,3275.88,2011-12-07 11:43:00,2010-12-02 14:26:00,202,2
21746,SMALL RED RETROSPOT WINDMILL,1726,2162.34,2011-11-29 08:07:00,2010-12-06 13:41:00,168,10
21747,SMALL SKULL WINDMILL,305,381.25,2011-11-30 14:00:00,2010-12-19 14:41:00,39,8
21749,LARGE RED RETROSPOT WINDMILL,532,1114.2,2011-11-17 12:55:00,2010-12-14 16:23:00,97,21
21750,LARGE SKULL WINDMILL,77,161.70000000000002,2011-10-18 13:29:00,2011-03-18 13:51:00,16,51
21754,HOME BUILDING BLOCK WORD,2595,15285.050000000001,2011-12-08 13:59:00,2010-12-01 08:34:00,688,0
21755,LOVE BUILDING BLOCK WORD,1922,11386.25,2011-12-09 12:00:00,2010-12-01 08:34:00,554,0
21756,BATH BUILDING BLOCK WORD,777,4632.900000000001,2011-12-08 13:22:00,2010-12-01 08:35:00,241,0
21757,LIGHTHOUSE PRINTED METAL SIGN,6,29.700000000000003,2011-02-17 12:29:00,2011-01-09 11:34:00,3,295
21758,VINTAGE SHELLS PRINT,32,202.4,2011-11-16 08:53:00,2011-01-31 15:52:00,14,23
21770,OPEN CLOSED METAL SIGN,865,4277.55,2011-12-08 17:37:00,2011-03-24 12:11:00,331,0
21773,DECORATIVE ROSE BATHROOM BOTTLE,488,450.64,2011-11-29 14:20:00,2010-12-07 15:03:00,54,9
21774,DECORATIVE CATS BATHROOM BOTTLE,343,349.07,2011-11-29 14:20:00,2010-12-05 11:57:00,48,9
21775,DECORATIVE FLORE BATHROOM BOTTLE,235,293.75,2011-11-29 14:20:00,2011-01-13 15:34:00,40,9
21785,RAIN PONCHO ,3,2.55,2011-01-09 11:27:00,2010-12-05 12:53:00,3,334
21786,POLKADOT RAIN HAT ,1058,451.33,2011-12-08 19:57:00,2010-12-01 13:24:00,83,0
21787,RAIN PONCHO RETROSPOT,2032,1730.08,2011-12-06 11:39:00,2010-12-05 11:57:00,155,3
21788,KIDS RAIN MAC BLUE,671,571.13,2011-12-06 11:39:00,2010-12-02 16:38:00,61,3
21789,KIDS RAIN MAC PINK,700,590.98,2011-12-02 13:12:00,2010-12-01 16:57:00,65,6
21790,VINTAGE SNAP CARDS,6793,5843.469999999999,2011-12-09 12:20:00,2010-12-01 11:57:00,664,0
21791,VINTAGE HEADS AND TAILS CARD GAME ,4172,5263.4,2011-12-08 19:24:00,2010-12-01 08:45:00,459,0
21792,CLASSIC FRENCH STYLE BASKET GREEN ,331,1388.65,2011-08-03 12:58:00,2010-12-15 15:00:00,70,127
21793,CLASSIC FRENCH STYLE BASKET BROWN,256,1082.44,2011-11-28 15:54:00,2010-12-19 13:31:00,65,10
21794,CLASSIC FRENCH STYLE BASKET NATURAL,400,1665.52,2011-10-24 17:07:00,2010-12-01 12:43:00,90,45
21801,CHRISTMAS TREE DECORATION WITH BELL,61,25.62,2011-10-30 11:22:00,2010-12-05 12:35:00,11,40
21802,CHRISTMAS TREE HEART DECORATION,169,70.98,2011-11-21 11:55:00,2010-12-05 12:35:00,23,18
21803,CHRISTMAS TREE STAR DECORATION,93,39.06,2011-12-09 12:20:00,2010-12-05 12:35:00,22,0
21804,WHITE CHRISTMAS GARLAND STARS TREES,178,656.7,2011-12-02 11:28:00,2010-12-01 12:43:00,40,7
21807,WHITE CHRISTMAS STAR DECORATION,126,52.92,2011-10-31 16:24:00,2010-12-05 12:35:00,17,38
21808,"CHRISTMAS GARLAND STARS,TREES",99,366.25,2011-12-08 13:50:00,2010-12-01 15:35:00,21,0
21809,CHRISTMAS HANGING TREE WITH BELL,369,248.22,2011-12-09 12:20:00,2010-12-01 15:35:00,59,0
21810,CHRISTMAS HANGING STAR WITH BELL,694,438.38,2011-12-09 10:51:00,2010-12-01 12:49:00,94,0
21811,CHRISTMAS HANGING HEART WITH BELL,72,90.0,2011-01-12 13:40:00,2010-12-01 11:45:00,14,330
21811,HANGING HEART WITH BELL,660,436.46,2011-11-23 12:45:00,2011-02-27 12:41:00,76,16
21812,GARLAND WITH HEARTS AND BELLS,187,904.6500000000001,2011-12-06 11:51:00,2010-12-06 15:14:00,41,3
21813,GARLAND WITH STARS AND BELLS,208,1008.6,2011-12-06 11:51:00,2010-12-01 15:35:00,39,3
21814,HEART T-LIGHT HOLDER ,71,102.95,2011-11-27 13:00:00,2010-12-01 12:23:00,12,11
21815,STAR  T-LIGHT HOLDER ,131,189.95,2011-11-23 12:58:00,2010-12-01 12:23:00,18,15
21816,CHRISTMAS TREE T-LIGHT HOLDER,33,47.849999999999994,2011-11-27 13:00:00,2010-12-01 12:23:00,7,11
21817,GLITTER CHRISTMAS TREE,254,135.86,2011-11-09 15:17:00,2010-12-01 15:35:00,36,29
21818,GLITTER CHRISTMAS HEART ,82,69.69999999999999,2010-12-21 13:58:00,2010-12-01 15:35:00,14,352
21818,GLITTER HEART DECORATION,598,274.06,2011-12-07 16:56:00,2011-02-02 12:26:00,87,1
21819,GLITTER CHRISTMAS STAR ,514,255.1,2011-12-08 13:50:00,2010-12-05 14:45:00,79,0
21820,GLITTER HEART GARLAND WITH BELLS ,288,1068.59,2011-12-05 16:05:00,2010-12-02 19:18:00,58,3
21821,GLITTER STAR GARLAND WITH BELLS ,223,825.45,2011-11-29 16:16:00,2010-12-02 19:18:00,40,9
21822,GLITTER CHRISTMAS TREE WITH BELLS,375,336.43,2011-12-07 11:16:00,2010-12-05 16:24:00,53,2
21823,PAINTED METAL HEART WITH HOLLY BELL,859,505.66999999999996,2011-11-15 12:02:00,2010-12-01 11:45:00,64,24
21824,PAINTED METAL STAR WITH HOLLY BELLS,1113,566.5699999999999,2011-11-15 12:02:00,2010-12-01 11:45:00,66,24
21826,EIGHT PIECE DINOSAUR SET,92,115.0,2011-03-16 13:00:00,2010-12-01 12:54:00,18,267
21827,EIGHT PIECE CREEPY CRAWLIE SET,6,7.5,2011-03-29 17:23:00,2010-12-06 12:55:00,3,254
21828,EIGHT PIECE SNAKE  SET,311,388.75,2011-12-07 12:41:00,2010-12-03 12:24:00,68,2
21829,DINOSAUR KEYRINGS ASSORTED,28,9.87,2011-10-17 13:31:00,2011-02-07 11:56:00,6,52
21830,ASSORTED CREEPY CRAWLIES,1639,690.43,2011-11-23 13:39:00,2010-12-03 12:24:00,74,15
21832,CHOCOLATE CALCULATOR,779,1296.83,2011-12-08 19:57:00,2010-12-01 09:45:00,115,0
21833,CAMOUFLAGE LED TORCH,1164,1967.16,2011-12-07 12:26:00,2010-12-01 14:05:00,101,2
21836,GINGHAM OVEN GLOVE RED HEART ,3,11.25,2011-01-20 15:22:00,2010-12-05 12:29:00,2,322
21839,MUMMY MOUSE RED GINGHAM RIBBON,1,5.45,2011-03-27 14:28:00,2011-03-27 14:28:00,1,256
21841,BABY MOUSE RED GINGHAM DRESS,44,187.0,2011-11-29 10:57:00,2011-03-07 17:52:00,19,10
21844,RED RETROSPOT MUG,877,2553.55,2011-12-06 14:30:00,2010-12-01 10:52:00,123,2
21845,DAIRY MAID STRIPE MUG,274,367.66,2011-10-17 14:51:00,2010-12-03 14:54:00,42,52
21846,PINK DIAMANTE PEN IN GIFT BOX,64,299.3,2011-12-08 19:28:00,2010-12-08 15:56:00,19,0
21847,GREEN  DIAMANTE PEN IN GIFT BOX,9,44.550000000000004,2011-11-02 15:56:00,2011-03-28 14:33:00,5,36
21849,SILVER DIAMANTE PEN IN GIFT BOX,49,242.55,2011-12-04 14:45:00,2010-12-02 13:32:00,21,4
21850,BLUE  DIAMANTE PEN IN GIFT BOX,24,118.80000000000001,2011-12-06 12:56:00,2010-12-01 16:57:00,20,2
21851,LILAC DIAMANTE PEN IN GIFT BOX,23,113.85000000000001,2011-11-17 14:29:00,2010-12-02 13:32:00,12,21
21864,UNION JACK FLAG PASSPORT COVER ,351,724.8000000000001,2011-12-08 12:07:00,2010-12-05 13:00:00,91,1
21865,PINK UNION JACK  PASSPORT COVER ,220,457.08000000000004,2011-12-08 12:07:00,2010-12-05 13:42:00,68,1
21866,UNION JACK FLAG LUGGAGE TAG,534,666.71,2011-12-08 12:07:00,2010-12-01 11:45:00,106,1
21867,PINK UNION JACK  LUGGAGE TAG,261,330.02,2011-12-08 20:01:00,2010-12-01 11:45:00,75,0
21868,POTTING SHED TEA MUG,1840,2376.56,2011-12-05 17:17:00,2010-12-02 11:22:00,224,3
21870,I CAN ONLY PLEASE ONE PERSON MUG,1169,1461.25,2011-06-06 16:41:00,2010-12-01 13:24:00,134,185
21871,SAVE THE PLANET MUG,1983,2700.71,2011-12-09 10:20:00,2010-12-01 09:02:00,253,0
21872,GLAMOROUS  MUG,593,765.73,2011-12-09 08:48:00,2010-12-02 11:45:00,114,0
21873,IF YOU CAN'T STAND THE HEAT MUG,383,490.99,2011-12-08 13:59:00,2010-12-01 13:24:00,76,0
21874,GIN AND TONIC MUG,1453,1947.05,2011-12-08 15:31:00,2010-12-01 13:24:00,188,0
21875,KINGS CHOICE MUG,596,761.32,2011-12-06 15:43:00,2010-12-02 11:02:00,104,2
21876,POTTERING MUG,1261,1782.9299999999998,2011-12-08 10:59:00,2010-12-05 10:36:00,176,1
21877,HOME SWEET HOME MUG,2220,3035.92,2011-12-09 10:20:00,2010-12-01 17:24:00,279,0
21878,PACK OF 6 SANDCASTLE FLAGS ASSORTED,1454,1236.6799999999998,2011-12-08 13:50:00,2010-12-03 10:43:00,140,0
21879,HEARTS GIFT TAPE,713,242.65000000000003,2011-12-05 16:55:00,2010-12-09 14:55:00,53,3
21880,RED RETROSPOT TAPE,1170,581.1,2011-12-07 17:05:00,2010-12-01 11:49:00,95,1
21881,CUTE CATS TAPE,495,224.35000000000002,2011-12-05 17:17:00,2010-12-02 10:27:00,42,3
21882,SKULLS TAPE,406,153.5,2011-11-28 13:26:00,2010-12-03 11:19:00,37,10
21883,STARS GIFT TAPE ,1128,535.46,2011-12-07 17:05:00,2010-12-01 08:45:00,90,1
21884,CAKES AND BOWS GIFT  TAPE,501,204.21,2011-12-04 11:45:00,2010-12-03 11:19:00,40,5
21888,BINGO SET,981,3723.27,2011-12-04 14:15:00,2010-12-01 16:57:00,271,4
21889,WOODEN BOX OF DOMINOES,3709,4698.1,2011-12-08 18:42:00,2010-12-01 10:29:00,431,0
21890,S/6 WOODEN SKITTLES IN COTTON BAG,774,2483.16,2011-12-08 18:22:00,2010-12-01 12:03:00,170,0
21891,TRADITIONAL WOODEN SKIPPING ROPE,2642,3703.2999999999997,2011-12-08 18:22:00,2010-12-01 10:29:00,318,0
21892,TRADITIONAL WOODEN CATCH CUP GAME ,2280,2918.97,2011-12-06 12:59:00,2010-12-01 12:03:00,287,2
21894,POTTING SHED SEED ENVELOPES,471,604.48,2011-12-08 13:50:00,2010-12-01 12:31:00,71,0
21895,POTTING SHED SOW 'N' GROW SET,1,4.25,2010-12-01 12:31:00,2010-12-01 12:31:00,1,373
21896,POTTING SHED TWINE,334,701.4000000000001,2011-11-22 13:02:00,2010-12-08 12:46:00,86,16
21898,POTTING SHED ROSE CANDLE,7,20.650000000000002,2011-03-15 12:11:00,2011-02-17 12:42:00,5,269
21899,GARAGE KEY FOB,682,458.0,2011-12-08 16:18:00,2011-07-03 15:53:00,114,0
21899,"KEY FOB , GARAGE DESIGN",910,591.5,2011-07-04 16:08:00,2010-12-02 14:09:00,96,157
21900,"KEY FOB , SHED",1977,1316.41,2011-12-08 16:18:00,2010-12-05 13:00:00,255,0
21901,"KEY FOB , BACK DOOR ",1550,1021.22,2011-12-08 17:54:00,2010-12-02 14:09:00,230,0
21902,"KEY FOB , FRONT  DOOR ",1189,779.71,2011-12-08 16:18:00,2010-12-02 14:09:00,157,0
21903,MAN FLU METAL SIGN,791,1734.7800000000002,2011-12-07 14:34:00,2010-12-05 13:55:00,148,1
21904,HOUSE WRECKING METAL SIGN ,50,105.0,2011-05-25 17:31:00,2010-12-05 13:55:00,23,197
21905,MORE BUTTER METAL SIGN ,504,563.11,2011-11-29 15:39:00,2010-12-03 12:43:00,107,9
21906,PHARMACIE FIRST AID TIN,241,1620.79,2011-12-05 14:19:00,2010-12-03 13:43:00,90,3
21907,I'M ON HOLIDAY METAL SIGN,2052,4313.35,2011-12-07 15:56:00,2010-12-01 11:21:00,324,1
21908,CHOCOLATE THIS WAY METAL SIGN,2265,4823.040000000001,2011-12-08 15:31:00,2010-12-02 15:55:00,359,0
21910,WAY OUT METAL SIGN ,36,59.39999999999999,2011-02-16 16:57:00,2010-12-05 16:24:00,8,295
21911,GARDEN METAL SIGN ,105,173.24999999999997,2011-03-07 13:10:00,2010-12-02 14:09:00,20,276
21912,VINTAGE SNAKES & LADDERS,929,3543.11,2011-12-08 13:04:00,2010-12-01 09:45:00,258,0
21913,VINTAGE SEASIDE JIGSAW PUZZLES,305,1142.53,2011-12-07 13:35:00,2010-12-01 08:45:00,89,1
21914,BLUE HARMONICA IN BOX ,4671,5951.28,2011-12-09 12:16:00,2010-12-01 11:41:00,479,0
21915,RED  HARMONICA IN BOX ,5351,6786.97,2011-12-07 15:07:00,2010-12-01 11:41:00,494,1
21916,SET 12 RETRO WHITE CHALK STICKS,2572,1088.44,2011-12-09 12:31:00,2010-12-01 11:57:00,231,0
21917,SET 12 KIDS  WHITE CHALK STICKS,2122,893.7,2011-12-08 15:03:00,2010-12-01 14:34:00,172,0
21918,SET 12 KIDS COLOUR  CHALK STICKS,3400,1435.48,2011-12-09 12:16:00,2010-12-02 09:44:00,266,0
21922,UNION STRIPE WITH FRINGE  HAMMOCK,318,2210.1000000000004,2011-08-09 16:42:00,2011-02-01 10:14:00,25,121
21925,UNION STRIPE CUSHION COVER ,403,503.75,2011-12-06 17:49:00,2010-12-02 17:41:00,65,2
21926,RED/CREAM STRIPE CUSHION COVER ,374,467.5,2011-12-08 12:07:00,2011-01-19 15:20:00,59,1
21927,BLUE/CREAM STRIPE CUSHION COVER ,582,727.5,2011-12-01 19:42:00,2010-12-02 17:41:00,97,7
21928,JUMBO BAG SCANDINAVIAN BLUE PAISLEY,3104,6401.2300000000005,2011-12-07 14:52:00,2011-02-25 14:25:00,403,1
21928,JUMBO BAG SCANDINAVIAN PAISLEY,635,1232.25,2011-05-11 13:49:00,2010-12-01 14:11:00,78,211
21929,JUMBO BAG PINK VINTAGE PAISLEY,4078,8320.3,2011-12-09 12:19:00,2010-12-01 09:37:00,547,0
21930,JUMBO STORAGE BAG SKULLS,3014,6153.63,2011-12-08 13:46:00,2010-12-01 12:43:00,440,0
21931,JUMBO STORAGE BAG SUKI,5403,11043.94,2011-12-09 12:19:00,2010-12-01 09:37:00,705,0
21932,SCANDINAVIAN PAISLEY PICNIC BAG,1813,3239.56,2011-12-07 12:55:00,2010-12-03 12:24:00,308,1
21933,PINK VINTAGE PAISLEY PICNIC BAG,1756,3126.7599999999998,2011-12-08 13:04:00,2010-12-03 12:24:00,274,0
21934,SKULL SHOULDER BAG,908,1494.2,2011-12-06 15:17:00,2010-12-01 09:41:00,135,2
21935,SUKI  SHOULDER BAG,1233,2029.87,2011-12-08 12:07:00,2010-12-01 14:41:00,196,1
21936,RED RETROSPOT PICNIC BAG,1876,5559.76,2011-12-07 14:54:00,2010-12-03 15:19:00,355,1
21937,STRAWBERRY   PICNIC BAG,910,2684.5,2011-12-04 12:32:00,2010-12-03 15:19:00,193,5
21942,SKULLS DESIGN FLANNEL,161,134.54999999999998,2011-12-05 14:49:00,2010-12-10 12:20:00,23,3
21943,CAKES AND RABBITS DESIGN FLANNEL ,57,48.449999999999996,2011-11-11 11:11:00,2010-12-12 12:08:00,10,28
21944,KITTENS DESIGN FLANNEL,232,177.88,2011-12-08 19:57:00,2010-12-12 10:57:00,33,0
21945,STRAWBERRIES  DESIGN FLANNEL ,225,190.79,2011-12-06 12:56:00,2010-12-03 12:48:00,29,2
21946,PARTY TIME DESIGN FLANNEL,72,58.9,2011-12-05 14:49:00,2010-12-12 12:08:00,11,3
21947,SET OF 6 HEART CHOPSTICKS,438,569.28,2011-12-06 14:23:00,2010-12-03 17:20:00,80,2
21948,SET OF 6 CAKE CHOPSTICKS,237,316.82,2011-12-05 17:17:00,2010-12-02 14:09:00,50,3
21949,SET OF 6 STRAWBERRY CHOPSTICKS,337,426.09,2011-12-05 17:17:00,2010-12-02 14:09:00,56,3
21955,DOORMAT UNION JACK GUNS AND ROSES,202,1377.36,2011-12-07 08:41:00,2010-12-13 14:36:00,20,2
21967,PACK OF 12 SKULL TISSUES,2222,708.78,2011-12-08 14:38:00,2010-12-02 11:21:00,159,0
21972,SET OF 36 DINOSAUR PAPER DOILIES,256,371.2,2011-11-30 12:41:00,2010-12-23 12:58:00,38,9
21973,SET OF 36 MUSHROOM PAPER DOILIES,111,160.95,2011-11-28 11:18:00,2010-12-06 11:26:00,29,11
21974,SET OF 36 PAISLEY FLOWER DOILIES,1892,2762.5099999999998,2011-12-07 14:43:00,2010-12-02 13:14:00,228,1
21975,PACK OF 60 DINOSAUR CAKE CASES,6010,3321.28,2011-12-08 12:43:00,2010-12-01 09:37:00,495,1
21976,PACK OF 60 MUSHROOM CAKE CASES,2668,1467.0800000000002,2011-12-08 13:50:00,2010-12-01 11:57:00,254,0
21977,PACK OF 60 PINK PAISLEY CAKE CASES,8498,4686.400000000001,2011-12-08 15:31:00,2010-12-01 09:37:00,595,0
21980,PACK OF 12 RED RETROSPOT TISSUES ,3749,1201.2499999999998,2011-12-08 18:15:00,2010-12-01 10:52:00,224,0
21981,PACK OF 12 WOODLAND TISSUES ,2581,819.4699999999999,2011-12-07 13:53:00,2010-12-02 15:46:00,171,1
21982,PACK OF 12 SUKI TISSUES ,3391,1102.37,2011-12-08 18:15:00,2010-12-01 16:33:00,241,0
21983,PACK OF 12 BLUE PAISLEY TISSUES ,1563,498.53,2011-12-06 13:20:00,2010-12-05 12:42:00,116,2
21984,PACK OF 12 PINK PAISLEY TISSUES ,2046,667.4399999999999,2011-12-08 18:15:00,2010-12-02 15:46:00,149,0
21985,PACK OF 12 HEARTS DESIGN TISSUES ,4967,1591.5499999999997,2011-12-08 19:28:00,2010-12-01 12:23:00,331,0
21986,PACK OF 12 PINK POLKADOT TISSUES,1957,626.6299999999999,2011-12-08 19:28:00,2010-12-01 11:57:00,145,0
21987,PACK OF 6 SKULL PAPER CUPS,1210,786.5000000000001,2011-12-06 14:23:00,2010-12-02 12:47:00,141,2
21988,PACK OF 6 SKULL PAPER PLATES,1150,977.4999999999999,2011-12-06 14:23:00,2010-12-02 12:47:00,138,2
21989,PACK OF 20 SKULL PAPER NAPKINS,1489,1265.6499999999999,2011-12-07 13:53:00,2010-12-02 12:47:00,200,1
21990,MODERN FLORAL STATIONERY SET,1056,1539.6,2011-12-09 11:34:00,2010-12-02 15:46:00,174,0
21991,BOHEMIAN COLLAGE STATIONERY SET,471,675.53,2011-12-07 13:53:00,2010-12-03 15:10:00,102,1
21992,VINTAGE PAISLEY STATIONERY SET,1103,1580.29,2011-11-15 14:48:00,2010-12-01 12:23:00,198,23
21993,FLORAL FOLK STATIONERY SET,1252,1792.35,2011-12-08 13:50:00,2010-12-02 15:46:00,203,0
22021,BLUE FELT EASTER EGG BASKET,350,577.4999999999999,2011-03-21 11:24:00,2010-12-05 12:01:00,64,263
22023,EMPIRE BIRTHDAY CARD,1095,461.13,2011-12-06 11:39:00,2010-12-02 10:39:00,83,3
22024,RAINY LADIES BIRTHDAY CARD,1440,609.3100000000001,2011-12-06 16:34:00,2010-12-01 12:35:00,117,2
22025,RING OF ROSES BIRTHDAY CARD,1008,423.36,2011-12-06 11:39:00,2010-12-01 16:21:00,78,3
22026,BANQUET BIRTHDAY  CARD  ,1236,519.12,2011-12-05 09:03:00,2010-12-07 14:41:00,94,4
22027,TEA PARTY BIRTHDAY CARD,3193,1346.39,2011-12-08 15:09:00,2010-12-02 10:39:00,252,0
22028,PENNY FARTHING BIRTHDAY CARD,2171,921.25,2011-12-08 15:09:00,2010-12-02 10:39:00,173,0
22029,SPACEBOY BIRTHDAY CARD,4762,2004.14,2011-12-08 13:27:00,2010-12-02 09:44:00,366,0
22030,SWALLOWS GREETING CARD,2937,1242.15,2011-12-08 19:57:00,2010-12-01 16:52:00,226,0
22031,BOTANICAL LAVENDER BIRTHDAY CARD,363,158.61,2011-12-08 13:27:00,2010-12-02 16:12:00,32,0
22032,BOTANICAL LILY GREETING CARD,361,151.62,2011-11-25 10:20:00,2010-12-15 13:24:00,31,14
22033,BOTANICAL ROSE GREETING CARD,288,120.96000000000001,2011-07-21 13:48:00,2010-12-15 13:24:00,20,140
22034,ROBIN CHRISTMAS CARD,3,1.26,2010-12-05 13:03:00,2010-12-05 13:03:00,1,368
22035,VINTAGE CARAVAN GREETING CARD ,1070,450.22,2011-10-17 13:31:00,2010-12-03 12:24:00,82,52
22037,ROBOT BIRTHDAY CARD,3171,1332.64,2011-12-08 15:09:00,2010-12-02 09:44:00,249,0
22038,BOTANICAL LAVENDER GIFT WRAP ,475,199.5,2011-12-06 12:15:00,2011-02-02 14:37:00,19,3
22039,BOTANICAL LILY GIFT WRAP,150,63.0,2011-10-25 13:46:00,2011-04-10 15:15:00,6,44
22040,BOTANICAL ROSE GIFT WRAP,675,283.5,2011-11-17 10:01:00,2010-12-16 10:30:00,27,22
22041,"RECORD FRAME 7"" SINGLE SIZE ",980,2487.42,2011-12-08 12:07:00,2010-12-01 14:41:00,148,1
22042,CHRISTMAS CARD SINGING ANGEL,360,151.2,2011-12-06 11:33:00,2010-12-02 16:59:00,25,3
22043,CHRISTMAS CARD SCREEN PRINT ,684,154.8,2011-12-02 13:35:00,2010-12-02 16:59:00,34,6
22044,CHRISTMAS CARD STACK OF PRESENTS,540,144.0,2011-11-07 12:29:00,2010-12-02 09:44:00,30,32
22045,SPACEBOY GIFT WRAP,4677,1964.34,2011-12-08 12:29:00,2010-12-02 13:32:00,188,1
22046,TEA PARTY  WRAPPING PAPER ,1700,714.0,2011-12-08 10:24:00,2010-12-23 12:58:00,68,1
22047,EMPIRE GIFT WRAP,2425,1018.5,2011-12-05 17:09:00,2010-12-13 13:32:00,97,3
22048,BIRTHDAY BANQUET GIFT WRAP,775,325.5,2011-12-05 15:51:00,2010-12-08 10:38:00,31,3
22049,WRAP CHRISTMAS SCREEN PRINT,600,154.25,2011-10-19 16:05:00,2010-12-01 13:23:00,24,50
22050,PINK PAISLEY ROSE GIFT WRAP,925,388.5,2011-12-05 15:51:00,2010-12-06 15:00:00,37,3
22051,BLUE SCANDINAVIAN PAISLEY WRAP,975,409.5,2011-11-24 17:06:00,2010-12-08 10:45:00,39,14
22052,VINTAGE CARAVAN GIFT WRAP,571,239.82,2011-07-11 14:10:00,2010-12-06 08:34:00,23,150
22053,EMPIRE DESIGN ROSETTE,170,212.5,2011-11-08 12:58:00,2010-12-10 10:21:00,23,30
22055,MINI CAKE STAND  HANGING STRAWBERY,862,1172.82,2011-12-08 15:44:00,2010-12-12 12:34:00,135,0
22057,CERAMIC PLATE STRAWBERRY DESIGN,450,507.06,2011-12-08 15:54:00,2010-12-08 10:40:00,53,0
22059,CERAMIC STRAWBERRY DESIGN MUG,1259,1484.31,2011-12-09 11:20:00,2010-12-06 12:52:00,134,0
22060,LARGE CAKE STAND HANGING HEARTS,195,770.25,2011-05-23 14:11:00,2011-03-14 15:48:00,26,199
22061,LARGE CAKE STAND  HANGING STRAWBERY,92,271.40000000000003,2011-12-09 12:49:00,2011-12-04 12:14:00,13,0
22062,CERAMIC BOWL WITH LOVE HEART DESIGN,364,442.04,2011-10-14 11:08:00,2010-12-16 10:28:00,49,56
22063,CERAMIC BOWL WITH STRAWBERRY DESIGN,351,758.9700000000001,2011-12-08 10:39:00,2010-12-08 13:11:00,77,1
22064,PINK DOUGHNUT TRINKET POT ,1122,1843.7399999999998,2011-12-08 15:31:00,2010-12-01 10:52:00,155,0
22065,CHRISTMAS PUDDING TRINKET POT ,780,602.06,2011-12-07 12:19:00,2010-12-01 15:37:00,100,2
22066,LOVE HEART TRINKET POT,560,377.06,2011-12-06 16:21:00,2010-12-20 14:59:00,98,2
22067,CHOC TRUFFLE GOLD TRINKET POT ,313,496.28999999999996,2011-12-08 19:24:00,2010-12-03 09:31:00,46,0
22068,BLACK PIRATE TREASURE CHEST,294,395.64,2011-12-09 11:34:00,2010-12-01 11:21:00,78,0
22069,BROWN  PIRATE TREASURE CHEST ,170,218.76,2011-12-09 11:20:00,2010-12-05 15:06:00,36,0
22070,SMALL RED RETROSPOT MUG IN BOX ,357,1338.52,2011-12-08 14:38:00,2010-12-02 11:41:00,77,0
22071,SMALL WHITE RETROSPOT MUG IN BOX ,213,802.46,2011-12-08 14:38:00,2010-12-02 11:41:00,66,0
22072,RED RETROSPOT TEA CUP AND SAUCER ,771,2474.19,2011-12-09 09:07:00,2010-12-03 12:29:00,138,0
22073,RED RETROSPOT STORAGE JAR,206,755.22,2011-05-04 13:17:00,2010-12-06 09:52:00,42,218
22074,6 RIBBONS SHIMMERING PINKS ,712,651.9799999999999,2011-12-09 12:09:00,2010-12-01 11:45:00,71,0
22075,6 RIBBONS ELEGANT CHRISTMAS ,866,1183.1599999999999,2011-12-09 12:20:00,2010-12-01 11:45:00,114,0
22076,6 RIBBONS EMPIRE  ,986,1283.9999999999998,2011-12-09 10:20:00,2010-12-03 11:35:00,112,0
22077,6 RIBBONS RUSTIC CHARM,6434,11369.839999999998,2011-12-09 12:09:00,2010-12-01 11:49:00,698,0
22078,RIBBON REEL LACE DESIGN ,808,1696.8,2011-12-09 08:59:00,2010-12-03 10:33:00,139,0
22079,RIBBON REEL HEARTS DESIGN ,1451,2420.39,2011-12-07 14:12:00,2010-12-05 11:02:00,222,1
22080,RIBBON REEL POLKADOTS ,797,1315.05,2011-12-09 12:16:00,2010-12-03 13:59:00,122,0
22081,RIBBON REEL FLORA + FAUNA ,585,978.37,2011-12-09 12:16:00,2010-12-01 16:57:00,89,0
22082,RIBBON REEL STRIPES DESIGN ,2165,3608.33,2011-12-07 14:12:00,2010-12-01 12:23:00,329,1
22083,PAPER CHAIN KIT RETROSPOT,2519,7456.610000000001,2011-12-09 12:19:00,2010-12-01 09:41:00,404,0
22084,PAPER CHAIN KIT EMPIRE,2291,6758.450000000001,2011-12-08 15:01:00,2010-12-02 14:47:00,331,0
22085,PAPER CHAIN KIT SKULLS ,307,905.6500000000001,2011-12-07 13:53:00,2010-12-06 14:05:00,69,1
22086,PAPER CHAIN KIT 50'S CHRISTMAS ,5793,17455.710000000003,2011-12-09 12:19:00,2010-12-01 09:41:00,843,0
22087,PAPER BUNTING WHITE LACE,1562,4607.900000000001,2011-12-09 10:51:00,2010-12-01 12:31:00,211,0
22088,PAPER BUNTING COLOURED LACE,898,2643.1000000000004,2011-07-06 10:41:00,2010-12-01 13:54:00,151,156
22089,PAPER BUNTING VINTAGE PAISLEY,909,2681.55,2011-12-05 09:03:00,2010-12-02 16:59:00,173,4
22090,PAPER BUNTING RETROSPOT,3057,9020.990000000002,2011-12-08 10:24:00,2010-12-02 11:41:00,493,1
22091,EMPIRE TISSUE BOX,353,252.59,2011-12-08 13:50:00,2010-12-05 13:42:00,97,0
22092,BLUE PAISLEY TISSUE BOX,198,127.96,2011-12-08 12:07:00,2010-12-01 12:43:00,75,1
22093,MOTORING TISSUE BOX,383,218.01,2011-12-06 16:21:00,2010-12-05 13:42:00,123,2
22094,RED RETROSPOT TISSUE BOX,353,253.96,2011-12-08 14:39:00,2010-12-01 13:24:00,110,0
22095,LADS ONLY TISSUE BOX,299,213.79,2011-12-09 11:34:00,2010-12-01 13:24:00,85,0
22096,PINK PAISLEY SQUARE TISSUE BOX ,205,112.47,2011-12-08 14:39:00,2010-12-01 12:43:00,93,0
22097,SWALLOW SQUARE TISSUE BOX,317,194.15,2011-12-08 13:50:00,2010-12-01 13:21:00,114,0
22098,BOUDOIR SQUARE TISSUE BOX,443,320.4,2011-12-08 14:39:00,2010-12-01 11:21:00,119,0
22099,CARAVAN SQUARE TISSUE BOX,319,227.29,2011-12-08 13:50:00,2010-12-01 12:43:00,101,0
22100,SKULLS SQUARE TISSUE BOX,43,37.41,2011-12-05 11:49:00,2010-12-01 11:21:00,25,4
22101,MIRROR MOSAIC VOTIVE HOLDER,117,245.70000000000002,2011-12-06 17:23:00,2010-12-07 13:45:00,20,2
22102,MIRROR MOSAIC T-LIGHT HOLDER ,93,153.45,2011-11-28 14:44:00,2010-12-10 15:56:00,16,10
22103,MIRROR MOSAIC T-LIGHT HOLDER ROUND,73,120.44999999999999,2011-10-19 09:59:00,2011-01-12 13:30:00,11,51
22104,MIRROR MOSAIC CANDLE PLATE,55,79.75,2011-11-29 17:52:00,2011-04-04 13:57:00,11,9
22105,MIRROR MOSAIC GOBLET CANDLE HOLDER,26,110.5,2011-09-27 11:01:00,2010-12-10 15:56:00,8,73
22106,MIRROR MOSAIC HURRICANE LAMP ,46,284.90000000000003,2011-12-01 13:47:00,2011-04-06 12:49:00,10,7
22107,PIZZA PLATE IN BOX,291,962.48,2011-12-07 14:12:00,2010-12-01 12:43:00,69,1
22108,PING! MICROWAVE PLATE,101,246.53,2011-12-08 20:01:00,2010-12-15 14:45:00,28,0
22109,FULL ENGLISH BREAKFAST PLATE,901,3309.39,2011-12-08 17:37:00,2010-12-01 11:45:00,150,0
22110,BIRD HOUSE HOT WATER BOTTLE,581,1486.4599999999998,2011-12-08 14:38:00,2010-12-01 11:21:00,153,0
22111,SCOTTIE DOG HOT WATER BOTTLE,3008,14333.1,2011-12-09 11:26:00,2010-12-01 10:52:00,643,0
22112,CHOCOLATE HOT WATER BOTTLE,3939,18422.850000000002,2011-12-09 11:26:00,2010-12-01 10:52:00,679,0
22113,GREY HEART HOT WATER BOTTLE,2235,8941.1,2011-12-09 12:31:00,2010-12-01 12:03:00,493,0
22114,HOT WATER BOTTLE TEA AND SYMPATHY,2779,11255.35,2011-12-09 08:48:00,2010-12-01 10:47:00,496,0
22115,METAL SIGN EMPIRE TEA,1195,1469.8100000000002,2011-12-08 15:31:00,2010-12-01 12:03:00,178,0
22116,METAL SIGN HIS DINNER IS SERVED,457,455.47,2011-12-08 15:31:00,2010-12-03 13:43:00,89,0
22117,METAL SIGN HER DINNER IS SERVED ,246,574.5,2011-12-06 17:23:00,2010-12-01 11:21:00,68,2
22118,JOY WOODEN BLOCK LETTERS,216,731.0,2011-12-09 08:39:00,2010-12-01 13:38:00,77,0
22119,PEACE WOODEN BLOCK LETTERS,340,1671.4,2011-12-09 08:39:00,2010-12-01 13:38:00,101,0
22121,NOEL WOODEN BLOCK LETTERS ,281,1628.45,2011-12-08 19:28:00,2010-12-01 13:38:00,110,0
22123,PING MICROWAVE APRON,442,793.5999999999999,2011-12-09 09:07:00,2010-12-05 12:29:00,72,0
22124,SET OF 2 TEA TOWELS PING MICROWAVE,78,127.42,2011-12-08 13:50:00,2011-06-28 12:16:00,23,0
22125,UNION JACK HOT WATER BOTTLE ,4,23.8,2011-11-23 13:53:00,2011-11-23 13:53:00,1,15
22127,PARTY CONES CARNIVAL ASSORTED,246,307.5,2011-03-23 12:24:00,2010-12-01 10:29:00,18,261
22128,PARTY CONES CANDY ASSORTED,811,1009.19,2011-11-18 12:07:00,2010-12-01 10:29:00,62,21
22129,PARTY CONES CANDY DECORATION,56,60.48,2011-12-05 17:17:00,2011-10-03 09:57:00,7,3
22129,PARTY CONES CANDY TREE DECORATION,294,246.77999999999997,2011-08-10 12:35:00,2010-12-05 13:42:00,22,121
22130,PARTY CONE CHRISTMAS DECORATION ,911,774.3499999999999,2011-12-08 19:57:00,2010-12-01 11:57:00,75,0
22131,FOOD CONTAINER SET 3 LOVE HEART ,732,1457.9199999999998,2011-12-06 17:23:00,2010-12-02 11:41:00,170,2
22132,RED LOVE HEART SHAPE CUP,587,502.07,2011-12-08 13:50:00,2010-12-03 12:24:00,78,0
22133,PINK LOVE HEART SHAPE CUP,438,373.85999999999996,2011-12-06 14:23:00,2010-12-03 12:24:00,56,2
22134,LADLE LOVE HEART RED ,6,2.52,2010-12-05 15:47:00,2010-12-05 15:47:00,1,368
22134,MINI LADLE LOVE HEART RED ,294,128.4,2011-12-05 17:17:00,2011-01-05 10:51:00,52,3
22135,LADLE LOVE HEART PINK,19,7.98,2010-12-05 15:47:00,2010-12-01 16:57:00,3,368
22135,MINI LADLE LOVE HEART PINK,242,106.56,2011-12-06 14:23:00,2011-01-13 10:39:00,45,2
22136,LOVE HEART SOCK HANGER,237,391.04999999999995,2011-10-31 13:05:00,2010-12-01 16:57:00,49,38
22137,BATHROOM SET LOVE HEART DESIGN,68,191.0,2011-08-11 11:45:00,2010-12-03 14:18:00,11,120
22138,BAKING SET 9 PIECE RETROSPOT ,3372,16263.000000000002,2011-12-09 12:50:00,2010-12-21 14:26:00,825,0
22139,RETROSPOT TEA SET CERAMIC 11 PC ,3750,17941.600000000002,2011-12-09 11:59:00,2010-12-01 09:41:00,804,0
22141,CHRISTMAS CRAFT TREE TOP ANGEL,1795,3807.28,2011-12-09 11:59:00,2010-12-01 11:49:00,336,0
22142,CHRISTMAS CRAFT WHITE FAIRY ,2262,3311.3399999999997,2011-12-08 19:29:00,2010-12-01 12:15:00,307,0
22144,CHRISTMAS CRAFT LITTLE FRIENDS,2347,5043.0,2011-12-09 12:20:00,2010-12-01 11:49:00,400,0
22146,EASTER CRAFT IVY WREATH WITH CHICK,1,1.95,2011-01-25 13:15:00,2011-01-25 13:15:00,1,317
22147,FELTCRAFT BUTTERFLY HEARTS,3162,4593.7,2011-11-10 12:37:00,2010-12-01 11:57:00,415,29
22148,EASTER CRAFT 4 CHICKS ,1213,2365.35,2011-12-04 11:50:00,2011-01-04 15:40:00,152,5
22149,FELTCRAFT 6 FLOWER FRIENDS,2482,5238.59,2011-11-10 16:27:00,2010-12-01 11:57:00,433,28
22150,3 STRIPEY MICE FELTCRAFT,2078,4070.2999999999997,2011-12-08 13:50:00,2010-12-01 10:29:00,385,0
22151,PLACE SETTING WHITE HEART,4035,1705.59,2011-12-09 10:10:00,2010-12-01 12:43:00,228,0
22152,PLACE SETTING WHITE STAR,1414,599.93,2011-12-05 12:16:00,2010-12-01 12:15:00,86,4
22153,ANGEL DECORATION STARS ON DRESS,335,140.7,2011-12-09 10:51:00,2010-12-01 11:45:00,51,0
22154,ANGEL DECORATION 3 BUTTONS ,456,191.52,2011-12-06 14:23:00,2010-12-03 11:35:00,60,2
22155,STAR DECORATION RUSTIC,410,172.2,2011-12-09 10:51:00,2010-12-03 10:43:00,55,0
22156,HEART DECORATION WITH PEARLS ,1060,895.41,2011-12-04 12:32:00,2010-12-05 10:54:00,132,5
22157,ANGEL DECORATION WITH LACE PADDED,116,98.6,2011-08-31 14:28:00,2010-12-05 16:24:00,9,99
22158,3 HEARTS HANGING DECORATION RUSTIC,1755,5182.21,2011-12-07 14:34:00,2010-12-03 10:43:00,248,1
22161,HEART DECORATION RUSTIC HANGING ,2173,451.29,2011-12-06 12:56:00,2010-12-03 09:31:00,127,2
22162,HEART GARLAND RUSTIC PADDED,106,312.7,2011-11-22 16:06:00,2010-12-02 19:18:00,27,16
22163,HEART STRING MEMO HOLDER HANGING,578,543.02,2011-12-08 12:57:00,2010-12-08 14:43:00,48,0
22164,STRING OF STARS CARD HOLDER,71,209.45000000000005,2011-11-28 12:14:00,2010-12-01 13:20:00,12,11
22165,"DIAMANTE HEART SHAPED WALL MIRROR, ",68,268.6,2011-12-09 10:46:00,2011-05-04 11:00:00,9,0
22167, OVAL WALL MIRROR DIAMANTE ,24,94.80000000000001,2011-05-04 11:00:00,2011-05-04 11:00:00,1,219
22169,FAMILY ALBUM WHITE PICTURE FRAME,16,90.24,2011-09-22 12:22:00,2011-09-22 12:22:00,1,78
22170,PICTURE FRAME WOOD TRIPLE PORTRAIT,888,5728.4400000000005,2011-12-09 08:59:00,2010-12-02 11:21:00,221,0
22171,3 HOOK PHOTO SHELF ANTIQUE WHITE,49,313.8,2011-07-20 11:33:00,2011-03-18 10:03:00,2,142
22173,METAL 4 HOOK HANGER FRENCH CHATEAU,1509,4584.1900000000005,2011-12-07 16:56:00,2010-12-01 12:58:00,320,1
22174,PHOTO CUBE,1035,1825.4299999999998,2011-12-07 10:11:00,2010-12-01 14:34:00,151,2
22175,PINK OWL SOFT TOY,599,1767.0500000000002,2011-12-09 11:59:00,2010-12-05 12:43:00,136,0
22176,BLUE OWL SOFT TOY,440,1298.0000000000002,2011-10-31 11:10:00,2010-12-01 09:41:00,97,39
22178,VICTORIAN GLASS HANGING T-LIGHT,7601,10893.18,2011-12-09 12:31:00,2010-12-01 11:41:00,658,0
22179,SET 10 LIGHTS NIGHT OWL,287,1879.65,2011-05-13 10:02:00,2010-12-01 11:49:00,75,210
22179,SET 10 NIGHT OWL LIGHTS,387,2497.05,2011-12-09 09:45:00,2011-05-18 14:57:00,100,0
22181,SNOWSTORM PHOTO FRAME FRIDGE MAGNET,421,357.84999999999997,2011-11-29 14:20:00,2010-12-02 15:46:00,44,9
22182,CAKE STAND VICTORIAN FILIGREE SMALL,204,713.8000000000001,2011-12-09 09:46:00,2011-01-06 16:41:00,36,0
22183,CAKE STAND VICTORIAN FILIGREE MED,74,466.95000000000005,2011-11-13 12:19:00,2010-12-01 11:45:00,17,26
22185,SLATE TILE NATURAL HANGING,886,1338.4399999999998,2011-12-09 11:26:00,2010-12-01 13:21:00,114,0
22186,RED STAR CARD HOLDER,717,1531.19,2011-12-06 15:12:00,2010-12-01 11:57:00,116,2
22187,GREEN CHRISTMAS TREE CARD HOLDER,965,2086.45,2011-12-07 14:34:00,2010-12-01 13:20:00,137,1
22188,BLACK HEART CARD HOLDER,523,1998.45,2011-12-08 18:25:00,2010-12-01 10:47:00,147,0
22189,CREAM HEART CARD HOLDER,1815,7094.290000000001,2011-12-08 18:25:00,2010-12-01 09:53:00,420,0
22190,LOCAL CAFE MUG,302,401.85,2011-12-09 10:20:00,2010-12-02 13:49:00,47,0
22195,LARGE HEART MEASURING SPOONS,1424,2420.12,2011-12-08 13:50:00,2010-12-01 10:03:00,215,0
22196,SMALL HEART MEASURING SPOONS,1880,1626.08,2011-12-08 13:50:00,2010-12-01 10:03:00,240,0
22197,POPCORN HOLDER,5466,4723.32,2011-12-09 12:19:00,2011-06-12 12:01:00,475,0
22197,SMALL POPCORN HOLDER,3480,2954.8799999999997,2011-06-20 13:08:00,2010-12-01 11:45:00,314,171
22198,LARGE POPCORN HOLDER ,409,674.8499999999999,2011-02-21 11:35:00,2010-12-01 11:45:00,44,291
22199,FRYING PAN RED POLKADOT ,1,4.25,2011-01-14 14:11:00,2011-01-14 14:11:00,1,328
22199,FRYING PAN RED RETROSPOT,382,1323.0,2011-12-09 11:20:00,2010-12-05 14:02:00,97,0
22200,FRYING PAN PINK POLKADOT,277,1021.25,2011-12-09 11:20:00,2010-12-03 17:20:00,74,0
22201,FRYING PAN BLUE POLKADOT,108,366.0,2011-12-08 14:38:00,2010-12-10 13:27:00,40,0
22202,MILK PAN PINK POLKADOT,39,146.25,2011-05-05 19:16:00,2010-12-02 12:16:00,17,217
22203,MILK PAN RED RETROSPOT,310,996.13,2011-12-08 14:38:00,2010-12-06 12:34:00,91,0
22204,MILK PAN BLUE POLKADOT,96,302.5,2011-12-08 14:38:00,2010-12-14 13:31:00,30,0
22207,FRYING PAN UNION FLAG,582,2320.5,2011-12-08 14:38:00,2010-12-08 10:36:00,95,0
22208,WOOD STAMP SET THANK YOU,1139,1079.84,2011-12-08 19:57:00,2010-12-02 11:41:00,196,0
22209,WOOD STAMP SET HAPPY BIRTHDAY,760,748.8699999999999,2011-12-08 19:28:00,2010-12-02 11:41:00,120,0
22210,WOOD STAMP SET BEST WISHES,676,625.03,2011-12-08 13:50:00,2010-12-02 11:41:00,138,0
22211,WOOD STAMP SET FLOWERS,686,657.93,2011-12-08 13:50:00,2010-12-07 14:41:00,124,0
22212,FOUR HOOK  WHITE LOVEBIRDS,1242,2598.51,2011-12-08 14:39:00,2010-12-01 14:41:00,251,0
22214,CANDLE PLATE LACE WHITE,114,246.7,2011-12-06 14:23:00,2010-12-13 13:52:00,21,2
22215,CAKE STAND WHITE TWO TIER LACE,90,265.50000000000006,2011-12-09 10:20:00,2011-12-04 11:45:00,17,0
22216,T-LIGHT HOLDER WHITE LACE,279,168.39,2011-12-09 08:39:00,2011-02-22 16:13:00,19,0
22217,T-LIGHT HOLDER HANGING LACE,450,408.56,2011-12-09 08:39:00,2010-12-01 12:50:00,58,0
22218,CAKE STAND LACE WHITE,1,4.25,2010-12-15 16:50:00,2010-12-15 16:50:00,1,358
22219,LOVEBIRD HANGING DECORATION WHITE ,2478,2105.52,2011-12-07 17:05:00,2010-12-01 11:41:00,300,1
22220,CAKE STAND LOVEBIRD 2 TIER WHITE,85,250.75000000000003,2011-12-09 10:20:00,2011-12-04 12:14:00,16,0
22221,CAKE STAND LOVEBIRD 2 TIER PINK,36,106.20000000000002,2011-12-08 12:50:00,2011-12-04 12:14:00,5,1
22222,CAKE PLATE LOVEBIRD WHITE,752,2293.2,2011-12-06 14:23:00,2010-12-01 13:20:00,148,2
22223,CAKE PLATE LOVEBIRD PINK,315,902.85,2011-12-04 15:47:00,2010-12-15 10:41:00,42,4
22224,WHITE LOVEBIRD LANTERN,655,1889.0500000000002,2011-12-07 14:12:00,2010-12-01 09:53:00,114,1
22227,HANGING HEART MIRROR DECORATION ,1729,1125.65,2011-12-09 12:00:00,2010-12-01 12:50:00,165,0
22228,BUNNY WOODEN PAINTED WITH BIRD ,767,547.99,2011-12-08 12:57:00,2010-12-10 11:24:00,91,0
22229,BUNNY WOODEN PAINTED WITH FLOWER ,495,334.27,2011-12-05 12:30:00,2010-12-10 11:24:00,62,4
22230,JIGSAW TREE WITH WATERING CAN,261,163.60999999999999,2011-12-04 15:19:00,2010-12-12 11:44:00,53,4
22231,JIGSAW TREE WITH BIRDHOUSE,759,726.4499999999999,2011-12-08 12:57:00,2010-12-05 13:26:00,104,0
22232,JIGSAW TOADSTOOLS 3 PIECE,399,306.42999999999995,2011-12-07 14:12:00,2011-01-19 14:52:00,54,1
22233,JIGSAW RABBIT AND BIRDHOUSE,492,486.37999999999994,2011-12-07 14:12:00,2010-12-06 11:38:00,76,1
22241,GARLAND WOODEN HAPPY EASTER,1366,1707.5,2011-11-23 10:39:00,2010-12-01 12:43:00,160,16
22242,5 HOOK HANGER MAGIC TOADSTOOL,211,348.15,2011-02-16 10:32:00,2010-12-01 09:59:00,23,296
22243,5 HOOK HANGER RED MAGIC TOADSTOOL,702,1155.8999999999999,2011-11-30 11:31:00,2010-12-01 11:49:00,96,9
22244,3 HOOK HANGER MAGIC GARDEN,575,1114.05,2011-09-28 15:50:00,2010-12-01 13:04:00,82,71
22245,"HOOK, 1 HANGER ,MAGIC GARDEN",470,396.38,2011-09-01 13:40:00,2010-12-02 10:39:00,47,98
22246,"GARLAND, MAGIC GARDEN 1.8M",12,23.4,2010-12-03 14:04:00,2010-12-03 14:04:00,1,370
22246,MAGIC GARDEN FELT GARLAND ,266,531.78,2011-11-24 09:50:00,2011-01-27 13:38:00,35,15
22247,BUNNY DECORATION MAGIC GARDEN,451,383.34999999999997,2011-11-25 14:53:00,2011-01-14 10:10:00,55,13
22248,DECORATION  PINK CHICK MAGIC GARDEN,350,297.5,2011-11-16 15:14:00,2011-01-07 14:31:00,43,22
22249,DECORATION WHITE CHICK MAGIC GARDEN,597,507.45,2011-11-28 13:06:00,2010-12-17 09:52:00,74,10
22250,DECORATION  BUTTERFLY  MAGIC GARDEN,383,325.55,2011-07-20 13:09:00,2011-01-07 14:31:00,55,141
22251,BIRDHOUSE DECORATION MAGIC GARDEN,518,642.94,2011-11-30 11:08:00,2010-12-05 14:52:00,72,9
22252,BIRDCAGE DECORATION TEALIGHT HOLDER,481,589.85,2011-12-09 10:10:00,2010-12-05 14:52:00,65,0
22254,FELT TOADSTOOL LARGE,402,502.5,2011-12-07 14:39:00,2010-12-09 12:16:00,40,1
22255,FELT TOADSTOOL  SMALL,374,317.9,2011-12-07 14:39:00,2010-12-05 11:49:00,40,1
22256,FELT FARM ANIMAL CHICKEN,257,321.25,2011-04-12 16:19:00,2010-12-05 11:49:00,33,240
22257,FELT FARM ANIMAL SHEEP,91,113.75,2011-10-30 11:09:00,2011-01-25 09:01:00,14,40
22258,FELT FARM ANIMAL RABBIT,290,362.5,2011-11-25 14:53:00,2010-12-19 14:58:00,31,13
22259,FELT FARM ANIMAL HEN,96,120.0,2011-04-26 13:05:00,2010-12-19 14:58:00,12,226
22260,FELT EGG COSY BLUE RABBIT ,362,310.82,2011-11-30 17:37:00,2010-12-01 16:57:00,46,8
22261,FELT EGG COSY WHITE RABBIT ,478,411.76,2011-12-05 17:17:00,2010-12-01 09:41:00,69,3
22262,FELT EGG COSY CHICKEN,704,601.52,2011-12-06 12:59:00,2010-12-01 09:41:00,85,2
22263,FELT EGG COSY LADYBIRD ,63,56.669999999999995,2011-11-28 15:54:00,2011-01-06 13:56:00,15,10
22264,FELT FARM ANIMAL WHITE BUNNY ,287,243.95,2011-04-07 11:37:00,2010-12-02 15:39:00,26,246
22265,EASTER DECORATION NATURAL CHICK,462,300.3,2011-11-29 13:12:00,2010-12-08 12:56:00,47,9
22266,EASTER DECORATION HANGING BUNNY,492,251.26000000000002,2011-12-05 12:51:00,2011-01-07 16:32:00,65,3
22267,EASTER DECORATION EGG BUNNY ,564,487.42,2011-12-05 11:49:00,2011-01-07 16:32:00,72,4
22268,DECORATION SITTING BUNNY,135,29.61,2011-11-10 15:32:00,2011-05-29 11:34:00,21,28
22268,EASTER DECORATION SITTING BUNNY,357,303.45,2011-05-22 11:42:00,2011-01-07 16:32:00,53,201
22269,EGG CUP NATURAL CHICKEN,632,439.36,2011-12-07 16:56:00,2010-12-15 10:57:00,82,1
22270,HAPPY EASTER HANGING DECORATION,162,607.5,2011-11-22 17:21:00,2010-12-14 12:58:00,41,16
22271,FELTCRAFT DOLL ROSIE,1264,3722.9200000000005,2011-11-25 08:55:00,2010-12-01 11:49:00,249,14
22272,FELTCRAFT DOLL MARIA,146,430.70000000000005,2011-05-22 11:51:00,2010-12-02 08:52:00,45,201
22273,FELTCRAFT DOLL MOLLY,1344,3972.2400000000007,2011-12-08 15:36:00,2010-12-01 11:49:00,280,0
22274,FELTCRAFT DOLL EMILY,1006,2977.1000000000004,2011-12-06 12:21:00,2010-12-01 11:49:00,226,3
22276,WASH BAG VINTAGE ROSE PAISLEY,217,553.3499999999999,2011-12-08 13:50:00,2010-12-07 14:41:00,61,0
22277,COSMETIC BAG VINTAGE ROSE PAISLEY,219,468.02000000000004,2011-12-08 12:43:00,2010-12-10 13:48:00,61,1
22278,OVERNIGHT BAG VINTAGE ROSE PAISLEY,243,1202.8500000000001,2011-12-07 08:45:00,2010-12-01 14:41:00,82,2
22279,POCKET BAG BLUE PAISLEY RED SPOT,357,447.46,2011-12-08 13:50:00,2010-12-06 10:03:00,45,0
22280,POCKET BAG PINK PAISELY BROWN SPOT,176,223.63,2011-12-08 13:50:00,2010-12-06 10:03:00,30,0
22281,EASTER TREE YELLOW BIRDS,108,642.6,2011-12-07 13:12:00,2011-01-12 10:16:00,43,1
22284,HEN HOUSE DECORATION,814,1343.1,2011-12-05 14:51:00,2010-12-02 11:41:00,98,3
22285,"DECORATION HEN ON NEST, HANGING",39,64.35,2010-12-15 16:03:00,2010-12-02 11:41:00,3,358
22285,HANGING HEN ON NEST DECORATION,746,1230.8999999999999,2011-12-05 14:51:00,2011-01-04 15:40:00,86,3
22286,"DECORATION , WOBBLY RABBIT , METAL ",272,448.79999999999995,2011-04-01 08:56:00,2010-12-19 14:16:00,34,252
22286,DECORATION WOBBLY RABBIT METAL ,441,253.89,2011-12-01 12:01:00,2011-04-06 15:02:00,41,8
22287,"DECORATION , WOBBLY CHICKEN, METAL ",227,374.54999999999995,2011-04-01 14:45:00,2011-01-13 13:36:00,28,251
22287,DECORATION WOBBLY CHICKEN,305,171.86999999999998,2011-12-01 12:01:00,2011-04-06 13:18:00,26,8
22288,HANGING METAL RABBIT DECORATION,404,505.0,2011-11-22 13:20:00,2011-01-05 15:30:00,38,16
22289,HANGING METAL CHICKEN DECORATION,122,152.5,2011-11-22 11:18:00,2011-02-16 13:00:00,19,17
22291,HANGING CHICK CREAM DECORATION,1119,1622.55,2011-11-25 14:53:00,2010-12-10 11:01:00,88,13
22292,HANGING CHICK  YELLOW DECORATION,749,1086.05,2011-11-25 14:53:00,2010-12-02 13:14:00,86,13
22293,HANGING CHICK GREEN DECORATION,769,1115.05,2011-11-22 11:18:00,2011-01-04 15:40:00,81,17
22294,HEART FILIGREE DOVE  SMALL,3394,4224.26,2011-12-06 14:56:00,2010-12-01 12:15:00,222,2
22295,HEART FILIGREE DOVE LARGE,2035,3357.8699999999994,2011-12-08 12:57:00,2010-12-01 12:23:00,205,0
22296,HEART IVORY TRELLIS LARGE,2499,4114.629999999999,2011-12-05 16:55:00,2010-12-01 11:29:00,265,3
22297,HEART IVORY TRELLIS SMALL,2632,3285.72,2011-12-07 12:55:00,2010-12-01 11:29:00,207,1
22299,PIG KEYRING WITH LIGHT & SOUND ,548,684.14,2011-12-06 17:49:00,2010-12-03 14:04:00,27,2
22300,COFFEE MUG DOG + BALL DESIGN,932,2376.6,2011-12-08 14:38:00,2010-12-03 10:44:00,140,0
22301,COFFEE MUG CAT + BIRD DESIGN,1102,2810.1,2011-12-08 14:38:00,2010-12-02 11:20:00,171,0
22302,COFFEE MUG PEARS  DESIGN,1279,3263.8599999999997,2011-12-08 14:38:00,2010-12-15 16:03:00,174,0
22303,COFFEE MUG APPLES DESIGN,1576,4021.2099999999996,2011-12-08 14:38:00,2010-12-16 09:46:00,209,0
22304,COFFEE MUG BLUE PAISLEY DESIGN,270,693.3199999999999,2011-12-05 11:01:00,2010-12-03 14:04:00,45,4
22305,COFFEE MUG PINK PAISLEY DESIGN,252,652.24,2011-12-07 17:05:00,2010-12-05 11:12:00,42,1
22306,SILVER MUG BONE CHINA TREE OF LIFE,796,919.5300000000001,2011-12-06 12:26:00,2010-12-03 14:26:00,90,3
22307,GOLD MUG BONE CHINA TREE OF LIFE,585,661.73,2011-12-06 12:21:00,2010-12-03 15:45:00,57,3
22308,TEA COSY BLUE STRIPE,95,251.89,2011-12-08 13:45:00,2010-12-10 10:21:00,35,0
22309,TEA COSY RED  STRIPE,192,496.83,2011-12-08 13:45:00,2010-12-17 15:57:00,62,0
22310,IVORY KNITTED MUG COSY ,245,419.89,2011-12-08 17:57:00,2010-12-01 08:34:00,47,0
22311,OFFICE MUG WARMER BLACK+SILVER ,323,1047.45,2011-12-05 17:17:00,2010-12-01 13:38:00,87,3
22312,OFFICE MUG WARMER POLKADOT,499,1443.1900000000003,2011-12-07 16:44:00,2010-12-01 12:23:00,93,1
22313,OFFICE MUG WARMER PINK,298,832.6400000000001,2011-12-09 10:20:00,2010-12-01 15:08:00,53,0
22314,OFFICE MUG WARMER CHOC+BLUE,480,1324.94,2011-12-09 10:20:00,2010-12-01 15:08:00,92,0
22315,200 RED + WHITE BENDY STRAWS,435,543.75,2011-12-07 14:12:00,2010-12-01 13:24:00,115,1
22316,200 BENDY SKULL STRAWS,157,196.25,2011-12-06 14:23:00,2010-12-02 12:47:00,38,2
22317,FIVE CATS HANGING DECORATION,171,503.37000000000006,2011-11-28 15:54:00,2011-01-21 13:07:00,39,10
22318,FIVE HEART HANGING DECORATION,396,1161.0000000000002,2011-12-02 13:11:00,2010-12-01 09:59:00,89,6
22319,HAIRCLIPS FORTIES FABRIC ASSORTED,710,439.42,2011-12-08 14:39:00,2010-12-09 14:49:00,51,0
22320,BIRDS MOBILE VINTAGE DESIGN,181,1076.95,2011-12-08 19:28:00,2010-12-02 12:28:00,67,0
22321,BIRD DECORATION RED RETROSPOT,736,625.5999999999999,2011-11-24 13:54:00,2010-12-01 11:57:00,57,14
22322,BIRD DECORATION GREEN POLKADOT,390,331.5,2011-11-10 11:37:00,2011-01-12 12:41:00,37,29
22323,PINK POLKADOT KIDS BAG,1,1.95,2011-01-12 13:19:00,2011-01-12 13:19:00,1,330
22324,BLUE POLKADOT KIDS BAG,180,377.15999999999997,2011-12-05 17:17:00,2010-12-08 15:38:00,28,3
22325,MOBILE VINTAGE HEARTS ,152,750.3000000000001,2011-11-29 13:37:00,2010-12-16 15:45:00,58,9
22326,ROUND SNACK BOXES SET OF4 WOODLAND ,3623,10696.37,2011-12-09 12:09:00,2010-12-01 08:45:00,548,0
22327,ROUND SNACK BOXES SET OF 4 SKULLS,581,1713.9500000000003,2011-12-08 14:39:00,2010-12-01 11:49:00,158,0
22328,ROUND SNACK BOXES SET OF 4 FRUITS ,2620,7704.240000000001,2011-12-09 12:09:00,2010-12-01 11:49:00,426,0
22329,ROUND CONTAINER SET OF 5 RETROSPOT,858,1415.6999999999998,2011-12-06 12:56:00,2010-12-06 12:34:00,143,2
22331,WOODLAND PARTY BAG + STICKER SET,876,1451.96,2011-12-09 11:59:00,2010-12-03 14:30:00,130,0
22332,SKULLS PARTY BAG + STICKER SET,693,1143.4499999999998,2011-12-05 09:03:00,2010-12-02 12:47:00,125,4
22333,RETROSPOT PARTY BAG + STICKER SET,1695,2800.0299999999997,2011-12-07 12:48:00,2010-12-01 12:23:00,223,2
22334,DINOSAUR PARTY BAG + STICKER SET,540,892.64,2011-12-07 12:48:00,2010-12-02 17:48:00,89,2
22335,HEART DECORATION PAINTED ZINC ,1154,747.1,2011-12-06 14:30:00,2010-12-02 11:41:00,117,2
22336,DOVE DECORATION PAINTED ZINC ,315,168.41,2011-10-14 11:08:00,2010-12-01 14:38:00,32,56
22337,ANGEL DECORATION PAINTED ZINC ,315,204.75,2011-12-02 12:52:00,2010-12-05 14:19:00,24,6
22338,STAR DECORATION PAINTED ZINC ,881,299.09000000000003,2011-12-08 15:41:00,2010-12-01 10:29:00,82,0
22339,CHRISTMAS TREE PAINTED ZINC ,363,100.81,2011-11-20 10:15:00,2010-12-06 13:06:00,33,19
22340,NOEL GARLAND PAINTED ZINC ,944,411.11999999999995,2011-12-02 15:11:00,2011-08-24 12:58:00,60,6
22341,LOVE GARLAND PAINTED ZINC ,357,603.05,2011-12-05 17:17:00,2010-12-02 15:18:00,40,3
22342,HOME GARLAND PAINTED ZINC ,737,692.8499999999999,2011-11-28 12:19:00,2010-12-16 13:02:00,50,11
22343,PARTY PIZZA DISH RED RETROSPOT,850,406.3,2011-12-08 18:15:00,2010-12-02 13:49:00,53,0
22344,PARTY PIZZA DISH PINK POLKADOT,590,279.86,2011-12-08 18:15:00,2010-12-05 15:21:00,42,0
22345,PARTY PIZZA DISH BLUE POLKADOT,513,225.03,2011-12-08 18:15:00,2010-12-05 15:21:00,37,0
22346,PARTY PIZZA DISH GREEN POLKADOT,372,168.18,2011-12-08 18:15:00,2010-12-05 15:21:00,27,0
22348,TEA BAG PLATE RED RETROSPOT,2349,2011.4699999999998,2011-12-08 19:28:00,2010-12-03 17:20:00,240,0
22349,DOG BOWL CHASING BALL DESIGN,481,1802.53,2011-12-05 16:03:00,2010-12-01 10:39:00,111,3
22350,ILLUSTRATED CAT BOWL ,438,1116.8999999999999,2011-12-08 17:57:00,2010-12-02 15:46:00,86,0
22351,DOTCOMGIFTSHOP TEA TOWEL,12,19.799999999999997,2011-02-18 14:18:00,2011-02-18 14:18:00,1,293
22352,LUNCH BOX WITH CUTLERY RETROSPOT ,1588,4059.0399999999995,2011-12-08 11:43:00,2010-12-01 09:37:00,306,1
22353,LUNCH BOX WITH CUTLERY FAIRY CAKES ,60,153.0,2011-05-08 12:58:00,2011-02-06 11:29:00,24,214
22354,RETROSPOT PADDED SEAT CUSHION,340,1282.42,2011-11-23 11:47:00,2010-12-05 12:42:00,55,16
22355,CHARLOTTE BAG SUKI DESIGN,4217,3596.15,2011-12-08 11:56:00,2010-12-01 16:33:00,516,1
22356,CHARLOTTE BAG PINK POLKADOT,3613,3134.49,2011-12-09 10:10:00,2010-12-02 14:47:00,444,0
22357,KINGS CHOICE BISCUIT TIN,324,1332.6,2011-12-06 14:23:00,2010-12-01 12:03:00,87,2
22358,KINGS CHOICE TEA CADDY ,406,1193.7800000000002,2011-12-04 11:45:00,2010-12-01 12:03:00,109,5
22359,GLASS JAR KINGS CHOICE,161,477.7900000000001,2011-12-06 12:56:00,2010-12-03 15:19:00,62,2
22360,GLASS JAR ENGLISH CONFECTIONERY,628,1795.6000000000001,2011-12-08 12:43:00,2010-12-01 13:21:00,139,1
22361,GLASS JAR DAISY FRESH COTTON WOOL,417,1201.3500000000001,2011-12-08 11:15:00,2010-12-03 15:19:00,122,1
22362,GLASS JAR PEACOCK BATH SALTS,229,681.2300000000001,2011-12-08 10:40:00,2010-12-03 15:19:00,80,1
22363,GLASS JAR MARMALADE ,213,611.99,2011-12-08 11:15:00,2010-12-12 16:14:00,55,1
22364,GLASS JAR DIGESTIVE BISCUITS,420,1176.32,2011-12-08 19:28:00,2010-12-01 13:21:00,93,0
22365,DOORMAT RESPECTABLE HOUSE,226,1515.1,2011-11-20 10:53:00,2010-12-02 16:34:00,20,19
22366,DOORMAT AIRMAIL ,310,2093.32,2011-11-28 09:12:00,2010-12-01 14:54:00,27,11
22367,CHILDRENS APRON SPACEBOY DESIGN,2285,4494.99,2011-12-09 12:50:00,2010-12-01 11:57:00,427,0
22371,AIRLINE BAG VINTAGE TOKYO 78,724,2995.9,2011-12-09 09:08:00,2010-12-01 11:41:00,236,0
22372,AIRLINE BAG VINTAGE WORLD CHAMPION ,219,918.75,2011-12-06 12:21:00,2010-12-01 12:31:00,99,3
22374,AIRLINE BAG VINTAGE JET SET RED,444,1861.8,2011-12-06 12:21:00,2010-12-02 11:57:00,155,3
22375,AIRLINE BAG VINTAGE JET SET BROWN,250,1043.3,2011-12-06 12:21:00,2010-12-02 11:57:00,96,3
22376,AIRLINE BAG VINTAGE JET SET WHITE,190,803.9,2011-12-06 12:21:00,2010-12-01 12:31:00,81,3
22377,BOTTLE BAG RETROSPOT ,648,1041.89,2011-12-05 17:36:00,2010-12-10 11:44:00,99,3
22378,WALL TIDY RETROSPOT ,680,1007.0600000000001,2011-12-05 17:17:00,2010-12-01 16:57:00,91,3
22379,RECYCLING BAG RETROSPOT ,2324,4915.53,2011-12-08 14:39:00,2010-12-01 09:45:00,374,0
22380,TOY TIDY SPACEBOY  ,1002,1988.8500000000001,2011-12-09 08:39:00,2010-12-02 14:47:00,192,0
22381,TOY TIDY PINK POLKADOT,1387,2924.88,2011-12-05 17:17:00,2010-12-05 12:43:00,268,3
22382,LUNCH BAG SPACEBOY DESIGN ,6845,11306.65,2011-12-08 15:09:00,2010-12-01 11:21:00,952,0
22383,LUNCH BAG SUKI  DESIGN ,1138,1877.7,2011-04-26 11:04:00,2010-12-01 11:29:00,132,227
22383,LUNCH BAG SUKI DESIGN ,6340,10473.4,2011-12-08 18:15:00,2011-02-22 11:02:00,852,0
22384,LUNCH BAG PINK POLKADOT,6696,11060.8,2011-12-08 12:07:00,2010-12-01 11:21:00,885,1
22385,JUMBO BAG SPACEBOY DESIGN,3221,6578.05,2011-12-08 13:27:00,2010-12-02 11:57:00,437,0
22386,JUMBO BAG PINK POLKADOT,6298,12881.86,2011-12-09 12:19:00,2010-12-01 09:37:00,759,0
22389,PAPERWEIGHT SAVE THE PLANET,229,386.90999999999997,2011-12-08 19:24:00,2010-12-06 08:34:00,35,0
22390,PAPERWEIGHT CHILDHOOD MEMORIES,199,354.62,2011-12-08 15:54:00,2010-12-05 11:57:00,29,0
22391,PAPERWEIGHT HOME SWEET HOME,146,186.05999999999997,2011-12-08 15:54:00,2010-12-10 14:53:00,18,0
22393,PAPERWEIGHT VINTAGE COLLAGE,353,560.8,2011-12-08 15:54:00,2010-12-10 14:53:00,47,0
22394,PAPERWEIGHT KINGS CHOICE ,112,150.0,2011-12-09 11:20:00,2010-12-16 13:44:00,15,0
22395,PAPERWEIGHT VINTAGE PAISLEY,98,116.21999999999998,2011-12-08 15:54:00,2010-12-16 13:15:00,14,0
22396,MAGNETS PACK OF 4 RETRO PHOTO,804,415.03999999999996,2011-12-06 11:39:00,2010-12-03 14:54:00,103,3
22398,MAGNETS PACK OF 4 SWALLOWS,2052,1243.53,2011-12-09 12:31:00,2010-12-03 14:54:00,218,0
22399,MAGNETS PACK OF 4 CHILDHOOD MEMORY,554,692.5,2011-12-02 10:47:00,2010-12-01 15:00:00,81,7
22400,MAGNETS PACK OF 4 HOME SWEET HOME,1014,566.79,2011-12-07 13:38:00,2010-12-01 15:00:00,136,1
22402,MAGNETS PACK OF 4 VINTAGE COLLAGE,1029,650.76,2011-12-08 13:50:00,2010-12-01 15:00:00,133,0
22403,MAGNETS PACK OF 4 VINTAGE LABELS ,742,377.12,2011-12-07 12:17:00,2010-12-05 11:10:00,77,2
22405,MONEY BOX POCKET MONEY DESIGN,345,348.69,2011-12-08 15:54:00,2010-12-02 16:38:00,54,0
22406,MONEY BOX KINGS CHOICE DESIGN,319,336.89,2011-12-08 15:31:00,2010-12-02 16:38:00,64,0
22407,MONEY BOX FIRST ADE DESIGN,50,62.5,2011-07-15 13:13:00,2010-12-17 10:12:00,13,146
22407,MONEY BOX FIRST AID DESIGN,43,34.32,2011-12-07 09:35:00,2011-07-31 10:38:00,10,2
22408,MONEY BOX CONFECTIONERY DESIGN,136,140.25,2011-12-06 12:11:00,2010-12-02 16:38:00,22,3
22409,MONEY BOX BISCUITS DESIGN,216,270.0,2011-12-06 12:56:00,2010-12-03 14:40:00,45,2
22410,MONEY BOX HOUSEKEEPING DESIGN,223,212.88,2011-12-08 15:54:00,2010-12-16 18:18:00,46,0
22411,JUMBO SHOPPER VINTAGE RED PAISLEY,5430,11078.18,2011-12-09 12:19:00,2010-12-01 09:41:00,731,0
22412,METAL SIGN NEIGHBOURHOOD WITCH ,658,1378.8000000000002,2011-11-10 16:15:00,2010-12-05 13:00:00,111,28
22413,METAL SIGN TAKE IT OR LEAVE IT ,1527,4511.490000000001,2011-12-08 13:47:00,2010-12-01 11:21:00,342,0
22414,DOORMAT NEIGHBOURHOOD WITCH ,54,331.9,2011-12-06 14:23:00,2011-01-31 09:57:00,9,2
22416,SET OF 36 DOILIES SPACEBOY DESIGN ,332,481.4,2011-10-25 10:27:00,2010-12-09 20:01:00,52,45
22416,SET OF 36 SPACEBOY PAPER DOILIES,50,72.5,2011-12-04 11:45:00,2011-10-25 13:10:00,7,5
22417,PACK OF 60 SPACEBOY CAKE CASES,4497,2475.9900000000002,2011-12-08 12:43:00,2010-12-01 11:29:00,377,1
22418,10 COLOUR SPACEBOY PEN,3927,3351.2099999999996,2011-12-05 17:17:00,2010-12-01 11:41:00,213,3
22419,LIPSTICK PEN RED,1034,471.59,2011-12-08 19:57:00,2010-12-06 10:19:00,130,0
22420,LIPSTICK PEN BABY PINK,552,258.59,2011-12-08 12:07:00,2010-12-12 10:57:00,76,1
22421,LIPSTICK PEN FUSCHIA,786,358.82,2011-12-05 17:17:00,2010-12-01 16:33:00,103,3
22422,TOOTHPASTE TUBE PEN,472,316.20000000000005,2011-12-08 15:31:00,2010-12-02 10:35:00,66,0
22423,REGENCY CAKESTAND 3 TIER,50,220.0,2011-06-15 11:29:00,2011-03-17 17:13:00,3,177
22425,ENAMEL COLANDER CREAM,401,1940.15,2011-12-07 14:12:00,2010-12-02 17:17:00,139,1
22426,ENAMEL WASH BOWL CREAM,563,1944.8500000000001,2011-12-07 14:12:00,2010-12-02 13:45:00,141,1
22427,ENAMEL FLOWER JUG CREAM,1738,10036.1,2011-11-28 14:26:00,2010-12-01 09:53:00,435,10
22428,ENAMEL FIRE BUCKET CREAM,220,1514.6000000000001,2011-12-07 12:21:00,2010-12-01 09:53:00,91,2
22429,ENAMEL MEASURING JUG CREAM,943,4007.75,2011-12-08 13:36:00,2010-12-01 12:54:00,312,0
22430,ENAMEL WATERING CAN CREAM,539,2621.85,2011-12-08 12:07:00,2010-12-02 17:17:00,161,1
22431,WATERING CAN BLUE ELEPHANT,1355,2653.1499999999996,2011-12-08 18:15:00,2010-12-02 10:39:00,265,0
22432,WATERING CAN PINK BUNNY,1260,2459.18,2011-12-08 18:15:00,2010-12-02 10:39:00,226,0
22433,WATERING CAN GREEN DINOSAUR,873,1704.53,2011-12-08 18:15:00,2010-12-02 10:39:00,181,0
22434,BALLOON PUMP WITH 10 BALLOONS,598,1168.28,2011-12-08 15:03:00,2010-12-02 10:17:00,109,0
22435,SET OF 9 HEART SHAPED BALLOONS,1659,2073.89,2011-12-07 13:38:00,2010-12-01 11:21:00,195,1
22436,12 COLOURED PARTY BALLOONS,1701,1107.45,2011-12-07 12:48:00,2010-12-02 13:32:00,132,2
22437,SET OF 9 BLACK SKULL BALLOONS,2125,1803.65,2011-12-07 13:53:00,2010-12-02 12:47:00,166,1
22438,BALLOON ART MAKE YOUR OWN FLOWERS,337,586.95,2011-12-08 15:31:00,2010-12-01 09:41:00,60,0
22439,6 ROCKET BALLOONS ,1488,994.8000000000001,2011-12-08 12:50:00,2010-12-05 12:44:00,149,1
22440,BALLOON WATER BOMB PACK OF 35,1483,622.86,2011-12-06 11:58:00,2010-12-05 11:10:00,119,3
22441,GROW YOUR OWN BASIL IN ENAMEL MUG,894,1875.4,2011-12-08 17:57:00,2010-12-01 11:21:00,165,0
22442,GROW YOUR OWN FLOWERS SET OF 3,197,422.54999999999995,2011-12-09 11:26:00,2011-10-16 13:23:00,22,0
22444,GROW YOUR OWN PLANT IN A CAN ,570,712.5,2011-04-13 16:43:00,2010-12-01 15:37:00,30,239
22445,PENCIL CASE LIFE IS BEAUTIFUL,373,1114.5500000000002,2011-12-08 14:39:00,2010-12-01 13:17:00,91,0
22446,PIN CUSHION BABUSHKA PINK,161,432.99,2011-12-08 18:22:00,2010-12-02 11:20:00,38,0
22447,PIN CUSHION BABUSHKA BLUE,75,223.95000000000002,2011-12-09 10:46:00,2011-01-17 11:01:00,16,0
22448,PIN CUSHION BABUSHKA RED,187,576.3100000000001,2011-12-06 12:56:00,2010-12-08 12:08:00,34,2
22449,SILK PURSE BABUSHKA PINK,364,1214.3300000000002,2011-11-24 11:52:00,2010-12-01 10:52:00,87,15
22450,SILK PURSE BABUSHKA BLUE,183,610.6500000000001,2011-11-28 15:34:00,2010-12-02 13:14:00,52,10
22451,SILK PURSE BABUSHKA RED,153,512.5500000000001,2011-05-13 11:12:00,2010-12-01 11:21:00,37,210
22452,MEASURING TAPE BABUSHKA PINK,292,850.0000000000001,2011-12-06 14:23:00,2010-12-02 15:20:00,64,2
22453,MEASURING TAPE BABUSHKA BLUE,285,826.3500000000001,2011-12-08 15:03:00,2010-12-01 13:17:00,45,0
22454,MEASURING TAPE BABUSHKA RED,180,516.6,2011-11-16 11:05:00,2010-12-01 13:17:00,36,23
22456,NATURAL SLATE CHALKBOARD LARGE ,1412,6660.400000000001,2011-12-06 11:39:00,2010-12-03 13:43:00,302,3
22457,NATURAL SLATE HEART CHALKBOARD ,5947,17750.770000000004,2011-12-09 08:59:00,2010-12-01 09:53:00,931,0
22458,CAST IRON HOOK GARDEN FORK,61,155.54999999999998,2011-03-06 14:15:00,2010-12-05 10:54:00,12,277
22459,CAST IRON HOOK GARDEN TROWEL,59,150.45,2011-04-26 15:52:00,2010-12-05 10:54:00,13,226
22460,EMBOSSED GLASS TEALIGHT HOLDER,1534,1940.77,2011-12-09 12:31:00,2010-12-02 10:39:00,152,0
22461,SAVOY ART DECO CLOCK,188,742.6,2011-08-12 12:37:00,2011-04-19 14:49:00,25,119
22464,HANGING METAL HEART LANTERN,2579,4078.1099999999997,2011-12-09 11:56:00,2010-12-01 09:53:00,270,0
22465,HANGING METAL STAR LANTERN,1544,2342.62,2011-12-09 11:56:00,2010-12-01 11:41:00,153,0
22466,FAIRY TALE COTTAGE NIGHT LIGHT,720,1400.3999999999999,2011-12-09 12:31:00,2011-09-07 14:13:00,79,0
22466,FAIRY TALE COTTAGE NIGHTLIGHT,648,1263.6,2011-10-06 13:42:00,2010-12-01 14:34:00,62,63
22467,GUMBALL COAT RACK,2942,7457.75,2011-12-09 08:48:00,2010-12-01 11:21:00,480,0
22468,BABUSHKA LIGHTS STRING OF 10,418,2733.5,2011-12-06 11:39:00,2010-12-01 10:52:00,114,3
22469,HEART OF WICKER SMALL,7230,11924.109999999999,2011-12-09 11:34:00,2010-12-01 09:59:00,869,0
22470,HEART OF WICKER LARGE,3965,11714.910000000002,2011-12-08 17:54:00,2010-12-01 11:57:00,761,0
22471,TV DINNER TRAY AIR HOSTESS ,205,738.75,2011-12-06 16:21:00,2010-12-01 14:41:00,59,2
22472,TV DINNER TRAY DOLLY GIRL,256,1129.4,2011-12-08 15:54:00,2010-12-01 11:57:00,76,0
22473,TV DINNER TRAY VINTAGE PAISLEY,311,940.65,2011-12-08 15:54:00,2010-12-01 11:21:00,72,0
22474,SPACEBOY TV DINNER TRAY,211,935.85,2011-12-08 13:50:00,2010-12-02 13:49:00,81,0
22475,SKULL DESIGN TV DINNER TRAY,245,1070.8500000000001,2011-12-08 17:54:00,2010-12-05 15:12:00,108,0
22476,EMPIRE UNION JACK TV DINNER TRAY,202,889.5,2011-12-09 09:07:00,2010-12-01 16:57:00,72,0
22477,WATERING CAN GARDEN MARKER,460,575.0,2011-11-28 10:31:00,2010-12-02 11:02:00,66,11
22478,BIRDHOUSE GARDEN MARKER ,591,738.75,2011-12-07 09:22:00,2010-12-05 11:49:00,72,2
22479,DAISY GARDEN MARKER,358,447.5,2011-12-01 19:54:00,2010-12-05 11:49:00,52,7
22480,RED TEA TOWEL CLASSIC DESIGN,384,480.0,2011-08-28 16:09:00,2010-12-01 12:15:00,64,102
22481,BLACK TEA TOWEL CLASSIC DESIGN,656,593.7,2011-12-09 12:31:00,2010-12-01 12:49:00,83,0
22482,BLUE TEA TOWEL CLASSIC DESIGN,256,320.0,2011-07-05 13:07:00,2010-12-01 14:34:00,46,156
22483,RED GINGHAM TEDDY BEAR ,482,1417.9800000000002,2011-12-07 08:38:00,2010-12-05 11:57:00,127,2
22486,PLASMATRONIC LAMP,42,165.90000000000003,2011-12-06 15:10:00,2010-12-15 09:07:00,5,2
22488,NATURAL SLATE RECTANGLE CHALKBOARD,2094,3452.0599999999995,2011-12-08 12:15:00,2010-12-01 11:41:00,294,1
22489,PACK OF 12 TRADITIONAL CRAYONS,4273,1831.35,2011-12-09 09:38:00,2010-12-01 13:24:00,285,0
22491,PACK OF 12 COLOURED PENCILS,1726,1467.8799999999999,2011-12-09 09:38:00,2010-12-02 10:35:00,184,0
22492,MINI PAINT SET VINTAGE ,22,21.14,2011-12-05 17:17:00,2010-12-16 16:28:00,7,3
22493,PAINT YOUR OWN CANVAS SET,1464,2435.2799999999997,2011-12-08 16:29:00,2010-12-01 14:05:00,170,0
22494,EMERGENCY FIRST AID TIN ,622,804.12,2011-12-06 14:23:00,2010-12-01 13:24:00,115,2
22495,SET OF 2 ROUND TINS CAMEMBERT ,241,512.23,2011-12-09 10:46:00,2010-12-08 09:53:00,65,0
22496,SET OF 2 ROUND TINS DUTCH CHEESE,242,474.14000000000004,2011-12-09 09:07:00,2010-12-01 15:35:00,69,0
22497,SET OF 2 TINS VINTAGE BATHROOM ,177,752.25,2011-12-05 14:19:00,2010-12-01 16:57:00,59,3
22498,WOODEN REGATTA BUNTING,228,1356.6000000000001,2011-12-08 12:07:00,2010-12-07 11:59:00,96,1
22499,WOODEN UNION JACK BUNTING,1323,7871.85,2011-12-06 14:23:00,2010-12-02 11:41:00,287,2
22500,SET OF 2 TINS JARDIN DE PROVENCE,235,826.5500000000001,2011-12-09 11:20:00,2010-12-01 12:23:00,85,0
22501,PICNIC BASKET WICKER LARGE,1,3.0,2011-06-05 11:14:00,2011-06-05 11:14:00,1,187
22502,PICNIC BASKET WICKER SMALL,1028,5768.650000000001,2011-09-25 14:33:00,2010-12-01 10:29:00,224,74
22505,MEMO BOARD COTTAGE DESIGN,972,4626.6,2011-12-09 11:59:00,2010-12-02 13:14:00,254,0
22507,MEMO BOARD RETROSPOT  DESIGN,1057,5127.75,2011-12-08 20:01:00,2010-12-02 09:29:00,334,0
22508,DOORSTOP RETROSPOT HEART,767,2883.94,2011-12-06 14:23:00,2010-12-01 12:08:00,235,2
22509,SEWING BOX RETROSPOT DESIGN ,111,438.45000000000005,2011-12-08 18:03:00,2011-12-04 10:56:00,31,0
22510,GINGHAM BABUSHKA DOORSTOP,169,350.87,2011-12-08 13:47:00,2010-12-08 13:03:00,40,0
22511,RETROSPOT BABUSHKA DOORSTOP,205,405.87,2011-12-08 13:47:00,2010-12-01 12:08:00,47,0
22512,DOORSTOP RACING CAR DESIGN,117,232.25,2011-12-06 13:45:00,2010-12-13 10:58:00,32,2
22513,DOORSTOP FOOTBALL DESIGN,134,404.98,2011-12-09 09:07:00,2010-12-08 13:53:00,51,0
22514,CHILDS GARDEN SPADE BLUE,224,470.40000000000003,2011-11-29 17:52:00,2010-12-02 13:14:00,74,9
22515,CHILDS GARDEN SPADE PINK,201,422.1,2011-12-06 14:23:00,2010-12-07 13:01:00,62,2
22516,CHILDS GARDEN RAKE BLUE,134,281.40000000000003,2011-11-27 11:57:00,2010-12-09 10:45:00,40,12
22517,CHILDS GARDEN RAKE PINK,143,300.3,2011-12-06 13:20:00,2010-12-21 14:26:00,53,2
22518,CHILDS GARDEN BRUSH BLUE,189,396.90000000000003,2011-05-16 13:35:00,2010-12-07 13:01:00,53,206
22519,CHILDS GARDEN BRUSH PINK,226,474.6,2011-06-07 07:49:00,2010-12-01 17:15:00,61,185
22520,CHILDS GARDEN TROWEL BLUE ,672,571.1999999999999,2011-05-17 11:02:00,2010-12-14 12:30:00,104,206
22521,CHILDS GARDEN TROWEL PINK,598,508.29999999999995,2011-05-01 11:10:00,2010-12-09 10:45:00,94,222
22522,CHILDS GARDEN FORK BLUE ,729,619.65,2011-12-08 13:50:00,2010-12-14 12:30:00,119,0
22523,CHILDS GARDEN FORK PINK,747,634.9499999999999,2011-12-05 12:05:00,2010-12-09 10:45:00,117,4
22524,CHILDRENS GARDEN GLOVES BLUE,492,615.0,2011-05-24 08:49:00,2010-12-01 17:24:00,64,199
22525,CHILDRENS GARDEN GLOVES PINK,358,447.5,2011-04-18 16:31:00,2010-12-05 11:49:00,51,234
22529,MAGIC DRAWING SLATE GO TO THE FAIR ,526,219.48,2011-12-08 19:57:00,2010-12-01 11:57:00,58,0
22530,MAGIC DRAWING SLATE DOLLY GIRL ,2071,864.06,2011-12-08 16:29:00,2010-12-01 11:57:00,166,0
22531,MAGIC DRAWING SLATE CIRCUS PARADE  ,1755,737.1,2011-12-05 12:16:00,2010-12-01 11:45:00,145,4
22532,MAGIC DRAWING SLATE LEAP FROG ,391,164.22,2011-12-08 15:03:00,2010-12-05 12:35:00,61,0
22533,MAGIC DRAWING SLATE BAKE A CAKE ,540,222.48,2011-12-08 13:50:00,2010-12-01 11:41:00,73,0
22534,MAGIC DRAWING SLATE SPACEBOY ,2543,1065.18,2011-12-08 13:50:00,2010-12-01 11:57:00,189,0
22535,MAGIC DRAWING SLATE BUNNIES ,945,394.02,2011-12-02 13:54:00,2010-12-06 15:25:00,103,6
22536,MAGIC DRAWING SLATE PURDEY,1182,493.56,2011-12-08 16:29:00,2010-12-05 12:35:00,120,0
22537,MAGIC DRAWING SLATE DINOSAUR,1528,641.76,2011-12-05 12:16:00,2010-12-01 11:41:00,129,4
22538,MINI JIGSAW GO TO THE FAIR,242,101.64,2011-11-29 15:06:00,2010-12-20 09:37:00,24,9
22539,MINI JIGSAW DOLLY GIRL,1117,468.35,2011-12-08 14:39:00,2010-12-01 13:24:00,72,0
22540,MINI JIGSAW CIRCUS PARADE ,783,328.02,2011-12-07 12:41:00,2010-12-01 08:45:00,51,2
22541,MINI JIGSAW LEAP FROG,177,74.06,2011-12-05 17:17:00,2011-02-04 10:32:00,19,3
22543,MINI JIGSAW BAKE A CAKE ,378,151.93,2011-12-08 19:28:00,2010-12-01 13:24:00,34,0
22544,MINI JIGSAW SPACEBOY,1567,654.8,2011-12-08 13:50:00,2010-12-01 08:45:00,103,0
22545,MINI JIGSAW BUNNIES,464,190.53,2011-12-07 12:41:00,2010-12-07 13:50:00,43,2
22546,MINI JIGSAW PURDEY,480,196.21,2011-12-08 13:50:00,2010-12-12 13:32:00,51,0
22547,MINI JIGSAW DINOSAUR ,546,231.99,2011-12-05 17:17:00,2010-12-01 13:24:00,46,3
22548,HEADS AND TAILS SPORTING FUN,1055,1327.22,2011-11-13 13:42:00,2010-12-01 12:54:00,171,25
22549,PICTURE DOMINOES,2163,3193.39,2011-12-09 12:16:00,2010-12-01 11:21:00,234,0
22550,HOLIDAY FUN LUDO,568,2155.97,2011-12-08 13:04:00,2010-12-03 11:35:00,169,0
22551,PLASTERS IN TIN SPACEBOY,4344,7192.199999999999,2011-12-09 10:13:00,2010-12-01 11:57:00,546,0
22553,PLASTERS IN TIN SKULLS,2947,4862.549999999999,2011-12-08 14:38:00,2010-12-01 11:41:00,425,0
22554,PLASTERS IN TIN WOODLAND ANIMALS,4489,7410.129999999999,2011-12-09 10:13:00,2010-12-01 11:57:00,558,0
22555,PLASTERS IN TIN STRONGMAN,3408,5624.839999999999,2011-12-09 12:50:00,2010-12-01 14:34:00,424,0
22556,PLASTERS IN TIN CIRCUS PARADE ,4339,7165.909999999999,2011-12-09 12:50:00,2010-12-01 13:24:00,500,0
22557,PLASTERS IN TIN VINTAGE PAISLEY ,3166,5274.74,2011-12-08 13:50:00,2010-12-01 11:57:00,464,0
22558,CLOTHES PEGS RETROSPOT PACK 24 ,4583,7276.11,2011-12-08 13:59:00,2010-12-01 12:23:00,579,0
22559,SEASIDE FLYING DISC,255,326.01,2011-12-05 17:17:00,2010-12-02 11:35:00,36,3
22560,TRADITIONAL MODELLING CLAY,3962,5011.79,2011-12-09 09:38:00,2010-12-02 11:35:00,300,0
22561,WOODEN SCHOOL COLOURING SET,3356,5539.919999999999,2011-12-09 11:34:00,2010-12-01 13:24:00,370,0
22562,MONSTERS STENCIL CRAFT,1078,1347.78,2011-12-08 13:50:00,2010-12-02 15:46:00,185,0
22563,HAPPY STENCIL CRAFT,1337,1668.04,2011-12-08 13:50:00,2010-12-05 11:10:00,238,0
22564,ALPHABET STENCIL CRAFT,832,1041.63,2011-12-08 13:50:00,2010-12-02 10:17:00,156,0
22565,FELTCRAFT HAIRBANDS PINK AND WHITE ,817,711.6099999999999,2011-12-05 17:17:00,2010-12-01 11:57:00,108,3
22566,FELTCRAFT HAIRBAND PINK AND PURPLE,780,675.4799999999999,2011-12-08 12:50:00,2010-12-01 11:57:00,117,1
22567,20 DOLLY PEGS RETROSPOT,1292,1745.6,2011-12-09 12:20:00,2010-12-01 13:24:00,173,0
22568,FELTCRAFT CUSHION OWL,2073,7675.24,2011-12-07 13:46:00,2010-12-01 11:45:00,404,1
22569,FELTCRAFT CUSHION BUTTERFLY,1460,5370.1,2011-10-25 09:31:00,2010-12-01 11:49:00,285,45
22570,FELTCRAFT CUSHION RABBIT,1560,5750.03,2011-11-15 12:48:00,2010-12-01 11:49:00,314,24
22571,ROCKING HORSE RED CHRISTMAS ,1368,1162.8,2011-12-08 19:28:00,2010-12-01 15:35:00,163,0
22572,ROCKING HORSE GREEN CHRISTMAS ,976,829.5999999999999,2011-11-29 16:23:00,2010-12-01 15:35:00,122,9
22573,STAR WOODEN CHRISTMAS DECORATION,1336,1173.04,2011-12-09 10:51:00,2010-12-01 12:23:00,145,0
22574,HEART WOODEN CHRISTMAS DECORATION,1409,1246.79,2011-12-07 14:01:00,2010-12-01 13:54:00,146,1
22575,METAL MERRY CHRISTMAS WREATH,419,814.65,2011-12-05 16:03:00,2010-12-01 12:43:00,73,3
22576,SWALLOW WOODEN CHRISTMAS DECORATION,1034,891.38,2011-12-09 10:51:00,2010-12-01 15:35:00,117,0
22577,WOODEN HEART CHRISTMAS SCANDINAVIAN,5839,2151.47,2011-12-08 13:59:00,2010-12-01 12:23:00,404,0
22578,WOODEN STAR CHRISTMAS SCANDINAVIAN,6131,2046.3499999999997,2011-12-07 15:07:00,2010-12-01 15:40:00,393,1
22579,WOODEN TREE CHRISTMAS SCANDINAVIAN,3747,1330.59,2011-11-28 15:54:00,2010-12-01 15:35:00,255,10
22580,ADVENT CALENDAR GINGHAM SACK,589,3489.55,2011-12-01 14:41:00,2010-12-01 11:57:00,156,7
22581,WOOD STOCKING CHRISTMAS SCANDISPOT,929,595.75,2011-12-08 13:59:00,2010-12-01 15:35:00,95,0
22582,PACK OF 6 SWEETIE GIFT BOXES,357,912.76,2011-12-08 11:43:00,2010-12-01 12:23:00,72,1
22583,PACK OF 6 HANDBAG GIFT BOXES,354,902.6999999999999,2011-12-06 12:15:00,2010-12-01 12:43:00,74,3
22584,PACK OF 6 PANETTONE GIFT BOXES,82,211.51,2011-12-08 16:22:00,2011-11-18 12:08:00,13,0
22584,PACK OF 6 PANNETONE GIFT BOXES,812,2073.0099999999998,2011-11-16 12:16:00,2010-12-01 13:17:00,127,23
22585,PACK OF 6 BIRDY GIFT TAGS,3014,3777.46,2011-12-09 12:16:00,2010-12-01 12:08:00,290,0
22586,FELTCRAFT HAIRBAND PINK AND BLUE,749,636.65,2011-12-08 12:43:00,2010-12-03 16:44:00,116,1
22587,FELTCRAFT HAIRBAND RED AND BLUE,758,644.3,2011-12-08 13:45:00,2010-12-01 11:57:00,118,0
22588,CARD HOLDER GINGHAM HEART,602,1724.42,2011-12-06 13:13:00,2010-12-01 12:43:00,135,2
22589,CARDHOLDER GINGHAM STAR,287,850.85,2011-12-05 17:17:00,2010-12-01 15:40:00,56,3
22591,CARDHOLDER GINGHAM CHRISTMAS TREE,290,995.84,2011-12-05 17:17:00,2010-12-08 16:34:00,61,3
22592,CARDHOLDER HOLLY WREATH METAL,458,1723.36,2011-12-08 14:38:00,2010-12-01 14:41:00,90,0
22593,CHRISTMAS GINGHAM STAR,1363,1191.31,2011-12-08 13:59:00,2010-12-01 11:57:00,126,0
22594,CHRISTMAS GINGHAM TREE,1216,1068.7,2011-12-08 13:59:00,2010-12-01 11:57:00,117,0
22595,CHRISTMAS GINGHAM HEART,264,224.39999999999998,2011-01-12 15:22:00,2010-12-01 11:57:00,25,330
22595,GINGHAM HEART DECORATION,3509,2984.99,2011-12-08 13:59:00,2011-02-02 12:42:00,316,0
22596,CHRISTMAS STAR WISH LIST CHALKBOARD,2376,2651.52,2011-12-09 10:51:00,2011-06-13 13:44:00,220,0
22597,CHRISTMAS MUSICAL ZINC HEART ,35,29.75,2010-12-13 13:28:00,2010-12-01 14:38:00,5,360
22597,MUSICAL ZINC HEART DECORATION ,713,368.15,2011-12-08 17:54:00,2011-02-23 10:58:00,87,0
22598,CHRISTMAS MUSICAL ZINC TREE,307,144.01,2011-12-08 17:54:00,2010-12-05 12:35:00,44,0
22599,CHRISTMAS MUSICAL ZINC STAR,400,212.39999999999998,2011-12-08 17:54:00,2010-12-01 14:38:00,53,0
22600,CHRISTMAS RETROSPOT STAR WOOD,1310,1126.76,2011-12-08 15:41:00,2010-12-01 13:54:00,140,0
22601,CHRISTMAS RETROSPOT ANGEL WOOD,1407,1214.6699999999998,2011-12-07 11:42:00,2010-12-01 13:54:00,146,2
22602,CHRISTMAS RETROSPOT HEART WOOD,110,93.5,2010-12-13 13:10:00,2010-12-02 09:29:00,10,360
22602,RETROSPOT WOODEN HEART DECORATION,1513,1284.49,2011-12-07 14:01:00,2011-02-17 14:19:00,158,1
22603,CHRISTMAS RETROSPOT TREE WOOD,1113,953.8499999999999,2011-12-08 15:41:00,2010-12-01 12:23:00,123,0
22604,SET OF 4 NAPKIN CHARMS CUTLERY,403,1030.06,2011-12-08 11:43:00,2010-12-01 12:43:00,99,1
22608,PENS ASSORTED FUNKY JEWELED ,1,0.85,2010-12-21 10:26:00,2010-12-21 10:26:00,1,353
22609,PENS ASSORTED SPACEBALL,20,32.599999999999994,2011-12-05 17:17:00,2011-09-26 15:28:00,5,3
22610,PENS ASSORTED FUNNY FACE,2,0.38,2011-06-15 13:35:00,2011-06-15 13:35:00,1,176
22611,VINTAGE UNION JACK SHOPPING BAG,171,812.85,2011-11-25 11:58:00,2010-12-13 13:25:00,39,14
22613,PACK OF 20 SPACEBOY NAPKINS,684,582.18,2011-12-09 12:50:00,2010-12-07 14:31:00,106,0
22614,PACK OF 12 SPACEBOY TISSUES,2367,769.6899999999999,2011-12-08 14:38:00,2010-12-05 11:57:00,157,0
22615,PACK OF 12 CIRCUS PARADE TISSUES ,930,296.84,2011-12-07 13:53:00,2010-12-05 11:57:00,59,1
22616,PACK OF 12 LONDON TISSUES ,4047,1304.4299999999998,2011-12-08 11:43:00,2010-12-01 11:57:00,289,1
22617,BAKING SET SPACEBOY DESIGN,1602,7731.8,2011-12-09 09:38:00,2010-12-02 07:48:00,408,0
22619,SET OF 6 SOLDIER SKITTLES,1516,5909.95,2011-12-08 17:24:00,2010-12-01 10:29:00,328,0
22620,4 TRADITIONAL SPINNING TOPS,2966,4196.83,2011-12-08 13:50:00,2010-12-01 11:41:00,353,0
22621,TRADITIONAL KNITTING NANCY,4213,6932.969999999999,2011-12-09 12:09:00,2010-12-03 10:26:00,482,0
22623,BOX OF VINTAGE JIGSAW BLOCKS ,779,4321.05,2011-12-07 13:35:00,2010-12-01 08:34:00,211,1
22625,RED KITCHEN SCALES,17,112.5,2011-09-01 09:57:00,2011-07-19 15:49:00,2,99
22627,MINT KITCHEN SCALES,1,0.76,2011-04-01 10:43:00,2011-04-01 10:43:00,1,252
22628,PICNIC BOXES SET OF 3 RETROSPOT ,454,2247.3,2011-12-09 08:48:00,2010-12-10 11:44:00,115,0
22629,SPACEBOY LUNCH BOX ,5512,10711.74,2011-12-09 12:50:00,2010-12-01 08:45:00,634,0
22630,DOLLY GIRL LUNCH BOX,4619,9002.89,2011-12-08 15:31:00,2010-12-01 11:49:00,566,0
22631,CIRCUS PARADE LUNCH BOX ,1715,3346.43,2011-12-09 12:50:00,2010-12-01 08:45:00,237,0
22632,HAND WARMER RED POLKA DOT,120,225.00000000000003,2010-12-03 10:26:00,2010-12-01 08:28:00,18,371
22632,HAND WARMER RED RETROSPOT,2348,4930.8,2011-12-09 10:20:00,2010-12-01 10:52:00,320,0
22633,HAND WARMER UNION JACK,2824,5903.400000000001,2011-12-09 10:20:00,2010-12-01 08:28:00,418,0
22637,PIGGY BANK RETROSPOT ,1157,2922.77,2011-11-27 11:22:00,2010-12-01 09:41:00,248,12
22638,SET OF 4 NAPKIN CHARMS CROWNS ,127,287.53999999999996,2011-12-08 13:50:00,2010-12-01 15:35:00,35,0
22639,SET OF 4 NAPKIN CHARMS HEARTS,477,1203.11,2011-12-06 14:35:00,2010-12-01 15:35:00,118,2
22640,SET OF 4 NAPKIN CHARMS 3 KEYS ,121,289.19,2011-12-06 10:58:00,2010-12-01 15:35:00,39,3
22641,SET OF 4 NAPKIN CHARMS INSTRUMENT,80,198.72,2011-12-07 15:07:00,2010-12-01 15:35:00,23,1
22642,SET OF 4 NAPKIN CHARMS STARS   ,148,338.21999999999997,2011-12-08 13:50:00,2010-12-01 12:43:00,40,0
22643,SET OF 4 NAPKIN CHARMS LEAVES   ,119,278.81,2011-12-08 13:50:00,2010-12-01 12:43:00,28,0
22644,CERAMIC CHERRY CAKE MONEY BANK,1203,1710.9299999999998,2011-12-09 11:20:00,2010-12-01 09:41:00,172,0
22645,CERAMIC HEART FAIRY CAKE MONEY BANK,1208,1747.5,2011-12-09 11:20:00,2010-12-01 12:08:00,222,0
22646,CERAMIC STRAWBERRY CAKE MONEY BANK,1795,2557.27,2011-12-09 11:20:00,2010-12-01 09:41:00,249,0
22647,CERAMIC LOVE HEART MONEY BANK,145,191.17,2011-12-06 11:58:00,2011-01-09 12:31:00,21,3
22649,STRAWBERRY FAIRY CAKE TEAPOT,748,3638.9,2011-12-04 15:19:00,2010-12-02 18:08:00,160,4
22650,CERAMIC PIRATE CHEST MONEY BANK,683,987.9499999999999,2011-12-06 12:56:00,2010-12-01 12:08:00,103,2
22651,GENTLEMAN SHIRT REPAIR KIT ,792,682.56,2011-12-08 13:50:00,2010-12-01 12:31:00,86,0
22652,TRAVEL SEWING KIT,2943,4857.71,2011-11-15 16:38:00,2010-12-01 10:39:00,376,23
22653,BUTTON BOX ,731,1417.71,2011-12-07 13:53:00,2010-12-01 12:43:00,115,1
22654,DELUXE SEWING KIT ,643,3825.8500000000004,2011-12-07 17:05:00,2010-12-02 11:35:00,209,1
22659,LUNCH BOX I LOVE LONDON,2868,5577.92,2011-12-08 15:31:00,2010-12-01 08:45:00,439,0
22660,DOORMAT I LOVE LONDON,74,512.04,2011-12-07 12:48:00,2011-04-21 17:06:00,9,2
22661,CHARLOTTE BAG DOLLY GIRL DESIGN,2705,2296.39,2011-12-07 17:17:00,2010-12-01 08:45:00,317,1
22662,LUNCH BAG DOLLY GIRL DESIGN,4087,6750.99,2011-12-08 14:39:00,2010-12-01 09:56:00,573,0
22663,JUMBO BAG DOLLY GIRL DESIGN,2076,4240.43,2011-12-08 12:07:00,2010-12-01 09:56:00,306,1
22664,TOY TIDY DOLLY GIRL DESIGN,512,930.1800000000001,2011-12-09 10:20:00,2010-12-01 11:45:00,99,0
22665,RECIPE BOX BLUE SKETCHBOOK DESIGN,954,2748.86,2011-11-08 13:10:00,2010-12-01 13:24:00,228,30
22666,RECIPE BOX PANTRY YELLOW DESIGN,4278,12360.18,2011-12-09 08:48:00,2010-12-01 13:24:00,805,0
22667,RECIPE BOX RETROSPOT ,2167,6152.650000000001,2011-12-09 08:48:00,2010-12-01 13:24:00,434,0
22668,PINK BABY BUNTING,1014,3002.66,2011-12-08 12:43:00,2010-12-19 14:16:00,187,1
22669,RED BABY BUNTING ,847,2498.65,2011-12-08 12:43:00,2010-12-02 12:28:00,163,1
22670,FRENCH WC SIGN BLUE METAL,1669,2087.74,2011-12-09 08:48:00,2010-12-01 12:22:00,206,0
22671,FRENCH LAUNDRY SIGN BLUE METAL,630,1046.06,2011-12-08 13:50:00,2010-12-03 17:28:00,101,0
22672,FRENCH BATHROOM SIGN BLUE METAL,1094,1810.0199999999998,2011-12-08 16:18:00,2010-12-02 10:45:00,156,0
22673,FRENCH GARDEN SIGN BLUE METAL,769,956.83,2011-12-08 12:26:00,2010-12-06 14:51:00,110,1
22674,FRENCH TOILET SIGN BLUE METAL,982,1226.43,2011-12-08 17:37:00,2010-12-05 12:57:00,142,0
22675,FRENCH KITCHEN SIGN BLUE METAL,885,1114.86,2011-12-08 16:18:00,2010-12-13 13:25:00,121,0
22676,FRENCH BLUE METAL DOOR SIGN 1,848,1063.64,2011-12-02 17:12:00,2010-12-02 10:45:00,134,6
22677,FRENCH BLUE METAL DOOR SIGN 2,774,967.51,2011-12-02 17:12:00,2010-12-12 10:57:00,111,6
22678,FRENCH BLUE METAL DOOR SIGN 3,700,877.43,2011-12-06 14:23:00,2010-12-01 14:41:00,101,2
22679,FRENCH BLUE METAL DOOR SIGN 4,616,771.82,2011-12-06 14:23:00,2010-12-09 17:27:00,90,2
22680,FRENCH BLUE METAL DOOR SIGN 5,703,879.97,2011-12-02 11:53:00,2010-12-01 13:31:00,99,7
22681,FRENCH BLUE METAL DOOR SIGN 6,627,785.57,2011-12-05 17:17:00,2010-12-06 13:41:00,81,3
22682,FRENCH BLUE METAL DOOR SIGN 7,618,773.11,2011-12-06 15:36:00,2010-12-21 09:47:00,79,2
22683,FRENCH BLUE METAL DOOR SIGN 8,575,720.57,2011-12-02 11:53:00,2010-12-06 11:26:00,80,7
22684,FRENCH BLUE METAL DOOR SIGN 9,462,576.9,2011-12-02 11:53:00,2010-12-05 13:17:00,60,7
22685,FRENCH BLUE METAL DOOR SIGN 0,503,628.15,2011-12-02 11:53:00,2010-12-06 11:26:00,69,7
22686,FRENCH BLUE METAL DOOR SIGN No,475,594.96,2011-12-08 15:31:00,2010-12-01 14:41:00,69,0
22687,DOORMAT CHRISTMAS VILLAGE,46,269.08,2011-09-29 13:29:00,2011-08-18 08:51:00,3,70
22688,DOORMAT PEACE ON EARTH BLUE,62,378.4,2011-09-15 15:30:00,2010-12-08 12:29:00,5,84
22689,DOORMAT MERRY CHRISTMAS RED ,120,789.6999999999999,2011-10-30 11:42:00,2011-07-18 11:55:00,10,40
22690,DOORMAT HOME SWEET HOME BLUE ,331,2217.25,2011-12-07 11:42:00,2010-12-10 12:48:00,31,2
22691,DOORMAT WELCOME SUNRISE,96,614.5,2011-11-20 10:53:00,2011-02-17 12:51:00,9,19
22692,DOORMAT WELCOME TO OUR HOME,470,3198.9,2011-11-30 16:18:00,2011-01-06 11:12:00,41,8
22693,GROW A FLYTRAP OR SUNFLOWER IN TIN,4732,5915.0,2011-12-05 08:39:00,2010-12-06 17:26:00,199,4
22694,WICKER STAR ,1388,2911.8,2011-12-09 11:34:00,2010-12-01 11:57:00,299,0
22695,WICKER WREATH SMALL,563,709.63,2011-12-09 12:20:00,2010-12-01 11:57:00,93,0
22696,WICKER WREATH LARGE,500,986.66,2011-12-07 12:19:00,2010-12-01 15:37:00,119,2
22697,GREEN REGENCY TEACUP AND SAUCER,4924,13956.44,2011-12-09 10:20:00,2010-12-01 12:51:00,670,0
22698,PINK REGENCY TEACUP AND SAUCER,3963,11236.09,2011-12-09 12:20:00,2010-12-09 11:28:00,538,0
22699,ROSES REGENCY TEACUP AND SAUCER ,5769,16284.750000000002,2011-12-09 10:20:00,2010-12-01 12:50:00,748,0
22700,BLACK AND WHITE DOG BOWL,328,465.34000000000003,2011-10-07 13:17:00,2010-12-06 13:13:00,43,62
22701,PINK DOG BOWL,268,412.12,2011-12-08 12:07:00,2010-12-03 15:19:00,49,1
22702,BLACK AND WHITE CAT BOWL,301,397.5,2011-11-27 13:29:00,2010-12-03 11:35:00,39,11
22703,PINK CAT BOWL,138,177.42000000000002,2011-12-08 17:37:00,2010-12-08 17:20:00,39,0
22704,WRAP RED APPLES ,3975,1669.5,2011-12-09 12:20:00,2010-12-01 13:23:00,159,0
22705,WRAP GREEN PEARS ,1825,766.5,2011-12-06 12:18:00,2010-12-02 14:42:00,73,3
22706,WRAP COWBOYS  ,1575,661.5,2011-12-07 10:12:00,2010-12-01 11:41:00,63,2
22707,WRAP MONSTER FUN ,1100,462.0,2011-12-02 10:22:00,2010-12-19 14:41:00,44,7
22708,WRAP DOLLY GIRL,2325,976.5,2011-12-08 10:24:00,2010-12-08 10:38:00,93,1
22709,WRAP WEDDING DAY,925,388.5,2011-12-08 11:25:00,2011-01-05 13:57:00,37,1
22710,WRAP I LOVE LONDON ,2075,871.5,2011-12-06 11:39:00,2010-12-08 10:45:00,83,3
22711,WRAP CIRCUS PARADE,2327,977.34,2011-12-09 12:16:00,2010-12-14 12:11:00,94,0
22712,CARD DOLLY GIRL ,2363,1003.53,2011-12-08 10:24:00,2010-12-01 12:35:00,196,1
22713,CARD I LOVE LONDON ,1833,769.24,2011-12-06 16:34:00,2010-12-01 12:31:00,138,2
22714,CARD BIRTHDAY COWBOY,1823,766.89,2011-12-06 15:17:00,2010-12-01 11:41:00,142,2
22715,CARD WEDDING DAY,1218,511.56,2011-11-27 13:26:00,2011-01-05 11:52:00,95,11
22716,CARD CIRCUS PARADE,2572,1081.47,2011-12-09 10:13:00,2010-12-01 11:41:00,207,0
22717,CARD DOG AND BALL ,1098,461.16,2011-11-28 15:34:00,2010-12-02 10:39:00,86,10
22718,CARD CAT AND TREE ,1356,569.52,2011-12-07 17:05:00,2010-12-02 10:39:00,101,1
22719,GUMBALL MONOCHROME COAT RACK,103,126.47,2011-04-28 10:20:00,2010-12-05 13:49:00,25,225
22720,SET OF 3 CAKE TINS PANTRY DESIGN ,4263,20583.97,2011-12-09 08:48:00,2010-12-13 15:13:00,1107,0
22721,SET OF 3 CAKE TINS SKETCHBOOK,804,3448.5,2011-12-09 12:20:00,2010-12-14 11:48:00,238,0
22722,SET OF 6 SPICE TINS PANTRY DESIGN,3122,11911.900000000001,2011-12-08 14:39:00,2010-12-13 15:13:00,642,0
22723,SET OF 6 HERB TINS SKETCHBOOK,909,3181.05,2011-12-09 08:39:00,2010-12-13 15:13:00,232,0
22725,ALARM CLOCK BAKELIKE CHOCOLATE,1442,5429.76,2011-12-08 14:15:00,2010-12-01 16:25:00,316,0
22726,ALARM CLOCK BAKELIKE GREEN,4044,15291.25,2011-12-09 12:50:00,2010-12-01 08:45:00,771,0
22727,ALARM CLOCK BAKELIKE RED ,4196,15785.61,2011-12-09 12:50:00,2010-12-01 08:45:00,851,0
22728,ALARM CLOCK BAKELIKE PINK,2759,10401.86,2011-12-09 12:50:00,2010-12-01 08:45:00,595,0
22729,ALARM CLOCK BAKELIKE ORANGE,1629,6119.88,2011-10-24 14:36:00,2010-12-01 10:47:00,355,45
22730,ALARM CLOCK BAKELIKE IVORY,1963,7366.52,2011-12-09 12:50:00,2010-12-01 10:47:00,460,0
22731,3D CHRISTMAS STAMPS STICKERS ,895,1157.47,2011-12-07 12:48:00,2010-12-01 12:23:00,102,2
22732,3D VINTAGE CHRISTMAS STICKERS ,1234,1590.9,2011-12-07 13:53:00,2010-12-03 12:11:00,120,1
22733,3D TRADITIONAL CHRISTMAS STICKERS,1363,1747.31,2011-12-07 14:12:00,2010-12-02 11:35:00,138,1
22734,SET OF 6 RIBBONS VINTAGE CHRISTMAS,2245,6496.41,2011-12-09 10:51:00,2010-12-09 16:57:00,320,0
22735,RIBBON REEL SOCKS AND MITTENS,518,874.38,2011-12-05 17:17:00,2010-12-01 12:23:00,84,3
22736,RIBBON REEL MAKING SNOWMEN ,881,1484.81,2011-12-09 12:16:00,2010-12-01 11:41:00,148,0
22737,RIBBON REEL CHRISTMAS PRESENT ,1166,1974.74,2011-12-08 11:25:00,2010-12-01 12:23:00,185,1
22738,RIBBON REEL SNOWY VILLAGE,1201,2009.53,2011-12-08 15:09:00,2010-12-01 11:57:00,165,0
22739,RIBBON REEL CHRISTMAS SOCK BAUBLE,1331,2304.39,2011-12-08 11:53:00,2010-12-01 11:57:00,199,1
22740,POLKADOT PEN,8,6.8,2011-03-30 17:33:00,2011-01-23 14:59:00,2,253
22741,FUNKY DIVA PEN,24,27.419999999999998,2011-10-10 15:27:00,2010-12-21 10:26:00,4,59
22742,MAKE YOUR OWN PLAYTIME CARD KIT,432,1000.0800000000002,2011-12-08 15:54:00,2010-12-01 12:23:00,86,0
22743,MAKE YOUR OWN FLOWERPOWER CARD KIT,623,1660.2500000000002,2011-12-08 16:22:00,2010-12-01 13:17:00,145,0
22744,MAKE YOUR OWN MONSOON CARD KIT,638,1655.9800000000002,2011-12-08 20:01:00,2010-12-01 12:23:00,144,0
22745,POPPY'S PLAYHOUSE BEDROOM ,1420,2992.15,2011-12-08 15:09:00,2010-12-01 08:34:00,309,0
22746,POPPY'S PLAYHOUSE LIVINGROOM ,1075,2265.6200000000003,2011-12-08 15:09:00,2010-12-02 13:32:00,247,0
22747,POPPY'S PLAYHOUSE BATHROOM,656,1377.6000000000001,2011-12-09 08:59:00,2010-12-03 10:26:00,165,0
22748,POPPY'S PLAYHOUSE KITCHEN,1557,3283.9100000000003,2011-12-08 15:09:00,2010-12-01 08:34:00,340,0
22749,FELTCRAFT PRINCESS CHARLOTTE DOLL,1490,5581.96,2011-12-09 08:59:00,2010-12-01 08:34:00,388,0
22750,FELTCRAFT PRINCESS LOLA DOLL,1369,5143.05,2011-12-08 15:36:00,2010-12-01 11:57:00,368,0
22751,FELTCRAFT PRINCESS OLIVIA DOLL,839,3156.77,2011-12-08 13:45:00,2010-12-01 11:49:00,242,0
22752,SET 7 BABUSHKA NESTING BOXES,170,671.5000000000001,2011-12-08 18:22:00,2011-12-05 12:16:00,11,0
22753,SMALL YELLOW BABUSHKA NOTEBOOK ,845,561.9399999999999,2011-12-09 11:20:00,2010-12-01 14:41:00,165,0
22754,SMALL RED BABUSHKA NOTEBOOK ,1152,785.06,2011-12-09 11:20:00,2010-12-01 12:43:00,189,0
22755,SMALL PURPLE BABUSHKA NOTEBOOK ,1118,755.3499999999999,2011-12-09 11:20:00,2010-12-01 14:41:00,188,0
22756,LARGE YELLOW BABUSHKA NOTEBOOK ,446,418.71999999999997,2011-12-08 18:03:00,2010-12-03 11:19:00,91,0
22757,LARGE RED BABUSHKA NOTEBOOK ,684,688.57,2011-12-08 19:24:00,2010-12-03 11:19:00,109,0
22758,LARGE PURPLE BABUSHKA NOTEBOOK  ,640,610.0,2011-12-08 19:24:00,2010-12-03 11:19:00,122,0
22759,SET OF 3 NOTEBOOKS IN PARCEL,2557,4391.249999999999,2011-11-30 11:08:00,2010-12-01 11:49:00,295,9
22766,PHOTO FRAME CORNICE,2280,6722.080000000001,2011-12-08 15:54:00,2010-12-01 11:21:00,445,0
22767,TRIPLE PHOTO FRAME CORNICE ,16,107.52,2011-09-22 12:22:00,2011-09-22 12:22:00,1,78
22768,FAMILY PHOTO FRAME CORNICE,16,107.52,2011-09-22 12:22:00,2011-09-22 12:22:00,1,78
22771,CLEAR DRAWER KNOB ACRYLIC EDWARDIAN,3962,4947.46,2011-12-07 14:39:00,2010-12-01 09:41:00,300,1
22772,PINK DRAWER KNOB ACRYLIC EDWARDIAN,1903,2387.26,2011-12-02 10:32:00,2010-12-01 11:29:00,158,7
22773,GREEN DRAWER KNOB ACRYLIC EDWARDIAN,1564,1959.32,2011-12-07 12:49:00,2010-12-01 11:29:00,142,2
22774,RED DRAWER KNOB ACRYLIC EDWARDIAN,1113,1391.01,2011-12-07 11:42:00,2010-12-01 09:41:00,90,2
22775,PURPLE DRAWERKNOB ACRYLIC EDWARDIAN,1455,1830.56,2011-12-08 12:07:00,2010-12-01 11:57:00,132,1
22778,GLASS BELL JAR SMALL,4,15.8,2010-12-02 10:53:00,2010-12-02 10:53:00,1,372
22778,GLASS CLOCHE SMALL,625,2294.03,2011-11-24 12:48:00,2010-12-01 09:41:00,103,15
22779,WOODEN OWLS LIGHT GARLAND ,564,2397.0,2011-12-08 12:57:00,2010-12-01 15:06:00,133,0
22780,LIGHT GARLAND BUTTERFILES PINK,468,1989.0,2011-12-08 12:57:00,2010-12-01 15:06:00,118,0
22781,GUMBALL MAGAZINE RACK,211,1424.25,2011-10-03 10:08:00,2011-01-21 13:07:00,15,67
22784,LANTERN CREAM GAZEBO ,1113,5233.55,2011-12-08 19:55:00,2010-12-01 12:36:00,252,0
22785,SQUARECUSHION COVER PINK UNION FLAG,62,415.3,2011-04-13 15:55:00,2010-12-01 11:45:00,25,239
22785,SQUARECUSHION COVER PINK UNION JACK,99,272.25,2011-12-09 10:46:00,2011-04-15 15:54:00,26,0
22786,CUSHION COVER PINK UNION JACK,107,560.85,2011-12-07 14:12:00,2010-12-01 14:41:00,36,1
22789,T-LIGHT HOLDER SWEETHEART HANGING,722,1409.6399999999999,2011-12-08 14:38:00,2010-12-08 11:02:00,123,0
22791,T-LIGHT GLASS FLUTED ANTIQUE,2548,3205.57,2011-12-09 08:59:00,2010-12-01 13:54:00,202,0
22792,FLUTED ANTIQUE CANDLE HOLDER,1421,1213.31,2011-12-06 13:30:00,2010-12-02 08:43:00,116,2
22794,SWEETHEART WIRE MAGAZINE RACK,10,67.5,2011-01-21 13:07:00,2011-01-21 13:07:00,1,321
22795,SWEETHEART RECIPE BOOK STAND,954,6221.1,2011-12-08 19:55:00,2010-12-01 14:41:00,284,0
22798,ANTIQUE GLASS DRESSING TABLE POT,1222,3598.6600000000003,2011-12-08 12:54:00,2010-12-01 09:45:00,181,0
22799,SWEETHEART WIRE FRUIT BOWL,30,88.50000000000001,2011-12-06 12:26:00,2011-12-04 15:19:00,5,3
22800,ANTIQUE TALL SWIRLGLASS TRINKET POT,572,2150.98,2011-12-08 16:29:00,2010-12-01 13:51:00,135,0
22801,ANTIQUE GLASS PEDESTAL BOWL,683,2520.54,2011-12-08 14:58:00,2010-12-01 13:51:00,155,0
22804,CANDLEHOLDER PINK HANGING HEART,1391,4097.13,2011-10-14 14:00:00,2010-12-01 11:21:00,325,55
22804,PINK HANGING HEART T-LIGHT HOLDER,183,588.1300000000001,2011-12-08 10:59:00,2011-10-13 15:23:00,63,1
22805,BLUE DRAWER KNOB ACRYLIC EDWARDIAN,1296,1613.16,2011-12-08 13:59:00,2010-12-01 11:29:00,119,0
22806,SET OF 6 T-LIGHTS WEDDING CAKE ,195,473.25000000000006,2011-12-08 12:07:00,2010-12-02 13:06:00,27,1
22807,SET OF 6 T-LIGHTS TOADSTOOLS,525,1418.9900000000002,2011-12-09 10:46:00,2010-12-01 11:57:00,104,0
22808,SET OF 6 T-LIGHTS EASTER CHICKS,320,899.8000000000002,2011-12-09 10:46:00,2010-12-05 13:42:00,54,0
22809,SET OF 6 T-LIGHTS SANTA,866,2665.4600000000005,2011-12-08 14:58:00,2010-12-01 11:21:00,166,0
22810,SET OF 6 T-LIGHTS SNOWMEN,672,2172.6800000000003,2011-12-05 17:36:00,2010-12-01 11:21:00,132,3
22811,SET OF 6 T-LIGHTS CACTI ,199,531.61,2011-12-09 10:46:00,2010-12-06 08:34:00,48,0
22812,PACK 3 BOXES CHRISTMAS PANETTONE,39,95.67,2011-12-05 16:04:00,2011-11-14 13:47:00,12,3
22812,PACK 3 BOXES CHRISTMAS PANNETONE,871,1752.9499999999998,2011-11-10 12:37:00,2010-12-01 11:41:00,102,29
22813,PACK 3 BOXES BIRD PANETTONE ,81,181.93,2011-12-07 13:35:00,2011-11-14 15:27:00,13,1
22813,PACK 3 BOXES BIRD PANNETONE ,1140,2244.7999999999997,2011-11-29 08:07:00,2010-12-01 11:41:00,128,10
22814,CARD PARTY GAMES ,1065,447.3,2011-12-07 15:55:00,2010-12-01 13:24:00,90,1
22815,CARD PSYCHEDELIC APPLES,1426,598.92,2011-12-07 10:11:00,2010-12-01 13:17:00,106,2
22816,CARD MOTORBIKE SANTA,2250,945.0,2011-12-09 12:20:00,2010-12-01 15:35:00,154,0
22817,CARD SUKI BIRTHDAY,1426,598.92,2011-12-04 15:18:00,2010-12-05 14:45:00,118,4
22818,CARD CHRISTMAS VILLAGE,2178,914.76,2011-12-08 19:29:00,2010-12-01 15:35:00,143,0
22819,"BIRTHDAY CARD, RETRO SPOT",1452,609.84,2011-12-08 13:46:00,2010-12-01 13:23:00,120,0
22820,GIFT BAG BIRTHDAY,485,315.43,2011-12-01 11:20:00,2010-12-08 15:38:00,42,8
22821,GIFT BAG PSYCHEDELIC APPLES,738,480.06000000000006,2011-12-01 17:20:00,2010-12-02 14:40:00,64,7
22822,CREAM WALL PLANTER HEART SHAPED,415,2384.25,2011-12-08 14:39:00,2010-12-02 11:45:00,143,0
22825,DECORATIVE PLANT POT WITH FRIEZE,10,67.5,2011-06-02 17:51:00,2011-06-02 17:51:00,1,189
22831,WHITE BROCANTE SOAP DISH,540,1593.0000000000002,2011-12-01 15:11:00,2010-12-05 16:41:00,103,7
22834,HAND WARMER BABUSHKA DESIGN,2024,3382.4300000000003,2011-12-09 11:59:00,2010-12-01 11:57:00,258,0
22835,HOT WATER BOTTLE I AM SO POORLY,2573,12100.35,2011-12-09 10:20:00,2010-12-01 10:52:00,497,0
22837,HOT WATER BOTTLE BABUSHKA ,659,3060.3500000000004,2011-09-25 14:37:00,2010-12-01 11:49:00,124,74
22837,HOT WATER BOTTLE BABUSHKA LARGE,8,37.2,2010-12-20 09:37:00,2010-12-20 09:37:00,1,354
22840,ROUND CAKE TIN VINTAGE RED,176,1217.3600000000001,2011-11-18 13:30:00,2010-12-15 16:21:00,16,20
22841,ROUND CAKE TIN VINTAGE GREEN,92,633.5600000000001,2011-10-30 10:29:00,2011-01-21 13:07:00,9,40
22842,BISCUIT TIN VINTAGE RED,488,3110.0,2011-11-29 15:09:00,2010-12-01 13:24:00,144,9
22843,BISCUIT TIN VINTAGE GREEN,348,2218.12,2011-11-30 08:43:00,2010-12-05 14:02:00,111,9
22845,VINTAGE CREAM CAT FOOD CONTAINER,566,3497.4599999999996,2011-12-08 19:57:00,2010-12-03 10:26:00,229,0
22846,BREAD BIN DINER STYLE RED ,1,5.0,2011-04-17 12:53:00,2011-04-17 12:53:00,1,235
22851,SET 20 NAPKINS FAIRY CAKES DESIGN ,1941,1655.31,2011-12-07 17:05:00,2010-12-01 11:21:00,278,1
22852,DOG BOWL VINTAGE CREAM,354,1507.92,2011-12-08 15:24:00,2010-12-10 15:45:00,108,0
22853,CAT BOWL VINTAGE CREAM,431,1396.95,2011-12-08 15:24:00,2010-12-05 10:45:00,101,0
22854,CREAM SWEETHEART EGG HOLDER,618,2986.3,2011-09-22 12:23:00,2010-12-01 12:48:00,145,78
22855,FINE WICKER HEART ,1666,2077.94,2011-08-30 16:43:00,2010-12-01 15:40:00,164,100
22856,ASSORTED EASTER DECORATIONS  BELLS,276,345.0,2011-11-20 11:50:00,2010-12-10 09:35:00,21,19
22857,ASSORTED EASTER GIFT TAGS,632,537.1999999999999,2011-10-24 14:10:00,2010-12-19 14:58:00,52,45
22858,EASTER TIN KEEPSAKE,556,917.3999999999999,2011-10-06 18:08:00,2010-12-16 09:46:00,103,63
22859,EASTER TIN BUNNY BOUQUET,712,1174.7999999999997,2011-11-15 16:34:00,2010-12-05 13:42:00,122,23
22860,EASTER TIN CHICKS PINK DAISY,416,686.3999999999999,2011-11-18 14:50:00,2010-12-05 13:42:00,82,20
22861,EASTER TIN CHICKS IN GARDEN,184,303.59999999999997,2011-04-19 16:52:00,2011-02-01 09:36:00,35,233
22862,LOVE HEART NAPKIN BOX ,139,590.75,2011-01-25 13:46:00,2010-12-02 13:14:00,45,317
22863,SOAP DISH BROCANTE,451,1330.45,2011-12-06 12:18:00,2010-12-02 08:43:00,88,3
22865,HAND WARMER OWL DESIGN,4300,9052.330000000002,2011-12-09 10:20:00,2010-12-01 10:52:00,533,0
22866,HAND WARMER SCOTTY DOG DESIGN,3217,6755.700000000001,2011-12-08 19:24:00,2010-12-01 10:52:00,438,0
22867,HAND WARMER BIRD DESIGN,3485,7340.830000000001,2011-12-08 19:29:00,2010-12-01 11:57:00,445,0
22868,NUMBER TILE COTTAGE GARDEN 0 ,53,103.35,2011-08-21 14:32:00,2010-12-15 15:47:00,10,109
22869,NUMBER TILE COTTAGE GARDEN 1,69,134.54999999999998,2011-11-29 15:39:00,2010-12-15 15:47:00,19,9
22870,NUMBER TILE COTTAGE GARDEN 2,66,128.7,2011-11-02 14:31:00,2010-12-15 15:47:00,15,36
22871,NUMBER TILE COTTAGE GARDEN 3 ,52,101.39999999999999,2011-10-26 16:21:00,2010-12-15 15:47:00,10,43
22872,NUMBER TILE COTTAGE GARDEN 4,55,107.25,2011-08-21 14:32:00,2010-12-15 15:47:00,13,109
22873,NUMBER TILE COTTAGE GARDEN 5,47,91.64999999999999,2011-10-26 16:21:00,2010-12-15 15:47:00,13,43
22874,NUMBER TILE COTTAGE GARDEN 6,54,105.3,2011-09-18 11:58:00,2010-12-15 15:47:00,11,82
22875,NUMBER TILE COTTAGE GARDEN 7,51,99.45,2011-09-20 12:35:00,2010-12-15 15:47:00,14,80
22876,NUMBER TILE COTTAGE GARDEN 8,52,101.39999999999999,2011-08-21 14:32:00,2010-12-01 14:54:00,11,109
22877,NUMBER TILE COTTAGE GARDEN 9,56,109.2,2011-07-28 12:29:00,2010-12-15 15:47:00,13,134
22878,NUMBER TILE COTTAGE GARDEN No,52,109.2,2011-08-30 14:09:00,2010-12-15 15:47:00,11,100
22879,NUMBER TILE VINTAGE FONT 0,62,69.34,2011-09-29 13:13:00,2010-12-14 12:59:00,8,70
22880,NUMBER TILE VINTAGE FONT 1,70,84.94,2011-11-15 12:25:00,2010-12-14 12:59:00,11,24
22881,NUMBER TILE VINTAGE FONT 2,79,102.49,2011-11-15 12:25:00,2010-12-14 12:59:00,13,24
22882,NUMBER TILE VINTAGE FONT 3,83,110.28999999999999,2011-12-05 14:40:00,2010-12-14 12:59:00,20,3
22883,NUMBER TILE VINTAGE FONT 4,78,100.53999999999999,2011-10-09 15:01:00,2010-12-14 12:59:00,11,60
22884,NUMBER TILE VINTAGE FONT 5,75,94.69,2011-11-30 12:32:00,2010-12-13 17:03:00,16,9
22885,NUMBER TILE VINTAGE FONT 6 ,79,102.49,2011-11-24 13:01:00,2010-12-14 12:59:00,12,14
22886,NUMBER TILE VINTAGE FONT 7,74,92.74,2011-12-01 19:42:00,2010-12-14 12:59:00,13,7
22887,NUMBER TILE VINTAGE FONT 8,66,77.14,2011-12-05 14:40:00,2010-12-13 17:03:00,11,3
22888,NUMBER TILE VINTAGE FONT 9 ,63,71.28999999999999,2011-11-24 14:06:00,2010-12-14 12:59:00,8,14
22889,NUMBER TILE VINTAGE FONT No ,47,84.18,2011-11-15 12:25:00,2011-01-11 08:50:00,6,24
22891,TEA FOR ONE POLKADOT,322,1344.5,2011-12-07 17:05:00,2010-12-05 13:49:00,94,1
22892,SET OF SALT AND PEPPER TOADSTOOLS,1999,2498.75,2011-11-22 11:34:00,2010-12-03 13:59:00,189,17
22893,MINI CAKE STAND T-LIGHT HOLDER,768,322.56,2011-12-08 12:07:00,2010-12-02 13:06:00,57,1
22895,SET OF 2 TEA TOWELS APPLE AND PEARS,1119,3534.3900000000003,2011-12-07 17:05:00,2010-12-01 12:35:00,228,1
22896,PEG BAG APPLES DESIGN,890,2286.37,2011-12-07 17:05:00,2010-12-02 11:35:00,210,1
22897,OVEN MITT APPLES DESIGN,969,1427.01,2011-12-08 20:01:00,2010-12-05 12:29:00,165,0
22898,CHILDRENS APRON APPLES DESIGN,1553,3029.33,2011-12-07 17:05:00,2010-12-02 10:09:00,267,1
22899,CHILDREN'S APRON DOLLY GIRL ,1195,2521.6800000000003,2011-12-09 12:50:00,2010-12-01 11:57:00,245,0
22900, SET 2 TEA TOWELS I LOVE LONDON ,1108,3392.2000000000003,2011-06-23 10:57:00,2010-12-01 08:45:00,182,169
22900,SET 2 TEA TOWELS I LOVE LONDON ,886,2879.5,2011-12-08 11:43:00,2011-06-02 11:33:00,164,1
22902,TOTE BAG I LOVE LONDON,646,1346.7600000000002,2011-12-04 12:02:00,2010-12-01 11:49:00,84,5
22903,CALENDAR FAMILY FAVOURITES,113,309.43,2011-12-02 12:02:00,2010-12-07 14:41:00,31,7
22904,CALENDAR PAPER CUT DESIGN,1284,3804.8400000000006,2011-11-17 12:43:00,2010-12-01 12:43:00,227,22
22905,CALENDAR IN SEASON DESIGN,259,709.82,2011-12-08 12:26:00,2010-12-01 12:43:00,63,1
22906,12 MESSAGE CARDS WITH ENVELOPES,1111,1833.1499999999999,2011-12-09 12:20:00,2010-12-01 12:43:00,178,0
22907,PACK OF 20 NAPKINS PANTRY DESIGN,4084,3473.74,2011-12-09 12:16:00,2010-12-01 12:49:00,510,0
22908,PACK OF 20 NAPKINS RED APPLES,2321,1982.9899999999998,2011-12-09 12:20:00,2010-12-07 10:08:00,294,0
22909,SET OF 20 VINTAGE CHRISTMAS NAPKINS,4367,3711.95,2011-12-09 11:34:00,2010-12-01 11:57:00,452,0
22910,PAPER CHAIN KIT VINTAGE CHRISTMAS,3823,11347.770000000002,2011-12-09 12:19:00,2010-12-01 11:57:00,602,0
22911,PAPER CHAIN KIT LONDON,317,937.9900000000001,2011-12-05 09:15:00,2010-12-01 13:17:00,79,4
22912,YELLOW COAT RACK PARIS FASHION,198,980.1,2011-11-28 14:06:00,2010-12-01 08:34:00,89,10
22913,RED COAT RACK PARIS FASHION,219,1084.0500000000002,2011-12-01 09:20:00,2010-12-01 08:34:00,93,8
22914,BLUE COAT RACK PARIS FASHION,319,1579.0500000000002,2011-12-08 15:54:00,2010-12-01 08:34:00,132,0
22915,ASSORTED BOTTLE TOP  MAGNETS ,1644,643.5600000000001,2011-12-09 12:31:00,2010-12-01 09:59:00,119,0
22916,HERB MARKER THYME,1400,910.0000000000001,2011-12-08 12:07:00,2010-12-01 12:43:00,182,1
22917,HERB MARKER ROSEMARY,1471,956.1500000000001,2011-12-08 13:36:00,2010-12-01 12:43:00,187,0
22918,HERB MARKER PARSLEY,1391,904.1500000000001,2011-12-08 13:36:00,2010-12-01 12:43:00,184,0
22919,HERB MARKER MINT,1449,941.85,2011-12-08 12:07:00,2010-12-01 12:43:00,188,1
22920,HERB MARKER BASIL,1430,929.5000000000001,2011-12-08 13:36:00,2010-12-01 12:43:00,184,0
22921,HERB MARKER CHIVES ,1227,797.5500000000001,2011-12-08 12:07:00,2010-12-01 12:43:00,162,1
22922,FRIDGE MAGNETS US DINER ASSORTED,1002,857.4,2011-12-08 10:58:00,2010-12-01 09:59:00,81,1
22923,FRIDGE MAGNETS LES ENFANTS ASSORTED,837,711.4499999999999,2011-12-08 15:31:00,2010-12-01 09:59:00,70,0
22924,FRIDGE MAGNETS LA VIE EN ROSE,834,708.9,2011-12-08 10:58:00,2010-12-02 11:02:00,70,1
22925,BLUE GIANT GARDEN THERMOMETER,388,2308.6,2011-10-28 12:09:00,2010-12-01 12:22:00,160,42
22926,IVORY GIANT GARDEN THERMOMETER,494,2939.3,2011-05-10 10:00:00,2010-12-01 09:45:00,180,213
22927,GREEN GIANT GARDEN THERMOMETER,323,1921.8500000000001,2011-09-29 18:53:00,2010-12-01 12:22:00,127,70
22928,YELLOW GIANT GARDEN THERMOMETER,203,1207.8500000000001,2011-12-08 14:38:00,2010-12-02 10:53:00,81,0
22930,BAKING MOULD HEART MILK CHOCOLATE,652,1660.32,2011-12-08 14:38:00,2010-12-08 10:40:00,139,0
22931,BAKING MOULD HEART WHITE CHOCOLATE,432,1095.9099999999999,2011-12-08 13:47:00,2010-12-08 10:40:00,106,0
22932,BAKING MOULD TOFFEE CUP  CHOCOLATE,6,15.299999999999999,2010-12-14 11:39:00,2010-12-14 11:39:00,1,360
22932,BAKING MOULD TOFFEE CUP CHOCOLATE,218,553.1999999999999,2011-12-08 13:47:00,2010-12-08 10:40:00,56,0
22933,BAKING MOULD EASTER EGG MILK CHOC,420,1239.0000000000002,2011-12-05 12:16:00,2010-12-09 12:20:00,87,4
22934,BAKING MOULD EASTER EGG WHITE CHOC,248,731.6000000000001,2011-10-25 17:31:00,2010-12-10 09:35:00,63,44
22935,BAKING MOULD ROSE MILK CHOCOLATE,241,776.25,2011-12-08 13:47:00,2010-12-08 10:46:00,46,0
22936,BAKING MOULD ROSE WHITE CHOCOLATE,114,370.88,2011-12-08 13:47:00,2010-12-08 10:46:00,31,0
22937,BAKING MOULD CHOCOLATE CUP CAKES,12,30.599999999999998,2010-12-09 10:05:00,2010-12-09 10:04:00,2,365
22937,BAKING MOULD CHOCOLATE CUPCAKES,823,2124.29,2011-12-07 08:45:00,2010-12-08 10:40:00,131,2
22937,BAKING MOULD CUPCAKE CHOCOLATE,12,30.599999999999998,2010-12-14 11:39:00,2010-12-14 11:39:00,1,360
22938,CUPCAKE LACE PAPER SET 6,1559,3042.23,2011-12-08 13:50:00,2010-12-01 11:58:00,156,0
22939,ADULT APRON APPLE DELIGHT,122,603.9,2011-11-29 17:52:00,2011-08-04 17:51:00,33,9
22939,APRON APPLE DELIGHT,217,1074.15,2011-08-21 15:50:00,2010-12-05 12:29:00,61,109
22940,FELTCRAFT CHRISTMAS FAIRY,1160,4878.0,2011-12-08 13:50:00,2010-12-01 11:49:00,283,0
22942,CHRISTMAS LIGHTS 10 SANTAS ,125,368.75000000000006,2011-12-09 10:46:00,2011-12-02 12:52:00,24,0
22943,CHRISTMAS LIGHTS 10 VINTAGE BAUBLES,731,3517.65,2011-11-29 17:52:00,2010-12-01 12:50:00,150,9
22944,CHRISTMAS METAL POSTCARD WITH BELLS,298,187.6,2011-12-06 14:52:00,2010-12-03 14:04:00,26,2
22945,CHRISTMAS METAL TAGS ASSORTED ,1585,1427.05,2011-12-05 17:17:00,2010-12-01 12:23:00,121,3
22948,METAL DECORATION NAUGHTY CHILDREN ,1262,1121.6599999999999,2011-12-08 10:40:00,2010-12-03 14:04:00,96,1
22949,36 DOILIES DOLLY GIRL,569,825.05,2011-11-18 09:53:00,2010-12-05 15:47:00,71,21
22949,SET OF 36 DOLLY GIRL PAPER DOILIES,42,60.9,2011-11-29 12:09:00,2011-10-25 13:10:00,12,10
22950,36 DOILIES VINTAGE CHRISTMAS,1684,2437.0,2011-11-07 11:33:00,2011-06-08 14:29:00,138,32
22950,SET OF 36 VINTAGE CHRISTMAS DOILIES,27,39.15,2011-10-27 20:09:00,2011-10-25 12:54:00,6,42
22951,60 CAKE CASES DOLLY GIRL DESIGN,4259,2346.01,2011-12-08 15:31:00,2010-12-01 11:57:00,333,0
22952,60 CAKE CASES VINTAGE CHRISTMAS,6192,3405.6000000000004,2011-12-09 10:51:00,2010-12-01 11:57:00,400,0
22952,72 CAKE CASES VINTAGE CHRISTMAS,24,13.200000000000001,2010-12-06 10:24:00,2010-12-06 10:24:00,1,368
22953,BIRTHDAY BANNER TAPE,24,30.0,2010-12-20 09:37:00,2010-12-20 09:37:00,1,354
22953,BIRTHDAY PARTY CORDON BARRIER TAPE,400,503.63,2011-12-08 12:07:00,2010-12-01 14:41:00,80,1
22954,HEN PARTY CORDON BARRIER TAPE,160,200.0,2011-11-24 14:40:00,2010-12-13 13:25:00,28,14
22955,36 FOIL STAR CAKE CASES ,565,1113.14,2011-12-09 08:39:00,2010-12-01 12:43:00,99,0
22956,36 FOIL HEART CAKE CASES,798,1609.2500000000002,2011-12-09 11:34:00,2010-12-01 12:23:00,156,0
22957,SET 3 PAPER VINTAGE CHICK PAPER EGG,1014,2991.3,2011-09-29 13:38:00,2011-01-16 10:42:00,185,70
22959,WRAP CHRISTMAS VILLAGE,3076,1291.92,2011-12-08 11:53:00,2011-07-26 09:27:00,124,1
22960,JAM MAKING SET WITH JARS,5217,21137.25,2011-12-08 17:57:00,2010-12-01 08:34:00,822,0
22961,JAM MAKING SET PRINTED,8671,12763.749999999998,2011-12-08 16:22:00,2010-12-01 09:41:00,807,0
22962,JAM JAR WITH PINK LID,2241,1906.4099999999999,2011-12-05 14:19:00,2010-12-01 13:24:00,226,3
22963,JAM JAR WITH BLUE LID,24,17.28,2010-12-14 13:01:00,2010-12-14 13:01:00,1,359
22963,JAM JAR WITH GREEN LID,1786,1522.0,2011-12-05 12:05:00,2010-12-01 13:17:00,190,4
22964,3 PIECE SPACEBOY COOKIE CUTTER SET,1352,2855.44,2011-12-08 18:42:00,2010-12-01 11:29:00,285,0
22965,3 TRADITIONAL COOKIE CUTTERS  SET,18,37.800000000000004,2010-12-10 12:45:00,2010-12-01 16:17:00,3,364
22965,3 TRADITIONAl BISCUIT CUTTERS  SET,1106,2329.2200000000003,2011-12-07 12:43:00,2010-12-02 10:27:00,201,2
22966,GINGERBREAD MAN COOKIE CUTTER,4623,5781.73,2011-12-08 18:42:00,2010-12-01 13:24:00,527,0
22967,SET 3 SONG BIRD PAPER EGGS ASSORTED,643,1894.4500000000003,2011-12-07 14:39:00,2011-01-16 15:44:00,124,1
22969,HOMEMADE JAM SCENTED CANDLES,6536,9476.8,2011-12-08 12:43:00,2010-12-01 09:59:00,485,1
22970,LONDON BUS COFFEE MUG,1585,4041.7499999999995,2011-12-08 15:03:00,2010-12-15 17:28:00,239,0
22971,QUEENS GUARD COFFEE MUG,1411,3600.1699999999996,2011-12-08 12:30:00,2010-12-16 10:52:00,214,1
22972,CHILDREN'S SPACEBOY MUG,1460,2415.5599999999995,2011-12-08 13:36:00,2010-12-01 11:45:00,173,0
22972,CHILDRENS SPACEBOY MUG,24,39.599999999999994,2010-12-08 10:13:00,2010-12-01 16:17:00,2,366
22973,CHILDREN'S CIRCUS PARADE MUG,958,1583.9799999999998,2011-12-05 17:17:00,2010-12-01 13:04:00,106,3
22974,CHILDRENS DOLLY GIRL MUG,1190,1973.3399999999997,2011-12-05 16:03:00,2010-12-01 13:17:00,153,3
22975,SPACEBOY CHILDRENS EGG CUP,1070,1345.97,2011-12-07 12:51:00,2010-12-01 11:45:00,141,1
22976,CIRCUS PARADE CHILDRENS EGG CUP ,950,1192.34,2011-12-09 12:16:00,2010-12-01 15:08:00,110,0
22977,DOLLY GIRL CHILDRENS EGG CUP,820,1026.21,2011-12-05 17:17:00,2010-12-02 14:09:00,109,3
22978,PANTRY ROLLING PIN,1062,3925.73,2011-12-04 11:45:00,2011-02-17 13:28:00,190,5
22979,PANTRY WASHING UP BRUSH,2077,3026.37,2011-12-08 14:38:00,2011-03-02 08:26:00,288,0
22980,PANTRY SCRUBBING BRUSH,1662,2752.1399999999994,2011-12-08 13:45:00,2011-02-16 13:02:00,231,0
22981,PANTRY APPLE CORER,291,421.95,2011-12-07 14:43:00,2011-03-03 15:02:00,71,1
22982,PANTRY PASTRY BRUSH,972,1230.73,2011-12-08 13:18:00,2011-03-02 12:18:00,145,0
22983,CARD BILLBOARD FONT,4065,1710.99,2011-12-07 13:46:00,2010-12-01 12:35:00,320,1
22984,CARD GINGHAM ROSE ,1646,692.14,2011-12-06 15:43:00,2010-12-05 15:46:00,126,2
22985,WRAP BILLBOARD FONTS DESIGN,1400,588.0,2011-12-09 11:34:00,2011-03-25 10:52:00,56,0
22985,"WRAP, BILLBOARD FONTS DESIGN",775,325.5,2011-05-10 11:44:00,2010-12-02 14:40:00,31,213
22986,GINGHAM ROSE WRAP,1775,745.5,2011-06-20 09:04:00,2010-12-02 13:32:00,71,172
22986,WRAP GINGHAM ROSE ,1926,808.92,2011-12-08 12:29:00,2011-06-07 09:13:00,78,1
22987,WRAP SUMMER ROSE DESIGN,100,42.0,2011-09-02 09:43:00,2011-05-03 10:30:00,4,98
22988,SOLDIERS EGG CUP ,2841,3555.3,2011-12-08 14:39:00,2010-12-01 11:49:00,282,0
22989,SET 2 PANTRY DESIGN TEA TOWELS,1485,4793.37,2011-12-08 20:01:00,2011-02-03 17:01:00,302,0
22990,COTTON APRON PANTRY DESIGN,401,1809.75,2011-12-08 19:57:00,2011-02-06 14:33:00,136,0
22991,GIRAFFE WOODEN RULER,1668,3357.24,2011-12-09 12:16:00,2011-02-17 12:01:00,221,0
22992,REVOLVER WOODEN RULER ,2214,4323.84,2011-12-09 12:16:00,2011-02-17 12:01:00,265,0
22993,SET OF 4 PANTRY JELLY MOULDS,7137,8961.78,2011-12-09 12:19:00,2011-02-16 15:13:00,807,0
22994,TRAVEL CARD WALLET RETROSPOT,1648,690.72,2011-12-08 18:42:00,2011-02-16 16:56:00,154,0
22995,TRAVEL CARD WALLET SUKI,1736,726.24,2011-12-08 18:42:00,2011-02-17 12:51:00,177,0
22996,TRAVEL CARD WALLET VINTAGE TICKET,3196,1339.44,2011-12-08 18:42:00,2011-02-17 12:51:00,279,0
22997,TRAVEL CARD WALLET UNION JACK,2093,877.62,2011-12-07 11:27:00,2011-02-17 13:47:00,174,2
22998,TRAVEL CARD WALLET KEEP CALM,5117,2161.64,2011-12-08 18:42:00,2011-02-16 16:56:00,389,0
22999,TRAVEL CARD WALLET RETRO PETALS,1081,452.58,2011-06-24 09:22:00,2011-02-17 12:51:00,87,168
22999,TRAVEL CARD WALLET VINTAGE LEAF,1080,453.6,2011-12-08 18:42:00,2011-07-01 12:52:00,93,0
23000,TRAVEL CARD WALLET TRANSPORT,2202,924.84,2011-12-09 08:48:00,2011-02-16 16:56:00,192,0
23002,TRAVEL CARD WALLET SKULLS,1500,628.56,2011-12-09 08:48:00,2011-02-16 16:56:00,133,0
23003,TRAVEL CARD WALLET VINTAGE ROSE ,349,145.14,2011-06-12 12:34:00,2011-02-16 16:56:00,51,180
23004,TRAVEL CARD WALLET PANTRY,1373,578.3,2011-12-08 15:09:00,2011-02-16 16:56:00,114,0
23005,TRAVEL CARD WALLET I LOVE LONDON,1802,756.84,2011-12-08 18:42:00,2011-02-17 13:47:00,146,0
23006,TRAVEL CARD WALLET FLOWER MEADOW,1525,639.06,2011-12-06 14:23:00,2011-02-16 16:56:00,127,2
23012,GLASS APOTHECARY BOTTLE PERFUME,977,3631.15,2011-12-08 13:27:00,2011-06-14 13:04:00,196,0
23013,GLASS APOTHECARY BOTTLE TONIC,864,3202.8,2011-12-08 13:45:00,2011-06-14 14:49:00,179,0
23014,GLASS APOTHECARY BOTTLE ELIXIR,796,2935.2000000000003,2011-12-08 14:39:00,2011-06-14 13:04:00,158,0
23016,GLASS TWIST BON BON JAR,24,159.60000000000002,2011-10-11 10:33:00,2011-06-16 16:57:00,2,59
23019,SMALL APOTHECARY MEASURING JAR ,49,365.05,2011-10-11 10:33:00,2011-06-28 08:50:00,6,59
23021,GLASS BONNE JAM JAR,117,475.95000000000005,2011-12-06 11:39:00,2011-06-22 11:59:00,25,3
23022,SMALL BONNE JAM JAR  T-LIGHT HOLDER,176,366.08000000000004,2011-12-05 14:40:00,2011-06-20 15:47:00,18,3
23023,RIDGED BONNE JAM JAR T-LIGHT HOLDER,164,272.23999999999995,2011-12-05 13:14:00,2011-06-20 15:47:00,21,3
23024,LARGE BONNE JAM JAR  T-LIGHT HOLDER,74,213.86,2011-10-20 10:10:00,2011-06-22 15:41:00,6,50
23025,DRAWER KNOB VINTAGE GLASS BALL,317,669.61,2011-12-02 10:32:00,2011-06-27 08:50:00,46,7
23026,DRAWER KNOB VINTAGE GLASS STAR,407,845.13,2011-12-07 11:42:00,2011-06-27 08:50:00,52,2
23027,DRAWER KNOB VINTAGE GLASS HEXAGON,227,472.16,2011-12-02 10:32:00,2011-06-22 14:38:00,26,7
23028,DOORKNOB CRACKED GLAZE BLUE,18,29.699999999999996,2011-07-13 16:48:00,2011-06-27 08:49:00,2,148
23028,DRAWER KNOB CRACKLE GLAZE BLUE,815,1354.59,2011-11-02 13:46:00,2011-06-14 13:51:00,107,36
23029,DOORKNOB CRACKED GLAZE GREEN,12,19.799999999999997,2011-07-04 15:13:00,2011-06-27 08:49:00,2,157
23029,DRAWER KNOB CRACKLE GLAZE GREEN,1044,1722.5999999999997,2011-12-08 15:54:00,2011-06-14 13:51:00,133,0
23031,DOORKNOB CRACKED GLAZE PINK,12,19.799999999999997,2011-07-04 15:13:00,2011-06-27 08:49:00,2,157
23031,DRAWER KNOB CRACKLE GLAZE PINK,988,1630.1999999999998,2011-12-07 14:39:00,2011-06-14 13:51:00,133,1
23032,DOORKNOB CRACKED GLAZE IVORY,30,49.49999999999999,2011-08-23 10:31:00,2011-06-27 08:49:00,4,108
23032,DRAWER KNOB CRACKLE GLAZE IVORY,1470,2425.4999999999995,2011-11-27 11:05:00,2011-06-14 13:51:00,167,12
23033,DRAWER KNOB CERAMIC RED,439,634.15,2011-12-09 11:34:00,2011-06-14 13:51:00,56,0
23034,DRAWER KNOB CERAMIC BLACK,629,909.65,2011-12-09 11:34:00,2011-06-14 13:51:00,73,0
23035,DRAWER KNOB CERAMIC IVORY,1393,2028.4899999999998,2011-12-07 16:56:00,2011-06-14 13:15:00,155,1
23036,T-LIGHT HOLDER SILVER PETIT FOUR ,182,227.5,2011-12-06 11:39:00,2011-06-22 11:59:00,15,3
23037,CANDLE HOLDER SILVER MADELINE,193,315.28999999999996,2011-12-09 12:16:00,2011-06-24 12:44:00,18,0
23038,T-LIGHT HOLDER SILVER SAUCER,41,38.029999999999994,2011-12-05 17:17:00,2011-07-11 14:46:00,6,3
23039,T-LIGHT HOLDER SILVER HEART HANDLE,192,370.79999999999995,2011-12-05 09:15:00,2011-06-19 10:35:00,22,4
23040,PAPER LANTERN 9 POINT SNOW STAR,12,69.0,2011-09-05 09:49:00,2011-05-05 18:16:00,4,95
23040,PAPER LANTERN 9 POINT SNOW STAR ,114,655.5,2011-12-09 11:34:00,2011-04-28 13:35:00,31,0
23041,PAPER LANTERN 6 POINT SNOW STAR,26,107.9,2011-09-05 09:49:00,2011-05-05 18:16:00,6,95
23041,PAPER LANTERN 9 POINT SNOW STAR,234,971.1,2011-12-09 11:34:00,2011-04-28 13:35:00,42,0
23042,PAPER LANTERN 7 POINT SNOW STAR,99,658.35,2011-12-01 19:24:00,2011-04-28 13:35:00,25,7
23043,PAPER LANTERN 9 POINT HOLLY STAR 40,6,37.5,2011-05-11 12:44:00,2011-05-05 18:16:00,3,212
23043,PAPER LANTERN 9 POINT HOLLY STAR L,69,431.25,2011-11-24 12:30:00,2011-05-08 11:41:00,16,15
23044,PAPER LANTERN 9 POINT HOLLY STAR 23,18,74.7,2011-08-11 13:41:00,2011-05-08 12:30:00,5,119
23044,PAPER LANTERN 9 POINT HOLLY STAR S,82,340.3,2011-12-01 13:28:00,2011-05-08 11:41:00,19,7
23045,PAPER LANTERN 5 POINT STAR MOON ,106,439.90000000000003,2011-11-29 15:23:00,2011-06-02 14:15:00,18,9
23045,PAPER LANTERN 5 POINT STAR MOON 30,10,41.5,2011-08-11 13:41:00,2011-05-05 18:16:00,5,119
23046,PAPER LANTERN 9 POINT DELUXE STAR,107,711.5500000000001,2011-12-05 16:05:00,2011-05-08 11:41:00,33,3
23047,PAPER LANTERN 5 POINT SEQUIN STAR,50,287.5,2011-11-24 12:30:00,2011-05-08 11:41:00,21,15
23047,PAPER LANTERN 5 POINT STUDDED STAR,8,46.0,2011-08-11 13:41:00,2011-05-08 12:30:00,4,119
23048,SET OF 10 LANTERNS FAIRY LIGHT STAR,359,1489.8500000000001,2011-12-05 16:05:00,2011-04-28 13:35:00,83,3
23049,RECYCLED ACAPULCO MAT RED,20,149.0,2011-05-18 10:47:00,2011-05-18 10:47:00,1,205
23050,RECYCLED ACAPULCO MAT GREEN,29,216.05,2011-10-18 12:56:00,2011-06-02 17:50:00,2,51
23051,RECYCLED ACAPULCO MAT BLUE,28,208.6,2011-07-05 10:54:00,2011-06-02 17:50:00,2,157
23052,RECYCLED ACAPULCO MAT TURQUOISE,20,149.0,2011-05-18 10:47:00,2011-05-18 10:47:00,1,205
23053,RECYCLED ACAPULCO MAT PINK,42,312.9,2011-10-18 12:56:00,2011-05-18 10:47:00,3,51
23054,RECYCLED ACAPULCO MAT LAVENDER,6,44.7,2011-06-02 17:50:00,2011-06-02 17:50:00,1,189
23055,IVORY CHANDELIER T-LIGHT HOLDER,80,500.0,2011-11-06 15:20:00,2011-04-19 14:56:00,30,32
23056,CRYSTAL CHANDELIER T-LIGHT HOLDER,3,18.75,2011-05-11 12:44:00,2011-05-11 12:44:00,1,212
23056,FLOWERS CHANDELIER T-LIGHT HOLDER,91,568.75,2011-10-17 12:41:00,2011-04-19 14:56:00,27,53
23057,BEADED CHANDELIER T-LIGHT HOLDER,115,560.45,2011-11-16 12:25:00,2011-04-18 13:17:00,27,23
23057,GEMSTONE CHANDELIER T-LIGHT HOLDER,30,148.5,2011-07-01 11:32:00,2011-05-11 12:44:00,6,161
23058,CHRISTMAS HANGING SNOWFLAKE,450,392.58000000000004,2011-12-07 11:42:00,2011-09-14 09:27:00,43,2
23060,HEART BEADED TRELLIS DECORATION,244,507.52000000000004,2011-12-07 13:12:00,2011-04-18 10:41:00,39,1
23061,VINTAGE EMBOSSED HEART,814,1012.46,2011-12-06 14:30:00,2011-04-19 13:57:00,82,2
23061,VINTAGE ENGRAVED HEART,60,75.0,2011-06-09 09:28:00,2011-05-11 11:57:00,4,183
23066,SMALL DECO JEWELLERY STAND,24,178.8,2011-09-06 09:51:00,2011-09-06 09:51:00,1,94
23067,HANGING ENGRAVED METAL HEART,274,1137.1000000000001,2011-12-07 13:12:00,2011-04-26 16:45:00,71,1
23068,ALUMINIUM HEART,30,74.7,2011-07-01 11:32:00,2011-05-11 12:44:00,6,161
23068,ALUMINIUM STAMPED HEART,615,1528.0700000000002,2011-12-06 11:58:00,2011-04-18 14:01:00,121,3
23069,EDWARDIAN PHOTO FRAME,87,543.75,2011-12-04 13:00:00,2011-04-26 15:04:00,31,4
23070,EDWARDIAN HEART PHOTO FRAME,147,610.0500000000001,2011-12-04 13:00:00,2011-05-04 14:11:00,33,4
23071,MARIE ANTOINETTE TRINKET BOX GOLD,24,72.0,2011-10-24 11:21:00,2011-10-24 11:21:00,1,46
23072,MARIE ANTOINETTE TRINKET BOX SILVER,24,72.0,2011-10-24 11:21:00,2011-10-24 11:21:00,1,46
23074,EMBOSSED HEART TRINKET BOX,173,358.1,2011-12-08 13:50:00,2011-09-11 13:51:00,34,0
23075,DOUBLE CERAMIC PARLOUR HOOK,22,91.30000000000001,2011-09-06 12:02:00,2011-04-18 14:21:00,5,94
23075,PARLOUR CERAMIC WALL HOOK,365,1514.75,2011-12-08 12:07:00,2011-04-18 16:31:00,70,1
23076,ICE CREAM SUNDAE LIP GLOSS,4848,6060.0,2011-12-08 12:44:00,2011-03-24 09:44:00,204,1
23077,DOUGHNUT LIP GLOSS ,4714,5892.5,2011-12-09 11:59:00,2011-03-24 08:44:00,238,0
23078,ICE CREAM PEN LIP GLOSS ,4223,5278.75,2011-12-07 12:11:00,2011-03-24 13:54:00,179,2
23080,RED METAL BOX TOP SECRET,80,600.0,2011-12-07 15:16:00,2011-05-26 15:19:00,5,1
23081,GREEN METAL BOX ARMY SUPPLIES,112,840.0,2011-12-07 15:16:00,2011-05-26 15:19:00,7,1
23082,SET 6 PAPER TABLE LANTERN HEARTS ,1492,5583.96,2011-12-09 08:59:00,2011-05-11 11:57:00,249,0
23083,SET 6 PAPER TABLE LANTERN STARS ,1220,4582.51,2011-12-08 17:37:00,2011-05-16 09:57:00,197,0
23084,RABBIT NIGHT LIGHT,6425,12614.4,2011-12-09 12:31:00,2011-05-10 14:20:00,655,0
23086,ZINC  STAR T-LIGHT HOLDER ,351,438.75,2011-12-05 10:18:00,2011-05-16 15:47:00,26,4
23086,ZINC STAR T-LIGHT HOLDER ,8,10.0,2011-05-26 13:13:00,2011-05-26 13:13:00,1,196
23087,ZINC  HEART T-LIGHT HOLDER,606,754.14,2011-11-25 14:00:00,2011-05-13 12:13:00,46,13
23088,ZINC HEART FLOWER T-LIGHT HOLDER,728,913.9,2011-12-07 12:49:00,2011-05-13 12:13:00,56,2
23089,GLASS BON BON JAR,1127,1990.4699999999998,2011-12-04 14:55:00,2011-05-12 15:17:00,125,4
23090,VINTAGE GLASS T-LIGHT HOLDER,1337,1112.9499999999998,2011-12-07 13:53:00,2011-05-16 08:13:00,112,1
23091,METAL HERB GERDEN CONTAINER,24,139.68,2011-09-12 09:41:00,2011-05-13 12:13:00,5,88
23091,ZINC HERB GARDEN CONTAINER,532,3242.44,2011-11-10 18:04:00,2011-05-11 09:28:00,185,28
23092,LARGE ANTIQUE WHITE PHOTO FRAME,84,544.6800000000001,2011-12-06 10:30:00,2011-05-17 12:57:00,7,3
23093,SMALL PARISIENNE HEART PHOTO FRAME ,723,1786.67,2011-12-02 11:16:00,2011-05-11 12:32:00,121,7
23096,PETIT TRAY CHIC,741,1234.1299999999999,2011-12-05 17:17:00,2011-05-10 16:00:00,113,3
23099,FRENCH CARRIAGE LANTERN,132,858.9000000000001,2011-12-07 14:12:00,2011-05-16 14:30:00,54,1
23100,SILVER BELLS TABLE DECORATION,1790,2232.46,2011-12-08 13:50:00,2011-05-11 11:57:00,208,0
23101,SILVER STARS TABLE DECORATION,1534,1270.58,2011-12-08 11:43:00,2011-05-12 12:01:00,184,1
23102,SILVER HEARTS TABLE DECORATION,983,813.2499999999999,2011-12-04 13:00:00,2011-05-11 11:57:00,135,4
23103,BELL HEART DECORATION,108,178.2,2011-09-12 09:41:00,2011-05-11 12:44:00,8,88
23103,JINGLE BELL HEART DECORATION,3319,5461.949999999999,2011-12-09 10:51:00,2011-05-12 18:49:00,300,0
23106,ZINC HEARTS PLANT POT HOLDER,275,746.15,2011-12-08 12:26:00,2011-05-13 10:44:00,49,1
23106,ZINC PLANT POT HOLDER,8,23.12,2011-05-13 12:13:00,2011-05-13 12:13:00,1,210
23107,WHITE HEARTS WIRE PLANT POT HOLDER,324,873.5600000000001,2011-12-08 14:38:00,2011-05-13 10:44:00,59,0
23107,WHITE WIRE PLANT POT HOLDER,16,46.24,2011-05-26 10:25:00,2011-05-12 15:21:00,2,197
23108,SET OF 10 LED DOLLY LIGHTS,1363,8035.59,2011-12-08 14:39:00,2011-05-11 10:18:00,340,0
23109,LED TEA LIGHTS,463,1333.27,2011-10-03 13:39:00,2011-05-11 12:53:00,52,66
23109,PACK OF SIX LED TEA LIGHTS,1133,3280.17,2011-12-08 13:47:00,2011-07-17 12:26:00,165,0
23110,PARISIENNE KEY CABINET ,630,3515.3,2011-12-09 12:00:00,2011-05-11 10:32:00,218,0
23112,PARISIENNE CURIO CABINET,471,3437.3,2011-12-07 15:19:00,2011-05-11 12:47:00,183,1
23113,PANTRY CHOPPING BOARD,124,613.8000000000001,2011-12-07 15:43:00,2011-09-16 10:02:00,39,1
23114,VINTAGE LEAF CHOPPING BOARD  ,108,534.6,2011-12-07 08:45:00,2011-09-30 13:54:00,40,2
23115,RED APPLES CHOPPING BOARD   ,108,534.6,2011-12-07 14:12:00,2011-09-30 13:54:00,37,1
23116,VEGETABLE GARDEN CHOPPING BOARD,34,168.3,2011-12-05 14:39:00,2011-09-30 15:04:00,16,3
23117,POPPY FIELDS CHOPPING BOARD,85,420.75,2011-12-06 14:23:00,2011-09-30 13:54:00,39,2
23118,PARISIENNE JEWELLERY DRAWER ,629,4622.3,2011-12-09 09:45:00,2011-05-10 15:05:00,223,0
23119,PACK OF 6 LARGE FRUIT STRAWS ,1267,797.51,2011-12-05 17:17:00,2011-06-17 08:57:00,108,3
23120,PACK OF 6 SMALL FRUIT STRAWS,897,376.74,2011-12-06 12:21:00,2011-06-17 12:22:00,74,3
23121,PACK OF 6 COCKTAIL PARASOL STRAWS,1212,509.04,2011-12-06 12:21:00,2011-06-17 12:22:00,81,3
23122,PARTY CHARMS 50 PIECES,745,618.3499999999999,2011-12-09 11:34:00,2011-06-17 11:38:00,85,0
23123,COCKTAIL SWORDS 50 PIECES,477,395.90999999999997,2011-12-08 13:50:00,2011-06-17 11:38:00,63,0
23124,18PC WOODEN CUTLERY SET DISPOSABLE,231,288.75,2011-10-11 13:49:00,2011-06-17 13:17:00,21,58
23125,6PC WOOD PLATE SET DISPOSABLE,105,131.25,2011-11-27 14:50:00,2011-06-17 14:46:00,15,11
23126,DOLLCRAFT GIRL AMELIE,36,178.2,2011-05-19 19:32:00,2011-03-08 14:47:00,8,203
23126,DOLLCRAFT GIRL AMELIE KIT,26,128.7,2011-05-19 10:38:00,2011-03-02 16:26:00,7,204
23126,FELTCRAFT GIRL AMELIE KIT,907,4441.650000000001,2011-12-09 12:20:00,2011-03-03 13:45:00,249,0
23127,DOLLCRAFT GIRL NICOLE,68,336.6,2011-05-19 10:38:00,2011-03-02 16:26:00,12,204
23127,FELTCRAFT GIRL NICOLE KIT,608,2980.8,2011-12-09 08:59:00,2011-03-03 12:06:00,168,0
23128,DOLLCRAFT BOY JEAN-PAUL ,42,207.9,2011-05-19 10:38:00,2011-03-04 14:42:00,11,204
23128,FELTCRAFT BOY JEAN-PAUL KIT,348,1700.44,2011-12-08 12:50:00,2011-03-03 13:45:00,116,1
23129,HEART SHAPED HOLLY WREATH,746,3086.3,2011-12-01 13:18:00,2011-05-18 15:39:00,151,7
23130,MISELTOE HEART WREATH ,32,132.8,2011-10-05 08:53:00,2011-05-18 15:39:00,4,65
23130,MISTLETOE HEART WREATH GREEN,654,2709.3,2011-12-04 14:45:00,2011-05-01 11:55:00,154,4
23131,MISELTOE HEART WREATH WHITE,30,124.50000000000001,2011-10-05 08:53:00,2011-05-18 15:39:00,3,65
23131,MISTLETOE HEART WREATH CREAM,429,1775.5500000000002,2011-12-08 19:29:00,2011-04-26 16:45:00,98,0
23132,SMALL IVORY HEART WALL ORGANISER,412,2273.46,2011-12-08 20:01:00,2011-04-19 16:52:00,132,0
23133,LARGE IVORY HEART WALL ORGANISER,192,1314.68,2011-12-08 18:25:00,2011-04-20 13:18:00,20,0
23134,LARGE ZINC HEART WALL ORGANISER,67,443.1,2011-07-22 17:21:00,2011-04-20 13:18:00,7,139
23135,SMALL ZINC HEART WALL ORGANISER,171,840.36,2011-12-08 18:25:00,2011-04-19 16:52:00,35,0
23136,IVORY WIRE SWEETHEART LETTER TRAY,127,467.05,2011-12-06 12:45:00,2011-04-21 10:19:00,44,3
23137,ZINC WIRE SWEETHEART LETTER TRAY,80,253.24,2011-12-07 11:48:00,2011-04-21 16:53:00,20,2
23138,SINGLE WIRE HOOK IVORY HEART,572,829.4,2011-11-22 15:45:00,2011-04-21 10:19:00,73,16
23139,SINGLE WIRE HOOK PINK HEART,156,189.88,2011-12-07 14:34:00,2011-04-21 10:19:00,21,1
23140,TRIPLE WIRE HOOK IVORY HEART,159,650.25,2011-11-13 14:09:00,2011-04-19 16:52:00,34,25
23141,TRIPLE WIRE HOOK PINK HEART,68,215.00000000000003,2011-12-09 08:39:00,2011-04-19 16:52:00,18,0
23143,ZINC WIRE KITCHEN ORGANISER,16,63.2,2011-12-09 10:46:00,2011-12-05 16:03:00,6,0
23144,ZINC T-LIGHT HOLDER STARS SMALL,2698,2248.7,2011-12-08 14:38:00,2011-04-21 16:26:00,214,0
23145,ZINC T-LIGHT HOLDER STAR LARGE,1622,1539.6599999999999,2011-12-09 12:31:00,2011-04-21 10:52:00,141,0
23145,ZINC T-LIGHT HOLDER STARS LARGE,24,22.799999999999997,2011-07-18 11:41:00,2011-05-23 14:16:00,2,144
23146,TRIPLE HOOK ANTIQUE IVORY ROSE,778,2526.02,2011-12-05 13:10:00,2011-04-19 13:49:00,211,3
23147,SINGLE ANTIQUE ROSE HOOK IVORY,1843,2669.95,2011-12-08 14:38:00,2011-04-21 08:43:00,250,0
23148,MINIATURE ANTIQUE ROSE HOOK IVORY,1993,1651.7899999999997,2011-12-08 14:39:00,2011-04-21 08:43:00,228,0
23148,MINITURE ANTIQUE ROSE HOOK IVORY,48,40.8,2011-05-24 12:12:00,2011-05-03 11:59:00,4,199
23149,ANTIQUE IVORY WIRE BOWL SMALL,97,241.53000000000003,2011-11-29 13:06:00,2011-05-03 11:34:00,19,9
23150,IVORY SWEETHEART SOAP DISH,139,346.11,2011-12-05 15:43:00,2011-04-21 10:19:00,40,3
23151,ZINC SWEETHEART SOAP DISH,59,104.41000000000001,2011-12-09 10:46:00,2011-05-05 13:14:00,19,0
23152,IVORY SWEETHEART WIRE LETTER RACK ,493,1835.79,2011-12-04 12:52:00,2011-04-20 11:19:00,148,4
23153,ZINC SWEETHEART WIRE LETTER RACK,248,923.63,2011-12-08 15:02:00,2011-04-18 14:32:00,78,0
23154,SET OF 4 JAM JAR MAGNETS,1637,3395.9700000000003,2011-12-07 15:02:00,2011-03-25 11:01:00,206,1
23155,KNICKERBOCKERGLORY MAGNET ASSORTED ,1362,1125.1799999999998,2011-12-08 15:31:00,2011-03-25 11:01:00,101,0
23156,SET OF 5 MINI GROCERY MAGNETS,1199,2489.7400000000002,2011-12-08 15:31:00,2011-03-25 11:01:00,179,0
23157,SET OF 6 NATIVITY MAGNETS ,1227,2568.56,2011-11-28 17:09:00,2011-03-31 13:40:00,134,10
23158,SET OF 5 LUCKY CAT MAGNETS ,1576,3286.12,2011-12-08 15:31:00,2011-03-30 15:52:00,176,0
23159,SET OF 5 PANCAKE DAY MAGNETS,1511,3133.8900000000003,2011-11-28 15:34:00,2011-03-25 11:01:00,186,10
23160,REGENCY TEA SPOON,646,794.9,2011-11-25 14:02:00,2011-05-04 14:11:00,48,13
23161,REGENCY CAKE FORK,826,1019.9,2011-11-29 09:42:00,2011-05-04 14:11:00,58,10
23162,REGENCY TEA STRAINER,690,2578.36,2011-12-05 17:17:00,2011-04-27 14:48:00,128,3
23163,REGENCY SUGAR TONGS,922,2272.82,2011-12-08 09:55:00,2011-04-27 12:49:00,118,1
23164,REGENCY CAKE SLICE,311,1523.45,2011-12-04 15:18:00,2011-05-03 12:12:00,73,4
23165,LARGE CERAMIC TOP STORAGE JAR,1798,2947.4999999999995,2011-12-08 14:38:00,2011-05-12 12:11:00,204,0
23166,MEDIUM CERAMIC TOP STORAGE JAR,1445,1806.25,2011-12-07 12:16:00,2011-05-12 12:11:00,164,2
23167,SMALL CERAMIC TOP STORAGE JAR ,1560,1301.1999999999998,2011-12-05 09:03:00,2011-05-12 12:11:00,148,4
23168,CLASSIC CAFE SUGAR DISPENSER,1417,1772.46,2011-12-09 08:48:00,2011-05-12 16:52:00,182,0
23168,CLASSIC SUGAR DISPENSER,108,135.0,2011-06-30 10:09:00,2011-05-12 08:42:00,9,162
23169,CLASSIC GLASS COOKIE JAR,1248,5035.200000000001,2011-12-06 17:49:00,2011-05-12 15:26:00,246,2
23169,CLASSIC GLASS SWEET JAR,119,479.45000000000005,2011-08-11 13:41:00,2011-05-12 10:10:00,14,119
23170,REGENCY TEA PLATE ROSES ,3107,5138.19,2011-12-08 19:55:00,2011-05-10 10:34:00,284,0
23171,REGENCY TEA PLATE GREEN ,2526,4175.299999999999,2011-12-08 19:55:00,2011-05-10 10:34:00,236,0
23172,REGENCY TEA PLATE PINK,2188,3603.8799999999997,2011-12-08 19:55:00,2011-05-10 10:34:00,197,0
23174,REGENCY SUGAR BOWL GREEN,1561,6319.75,2011-12-07 15:43:00,2011-05-10 10:34:00,259,1
23175,REGENCY MILK JUG PINK ,1594,4958.0,2011-12-06 14:52:00,2011-05-10 10:34:00,262,2
23176,ABC TREASURE BOOK BOX ,958,2160.16,2011-12-08 10:33:00,2011-03-02 12:10:00,178,1
23177,TREASURE ISLAND BOOK BOX,984,2214.0,2011-12-05 11:49:00,2011-03-02 12:10:00,208,4
23178,JAM CLOCK MAGNET,237,659.19,2011-12-09 09:07:00,2011-03-03 15:02:00,54,0
23179,CLOCK MAGNET MUM'S KITCHEN,196,568.96,2011-12-08 15:31:00,2011-03-03 15:02:00,38,0
23180,MUM'S KITCHEN CLOCK,104,471.90000000000003,2011-12-08 19:24:00,2011-03-04 09:46:00,36,0
23181,BULL DOG BOTTLE TOP WALL CLOCK,56,420.0,2011-12-01 12:13:00,2011-03-09 14:14:00,6,8
23182,TOILET SIGN OCCUPIED OR VACANT,2946,2470.25,2011-12-09 12:00:00,2011-03-01 17:32:00,247,0
23183,MOTHER'S KITCHEN SPOON REST ,178,690.71,2011-11-24 13:56:00,2011-03-03 15:02:00,58,14
23184,BULL DOG BOTTLE OPENER,588,2894.6000000000004,2011-12-09 08:48:00,2011-03-06 10:05:00,186,0
23185,FRENCH STYLE STORAGE JAR JAM,221,87.00999999999999,2011-12-06 13:42:00,2011-03-04 14:42:00,27,2
23186,FRENCH STYLE STORAGE JAR CAFE ,332,124.96,2011-12-05 11:49:00,2011-03-08 17:23:00,42,4
23187,FRENCH STYLE STORAGE JAR BONBONS,244,87.8,2011-11-03 16:56:00,2011-03-08 12:05:00,33,35
23188,VINTAGE  2 METER FOLDING RULER,1445,2386.7699999999995,2011-10-25 08:26:00,2011-06-14 09:43:00,149,45
23188,VINTAGE  2 METRE FOLDING RULER,863,1441.9899999999998,2011-12-08 14:15:00,2011-10-06 19:49:00,118,0
23189,SET OF 12 FORK CANDLES,633,1829.37,2011-12-08 13:50:00,2011-08-10 16:19:00,101,0
23190,BUNDLE OF 3 SCHOOL EXERCISE BOOKS  ,1294,2134.3399999999997,2011-12-09 11:34:00,2011-05-09 16:35:00,173,0
23191,BUNDLE OF 3 RETRO EXERCISE BOOKS,60,98.99999999999999,2011-05-22 11:52:00,2011-05-10 10:30:00,5,201
23191,BUNDLE OF 3 RETRO NOTE BOOKS,1583,2628.3499999999995,2011-12-08 15:09:00,2011-05-10 08:58:00,229,0
23192,BUNDLE OF 3 ALPHABET EXERCISE BOOKS,2069,3418.7699999999995,2011-12-08 12:07:00,2011-05-11 10:47:00,293,1
23193,BUFFALO BILL TREASURE BOOK BOX,499,1121.97,2011-12-09 11:34:00,2011-03-02 12:10:00,131,0
23194,GYMKHANA TREASURE BOOK BOX,574,1293.83,2011-12-09 11:34:00,2011-03-03 13:45:00,150,0
23194,GYMKHANNA TREASURE BOOK BOX,120,261.84000000000003,2011-09-05 12:06:00,2011-03-02 12:10:00,14,95
23196,LEAVES MAGNETIC  SHOPPING LIST,24,34.8,2011-07-14 12:22:00,2011-07-01 14:53:00,2,148
23196,RETO LEAVES MAGNETIC SHOPPING LIST,36,52.199999999999996,2011-09-22 14:26:00,2011-06-24 09:22:00,3,77
23196,RETRO LEAVES MAGNETIC NOTEPAD,103,149.35,2011-07-20 10:51:00,2011-06-23 11:51:00,17,142
23196,VINTAGE LEAF MAGNETIC NOTEPAD,1185,1718.2499999999998,2011-12-08 14:38:00,2011-07-06 13:56:00,203,0
23197,SKETCHBOOK MAGNETIC SHOPPING LIST,946,1428.74,2011-12-09 12:00:00,2011-06-23 11:51:00,173,0
23197,VEGETABLE MAGNETIC  SHOPPING LIST,36,49.8,2011-07-29 11:27:00,2011-06-24 13:29:00,3,133
23198,PANTRY MAGNETIC  SHOPPING LIST,2319,3406.87,2011-12-08 19:57:00,2011-06-22 14:24:00,360,0
23199,JUMBO BAG APPLES,5110,10613.800000000001,2011-12-09 12:09:00,2011-04-11 16:47:00,634,0
23200,JUMBO BAG PEARS,3229,6715.42,2011-12-07 14:52:00,2011-05-08 11:21:00,428,1
23201,JUMBO BAG ALPHABET,5693,11756.44,2011-12-09 12:19:00,2011-04-11 16:47:00,684,0
23202,JUMBO BAG VINTAGE LEAF,5915,12287.65,2011-12-08 15:23:00,2011-05-08 11:41:00,718,0
23203,JUMBO BAG DOILEY PATTERNS,3835,7917.0,2011-10-06 13:42:00,2011-05-08 11:34:00,409,63
23203,JUMBO BAG VINTAGE DOILEY ,43,89.44000000000001,2011-08-09 14:57:00,2011-08-04 17:19:00,5,121
23203,JUMBO BAG VINTAGE DOILY ,5030,10456.6,2011-12-09 09:38:00,2011-08-05 16:43:00,565,0
23204,CHARLOTTE BAG APPLES DESIGN,3679,3124.55,2011-12-09 10:10:00,2011-04-11 16:47:00,383,0
23205,CHARLOTTE BAG ALPHABET  DESIGN,190,161.5,2011-06-06 12:29:00,2011-04-12 09:03:00,18,186
23205,CHARLOTTE BAG VINTAGE ALPHABET ,2390,2034.62,2011-12-09 12:16:00,2011-04-11 16:47:00,295,0
23206,LUNCH BAG APPLE DESIGN,6780,11183.0,2011-12-08 17:54:00,2011-04-11 16:47:00,807,0
23207,LUNCH BAG ALPHABET DESIGN,4853,8012.41,2011-12-09 09:38:00,2011-04-11 16:47:00,619,0
23208,LUNCH BAG VINTAGE LEAF DESIGN,4421,7285.85,2011-12-08 15:09:00,2011-04-12 09:49:00,570,0
23209,LUNCH BAG DOILEY PATTERN ,3877,6393.05,2011-10-21 13:13:00,2011-05-08 11:08:00,427,48
23209,LUNCH BAG VINTAGE DOILEY ,30,49.5,2011-08-12 11:08:00,2011-08-09 12:21:00,3,119
23209,LUNCH BAG VINTAGE DOILY ,4318,7129.66,2011-12-08 17:54:00,2011-08-05 16:43:00,505,0
23210,WHITE ROCKING HORSE HAND PAINTED,2054,2562.46,2011-12-09 10:51:00,2011-06-02 09:04:00,148,0
23211,RED ROCKING HORSE HAND PAINTED,1366,1702.46,2011-12-08 12:07:00,2011-06-02 09:37:00,107,1
23212,HEART WREATH DECORATION WITH BELL,1251,1543.59,2011-12-08 15:41:00,2011-06-02 09:04:00,132,0
23212,PAINTED HEART WREATH WITH BELL,12,15.0,2011-09-11 15:59:00,2011-09-11 15:59:00,1,88
23213,STAR WREATH DECORATION WITH BELL,1090,1352.42,2011-12-08 15:41:00,2011-06-02 09:04:00,114,0
23214,BELL HEART ANTIQUE GOLD,12,24.96,2011-07-01 11:32:00,2011-07-01 11:32:00,1,161
23214,JINGLE BELL HEART ANTIQUE GOLD,712,1500.03,2011-12-08 12:07:00,2011-06-01 12:19:00,90,1
23215,JINGLE BELL HEART ANTIQUE SILVER,1760,3724.1600000000003,2011-12-09 12:16:00,2011-06-01 12:19:00,188,0
23216,LAUREL HEART ANTIQUE GOLD,338,418.75,2011-12-06 14:23:00,2011-06-02 09:37:00,38,2
23217,LAUREL HEART ANTIQUE SILVER,642,847.72,2011-12-06 15:10:00,2011-06-02 09:37:00,75,2
23218,LAUREL STAR ANTIQUE GOLD,252,315.81,2011-12-01 19:42:00,2011-07-21 12:25:00,31,7
23219,LAUREL STAR ANTIQUE SILVER ,368,459.6,2011-12-06 15:10:00,2011-06-02 09:04:00,48,2
23220,REINDEER HEART DECORATION GOLD,653,561.1899999999999,2011-12-08 12:07:00,2011-06-09 13:09:00,73,1
23221,REINDEER HEART DECORATION SILVER,1096,954.4799999999999,2011-12-08 12:07:00,2011-06-02 09:04:00,106,1
23222,CHRISTMAS TREE HANGING GOLD,549,480.46999999999997,2011-12-08 15:41:00,2011-06-23 09:38:00,61,0
23223,CHRISTMAS TREE HANGING SILVER ,606,520.3399999999999,2011-12-08 13:59:00,2011-06-23 09:38:00,64,0
23224,CHERUB HEART DECORATION GOLD,484,406.84,2011-12-08 12:07:00,2011-06-02 09:04:00,56,1
23225,CHERUB HEART DECORATION SILVER ,630,541.14,2011-12-05 17:17:00,2011-06-02 09:37:00,61,3
23226,FILIGREE HEART DAISY WHITE,1055,1308.67,2011-12-05 12:30:00,2011-05-31 12:11:00,68,4
23227,FILIGREE HEART BUTTERFLY WHITE ,1352,1677.3,2011-12-08 17:54:00,2011-05-26 12:00:00,85,0
23228,FILIGREE HEART BIRD WHITE ,1109,1396.54,2011-12-08 12:07:00,2011-05-26 10:25:00,75,1
23229,DONKEY TAIL GAME ,18,67.5,2011-09-22 13:20:00,2011-07-06 15:10:00,3,77
23229,VINTAGE DONKEY TAIL GAME ,946,3566.05,2011-12-09 12:16:00,2011-06-14 13:40:00,200,0
23230,WRAP ALPHABET DESIGN,5125,2152.5,2011-12-06 16:21:00,2011-01-13 11:48:00,205,2
23231,WRAP  VINTAGE DOILY ,2225,934.5,2011-12-06 15:43:00,2011-08-09 14:18:00,89,2
23231,WRAP DOILEY DESIGN,3875,1627.5,2011-08-18 08:49:00,2011-01-12 15:06:00,155,113
23232,WRAP VINTAGE LEAF DESIGN,2901,1218.42,2011-12-08 12:54:00,2011-06-22 12:16:00,117,0
23232,WRAP VINTAGE PETALS  DESIGN,2375,997.5,2011-07-24 14:33:00,2011-01-17 12:31:00,95,137
23233,WRAP POPPIES  DESIGN,3675,1543.5,2011-12-08 11:25:00,2011-01-16 13:18:00,147,1
23234,BISCUIT TIN VINTAGE CHRISTMAS,1200,3491.7,2011-12-08 15:37:00,2011-06-14 12:24:00,225,0
23235,BISCUIT TIN VINTAGE LEAF,24,64.56,2011-07-21 12:28:00,2011-06-14 09:43:00,3,141
23235,STORAGE TIN VINTAGE LEAF,462,1233.5,2011-12-09 08:39:00,2011-06-08 12:44:00,89,0
23236,DOILEY BISCUIT TIN,72,208.07999999999998,2011-09-14 10:34:00,2011-06-09 12:27:00,12,86
23236,DOILEY STORAGE TIN,554,1601.06,2011-11-10 16:51:00,2011-06-08 12:44:00,104,28
23236,STORAGE TIN VINTAGE DOILEY ,6,17.34,2011-08-09 14:57:00,2011-08-09 14:57:00,1,121
23236,STORAGE TIN VINTAGE DOILY ,755,2210.95,2011-12-08 15:31:00,2011-08-05 17:12:00,152,0
23237,SET OF 4 KNICK KNACK TINS LEAF,499,2070.8500000000004,2011-12-09 12:09:00,2011-07-05 11:49:00,112,0
23237,SET OF 4 KNICK KNACK TINS LEAVES ,256,1057.2,2011-09-30 09:40:00,2011-06-08 13:35:00,52,70
23238,SET OF 4 KNICK KNACK TINS LONDON ,1151,4776.650000000001,2011-12-09 12:09:00,2011-06-07 14:03:00,223,0
23239,SET OF 4 KNICK KNACK TINS POPPIES,668,2602.4,2011-12-09 08:39:00,2011-06-08 12:44:00,153,0
23240,SET OF 4 KNICK KNACK TINS  DOILEY ,6,24.900000000000002,2011-08-09 14:57:00,2011-08-09 14:57:00,1,121
23240,SET OF 4 KNICK KNACK TINS DOILEY ,938,3892.7000000000003,2011-10-06 13:42:00,2011-06-07 13:10:00,161,63
23240,SET OF 4 KNICK KNACK TINS DOILY ,1662,6897.3,2011-12-09 08:48:00,2011-08-05 15:38:00,302,0
23241,TREASURE TIN GYMKHANA DESIGN,1333,2772.64,2011-12-08 12:07:00,2011-06-08 12:49:00,276,1
23242,TREASURE TIN BUFFALO BILL ,854,1776.3200000000002,2011-12-07 14:43:00,2011-06-08 12:49:00,180,1
23243,SET OF TEA COFFEE SUGAR TINS PANTRY,1721,8183.75,2011-12-09 08:48:00,2011-06-08 08:12:00,371,0
23244,CANNISTER VINTAGE LEAF DESIGN,12,23.4,2011-06-14 11:23:00,2011-06-14 09:43:00,2,178
23244,ROUND STORAGE TIN VINTAGE LEAF,469,918.91,2011-12-07 08:45:00,2011-06-08 13:35:00,90,2
23244,STORAGE TIN VINTAGE LEAF,60,117.0,2011-09-22 14:26:00,2011-06-09 10:23:00,7,77
23245,SET OF 3 REGENCY CAKE TINS,3275,15584.050000000001,2011-12-09 12:08:00,2011-06-08 12:02:00,681,0
23247,BISCUIT TIN 50'S CHRISTMAS,1364,3970.96,2011-12-08 15:37:00,2011-06-08 13:09:00,260,0
23249,ENAMEL DINNER PLATE PANTRY,12,19.799999999999997,2011-09-06 12:02:00,2011-09-06 12:02:00,1,94
23249,VINTAGE RED ENAMEL TRIM PLATE,598,986.6999999999998,2011-12-07 13:46:00,2011-06-14 10:00:00,64,1
23250,ENAMEL BOWL PANTRY,24,30.0,2011-09-06 12:02:00,2011-07-14 12:22:00,2,94
23250,VINTAGE RED TRIM ENAMEL BOWL ,904,1130.0,2011-12-08 13:36:00,2011-06-14 10:00:00,84,0
23251,ENAMEL MUG PANTRY,12,15.0,2011-07-14 12:22:00,2011-07-14 12:22:00,1,148
23251,VINTAGE RED ENAMEL TRIM MUG ,889,1111.25,2011-12-08 13:36:00,2011-06-14 10:00:00,90,0
23252,ENAMEL JUG PANTRY,8,30.0,2011-09-06 12:02:00,2011-07-14 12:22:00,2,94
23252,VINTAGE RED ENAMEL TRIM JUG ,482,1807.5,2011-12-08 13:50:00,2011-06-12 12:00:00,121,0
23254,CHILDRENS CUTLERY DOLLY GIRL ,1081,4486.150000000001,2011-12-09 12:50:00,2011-04-07 11:30:00,262,0
23254,KIDS CUTLERY DOLLY GIRL ,36,149.4,2011-09-30 09:40:00,2011-04-12 09:03:00,8,70
23255,CHILDRENS CUTLERY CIRCUS PARADE,501,2079.15,2011-12-09 12:50:00,2011-04-10 12:53:00,135,0
23256,CHILDRENS CUTLERY SPACEBOY ,1266,5253.900000000001,2011-12-09 12:50:00,2011-04-07 11:30:00,305,0
23256,KIDS CUTLERY SPACEBOY ,36,149.4,2011-09-30 09:40:00,2011-04-12 09:03:00,8,70
23263,SET OF 3 WOODEN HEART DECORATIONS,3201,4196.98,2011-12-08 13:59:00,2011-06-02 14:15:00,380,0
23264,SET OF 3 WOODEN SLEIGH DECORATIONS,1722,2254.26,2011-12-08 13:59:00,2011-06-12 11:04:00,246,0
23265,SET OF 3 WOODEN TREE DECORATIONS,1593,2071.27,2011-12-08 15:41:00,2011-06-12 11:04:00,244,0
23266,SET OF 3 WOODEN STOCKING DECORATION,1844,2387.2,2011-12-08 14:38:00,2011-06-12 11:04:00,271,0
23267,SET OF 4 SANTA PLACE SETTINGS,966,1207.5,2011-12-08 13:59:00,2011-06-23 13:51:00,88,0
23268,SET OF 2 CERAMIC CHRISTMAS REINDEER,714,1070.58,2011-11-20 11:09:00,2011-06-12 11:47:00,74,19
23269,SET OF 2 CERAMIC CHRISTMAS TREES,496,719.1999999999999,2011-12-08 17:54:00,2011-06-12 11:47:00,71,0
23270,SET OF 2 CERAMIC PAINTED HEARTS ,821,1183.25,2011-12-09 10:51:00,2011-06-02 19:50:00,115,0
23271,CHRISTMAS TABLE CANDLE SILVER SPIKE,16,13.28,2011-06-13 15:44:00,2011-06-13 15:44:00,1,178
23271,CHRISTMAS TABLE SILVER CANDLE SPIKE,803,672.89,2011-12-07 15:52:00,2011-08-10 10:15:00,58,1
23272,TREE T-LIGHT HOLDER WILLIE WINKIE,352,522.7399999999999,2011-12-09 08:39:00,2011-06-22 11:30:00,35,0
23273,HEART T-LIGHT HOLDER WILLIE WINKIE,928,1533.84,2011-12-06 14:50:00,2011-06-05 14:06:00,97,2
23274,STAR T-LIGHT HOLDER WILLIE WINKIE,887,1473.5099999999998,2011-12-09 10:51:00,2011-06-05 14:06:00,95,0
23275,SET OF 3 HANGING OWLS OLLIE BEAK,2081,2618.09,2011-12-09 12:49:00,2011-06-06 16:23:00,257,0
23280,FOLDING BUTTERFLY MIRROR HOT PINK ,854,709.4399999999999,2011-12-08 18:51:00,2011-05-09 16:35:00,118,0
23280,FOLDING MIRROR HOT PINK ,60,49.8,2011-09-19 10:10:00,2011-05-11 12:43:00,4,81
23281,FOLDING BUTTERFLY MIRROR RED  ,544,451.52,2011-12-08 18:51:00,2011-05-10 14:20:00,83,0
23281,FOLDING MIRROR RED  ,18,14.939999999999998,2011-05-13 14:55:00,2011-05-13 12:50:00,2,209
23282,FOLDING BUTTERFLY MIRROR IVORY ,603,502.73999999999995,2011-12-05 17:17:00,2011-05-09 16:35:00,98,3
23282,FOLDING MIRROR IVORY ,18,14.939999999999998,2011-05-13 14:55:00,2011-05-13 12:50:00,2,209
23283,DOORMAT VINTAGE LEAF,230,1555.3,2011-12-06 14:50:00,2011-07-07 18:56:00,20,2
23283,DOORMAT VINTAGE LEAVES DESIGN ,180,1215.0,2011-07-05 12:53:00,2011-05-04 11:58:00,18,156
23284,DOORMAT KEEP CALM AND COME IN,1611,11170.26,2011-12-08 16:38:00,2011-04-27 12:57:00,137,0
23285,PINK VINTAGE SPOT BEAKER,903,767.55,2011-12-02 14:26:00,2011-06-12 13:17:00,121,6
23286,BLUE VINTAGE SPOT BEAKER,1125,956.25,2011-12-07 14:43:00,2011-06-12 13:12:00,150,1
23287,RED VINTAGE SPOT BEAKER,1066,906.1,2011-12-06 11:39:00,2011-06-13 16:33:00,137,3
23288,GREEN VINTAGE SPOT BEAKER,885,752.25,2011-12-05 14:25:00,2011-06-12 13:17:00,124,3
23289,DOLLY GIRL CHILDRENS BOWL,1001,1251.25,2011-12-07 17:05:00,2011-06-13 16:33:00,135,1
23290,SPACEBOY CHILDRENS BOWL,1191,1488.75,2011-12-08 14:39:00,2011-06-13 16:33:00,163,0
23291,DOLLY GIRL CHILDRENS CUP,990,1242.34,2011-12-08 14:39:00,2011-06-13 16:33:00,138,0
23292,SPACE BOY CHILDRENS CUP,34,42.5,2011-06-23 13:51:00,2011-06-13 16:33:00,4,168
23292,SPACEBOY CHILDRENS CUP,1153,1443.67,2011-12-08 15:03:00,2011-06-17 10:12:00,150,0
23293,SET OF 12 FAIRY CAKE BAKING CASES,3688,3051.3599999999997,2011-12-09 12:19:00,2011-07-13 12:18:00,425,0
23294,SET OF 6 SNACK LOAF BAKING CASES,2144,1774.4599999999998,2011-12-07 16:47:00,2011-07-13 11:35:00,275,1
23295,SET OF 12 MINI LOAF BAKING CASES,2877,2381.75,2011-12-08 19:57:00,2011-07-14 11:45:00,334,0
23296,SET OF 6 TEA TIME BAKING CASES,2345,2919.49,2011-12-08 19:57:00,2011-07-13 11:35:00,296,0
23297,SET 40 HEART SHAPE PETIT FOUR CASES,1392,2290.3999999999996,2011-11-22 16:47:00,2011-07-13 11:35:00,123,16
23298,"BUNTING , SPOTTY ",36,178.20000000000002,2011-06-24 09:24:00,2011-05-13 14:55:00,5,168
23298,SPOTTY BUNTING,4755,23513.050000000003,2011-12-09 12:16:00,2011-05-04 13:57:00,962,0
23299,"FOOD COVER WITH BEADS , SET 2 SIZES",3,11.25,2011-05-08 15:16:00,2011-05-08 15:16:00,1,214
23299,FOOD COVER WITH BEADS SET 2 ,627,2358.67,2011-11-29 12:06:00,2011-05-04 13:57:00,115,10
23300,GARDENERS KNEELING PAD CUP OF TEA ,3545,5964.929999999999,2011-12-08 20:01:00,2011-05-15 12:21:00,603,0
23301,GARDENERS KNEELING PAD KEEP CALM ,4777,8078.969999999999,2011-12-09 11:26:00,2011-05-15 11:43:00,709,0
23302,KNEELING MAT HOUSEWORK  DESIGN,873,1320.2299999999998,2011-12-09 09:07:00,2011-05-15 15:31:00,181,0
23303,SET 4 PICNIC CUTLERY FONDANT,65,126.75,2011-12-05 10:14:00,2011-10-26 13:22:00,6,4
23304,SET 4 PICNIC CUTLERY CHERRY ,71,138.45,2011-12-06 12:09:00,2011-10-30 11:25:00,9,3
23305,SET 4 PICNIC CUTLERY BLUEBERRY,82,159.9,2011-12-06 12:09:00,2011-10-23 15:27:00,9,3
23306,SET OF 36 DOILIES PANTRY DESIGN,1813,2630.3199999999997,2011-11-07 09:12:00,2011-06-05 11:29:00,188,32
23306,SET OF 36 PANTRY PAPER DOILIES,39,58.019999999999996,2011-12-04 12:32:00,2011-10-25 14:35:00,14,5
23307,SET OF 60 PANTRY DESIGN CAKE CASES ,6981,3843.4300000000003,2011-12-08 15:31:00,2011-06-03 12:17:00,471,0
23308,SET OF 60 VINTAGE LEAF CAKE CASES ,3627,1998.41,2011-12-08 16:29:00,2011-06-05 14:06:00,288,0
23309,SET OF 60 I LOVE LONDON CAKE CASES ,2702,1511.3000000000002,2011-12-08 15:31:00,2011-06-02 15:13:00,259,0
23310,BUBBLEGUM RING ASSORTED,23,18.27,2011-12-06 13:20:00,2011-09-21 14:40:00,8,2
23311,VINTAGE CHRISTMAS STOCKING ,1965,5005.349999999999,2011-12-07 13:53:00,2011-07-14 13:28:00,275,1
23312,VINTAGE CHRISTMAS GIFT SACK,1000,4143.6,2011-12-07 10:12:00,2011-07-17 13:25:00,188,2
23313,VINTAGE CHRISTMAS BUNTING,1975,9732.25,2011-12-09 12:19:00,2011-07-12 15:15:00,346,0
23318,BOX OF 6 MINI VINTAGE CRACKERS,1905,4726.2300000000005,2011-12-09 12:19:00,2011-07-07 12:38:00,305,0
23319,BOX OF 6 MINI 50'S CRACKERS,2116,5249.160000000001,2011-12-09 12:19:00,2011-07-07 12:38:00,344,0
23320,GIANT 50'S CHRISTMAS CRACKER,2148,5697.92,2011-12-09 11:34:00,2011-07-05 12:47:00,300,0
23321,SMALL WHITE HEART OF WICKER,3542,5834.499999999999,2011-12-08 13:47:00,2011-06-09 12:21:00,568,0
23322,LARGE WHITE HEART OF WICKER,2256,6640.500000000001,2011-12-08 12:07:00,2011-06-12 12:01:00,500,1
23323,WHITE WICKER STAR ,1296,2712.6000000000004,2011-12-08 13:59:00,2011-06-23 18:33:00,267,0
23324,RUSTIC STRAWBERRY JAM POT LARGE ,213,443.04,2011-11-27 15:38:00,2011-08-16 16:17:00,32,11
23324,RUSTIC STRAWBERRY JAMPOT LARGE ,72,149.76,2011-10-06 13:42:00,2011-08-05 15:45:00,5,63
23325,RUSTIC STRAWBERRY JAM POT SMALL,228,373.79999999999995,2011-11-27 15:38:00,2011-08-16 16:17:00,23,11
23325,RUSTIC STRAWBERRY JAMPOT SMALL,36,59.39999999999999,2011-10-06 13:42:00,2011-08-11 16:30:00,3,63
23326,HANGING MINI COLOURED BOTTLES,137,86.31,2011-12-09 12:00:00,2011-08-12 11:48:00,13,0
23327,HANGING CLEAR MINI BOTTLE,78,49.14,2011-12-05 16:05:00,2011-08-15 14:17:00,12,3
23328,SET 6 SCHOOL MILK BOTTLES IN CRATE,1535,5546.01,2011-12-09 12:31:00,2011-08-10 16:01:00,274,0
23329,DECORATIVE WICKER HEART LARGE,1473,2425.6499999999996,2011-12-08 18:42:00,2011-08-07 15:43:00,210,0
23330,DECORATIVE WICKER HEART MEDIUM,1409,1761.25,2011-12-08 18:42:00,2011-08-08 13:53:00,188,0
23331,DECORATIVE WICKER HEART SMALL,384,241.92000000000002,2011-12-08 18:42:00,2011-08-14 12:23:00,59,0
23332,IVORY WICKER HEART LARGE,1751,2886.7499999999995,2011-12-07 14:34:00,2011-08-07 15:43:00,262,1
23333,IVORY WICKER HEART MEDIUM,1696,2114.96,2011-12-07 14:12:00,2011-08-08 14:37:00,208,1
23334,IVORY WICKER HEART SMALL,341,214.83,2011-12-09 12:20:00,2011-08-11 12:00:00,60,0
23335,EGG FRYING PAN IVORY ,262,544.96,2011-12-08 13:45:00,2011-06-13 16:33:00,79,0
23336,EGG FRYING PAN PINK ,199,415.97,2011-12-08 13:47:00,2011-06-13 16:33:00,63,0
23337,EGG FRYING PAN MINT ,169,351.52000000000004,2011-12-08 13:47:00,2011-06-13 16:33:00,60,0
23338,EGG FRYING PAN RED ,309,642.72,2011-12-09 12:20:00,2011-06-12 13:17:00,89,0
23339,EGG FRYING PAN BLUE ,150,312.0,2011-12-08 13:47:00,2011-06-13 16:33:00,58,0
23340,VINTAGE CHRISTMAS CAKE FRILL,1199,1978.3499999999997,2011-12-08 13:50:00,2011-07-31 15:31:00,114,0
23343,JUMBO BAG VINTAGE CHRISTMAS ,2855,5930.900000000001,2011-12-09 11:34:00,2011-06-13 11:33:00,359,0
23344,JUMBO BAG 50'S CHRISTMAS ,4551,9449.880000000001,2011-12-09 12:19:00,2011-06-15 13:25:00,523,0
23345, DOLLY GIRL BEAKER,946,1182.5,2011-12-08 14:39:00,2011-07-24 16:15:00,127,0
23346,SPACEBOY BEAKER,975,1218.75,2011-12-08 14:39:00,2011-07-24 16:15:00,131,0
23347,I LOVE LONDON BEAKER,491,613.75,2011-12-07 15:43:00,2011-07-24 16:15:00,67,1
23348,CHILDRENS TOY COOKING UTENSIL SET,528,1098.24,2011-11-23 12:20:00,2011-08-26 15:44:00,118,16
23349,ROLL WRAP VINTAGE CHRISTMAS,2199,2748.75,2011-12-09 11:34:00,2011-08-04 15:23:00,237,0
23350,ROLL WRAP VINTAGE SPOT ,2152,2690.0,2011-12-09 12:19:00,2011-08-04 15:23:00,240,0
23351,ROLL WRAP 50'S CHRISTMAS,2394,2992.5,2011-12-09 10:20:00,2011-08-11 11:44:00,261,0
23352,ROLL WRAP 50'S RED CHRISTMAS ,1377,1721.25,2011-12-09 09:38:00,2011-08-11 15:25:00,158,0
23353,6 GIFT TAGS VINTAGE CHRISTMAS ,2434,2020.2199999999998,2011-12-09 12:19:00,2011-08-02 14:04:00,232,0
23354,6 GIFT TAGS 50'S CHRISTMAS ,2603,2160.49,2011-12-07 14:43:00,2011-08-02 14:04:00,247,1
23355,HOT WATER BOTTLE KEEP CALM,4425,20617.350000000002,2011-12-09 11:56:00,2011-08-22 13:32:00,711,0
23356,LOVE HOT WATER BOTTLE,2013,11410.35,2011-12-09 12:31:00,2011-08-22 12:52:00,447,0
23357,HOT WATER BOTTLE SEX BOMB,432,1832.0,2011-12-08 19:24:00,2011-08-21 15:17:00,88,0
23358,HOT STUFF HOT WATER BOTTLE,491,1567.71,2011-12-09 08:48:00,2011-08-21 15:17:00,66,0
23359,SET OF 12 T-LIGHTS VINTAGE DOILEY,61,118.94999999999999,2011-10-06 13:42:00,2011-08-02 12:27:00,6,63
23359,SET OF 12 T-LIGHTS VINTAGE DOILY,699,1359.45,2011-12-08 13:18:00,2011-08-16 10:44:00,66,0
23360,SET 8 CANDLES VINTAGE DOILEY,50,97.5,2011-10-06 13:42:00,2011-08-02 11:33:00,6,63
23360,SET 8 CANDLES VINTAGE DOILY,772,1505.3999999999999,2011-12-08 12:26:00,2011-08-05 17:12:00,97,1
23365,SET 12 COLOUR PENCILS LOVE LONDON,993,643.0500000000001,2011-12-07 13:53:00,2011-09-22 12:13:00,120,1
23366,SET 12 COLOUR PENCILS DOILEY,48,31.200000000000003,2011-10-21 14:41:00,2011-09-22 12:02:00,3,48
23366,SET 12 COLOURING PENCILS DOILEY,1,0.65,2011-10-06 09:11:00,2011-10-06 09:11:00,1,64
23366,SET 12 COLOURING PENCILS DOILY,1158,752.7,2011-12-08 13:50:00,2011-09-22 11:46:00,129,0
23367,SET 12 COLOUR PENCILS SPACEBOY ,2186,1418.5,2011-12-09 10:13:00,2011-09-22 11:46:00,225,0
23368,SET 12 COLOUR PENCILS DOLLY GIRL ,1584,1027.2,2011-12-08 13:50:00,2011-09-22 12:45:00,173,0
23369,SET 36 COLOUR PENCILS LOVE LONDON,453,566.25,2011-12-08 11:43:00,2011-09-22 12:13:00,90,1
23370,SET 36 COLOUR PENCILS DOILEY,32,40.0,2011-10-03 12:48:00,2011-09-22 12:02:00,2,67
23370,SET 36 COLOURING PENCILS DOILEY,1,1.25,2011-10-06 09:11:00,2011-10-06 09:11:00,1,64
23370,SET 36 COLOURING PENCILS DOILY,777,971.25,2011-12-08 15:09:00,2011-09-25 11:33:00,95,0
23371,SET 36 COLOUR PENCILS SPACEBOY ,890,1112.5,2011-12-09 11:34:00,2011-09-22 12:02:00,126,0
23372,SET 36 COLOUR PENCILS DOLLY GIRL,718,897.5,2011-12-07 17:05:00,2011-09-22 13:51:00,93,1
23373,VINTAGE CHRISTMAS PAPER GIFT BAG,953,781.4599999999999,2011-12-05 12:03:00,2011-08-02 14:04:00,80,4
23374,RED SPOT PAPER GIFT BAG,1386,1136.52,2011-12-08 13:45:00,2011-08-04 15:23:00,111,0
23375,50'S CHRISTMAS PAPER GIFT BAG,977,801.14,2011-12-08 16:22:00,2011-08-22 10:39:00,83,0
23376,PACK OF 12 VINTAGE CHRISTMAS TISSUE,1718,670.02,2011-12-09 12:19:00,2011-09-05 09:46:00,104,0
23377,PACK OF 12 DOLLY GIRL TISSUES,1116,435.23999999999995,2011-12-06 12:02:00,2011-09-04 12:41:00,78,3
23378,PACK OF 12 50'S CHRISTMAS TISSUES,2045,797.55,2011-12-08 12:54:00,2011-09-05 09:45:00,133,0
23379,PACK OF 12 RED APPLE TISSUES,647,252.32999999999998,2011-12-06 12:02:00,2011-09-05 12:00:00,47,3
23380,PACK OF 12 DOILEY TISSUES,24,9.36,2011-10-06 13:42:00,2011-10-06 13:42:00,1,63
23380,PACK OF 12 VINTAGE DOILY TISSUES,1283,500.36999999999995,2011-12-08 16:22:00,2011-09-05 12:00:00,85,0
23381,PACK OF 12 VINTAGE LEAF TISSUES ,994,387.65999999999997,2011-12-08 14:38:00,2011-09-05 12:00:00,62,0
23382,BOX OF 6 CHRISTMAS CAKE DECORATIONS,716,2685.0,2011-12-09 11:34:00,2011-10-13 13:42:00,147,0
23388,WOODLAND MINI BACKPACK,484,2008.6000000000001,2011-12-09 10:13:00,2011-09-11 15:47:00,129,0
23388,WOODLAND MINI RUCKSACK ,5,20.75,2011-10-18 09:32:00,2011-10-06 09:11:00,2,52
23389,SPACEBOY MINI BACKPACK,648,2689.2000000000003,2011-12-09 12:16:00,2011-09-11 13:39:00,196,0
23389,SPACEBOY MINI RUCKSACK,13,53.95,2011-10-18 09:32:00,2011-09-23 14:05:00,4,52
23390,DOLLY GIRL MINI BACKPACK,413,1713.95,2011-12-09 10:13:00,2011-09-11 13:39:00,140,0
23390,DOLLY GIRL MINI RUCKSACK,8,33.2,2011-10-18 09:32:00,2011-09-23 14:05:00,2,52
23391, I LOVE LONDON MINI BACKPACK,219,908.8500000000001,2011-12-08 11:56:00,2011-09-11 11:29:00,65,1
23391, I LOVE LONDON MINI RUCKSACK,1,4.15,2011-10-06 09:11:00,2011-10-06 09:11:00,1,64
23392,SPACEBOY ROCKET LOLLY MAKERS,347,721.76,2011-12-07 14:43:00,2011-09-06 10:42:00,75,1
23393,HOME SWEET HOME CUSHION COVER ,763,2861.25,2011-12-06 14:30:00,2011-09-04 12:07:00,201,2
23394,POSTE FRANCE CUSHION COVER,392,1470.0,2011-12-08 18:42:00,2011-09-04 12:07:00,119,0
23395,BELLE JARDINIERE CUSHION COVER,639,2390.73,2011-12-08 18:42:00,2011-09-04 12:07:00,174,0
23396,BUTTERFLY CUSHION COVER,8,30.0,2011-09-15 12:47:00,2011-09-04 12:07:00,2,85
23396,LA JARDIN BOTANIQUE CUSHION COVER,80,300.0,2011-10-06 09:37:00,2011-09-04 14:36:00,23,64
23396,LE JARDIN BOTANIQUE CUSHION COVER,447,1670.73,2011-12-08 18:42:00,2011-09-18 11:51:00,137,0
23398,HANGING HEART BONHEUR,491,414.22999999999996,2011-12-08 13:50:00,2011-09-04 14:08:00,55,0
23399,HOME SWEET HOME HANGING HEART,1551,1315.23,2011-12-08 13:50:00,2011-09-04 12:54:00,170,0
23400,SHELF WITH 4 HOOKS HOME SWEET HOME,224,1318.88,2011-12-08 10:59:00,2011-09-06 11:55:00,93,1
23401,RUSTIC MIRROR WITH LACE HEART,205,1167.81,2011-12-08 18:25:00,2011-09-07 16:27:00,68,0
23402,HOME SWEEET HOME 3 PEG HANGER ,25,93.75,2011-09-21 10:48:00,2011-09-05 12:00:00,4,79
23402,HOME SWEET HOME 3 PEG HANGER ,207,776.25,2011-12-04 12:17:00,2011-09-07 15:52:00,50,5
23403,LETTER HOLDER HOME SWEET HOME,355,1292.71,2011-12-07 12:11:00,2011-09-05 12:00:00,108,2
23404,HOME SWEET HOME BLACKBOARD,537,2636.1800000000003,2011-12-08 18:25:00,2011-09-05 10:15:00,131,0
23405,HOME SWEET HOME 2 DRAWER CABINET,235,1128.05,2011-12-07 11:03:00,2011-09-05 11:18:00,57,2
23406,HOME SWEET HOME KEY HOLDER,196,1160.84,2011-12-06 14:23:00,2011-09-05 10:15:00,92,2
23408,PHOTO FRAME LINEN AND LACE SMALL,310,644.8000000000001,2011-12-07 12:33:00,2011-09-07 16:27:00,59,2
23409,PHOTO FRAME LINEN AND LACE LARGE,208,771.72,2011-12-05 12:03:00,2011-09-07 16:00:00,41,4
23410,CURIO CABINET LINEN AND LACE ,3,21.15,2011-11-23 15:44:00,2011-10-16 13:23:00,2,15
23411, TRELLIS COAT RACK,169,817.35,2011-12-02 17:12:00,2011-09-04 14:08:00,45,6
23412,HEART MIRROR ANTIQUE WHITE,239,1711.38,2011-10-10 17:26:00,2011-09-06 09:53:00,70,59
23413,DECORATIVE VINTAGE COFFEE  BOX,44,208.20000000000002,2011-12-08 11:15:00,2011-10-25 14:35:00,16,1
23413,DECROTIVEVINTAGE COFFEE GRINDER BOX,10,49.5,2011-10-26 11:19:00,2011-10-21 09:20:00,4,44
23413,VINTAGE COFFEE GRINDER BOX,102,485.70000000000005,2011-10-20 14:40:00,2011-09-07 16:00:00,23,49
23415,HOME SWEET HOME HOOK,326,405.59999999999997,2011-12-08 15:54:00,2011-09-07 15:52:00,45,0
23416,CHAMBRE HOOK,123,155.06999999999996,2011-12-08 14:39:00,2011-09-12 13:43:00,18,0
23417,BATHROOM HOOK,140,137.76,2011-12-08 14:39:00,2011-09-07 15:52:00,21,0
23418,LAVENDER TOILETTE BOTTLE,389,809.12,2011-12-06 12:56:00,2011-09-11 10:53:00,57,2
23419,HOME SWEET HOME BOTTLE ,389,809.12,2011-12-07 11:42:00,2011-09-11 10:53:00,60,2
23420,PANTRY HOOK TEA STRAINER ,159,330.72,2011-12-04 12:44:00,2011-09-15 12:46:00,28,5
23421,PANTRY HOOK SPATULA,152,316.16,2011-12-04 12:44:00,2011-09-08 13:38:00,26,5
23422,PANTRY HOOK BALLOON WHISK ,196,407.68,2011-12-04 14:55:00,2011-09-08 13:38:00,31,4
23423,PANTRY 3 HOOK ROLLING PIN HANGER,202,757.5,2011-12-05 15:43:00,2011-09-08 13:38:00,51,3
23424,GINGHAM RECIPE BOOK BOX,409,1966.95,2011-12-09 08:59:00,2011-09-05 10:15:00,103,0
23425,STORAGE TIN HOME SWEET HOME,237,435.43,2011-12-09 10:46:00,2011-09-06 09:49:00,35,0
23426,METAL SIGN DROP YOUR PANTS,798,2270.46,2011-12-08 13:47:00,2011-09-05 16:22:00,164,0
23428,IVORY RETRO KITCHEN WALL CLOCK,10,70.5,2011-11-17 14:43:00,2011-11-17 14:43:00,1,21
23431,NATURAL HANGING QUILTED HEARTS ,803,663.8499999999999,2011-12-01 11:20:00,2011-08-26 11:54:00,65,8
23432,PRETTY HANGING QUILTED HEARTS,852,707.16,2011-12-06 14:40:00,2011-08-31 10:06:00,64,2
23433,HANGING QUILTED PATCHWORK APPLES,1047,869.0099999999999,2011-12-04 13:32:00,2011-08-26 12:49:00,78,4
23434,3 RAFFIA RIBBONS 50'S CHRISTMAS ,1422,1340.1000000000001,2011-12-07 13:12:00,2011-09-11 10:58:00,130,1
23435,3 RAFFIA RIBBONS VINTAGE CHRISTMAS,476,448.28000000000003,2011-12-07 13:12:00,2011-09-11 10:58:00,43,1
23436,GIFT BAG LARGE VINTAGE CHRISTMAS,108,135.0,2011-10-17 12:12:00,2011-08-02 14:04:00,8,53
23436,VINTAGE CHRISTMAS GIFT BAG LARGE ,981,1226.25,2011-12-05 12:03:00,2011-08-22 15:05:00,78,4
23437, 50'S CHRISTMAS GIFT BAG LARGE,1281,1601.25,2011-12-09 10:20:00,2011-08-22 15:05:00,103,0
23437,GIFT BAG LARGE 50'S CHRISTMAS,24,30.0,2011-10-17 12:12:00,2011-09-05 14:56:00,2,53
23438, RED SPOT GIFT BAG LARGE,1158,1447.5,2011-12-09 10:20:00,2011-08-03 12:20:00,88,0
23438,GIFT BAG LARGE SPOT ,96,120.0,2011-10-17 12:12:00,2011-08-04 15:23:00,6,53
23439,HAND WARMER RED LOVE HEART,2509,5268.900000000001,2011-12-08 19:29:00,2011-08-24 14:23:00,357,0
23440,PAINT YOUR OWN EGGS IN CRATE,20,41.6,2011-12-05 12:30:00,2011-11-24 15:01:00,4,4
23441,HAND PAINTED HANGING EASTER EGG,22,9.24,2011-12-07 13:12:00,2011-11-23 10:39:00,3,1
23442,12 HANGING EGGS HAND PAINTED,40,83.2,2011-12-07 13:12:00,2011-11-15 17:14:00,7,1
23445,ICE CREAM BUBBLES,1559,1293.9699999999998,2011-12-09 08:59:00,2011-08-24 15:08:00,81,0
23446,BLUE BUNNY EASTER EGG BASKET,13,21.449999999999996,2011-10-16 14:07:00,2011-10-10 13:55:00,2,53
23447,PINK BUNNY EASTER EGG BASKET,14,23.099999999999998,2011-10-23 16:13:00,2011-10-10 13:55:00,3,46
23448,CREAM BUNNY EASTER EGG BASKET,25,41.24999999999999,2011-11-30 09:50:00,2011-10-10 13:55:00,3,9
23449,SET OF 6 EASTER RAINBOW CHICKS,12,15.0,2011-11-15 17:14:00,2011-11-15 17:14:00,1,23
23451,SQUARE MINI PORTRAIT FRAME,268,519.0,2011-12-08 13:59:00,2011-10-14 14:04:00,44,0
23452,HEART MINI PORTRAIT FRAME,510,990.9,2011-12-08 14:39:00,2011-10-14 13:35:00,81,0
23453,OVAL  MINI PORTRAIT FRAME,315,611.85,2011-12-08 13:59:00,2011-10-14 12:33:00,46,0
23454,SET OF 3 MINI HANGING PORTRAITS,32,123.2,2011-11-15 15:20:00,2011-10-21 13:13:00,2,23
23454,THREE MINI HANGING FRAMES,129,535.35,2011-12-08 14:39:00,2011-10-24 09:46:00,44,0
23455,SMALL PARLOUR FRAME,6,17.34,2011-11-11 12:18:00,2011-11-11 12:18:00,1,28
23455,SMALL PARLOUR PICTURE FRAME,128,369.92,2011-12-08 12:26:00,2011-10-16 15:44:00,31,1
23456,MEDIUM PARLOUR FRAME ,22,84.1,2011-11-15 15:20:00,2011-11-11 12:18:00,2,23
23456,MEDIUM PARLOUR PICTURE FRAME ,136,550.0,2011-12-04 12:44:00,2011-10-16 12:25:00,34,5
23457,LARGE PARLOUR FRAME,27,122.85,2011-11-15 15:20:00,2011-11-11 12:18:00,2,23
23457,LARGE PARLOUR PICTURE FRAME,77,375.75,2011-12-08 13:45:00,2011-10-16 15:44:00,27,0
23461,SWEETHEART BIRD HOUSE,209,862.5500000000001,2011-12-07 17:25:00,2011-09-29 15:57:00,82,1
23464,VINTAGE ZINC WATERING CAN SMALL,16,79.2,2011-12-09 09:07:00,2011-10-16 12:28:00,6,0
23466,TUSCAN VILLA DOVECOTE BIRD FEEDER,8,60.0,2011-11-17 13:21:00,2011-11-17 13:21:00,1,21
23467,VINTAGE ZINC PLANTER  ,23,75.67,2011-12-07 11:42:00,2011-10-17 10:10:00,5,2
23469,CARD HOLDER LOVE BIRD SMALL,248,1018.8800000000001,2011-12-08 11:43:00,2011-09-30 09:39:00,62,1
23470,CARD HOLDER LOVE BIRD LARGE ,184,1129.36,2011-12-05 15:44:00,2011-10-02 13:26:00,74,3
23473,WOODLAND SMALL RED FELT HEART,473,392.59,2011-12-07 15:43:00,2011-10-21 09:25:00,42,1
23474,WOODLAND SMALL BLUE FELT HEART,297,246.51,2011-12-07 15:43:00,2011-10-24 13:37:00,27,1
23475,WOODLAND SMALL PINK FELT HEART,280,232.39999999999998,2011-12-07 15:43:00,2011-10-27 16:23:00,26,1
23476,WOODLAND LARGE RED FELT HEART,198,247.5,2011-11-30 15:43:00,2011-10-20 12:07:00,18,8
23477,WOODLAND LARGE BLUE FELT HEART,85,106.25,2011-11-30 15:43:00,2011-10-20 12:07:00,8,8
23478,WOODLAND LARGE PINK FELT HEART,86,107.5,2011-12-01 14:17:00,2011-10-20 12:07:00,9,7
23479,WIRE EGG BASKET ,36,246.60000000000002,2011-11-16 15:33:00,2011-11-03 10:27:00,3,22
23480,MINI LIGHTS WOODLAND MUSHROOMS,1013,3787.71,2011-12-09 12:19:00,2011-10-21 08:57:00,164,0
23481,PEARLISED IVORY HEART SMALL ,217,266.21,2011-12-06 11:58:00,2011-10-17 15:06:00,27,3
23482,PEARLISED IVORY HEART LARGE ,271,442.34999999999997,2011-12-06 15:10:00,2011-10-14 14:04:00,35,2
23483,HANGING  BUTTERFLY T-LIGHT HOLDER,770,957.46,2011-12-08 17:12:00,2011-10-03 12:47:00,59,0
23484,HEART TRELLIS TRIPLE T-LIGHT HOLDER,118,331.42,2011-12-04 16:02:00,2011-10-06 10:52:00,20,4
23484,HEART TRELLISTRIPLE T-LIGHT HOLDER,56,152.24,2011-10-18 07:43:00,2011-09-30 10:18:00,5,52
23489,"GARLAND, VINTAGE BELLS",92,265.88,2011-11-24 11:17:00,2011-10-20 10:10:00,10,15
23489,VINTAGE BELLS GARLAND,736,2127.04,2011-12-09 12:19:00,2011-10-20 14:52:00,126,0
23490,T-LIGHT HOLDER HANGING LOVE BIRD,461,1728.75,2011-12-08 14:39:00,2011-10-14 12:33:00,93,0
23493,VINTAGE DOILY TRAVEL SEWING KIT,2566,5003.7,2011-12-08 16:22:00,2011-09-22 12:13:00,335,0
23494,VINTAGE DOILY DELUXE SEWING KIT ,562,3322.9,2011-12-08 13:47:00,2011-09-25 12:31:00,172,0
23495,SET OF 3 PANTRY WOODEN SPOONS,192,240.0,2011-12-07 12:43:00,2011-10-30 11:55:00,24,2
23496,PANTRY KITCHEN THERMOMETER ,88,110.0,2011-12-08 10:59:00,2011-10-30 11:55:00,22,1
23497,CLASSIC CHROME BICYCLE BELL ,1411,2043.55,2011-12-08 18:22:00,2011-10-30 11:37:00,160,0
23497,CLASSIC CROME BICYCLE BELL ,12,17.4,2011-11-15 15:20:00,2011-11-15 15:20:00,1,23
23498,CLASSIC BICYCLE CLIPS ,643,932.3499999999999,2011-12-09 12:21:00,2011-11-25 10:58:00,80,0
23499,SET 12 VINTAGE DOILY CHALK ,1142,479.64,2011-12-08 11:43:00,2011-10-20 13:54:00,91,1
23500,KEY RING BASEBALL BOOT ASSORTED ,1040,1295.8,2011-12-08 12:07:00,2011-10-06 15:51:00,74,1
23501,KEY RING BASEBALL BOOT UNION JACK,818,1018.3,2011-12-08 11:43:00,2011-10-05 15:52:00,73,1
23502,PLAYING CARDS VINTAGE DOILEY ,13,16.25,2011-10-06 09:11:00,2011-09-22 12:02:00,2,64
23502,PLAYING CARDS VINTAGE DOILY ,577,718.73,2011-12-07 13:53:00,2011-09-23 14:38:00,84,1
23503,PLAYING CARDS KEEP CALM & CARRY ON,2995,3738.71,2011-12-09 08:59:00,2011-09-22 11:46:00,320,0
23504,PLAYING CARDS JUBILEE UNION JACK,1456,1817.48,2011-12-08 13:50:00,2011-09-22 11:46:00,185,0
23505,PLAYING CARDS I LOVE LONDON ,586,732.5,2011-12-08 15:03:00,2011-09-22 12:55:00,98,0
23506,MINI PLAYING CARDS SPACEBOY ,1292,541.44,2011-12-08 15:09:00,2011-09-25 12:45:00,120,0
23507,MINI PLAYING CARDS BUFFALO BILL ,854,357.48,2011-12-08 15:09:00,2011-09-22 14:11:00,94,0
23508,MINI PLAYING CARDS DOLLY GIRL ,1012,423.84000000000003,2011-12-08 10:40:00,2011-09-22 14:11:00,98,1
23509,MINI PLAYING CARDS FUN FAIR ,500,208.8,2011-12-08 10:40:00,2011-09-22 14:11:00,52,1
23510,MINI PLAYING CARDS GYMKHANA,844,354.48,2011-12-08 15:31:00,2011-09-22 14:11:00,89,0
23511,EMBROIDERED RIBBON REEL EMILY ,380,788.6600000000001,2011-12-08 11:53:00,2011-09-22 12:23:00,84,1
23512,EMBROIDERED RIBBON REEL ROSIE,196,405.94,2011-12-08 11:53:00,2011-09-22 14:10:00,47,1
23513,EMBROIDERED RIBBON REEL SUSIE ,268,557.44,2011-12-05 14:39:00,2011-09-22 14:18:00,60,3
23514,EMBROIDERED RIBBON REEL SALLY ,314,651.38,2011-12-04 12:44:00,2011-09-22 14:10:00,61,5
23515,EMBROIDERED RIBBON REEL DAISY ,270,559.86,2011-12-09 12:16:00,2011-09-22 14:10:00,57,0
23516,EMBROIDERED RIBBON REEL SOPHIE  ,147,551.25,2011-12-05 16:05:00,2011-09-25 12:22:00,38,3
23517,EMBROIDERED RIBBON REEL REBECCA ,216,621.84,2011-12-05 12:30:00,2011-09-22 12:23:00,50,4
23518,EMBROIDERED RIBBON REEL RACHEL ,165,476.85,2011-12-02 14:30:00,2011-09-22 14:10:00,39,6
23519,EMBROIDERED RIBBON REEL CLAIRE,75,281.25,2011-11-22 16:43:00,2011-09-25 12:22:00,17,16
23520,EMBROIDERED RIBBON REEL RUBY ,93,348.75,2011-12-05 16:05:00,2011-09-22 12:23:00,29,3
23521,CAT AND BIRD WALL ART,30,54.84,2011-10-24 12:37:00,2011-10-03 15:24:00,3,46
23521,WALL ART CAT AND BIRD ,88,250.28,2011-12-06 12:27:00,2011-10-06 12:15:00,17,3
23522,DOG AND BALL WALL ART,12,34.68,2011-10-24 12:37:00,2011-10-09 12:20:00,2,46
23522,WALL ART DOG AND BALL ,89,226.29000000000002,2011-12-08 15:54:00,2011-10-06 12:15:00,17,0
23523,TREASURE AHOY WALL ART,102,356.34000000000003,2011-11-16 15:34:00,2011-10-03 12:17:00,14,22
23523,WALL ART TREASURE AHOY ,87,317.97,2011-12-08 16:38:00,2011-10-11 15:36:00,22,0
23524,HORSE & PONY WALL ART,88,320.19,2011-11-16 15:34:00,2011-10-02 13:46:00,15,22
23524,WALL ART HORSE & PONY ,89,325.47,2011-12-09 11:34:00,2011-10-04 14:41:00,33,0
23525,BUFFALO BILL WALL ART ,78,292.5,2011-11-16 15:34:00,2011-10-04 12:55:00,13,22
23525,WALL ART BUFFALO BILL ,81,295.47,2011-12-09 11:34:00,2011-10-04 14:41:00,27,0
23526,DOG LICENCE WALL ART,120,699.6,2011-11-28 09:55:00,2011-10-03 13:49:00,26,11
23526,WALL ART DOG LICENCE ,222,1284.9,2011-12-08 14:39:00,2011-10-04 10:30:00,60,0
23527,ANIMALS AND NATURE WALL ART,99,371.25,2011-11-16 15:34:00,2011-10-03 12:17:00,15,22
23527,WALL ART ANIMALS AND NATURE ,76,279.48,2011-12-09 11:34:00,2011-10-04 14:41:00,25,0
23528,SPACEBOY WALL ART,66,247.5,2011-11-09 13:54:00,2011-10-03 12:48:00,11,29
23528,WALL ART SPACEBOY,84,303.96,2011-12-01 14:38:00,2011-10-05 15:35:00,20,7
23529,DOLLY GIRL WALL ART,78,266.34000000000003,2011-11-09 13:54:00,2011-10-03 12:48:00,10,29
23529,WALL ART DOLLY GIRL ,71,257.97,2011-12-05 14:30:00,2011-10-05 15:35:00,17,3
23530,WALL ART ONLY ONE PERSON ,389,1828.0500000000002,2011-12-09 08:59:00,2011-10-03 15:24:00,65,0
23530,"WALL ART,ONLY ONE PERSON ",6,29.700000000000003,2011-10-06 15:04:00,2011-10-06 15:04:00,1,63
23531,WALL ART BIG LOVE ,360,2352.0,2011-12-08 18:25:00,2011-10-03 14:52:00,91,0
23532,WALL ART WORK REST AND PLAY  ,85,355.47,2011-12-08 12:05:00,2011-10-03 14:52:00,25,1
23533,WALL ART GARDEN HAVEN ,66,324.70000000000005,2011-12-09 09:07:00,2011-10-04 14:41:00,28,0
23534,STOP FOR TEA WALL ART,158,911.3,2011-12-04 10:30:00,2011-10-02 14:37:00,38,5
23534,WALL ART STOP FOR TEA ,517,3018.55,2011-12-08 12:54:00,2011-10-03 15:28:00,151,0
23535,BICYCLE SAFTEY WALL ART,170,989.9,2011-11-28 09:55:00,2011-10-02 14:37:00,36,11
23535,WALL ART BICYCLE SAFETY,436,2561.8,2011-12-09 10:20:00,2011-10-05 12:49:00,117,0
23535,WALL ART BICYCLE SAFTEY ,21,114.15,2011-10-04 14:41:00,2011-10-03 14:59:00,3,65
23536,VILLAGE SHOW WALL ART,86,467.42,2011-11-16 15:34:00,2011-10-03 13:49:00,16,22
23536,WALL ART VILLAGE SHOW ,155,922.25,2011-12-08 12:36:00,2011-10-03 15:28:00,55,1
23537,I LOVE LONDON WALL ART,12,59.400000000000006,2011-11-16 12:16:00,2011-10-03 14:52:00,2,23
23537,WALL ART I LOVE LONDON ,86,387.3,2011-12-09 11:34:00,2011-10-04 10:49:00,19,0
23538,WALL ART VINTAGE HEART,110,500.64000000000004,2011-12-08 12:54:00,2011-10-03 14:52:00,26,0
23539,"WALL ART , LOVES' SECRET ",8,47.6,2011-10-07 10:22:00,2011-10-06 15:04:00,2,63
23539,WALL ART LOVES' SECRET ,97,569.95,2011-12-05 16:57:00,2011-10-03 15:28:00,31,3
23540,"WALL ART , THE MAGIC FOREST ",2,13.9,2011-10-10 13:30:00,2011-10-10 13:30:00,1,59
23540,WALL ART THE MAGIC FOREST ,24,126.64,2011-12-06 12:27:00,2011-10-03 15:06:00,8,3
23541,"WALL ART ,PUDDINGS ",6,44.7,2011-10-06 15:04:00,2011-10-06 15:04:00,1,63
23541,WALL ART CLASSIC PUDDINGS ,148,1093.24,2011-11-23 15:44:00,2011-10-03 15:06:00,12,15
23542,70'S ALPHABET WALL ART,6,44.7,2011-10-05 12:44:00,2011-10-05 12:44:00,1,65
23542,WALL ART 70'S ALPHABET ,54,392.94,2011-12-08 18:25:00,2011-10-26 12:46:00,8,0
23543,KEEP CALM WALL ART ,60,435.72,2011-11-06 11:22:00,2011-10-03 11:26:00,6,33
23543,WALL ART KEEP CALM ,74,498.5,2011-12-08 13:47:00,2011-10-05 10:11:00,12,0
23544,WALL ART MID CENTURY MODERN ,20,120.76,2011-12-06 12:12:00,2011-10-03 15:24:00,4,3
23545,WRAP RED DOILEY,375,157.5,2011-08-08 09:22:00,2011-07-20 13:30:00,15,123
23545,WRAP RED VINTAGE DOILY,1550,651.0,2011-12-06 15:32:00,2011-08-12 12:41:00,62,2
23546,WRAP PAISLEY PARK ,2750,1155.0,2011-12-06 14:22:00,2011-07-19 11:57:00,110,2
23547,WRAP FLOWER SHOP  ,1525,640.5,2011-12-06 15:43:00,2011-07-20 14:39:00,61,2
23548,WRAP MAGIC FOREST ,1075,451.5,2011-12-08 12:07:00,2011-07-20 14:39:00,43,1
23549,WRAP BIRD GARDEN ,1250,525.0,2011-12-01 10:31:00,2011-07-19 11:57:00,50,8
23550,WRAP ALPHABET POSTER  ,1450,609.0,2011-12-09 12:16:00,2011-07-18 11:42:00,58,0
23551,PACK OF 12 PAISLEY PARK TISSUES ,1422,554.5799999999999,2011-12-08 18:15:00,2011-09-01 15:56:00,91,0
23552,BICYCLE PUNCTURE REPAIR KIT ,606,1260.48,2011-12-09 12:21:00,2011-11-25 10:58:00,94,0
23559,WOODLAND BUNNIES LOLLY MAKERS,347,721.76,2011-12-07 16:56:00,2011-09-08 13:07:00,71,1
23560,SET OF 6 RIBBONS COUNTRY STYLE,103,297.67,2011-12-08 11:25:00,2011-11-27 11:57:00,19,1
23561,SET OF 6 RIBBONS PARTY,107,309.23,2011-12-09 12:20:00,2011-11-27 13:29:00,12,0
23562,SET OF 6 RIBBONS PERFECTLY PRETTY  ,183,528.87,2011-12-09 12:20:00,2011-11-27 12:29:00,36,0
23564,EGG CUP MILKMAID INGRID,395,493.75,2011-12-06 12:18:00,2011-10-13 14:10:00,40,3
23565,EGG CUP MILKMAID HELGA ,300,375.0,2011-12-06 12:18:00,2011-10-16 12:19:00,30,3
23566,EGG CUP MILKMAID HEIDI,448,560.0,2011-12-05 13:14:00,2011-10-17 10:10:00,43,3
23567,EGG CUP HENRIETTA HEN PINK,187,233.75,2011-12-02 14:26:00,2011-10-14 09:35:00,18,6
23568,EGG CUP HENRIETTA HEN CREAM ,256,320.0,2011-11-28 13:06:00,2011-10-16 16:13:00,25,10
23569,TRADTIONAL ALPHABET STAMP SET,818,4049.1000000000004,2011-12-08 18:42:00,2011-10-21 15:36:00,173,0
23570,TRADITIONAL PICK UP STICKS GAME ,1752,2190.0,2011-12-09 12:19:00,2011-10-21 13:13:00,229,0
23571,TRADITIONAL NAUGHTS & CROSSES,1838,3032.7,2011-12-09 10:02:00,2011-10-21 14:23:00,214,0
23574,PACKING CHARGE,14,105.0,2011-12-07 10:25:00,2011-07-06 13:04:00,14,2
23575,SNACK TRAY PAISLEY PARK,116,226.2,2011-12-08 17:57:00,2011-11-27 11:57:00,21,0
23576,SNACK TRAY RED VINTAGE DOILY,137,267.15,2011-12-08 18:03:00,2011-11-27 12:13:00,28,0
23578,SNACK TRAY RED GINGHAM,56,109.2,2011-12-08 12:26:00,2011-11-27 11:18:00,11,1
23579,SNACK TRAY I LOVE LONDON,101,196.95,2011-12-08 15:31:00,2011-10-18 13:11:00,23,0
23580,SNACK TRAY HAPPY FOREST  ,110,214.5,2011-12-07 15:43:00,2011-11-27 11:57:00,21,1
23581,JUMBO BAG PAISLEY PARK,2008,4176.64,2011-12-09 12:09:00,2011-10-25 11:14:00,268,0
23582,VINTAGE DOILY JUMBO BAG RED ,1844,3832.6200000000003,2011-12-08 14:38:00,2011-10-25 09:07:00,219,0
23583,LUNCH BAG PAISLEY PARK  ,2055,3388.75,2011-12-08 18:15:00,2011-10-25 09:31:00,284,0
23597,PAPER BUNTING PAISLEY PARK,86,253.70000000000005,2011-12-08 18:42:00,2011-11-10 16:27:00,25,0
23598,PAPER BUNTING VINTAGE PARTY,260,767.0000000000001,2011-12-09 10:20:00,2011-11-10 16:20:00,40,0
23630,SET 10 CARDS HANGING BAUBLES 17080,1,2.99,2011-09-22 09:38:00,2011-09-22 09:38:00,1,78
23660,HENRIETTA HEN MUG ,293,483.44999999999993,2011-12-08 14:38:00,2011-10-13 13:43:00,31,0
23661,MILK MAIDS MUG ,204,336.59999999999997,2011-12-08 14:38:00,2011-10-13 13:43:00,23,0
23664,FLOWER SHOP DESIGN MUG,1,1.65,2011-11-11 15:28:00,2011-11-11 15:28:00,1,27
23681,LUNCH BAG RED VINTAGE DOILY,847,1397.55,2011-12-09 12:20:00,2011-11-06 12:36:00,110,0
23691,KEEP CALM BIRTHDAY WRAP,50,21.0,2011-11-02 12:37:00,2011-11-02 11:52:00,2,37
23691,WRAP KEEP CALM BIRTHDAY,825,346.5,2011-12-07 14:34:00,2011-11-03 12:45:00,33,1
23692,WRAP A PRETTY THANK YOU,50,21.0,2011-11-30 10:54:00,2011-11-09 11:17:00,2,9
23694,PAISLEY PARK CARD,276,115.92,2011-12-08 17:12:00,2011-11-14 13:42:00,23,0
23695,DOILY THANK YOU CARD,523,219.66,2011-12-08 17:12:00,2011-11-09 14:11:00,41,0
23697,A PRETTY THANK YOU CARD,318,133.56,2011-12-08 17:57:00,2011-11-09 14:11:00,25,0
23702,High Resolution Image,3,6.0,2011-11-11 16:05:00,2011-10-19 10:33:00,2,27
35001G,HAND OPEN SHAPE GOLD,114,364.2,2011-12-07 17:17:00,2010-12-03 11:35:00,23,1
35001W,HAND OPEN SHAPE DECO.WHITE,14,39.92,2010-12-16 10:08:00,2010-12-05 16:41:00,4,358
35004B,SET OF 3 BLACK FLYING DUCKS,295,1414.15,2011-12-09 11:34:00,2010-12-01 10:51:00,43,0
35004C,SET OF 3 COLOURED  FLYING DUCKS,141,710.85,2011-03-07 14:33:00,2010-12-01 10:03:00,34,276
35004G,SET OF 3 GOLD FLYING DUCKS,78,354.7,2011-12-07 17:17:00,2010-12-01 10:03:00,19,1
35004P,SET OF 3 PINK FLYING DUCKS,1,5.45,2010-12-10 13:27:00,2010-12-10 13:27:00,1,363
35095A,BLUE VICTORIAN FABRIC OVAL BOX,403,169.26,2011-12-06 14:35:00,2011-01-18 16:45:00,32,2
35095B,RED VICTORIAN FABRIC OVAL BOX,364,152.88,2011-12-06 14:35:00,2010-12-13 15:56:00,39,2
35241,ENAMEL BLUE RIM BISCUIT BIN,89,413.95000000000005,2011-05-03 15:59:00,2010-12-05 10:36:00,30,219
35265,COLOURFUL FLOWER FRUIT BOWL,16,50.25,2011-10-02 15:49:00,2011-01-11 14:15:00,11,67
35271S,GOLD PRINT PAPER BAG,19,3.6100000000000003,2010-12-02 13:49:00,2010-12-01 17:35:00,2,371
35443,RASTA IN BATH W SPLIFF ASHTRAY,7,5.949999999999999,2011-11-24 15:01:00,2011-05-08 15:20:00,5,14
35471D,SET OF 3 BIRD LIGHT PINK FEATHER ,1474,619.8,2011-12-09 11:20:00,2010-12-05 12:42:00,133,0
35591T,TURQUOISE CHRISTMAS TREE ,5,6.25,2011-11-20 12:36:00,2010-12-01 11:57:00,4,19
35597A,DUSTY PINK CHRISTMAS TREE 30CM,1,1.25,2010-12-06 12:15:00,2010-12-06 12:15:00,1,368
35597B,BLACKCHRISTMAS TREE 30CM,1,1.25,2010-12-06 12:15:00,2010-12-06 12:15:00,1,368
35597D,PINK/WHITE CHRISTMAS TREE 30CM,46,17.48,2011-09-01 16:45:00,2011-08-16 10:50:00,2,98
35598A,DUSTY PINK CHRISTMAS TREE 60CM,9,26.550000000000004,2011-11-20 15:00:00,2011-11-16 13:40:00,2,18
35598B,BLACK CHRISTMAS TREE 60CM,242,230.90000000000003,2011-11-30 17:22:00,2010-12-01 15:37:00,20,8
35598C,WHITE CHRISTMAS TREE 60CM,2,5.9,2011-11-24 12:25:00,2011-11-13 16:22:00,2,15
35598D,PINK/WHITE CHRISTMAS TREE 60CM,372,246.02,2011-11-28 10:46:00,2010-12-01 15:37:00,22,11
35599B,BLACK CHRISTMAS TREE 120CM,132,321.0,2011-11-30 17:22:00,2011-08-31 09:11:00,19,8
35599D,PINK AND WHITE CHRISTMAS TREE 120CM,146,347.38,2011-12-04 10:56:00,2011-05-06 09:00:00,18,5
35607A,PINK FLUFFY CHRISTMAS DECORATION,24,4.5600000000000005,2010-12-16 17:53:00,2010-12-16 17:53:00,1,357
35607B,BLACK FEATHER CHRISTMAS DECORATION,96,18.240000000000002,2011-09-15 12:16:00,2011-03-06 12:46:00,7,85
35610A,PINK CHRISTMAS FLOCK DROPLET ,8,10.0,2010-12-15 12:01:00,2010-12-15 12:01:00,1,359
35610B,BLACK CHRISTMAS FLOCK DROPLET ,24,30.0,2010-12-13 09:52:00,2010-12-13 09:52:00,1,361
35610C,WHITE CHRISTMAS FLOCK DROPLET ,24,30.0,2010-12-13 09:52:00,2010-12-13 09:52:00,1,361
35637A,IVORY STRING CURTAIN WITH POLE ,94,223.29999999999998,2011-11-27 13:49:00,2011-02-15 13:19:00,23,11
35637C,PINK STRING CURTAIN WITH POLE,28,62.6,2011-11-27 13:49:00,2011-02-23 09:44:00,7,11
35638A,PINK AND BLACK STRING CURTAIN,5,17.75,2011-11-20 14:01:00,2011-02-20 15:06:00,4,18
35638B,PINK/BLUE STRING CURTAIN ,8,15.6,2011-11-20 14:01:00,2011-07-21 17:26:00,3,18
35645,VINTAGE BEAD PINK JEWEL BOX,4,17.0,2011-10-20 13:06:00,2011-07-11 13:35:00,3,49
35646,VINTAGE BEAD PINK EVENING BAG,513,668.88,2011-11-30 17:37:00,2010-12-07 09:13:00,44,8
35647,VINTAGE BEAD PINK SHADE ,13,16.25,2011-03-11 12:29:00,2011-01-23 15:16:00,2,273
35648,VINTAGE BEAD PINK PURSE ,620,613.48,2011-12-08 15:31:00,2010-12-09 16:08:00,56,0
35649,VINTAGE BEAD COSMETIC BAG ,16,51.82,2011-11-10 12:37:00,2011-04-01 14:58:00,6,29
35650,VINTAGE BEAD PINK JEWEL STAND,1,4.95,2011-08-01 11:57:00,2011-08-01 11:57:00,1,130
35651,VINTAGE BEAD PINK SCARF ,328,541.1999999999999,2011-11-10 14:28:00,2010-12-14 11:51:00,32,28
35653,VINTAGE BEAD NOTEBOOK,47,138.65,2011-08-11 11:45:00,2010-12-05 12:43:00,17,120
35809A,ENAMEL PINK TEA CONTAINER,388,374.10999999999996,2011-06-08 10:45:00,2010-12-16 17:29:00,40,184
35809B,ENAMEL BLUE RIM TEA CONTAINER,8,9.18,2011-04-11 14:11:00,2011-04-04 11:28:00,3,241
35810A,ENAMEL PINK COFFEE CONTAINER,554,505.53999999999996,2011-10-30 13:06:00,2010-12-16 17:29:00,51,39
35810B,ENAMEL BLUE RIM COFFEE CONTAINER,147,155.03,2011-11-30 14:03:00,2010-12-05 10:36:00,21,8
35815P,"ACRYLIC JEWEL SNOWFLAKE, PINK",1,2.1,2011-02-07 14:53:00,2011-02-07 14:53:00,1,304
35817P,"ACRYLIC JEWEL SNOWFLAKE,PINK",6,15.299999999999999,2010-12-15 12:01:00,2010-12-15 12:01:00,1,359
35817P,PINK ACRYLIC JEWEL SNOWFLAKE,12,4.5600000000000005,2011-08-12 12:37:00,2011-08-12 12:37:00,1,119
35818B,"ACRYLIC JEWEL ICICLE, BLUE",31,11.780000000000001,2011-11-01 14:29:00,2011-08-16 13:12:00,3,37
35818P,"ACRYLIC JEWEL ICICLE, PINK",82,31.16,2011-12-05 13:14:00,2011-06-06 16:41:00,12,3
35819B,"ACRYLIC HANGING JEWEL,BLUE",230,87.4,2011-11-30 15:58:00,2011-08-30 16:43:00,21,8
35819P,"ACRYLIC HANGING JEWEL,PINK",60,22.8,2011-11-13 16:13:00,2011-10-03 09:30:00,6,25
35833P,4 PINK FLOCK CHRISTMAS BALLS,36,45.0,2011-11-24 15:02:00,2010-12-08 15:12:00,11,14
35909A,RABBIT EASTER DECORATION,8,23.6,2011-04-26 13:05:00,2011-01-05 15:56:00,3,226
35909B,PINK FLOWERS RABBIT EASTER,8,23.6,2011-06-14 13:15:00,2011-02-14 14:13:00,2,177
35910A,MULTICOLOUR EASTER RABBIT ,20,39.0,2011-03-28 14:07:00,2011-01-05 15:56:00,4,255
35910B,PINK FLOWERS RABBIT EASTER,13,25.349999999999998,2011-11-06 12:25:00,2011-03-18 14:20:00,3,33
35911A,MULTICOLOUR RABBIT EGG WARMER,205,194.14999999999998,2011-11-04 15:18:00,2010-12-16 11:53:00,25,34
35911B,PINK/FLOWER RABBIT EGG WARMER ,17,35.7,2011-02-16 14:27:00,2011-01-05 12:15:00,4,295
35912B,WHITE/PINK CHICK DECORATION,105,131.25,2011-10-30 11:09:00,2011-01-13 10:39:00,16,40
35913B,WHITE/PINK CHICK EASTER DECORATION,34,28.9,2011-11-06 12:25:00,2011-01-25 13:15:00,9,33
35914,PINK CHICK EGG WARMER + EGG CUP,135,162.25,2011-10-19 15:08:00,2010-12-17 12:24:00,18,50
35915B,BLUE KNITTED HEN ,91,150.14999999999998,2011-03-28 14:59:00,2010-12-10 11:33:00,14,255
35915C,PEACH KNITTED HEN ,49,80.85,2011-04-06 10:20:00,2011-01-31 14:18:00,8,247
35916A,YELLOW FELT HANGING HEART W FLOWER,20,17.0,2011-08-21 12:36:00,2011-03-07 13:51:00,3,110
35916B,BLUE FELT HANGING HEART WITH FLOWER,6,5.1,2011-08-21 12:36:00,2011-08-21 12:36:00,1,110
35916C,PINK FELT HANGING HEART W FLOWER,54,45.9,2011-08-21 12:36:00,2011-03-01 09:33:00,5,110
35920,FOUR RABBIT EASTER DECORATIONS,67,83.75,2011-04-15 10:09:00,2011-01-19 16:18:00,11,238
35921,EASTER BUNNY HANGING GARLAND,54,67.5,2011-04-19 16:52:00,2011-01-16 15:50:00,11,233
35922,EASTER BUNNY WREATH,28,138.6,2011-04-08 11:28:00,2011-01-16 16:23:00,10,245
35923,CANDY HEART HANGING DECORATION,367,185.01,2011-12-01 11:51:00,2011-02-02 12:02:00,35,8
35924,HANGING FAIRY CAKE DECORATION,100,207.54000000000002,2011-11-22 16:47:00,2010-12-05 13:55:00,25,16
35933,PINK STOCKING CHRISTMAS DECORATION,152,57.760000000000005,2011-11-06 12:26:00,2011-06-20 15:08:00,14,33
35953,FOLKART STAR CHRISTMAS DECORATIONS,544,317.08,2011-12-08 13:04:00,2010-12-05 13:00:00,34,0
35954,SMALL FOLKART STAR CHRISTMAS DEC,158,40.83,2011-11-07 17:06:00,2010-12-05 13:05:00,15,31
35958,FOLKART ZINC STAR CHRISTMAS DEC,12,10.2,2010-12-09 14:55:00,2010-12-05 13:05:00,3,364
35961,FOLKART ZINC HEART CHRISTMAS DEC,1323,1124.55,2011-12-08 17:54:00,2010-12-01 14:38:00,144,0
35964,FOLKART CLIP ON STARS,153,63.089999999999996,2011-12-08 18:42:00,2011-09-25 12:46:00,25,0
35965,FOLKART HEART NAPKIN RINGS,181,181.87,2011-09-06 10:42:00,2010-12-05 12:13:00,28,94
35966,FOLKART CHRISTMAS TREE T-LIGHT HOLD,27,10.260000000000002,2011-08-24 10:45:00,2011-06-09 09:44:00,2,107
35967,FOLK ART METAL STAR T-LIGHT HOLDER,309,123.18,2011-12-08 13:04:00,2010-12-03 14:04:00,27,0
35968,FOLK ART METAL HEART T-LIGHT HOLDER,145,52.760000000000005,2011-11-01 14:29:00,2010-12-08 13:08:00,18,37
35970,ZINC FOLKART SLEIGH BELLS,2951,5062.87,2011-12-08 14:38:00,2011-06-12 11:04:00,312,0
35971,ROSE FOLKART HEART DECORATIONS,375,484.48,2011-12-01 11:53:00,2010-12-05 16:24:00,52,8
35972,DAISY FOLKART HEART DECORATION,96,120.0,2011-11-06 14:56:00,2011-01-05 15:56:00,16,32
37327,ASSTD MULTICOLOUR CIRCLES MUG,180,78.0,2011-11-10 12:01:00,2010-12-05 16:41:00,20,29
37330,BIG POLKADOT MUG,6,2.34,2011-03-22 12:25:00,2011-03-22 12:25:00,1,262
37333,"RETRO ""TEA FOR ONE"" ",14,54.3,2011-05-03 12:13:00,2010-12-09 14:15:00,11,220
37340,MULTICOLOUR SPRING FLOWER MUG,194,83.02,2011-12-05 16:55:00,2010-12-07 14:41:00,27,3
37342,POLKADOT COFFEE CUP & SAUCER PINK,931,744.13,2011-09-02 14:42:00,2010-12-16 13:15:00,54,97
37343,POLKADOT MUG PINK ,62,89.69999999999999,2011-03-09 14:30:00,2010-12-01 13:54:00,8,274
37351,ORANGE FLOWER MUG ,4,1.56,2011-03-20 13:28:00,2011-03-20 13:28:00,1,263
37370,RETRO COFFEE MUGS ASSORTED,806,994.0600000000001,2011-11-22 12:24:00,2010-12-01 09:02:00,100,17
37379A,PINK CHERRY BLOSSOM CUP & SAUCER,6,7.5,2011-01-19 15:20:00,2011-01-19 15:20:00,1,323
37413,ICON MUG REVOLUTIONARY,389,162.03,2011-12-05 17:09:00,2011-02-07 11:42:00,75,3
37423,WHITE WITH BLACK CATS PLATE,30,14.459999999999999,2011-03-18 11:30:00,2011-03-04 09:46:00,2,266
37444A,YELLOW BREAKFAST CUP AND SAUCER,47,31.130000000000003,2011-07-13 12:06:00,2010-12-01 09:41:00,14,149
37444B,BLUE BREAKFAST CUP AND SAUCER ,4,11.8,2011-03-28 12:23:00,2010-12-09 14:15:00,3,256
37444C,PINK BREAKFAST CUP AND SAUCER ,19,30.45,2011-03-28 12:23:00,2010-12-01 09:41:00,7,256
37446,MINI CAKE STAND WITH HANGING CAKES,778,1124.8999999999999,2011-12-06 17:49:00,2010-12-01 15:08:00,135,2
37447,CERAMIC CAKE DESIGN SPOTTED PLATE,661,984.89,2011-12-02 11:12:00,2010-12-08 10:40:00,74,7
37448,CERAMIC CAKE DESIGN SPOTTED MUG,1207,1795.55,2011-12-08 15:31:00,2010-12-01 16:33:00,150,0
37450,CERAMIC CAKE BOWL + HANGING CAKES,557,1556.7500000000002,2011-12-08 15:31:00,2010-12-02 16:59:00,95,0
37461,FUNKY MONKEY MUG,1,1.25,2010-12-05 15:12:00,2010-12-05 15:12:00,1,368
37462E,"PET MUG, GOLDFISH",27,5.59,2011-11-28 14:12:00,2011-02-02 17:06:00,4,10
37464,ROBOT MUG IN DISPLAY BOX,3,3.75,2010-12-17 16:53:00,2010-12-03 12:24:00,2,356
37467,PIG MUG IN TWO COLOUR DESIGNS,100,49.12,2011-10-09 13:44:00,2011-01-21 15:56:00,10,60
37468,HARDMAN MUG 3 ASSORTED,63,24.57,2011-10-19 16:16:00,2011-04-12 11:58:00,12,50
37471,MULTICOLOUR POLKADOT PLATE,12,10.2,2011-05-18 12:07:00,2011-05-18 12:07:00,1,205
37479B,CUBIC MUG FLOCK BLUE ON BROWN,67,36.93,2011-06-15 13:35:00,2010-12-06 11:01:00,16,176
37479P,CUBIC MUG FLOCK PINK ON BROWN,118,52.5,2011-11-08 12:25:00,2010-12-07 12:29:00,20,31
37482P,CUBIC MUG PINK POLKADOT,237,122.66999999999999,2011-04-12 14:22:00,2010-12-06 11:01:00,31,240
37487B,YELLOW/ORANGE FLOWER DESIGN PLATE,8,2.32,2011-04-11 11:51:00,2011-04-11 11:51:00,1,242
37488A,YELLOW PINK FLOWER DESIGN BIG BOWL,28,10.92,2011-04-13 11:48:00,2011-03-20 13:28:00,3,240
37489A,YELLOW/PINK FLOWER DESIGN BIG MUG,33,14.43,2011-11-21 11:55:00,2010-12-03 12:24:00,14,18
37489B,BLUE/YELLOW FLOWER DESIGN BIG MUG,31,16.77,2011-11-21 11:55:00,2010-12-03 12:24:00,12,18
37489C,GREEN/BLUE FLOWER DESIGN BIG MUG,23,13.65,2011-09-14 16:36:00,2010-12-03 12:24:00,8,85
37489D,PINK/GREEN FLOWER DESIGN BIG MUG,40,17.16,2011-12-05 12:46:00,2010-12-03 12:24:00,16,4
37491B,BLUE/YELLOW CERAMIC CANDLE HOLDER,4,6.6,2011-07-18 13:33:00,2011-07-18 13:33:00,1,143
37491C,GREEN/BLUE CERAMIC CANDLE HOLDER,8,13.2,2011-07-18 13:33:00,2011-07-18 13:33:00,1,143
37491D,PURPLE/BLUE CERAMIC CANDLE HOLDER,2,3.3,2011-07-18 13:33:00,2011-07-18 13:33:00,1,143
37495,FAIRY CAKE BIRTHDAY CANDLE SET,356,1335.0,2011-12-08 13:25:00,2010-12-01 14:03:00,82,0
37500,TEA TIME TEAPOT IN GIFT BOX,264,1306.8000000000002,2011-12-09 12:20:00,2011-03-13 10:25:00,55,0
37501,TEA TIME TEA SET IN GIFT BOX,102,708.9000000000001,2011-08-10 16:19:00,2010-12-09 16:10:00,29,120
37509,NEW ENGLAND MUG W GIFT BOX,2,5.1,2010-12-06 11:01:00,2010-12-05 14:06:00,2,368
40001,WHITE BAMBOO RIBS LAMPSHADE,407,335.87,2011-11-08 09:07:00,2010-12-01 17:35:00,30,31
40003,WHITE BAMBOO RIBS LAMPSHADE,51,63.75,2011-06-06 14:12:00,2010-12-09 13:08:00,10,185
40005B,BLUE ORGANDY ROUND LAMPSHADE W BEA,12,10.2,2011-11-22 13:11:00,2010-12-06 13:47:00,4,16
40016,CHINESE DRAGON PAPER LANTERNS,903,379.26,2011-08-03 12:03:00,2010-12-02 18:23:00,47,128
40046A,RED DAISY PAPER LAMPSHADE,50,62.5,2011-10-17 12:33:00,2011-01-21 15:56:00,6,53
44089A,PINK GAUZE BUTTERFLY LAMPSHADE,15,6.3,2011-11-27 13:26:00,2011-02-02 14:37:00,4,11
44089C,LILAC GAUZE BUTTERFLY LAMPSHADE,24,10.08,2011-09-23 13:12:00,2011-02-13 13:52:00,6,76
44091A,BLUE CRUSOE CHECK LAMPSHADE,9,3.78,2011-07-20 11:38:00,2011-01-10 14:57:00,3,142
44092B,BLUE WHITE PLASTIC RINGS LAMPSHADE,14,11.899999999999999,2011-09-05 15:19:00,2011-02-20 14:08:00,5,94
44092C,PURPLE/COPPER HANGING LAMPSHADE,18,15.299999999999999,2011-10-20 12:34:00,2011-02-20 14:08:00,6,50
44228,CANNABIS LEAF BEAD CURTAIN,36,30.599999999999998,2011-08-23 11:16:00,2010-12-20 13:08:00,2,108
44234,ASSORTED CIRCULAR MOBILE,112,23.52,2011-12-09 12:00:00,2010-12-09 13:03:00,16,0
44235,ASS COL CIRCLE MOBILE ,42,17.64,2011-06-06 11:36:00,2010-12-09 13:03:00,5,186
44235,ASSORTED COLOURED CIRCLE MOBILE ,64,26.88,2011-12-07 15:07:00,2011-08-07 15:52:00,7,1
44236,PINK/PURPLE CIRCLE CURTAIN,52,56.52,2011-08-21 16:24:00,2011-02-13 13:52:00,6,109
44242A,LILAC FEATHERS CURTAIN,12,9.48,2011-07-10 15:17:00,2011-07-10 15:17:00,1,151
44242B,PINK FEATHERS CURTAIN,52,50.28,2011-09-26 16:59:00,2011-04-14 13:59:00,3,73
44265,M/COLOUR POM-POM CURTAIN,2,8.5,2011-02-10 17:19:00,2011-02-10 17:19:00,1,301
45013,FOLDING SHOE TIDY,3,8.850000000000001,2011-10-23 14:40:00,2011-02-09 16:57:00,2,46
46000M,POLYESTER FILLER PAD 45x45cm,922,1429.1000000000001,2011-12-07 14:12:00,2010-12-01 12:35:00,131,1
46000P,POLYESTER FILLER PAD 65CMx65CM,17,72.25,2011-09-04 14:36:00,2010-12-06 13:34:00,5,95
46000R,POLYESTER FILLER PAD 45x30cm,101,146.45,2011-12-07 14:12:00,2010-12-01 14:41:00,37,1
46000S,POLYESTER FILLER PAD 40x40cm,1128,1635.6,2011-12-08 15:29:00,2010-12-01 14:41:00,173,0
46000U,POLYESTER FILLER PAD 30CMx30CM,107,133.75,2011-12-04 12:17:00,2010-12-17 16:00:00,26,5
46115B,GREEN POP ART MAO CUSHION COVER ,12,2.2800000000000002,2011-03-04 14:28:00,2010-12-06 14:36:00,2,279
46118,FUNKY MONKEY CUSHION COVER,157,133.45,2011-12-06 12:59:00,2011-03-01 12:01:00,17,2
46126A,ELVIS WALLHANGING / CURTAIN,48,60.0,2011-05-18 11:08:00,2011-03-21 11:49:00,6,205
46138B,BLUE CHENILLE SHAGGY CUSHION COVER ,43,43.15,2011-11-13 15:58:00,2010-12-23 16:06:00,12,25
46776A,WOVEN BUBBLE GUM CUSHION COVER,14,69.30000000000001,2011-11-08 17:09:00,2011-04-15 09:27:00,6,30
46776B,WOVEN BERRIES CUSHION COVER ,15,74.25,2011-12-06 12:26:00,2011-02-22 13:20:00,7,3
46776C,WOVEN FROST CUSHION COVER,11,54.45,2011-12-02 11:12:00,2011-03-03 12:41:00,6,7
46776D,WOVEN SUNSET CUSHION COVER ,12,59.400000000000006,2011-09-18 11:58:00,2011-04-15 09:27:00,3,82
46776E,WOVEN CANDY CUSHION COVER ,14,69.3,2011-11-28 12:44:00,2011-03-18 14:51:00,5,11
46776F,WOVEN ROSE GARDEN CUSHION COVER ,19,94.05000000000001,2011-12-02 11:12:00,2011-04-15 09:27:00,8,7
47013A,WINE BOTTLE DRESSING LT.BLUE,14,3.0399999999999996,2011-04-19 14:23:00,2011-03-17 15:47:00,4,233
47013C,WINE BOTTLE DRESSING DARK BLUE,43,5.5,2011-06-20 17:14:00,2011-03-24 13:04:00,7,171
47016,LIGHT DECORATION BATTERY OPERATED,2,4.2,2011-11-01 14:54:00,2011-11-01 14:54:00,1,37
47021G,SET/6 BEAD COASTERS GAUZE BAG GOLD,52,48.660000000000004,2011-05-11 12:32:00,2010-12-02 19:59:00,8,212
47310M,SMALL POP BOX FUNKY MONKEY,124,160.07999999999998,2011-12-06 12:59:00,2011-06-13 12:36:00,33,2
47310M,"SMALL POP BOX,FUNKY MONKEY",93,116.25,2011-05-25 11:58:00,2010-12-05 11:49:00,13,198
47341A,FUSCHIA TABLE RUN FLOWER ,27,38.75,2011-06-08 10:45:00,2011-02-17 14:51:00,5,184
47341B,BLUE TABLE RUN FLOWER,45,56.25,2011-11-30 17:37:00,2011-04-27 12:08:00,11,8
47343A,FUSCHIA FLOWER PURSE WITH BEADS,75,75.44999999999999,2011-08-07 15:52:00,2010-12-03 15:05:00,12,123
47344B,BLUE FLOWER DES PURSE,44,43.66,2011-06-02 09:37:00,2011-03-20 15:21:00,6,190
47348A,FUSCHIA VOILE POINTY SHOE DEC,97,50.31,2011-09-01 17:14:00,2010-12-08 12:06:00,15,98
47351B,BLUE  VOILE LAMPSHADE,38,112.10000000000001,2011-11-06 13:00:00,2011-01-07 12:28:00,8,32
47367B,PAIR PADDED HANGERS PINK CHECK,57,194.55,2011-10-26 12:14:00,2010-12-05 14:17:00,11,44
47369A,PINK GREEN EMBROIDERY COSMETIC BAG,8,23.6,2011-11-14 14:39:00,2010-12-05 14:17:00,6,24
47369B,BLUE GREEN EMBROIDERY COSMETIC BAG,3,11.690000000000001,2011-11-28 15:54:00,2010-12-05 14:17:00,3,10
47420,ASSORTED COLOUR SUCTION CUP HOOK,100,19.000000000000004,2011-12-04 15:00:00,2010-12-08 12:56:00,11,4
47421,ASSORTED COLOUR LIZARD SUCTION HOOK,562,236.04,2011-12-08 12:07:00,2010-12-01 13:04:00,50,1
47422,ASSORTED MONKEY SUCTION CUP HOOK,255,107.1,2011-12-01 19:42:00,2010-12-03 14:54:00,38,7
47469,ASSORTED SHAPES PHOTO CLIP SILVER ,67,43.550000000000004,2011-12-08 13:50:00,2011-01-17 11:57:00,10,0
47471,RAINBOW PEGS PHOTO CLIP STRING,70,47.120000000000005,2011-12-05 13:37:00,2010-12-02 11:35:00,22,3
47480,HANGING PHOTO CLIP ROPE LADDER,234,413.97999999999996,2011-12-05 17:17:00,2010-12-06 12:15:00,46,3
47481,50CM METAL STRING WITH  7 CLIPS,77,65.44999999999999,2011-11-29 17:52:00,2011-01-17 11:57:00,18,9
47503A,ASS FLORAL PRINT MULTI SCREWDRIVER,2070,928.33,2011-11-28 12:14:00,2010-12-14 12:59:00,151,11
47503H,ASS FLORAL PRINT SPIRIT LEVEL ,95,90.13,2011-12-07 12:41:00,2010-12-03 14:54:00,32,2
47504H,ENGLISH ROSE SPIRIT LEVEL ,624,602.04,2011-12-08 09:47:00,2010-12-01 12:49:00,87,1
47504K,ENGLISH ROSE GARDEN SECATEURS,1465,1428.67,2011-11-09 16:33:00,2010-12-03 12:24:00,167,29
47518F,ICON PLACEMAT POP ART ELVIS,344,55.68,2011-11-29 12:09:00,2011-01-06 15:29:00,23,10
47559B,TEA TIME OVEN GLOVE,1376,1744.72,2011-12-09 08:48:00,2010-12-02 18:08:00,230,0
47563A,RETRO LONGBOARD IRONING BOARD COVER,198,250.0,2011-12-08 12:07:00,2010-12-01 12:31:00,45,1
47566,PARTY BUNTING,7085,34952.85,2011-12-08 15:31:00,2010-12-03 12:43:00,1257,0
47566B,TEA TIME PARTY BUNTING,1296,6315.0,2011-12-04 13:20:00,2010-12-02 11:41:00,292,4
47567B,TEA TIME KITCHEN APRON,403,2347.15,2011-12-04 11:45:00,2010-12-02 08:52:00,115,5
47574A,ENGLISH ROSE SCENTED HANGING FLOWER,193,193.75,2011-10-07 15:45:00,2010-12-07 09:13:00,48,62
47574B,ENGLISH ROSE SCENTED HANGING HEART,4,17.0,2011-05-18 12:37:00,2011-05-15 16:02:00,2,205
47578A,ENGLISH ROSE SMALL SCENTED FLOWER,192,163.2,2011-12-04 13:45:00,2010-12-09 16:57:00,27,4
47579,TEA TIME BREAKFAST BASKET,1,2.1,2010-12-05 13:00:00,2010-12-05 13:00:00,1,368
47580,TEA TIME DES TEA COSY,278,708.6099999999999,2011-12-08 19:28:00,2010-12-01 09:41:00,75,0
47585A,PINK FAIRY CAKE CUSHION COVER,102,382.5,2011-12-01 13:08:00,2010-12-23 16:06:00,27,7
47586A,PINK FAIRY CAKE CUSHION COVER,21,53.55,2011-11-23 10:09:00,2010-12-06 14:08:00,8,16
47589,CONGRATULATIONS BUNTING,13,70.85000000000001,2011-05-24 10:24:00,2011-01-06 12:45:00,3,199
47590A,BLUE HAPPY BIRTHDAY BUNTING,1275,6948.750000000001,2011-12-02 13:54:00,2010-12-02 11:41:00,340,6
47590B,PINK HAPPY BIRTHDAY BUNTING,1283,6992.35,2011-12-07 13:23:00,2010-12-02 11:41:00,341,1
47591B,SCOTTIES CHILDRENS APRON,38,62.699999999999996,2011-01-24 11:35:00,2010-12-01 16:57:00,10,319
47591D,PINK FAIRY CAKE CHILDRENS APRON,2053,4022.0099999999998,2011-12-08 13:46:00,2010-12-02 12:16:00,379,0
47593A,CAROUSEL PONIES BABY BIB,33,14.37,2011-03-29 16:05:00,2010-12-12 12:08:00,12,254
47593B,SCOTTIE DOGS BABY BIB,271,133.51,2011-12-05 17:17:00,2010-12-05 13:55:00,71,3
47594A,CAROUSEL DESIGN WASHBAG,52,101.39999999999999,2011-11-24 13:06:00,2010-12-06 11:26:00,26,14
47594B,SCOTTIES DESIGN WASHBAG,91,177.45,2011-11-08 10:44:00,2010-12-15 16:21:00,30,31
47599A,PINK PARTY BAGS,831,1745.1000000000001,2011-12-02 16:04:00,2010-12-01 12:49:00,128,6
47599B,BLUE PARTY BAGS ,625,1312.5000000000002,2011-12-02 16:04:00,2010-12-01 12:49:00,101,6
48111,DOORMAT 3 SMILEY CATS,330,2200.6,2011-12-09 08:59:00,2010-12-01 15:00:00,30,0
48116,DOORMAT MULTICOLOUR STRIPE,371,2474.05,2011-10-07 09:16:00,2010-12-10 10:50:00,30,63
48129,DOORMAT TOPIARY,270,1789.0,2011-12-07 11:42:00,2010-12-01 15:00:00,23,2
48138,DOORMAT UNION FLAG,1105,7541.91,2011-12-09 10:20:00,2010-12-02 16:34:00,97,0
48173C,DOORMAT BLACK FLOCK ,276,1840.72,2011-11-30 16:18:00,2010-12-08 12:29:00,24,8
48184,DOORMAT ENGLISH ROSE ,692,4673.8,2011-12-08 14:14:00,2010-12-15 12:05:00,60,0
48185,DOORMAT FAIRY CAKE,410,2760.4,2011-11-30 16:18:00,2010-12-10 15:31:00,38,8
48187,DOORMAT NEW ENGLAND,880,5946.1,2011-12-06 12:06:00,2010-12-07 13:50:00,74,3
48188,DOORMAT WELCOME PUPPIES,344,2301.7,2011-11-04 13:31:00,2010-12-09 09:23:00,29,34
48194,DOORMAT HEARTS,586,3972.16,2011-11-23 15:44:00,2010-12-08 13:21:00,54,15
51008,AFGHAN SLIPPER SOCK PAIR,102,351.90000000000003,2011-11-27 13:26:00,2010-12-05 16:41:00,14,11
51014A,"FEATHER PEN,HOT PINK",2054,1027.32,2011-12-08 09:47:00,2010-12-01 14:54:00,135,1
51014C,"FEATHER PEN,COAL BLACK",1406,735.3,2011-12-08 19:28:00,2010-12-01 14:54:00,98,0
51014L,"FEATHER PEN,LIGHT PINK",1372,670.86,2011-12-05 17:17:00,2010-12-01 14:54:00,96,3
51020A,SUMMER FUN DESIGN SHOWER CAP,85,46.73,2011-04-20 14:02:00,2010-12-05 15:12:00,14,232
51020B,STRIPY DESIGN SHOWER CAP,53,28.81,2011-04-27 11:26:00,2010-12-05 15:12:00,12,226
62018,SOMBRERO ,248,466.79999999999995,2011-12-06 16:33:00,2010-12-05 12:53:00,47,2
62043B,BLUE CHECK BAG W HANDLE 34X20CM,17,14.11,2011-05-19 10:20:00,2011-04-27 12:08:00,5,204
62074B,ELEPHANT CLIP W SUCTION CUP,16,6.72,2011-07-12 15:29:00,2011-01-31 16:02:00,4,149
62086A,PINK RETRO BIG FLOWER BAG,56,109.19999999999999,2011-06-23 14:11:00,2011-01-13 09:23:00,12,168
62094B,TURQ ICE CREAM BUM BAG ,13,33.15,2011-01-27 11:05:00,2010-12-14 14:40:00,3,316
62096A,PINK/YELLOW FLOWERS HANDBAG,60,75.0,2011-02-21 12:53:00,2010-12-02 09:43:00,7,290
62096B,PURPLE/TURQ FLOWERS HANDBAG,2,2.5,2011-03-07 14:51:00,2011-03-07 14:51:00,1,276
62097B,BLUE STRIPES SHOULDER BAG,9,7.469999999999999,2011-05-23 11:52:00,2011-04-27 12:08:00,3,200
70006,LOVE HEART POCKET WARMER,351,569.6899999999999,2011-12-08 15:31:00,2010-12-02 16:00:00,52,0
70007,HI TEC ALPINE HAND WARMER,218,351.96,2011-12-08 15:31:00,2010-12-01 12:31:00,42,0
71038,WHITE HANGING BEADS CANDLE HOLDER,238,1239.5,2011-11-28 11:00:00,2010-12-08 12:17:00,47,11
71050,SMALL SINGLE FLAME CANDLE HOLDER,33,11.549999999999999,2011-12-02 12:52:00,2011-02-28 14:48:00,6,6
71053,WHITE METAL LANTERN,1307,4743.57,2011-11-17 08:49:00,2010-12-01 08:26:00,233,22
71053,WHITE MOROCCAN METAL LANTERN,41,149.43,2011-12-07 14:12:00,2011-11-22 16:11:00,9,1
71101E,STANDING FAIRY POLE SUPPORT ,250,209.38,2011-11-21 12:40:00,2011-01-23 12:08:00,20,18
71143,SILVER BOOK MARK WITH BEADS,10,8.5,2011-06-29 15:11:00,2011-06-29 15:11:00,1,162
71215,METAL BASE FOR CANDLES,11,4.62,2011-05-26 16:30:00,2010-12-08 15:17:00,2,196
71270,PHOTO CLIP LINE,168,211.21,2011-12-01 19:42:00,2010-12-01 09:41:00,30,7
71279,PINK GLASS CANDLEHOLDER,155,447.65000000000003,2011-11-07 11:40:00,2010-12-07 09:13:00,27,32
71403,"PINK/WHITE ""KEEP CLEAN"" BULLET BIN",53,156.35000000000002,2011-11-16 12:25:00,2010-12-06 11:16:00,13,23
71406C,BLACK ORANGE SQUEEZER,138,57.96,2011-11-29 17:52:00,2010-12-01 12:43:00,21,9
71459,HANGING JAM JAR T-LIGHT HOLDER,3388,2879.7999999999997,2011-08-25 13:40:00,2010-12-05 15:12:00,233,105
71459,HANGING JAM JAR T-LIGHT HOLDERS,733,632.77,2011-12-09 10:10:00,2011-08-31 10:30:00,53,0
71477,COLOUR GLASS. STAR T-LIGHT HOLDER,1616,5241.52,2011-11-29 11:40:00,2010-12-01 16:52:00,195,10
71477,COLOURED GLASS STAR T-LIGHT HOLDER,334,1315.6200000000001,2011-12-08 16:29:00,2011-11-14 15:27:00,36,0
71495B,CD WALL TIDY RED FLOWERS,16,6.72,2011-01-31 12:21:00,2010-12-08 13:53:00,2,312
71496A,A4 WALL TIDY BLUE OFFICE,18,10.98,2011-11-02 14:31:00,2010-12-08 13:53:00,3,36
71496B,A4 WALL TIDY RED FLOWERS,13,7.37,2011-11-02 14:31:00,2011-01-31 12:21:00,4,36
71510,SQUARE METAL CANDLEHOLDER BASE,52,36.519999999999996,2011-11-24 19:59:00,2011-02-10 14:30:00,8,14
72024U,LILAC VOTIVE CANDLE,72,15.120000000000001,2011-06-27 12:49:00,2011-04-26 09:44:00,3,165
72051S,BAG OF SILVER STONES,13,5.46,2011-04-13 12:57:00,2010-12-05 13:00:00,4,239
72122,COFFEE SCENT PILLAR CANDLE,243,230.84999999999997,2011-12-08 12:50:00,2010-12-06 12:41:00,43,1
72127,COLUMBIAN CANDLE ROUND ,132,163.1,2011-11-23 14:35:00,2010-12-02 13:11:00,28,15
72128,COLUMBIAN CANDLE ROUND,117,99.44999999999999,2011-11-27 15:02:00,2010-12-03 14:54:00,31,11
72130,COLUMBIAN CANDLE ROUND,107,69.55000000000001,2011-11-27 15:18:00,2010-12-03 14:54:00,21,11
72131,COLUMBIAN CANDLE RECTANGLE,88,157.2,2011-11-25 11:02:00,2010-12-06 12:41:00,17,14
72132,COLUMBIAN CUBE CANDLE,28,54.599999999999994,2011-11-27 14:30:00,2010-12-08 13:08:00,12,11
72133,COLUMBIAN CANDLE RECTANGLE,39,48.75,2011-12-02 13:58:00,2010-12-02 13:11:00,13,6
72134,COLUMBIAN  CUBE CANDLE ,14,11.9,2011-10-30 13:37:00,2011-01-23 13:58:00,6,39
72140E,BEST DAD CANDLE LETTERS,31,26.349999999999998,2011-10-16 11:06:00,2011-02-27 10:13:00,8,54
72225C,LAVENDER SCENT CAKE CANDLE,288,83.51999999999998,2011-11-29 09:48:00,2010-12-20 16:08:00,12,10
72232,FENG SHUI PILLAR CANDLE,437,83.03,2011-11-28 14:12:00,2010-12-05 11:59:00,36,10
72349B,SET/6 PURPLE BUTTERFLY T-LIGHTS,375,787.5000000000001,2011-12-08 14:58:00,2010-12-05 11:57:00,87,0
72351A,SET/6 TURQUOISE BUTTERFLY T-LIGHTS,610,1281.0000000000002,2011-12-08 12:07:00,2010-12-05 12:43:00,125,1
72351B,SET/6 PINK  BUTTERFLY T-LIGHTS,814,1709.4,2011-12-07 13:53:00,2010-12-06 12:34:00,143,1
72369A,PINK CLEAR GLASS CANDLE PLATE,28,35.0,2011-11-28 13:37:00,2011-06-21 15:41:00,3,10
72586,SET OF 6 HALLOWEEN GHOST T-LIGHTS,156,65.52,2011-11-22 11:18:00,2011-06-02 15:13:00,28,17
72598,SET/12 TAPER CANDLES,327,272.90999999999997,2011-12-08 19:24:00,2010-12-01 13:20:00,39,0
72709,IVORY SCULPTED RND CANDLE ,44,37.4,2011-11-13 16:22:00,2010-12-08 13:08:00,7,25
72741,GRAND CHOCOLATECANDLE,2390,3465.4999999999995,2011-12-08 13:47:00,2010-12-01 14:03:00,216,0
72780,BLACK SILOUETTE CANDLE PLATE,137,116.44999999999999,2011-12-08 12:54:00,2010-12-13 12:57:00,20,0
72783,BLACK SIL'T SQU CANDLE PLATE ,16,33.6,2011-12-08 12:54:00,2011-11-06 16:07:00,2,0
72798C,SET/4 GARDEN ROSE DINNER CANDLE,7,11.549999999999999,2011-02-03 12:37:00,2010-12-01 17:35:00,3,309
72799C,PINK PILLAR CANDLE SILVER FLOCK,80,123.68,2011-12-07 12:43:00,2011-01-23 10:15:00,18,2
72799E,IVORY PILLAR CANDLE SILVER FLOCK,249,611.4300000000001,2011-12-08 15:54:00,2010-12-05 13:00:00,47,0
72799F,IVORY PILLAR CANDLE GOLD FLOCK,127,365.05,2011-11-25 12:20:00,2010-12-05 13:00:00,21,14
72800B, 4 PURPLE FLOCK DINNER CANDLES,138,265.65999999999997,2011-12-08 12:15:00,2010-12-01 12:49:00,36,1
72800C,4 PINK DINNER CANDLE SILVER FLOCK,124,229.95999999999998,2011-12-08 12:15:00,2010-12-16 16:45:00,30,1
72800D,4 BLUE DINNER CANDLES SILVER FLOCK,85,216.74999999999997,2011-11-28 13:37:00,2010-12-05 10:52:00,29,10
72800E,4 IVORY DINNER CANDLES SILVER FLOCK,414,885.3,2011-12-09 10:20:00,2010-12-01 12:15:00,95,0
72801C,4 ROSE PINK DINNER CANDLES,90,112.5,2011-12-08 19:24:00,2010-12-02 14:47:00,13,0
72801D,4 SKY BLUE DINNER CANDLES,58,72.5,2011-12-08 19:24:00,2010-12-02 14:47:00,12,0
72801G,4 BURGUNDY WINE DINNER CANDLES,43,53.75,2011-11-15 15:23:00,2010-12-06 12:06:00,11,23
72802A,ROSE SCENT CANDLE IN JEWELLED BOX,276,1109.6399999999999,2011-12-01 11:18:00,2010-12-03 15:05:00,51,8
72802B,OCEAN SCENT CANDLE IN JEWELLED BOX,274,1153.94,2011-11-02 15:56:00,2010-12-03 15:10:00,70,36
72802C,VANILLA SCENT CANDLE JEWELLED BOX,384,1602.96,2011-11-04 14:07:00,2010-12-01 11:45:00,82,34
72803A,ROSE SCENT CANDLE JEWELLED DRAWER,120,510.0,2011-11-06 11:55:00,2010-12-01 17:35:00,39,33
72807A,SET/3 ROSE CANDLE IN JEWELLED BOX,283,1188.67,2011-11-23 12:20:00,2010-12-06 09:21:00,65,16
72807B,SET/3 OCEAN SCENT CANDLE JEWEL BOX,288,1206.4,2011-11-23 12:20:00,2010-12-03 15:10:00,77,16
72807C,SET/3 VANILLA SCENTED CANDLE IN BOX,461,1935.49,2011-11-23 12:20:00,2010-12-01 16:57:00,109,16
72811,SMALL ZINC/GLASS CANDLEHOLDER,49,67.25,2011-12-08 12:26:00,2011-04-28 10:20:00,6,1
72812,LARGE ZINC GLASS CANDLEHOLDER,18,49.980000000000004,2011-12-05 17:17:00,2011-05-12 09:40:00,4,3
72815,3 WICK CHRISTMAS BRIAR CANDLE ,2,7.5,2011-01-26 12:40:00,2011-01-26 12:40:00,1,317
72816,SET/3 CHRISTMAS DECOUPAGE CANDLES,322,352.2,2011-10-17 13:31:00,2010-12-01 15:37:00,27,52
72817,SET OF 2 CHRISTMAS DECOUPAGE CANDLE,1000,923.48,2011-11-23 13:39:00,2010-12-01 13:45:00,93,15
72818,CHRISTMAS DECOUPAGE CANDLE,309,181.20999999999998,2011-10-31 14:09:00,2010-12-01 12:23:00,42,38
72819,CUPID DESIGN SCENTED CANDLES,208,436.4,2011-12-08 20:01:00,2010-12-07 09:13:00,30,0
72821,CUPID SCENTED CANDLE IN GLASS,11,18.15,2011-02-10 16:17:00,2011-01-27 11:55:00,4,301
75011,BLUE DAISY MOBILE,100,81.88,2011-11-28 13:56:00,2010-12-14 12:59:00,11,10
75013B,"STRING OF 8 BUTTERFLIES,PINK",25,41.24999999999999,2011-01-16 13:41:00,2010-12-05 13:08:00,6,326
75049L,LARGE CIRCULAR MIRROR MOBILE,635,793.75,2011-12-07 15:07:00,2011-01-09 12:02:00,74,1
75131,METAL TUBE CHIME ON BAMBOO,36,55.559999999999995,2011-04-04 14:00:00,2010-12-09 13:03:00,11,248
75172,PAINTED SEA SHELL METAL WINDCHIME,57,56.870000000000005,2011-07-04 16:35:00,2011-02-09 15:33:00,7,157
75178,ASSTD COL BUTTERFLY/CRYSTAL W/CHIME,23,28.75,2011-12-06 14:23:00,2011-02-09 15:33:00,6,2
77079,DOLPHIN WINDMILL,1,2.12,2011-06-12 12:01:00,2011-06-12 12:01:00,1,180
77101A,UNION FLAG WINDSOCK,97,116.69,2011-03-21 11:49:00,2010-12-05 12:15:00,19,263
78033,FLAG OF ST GEORGE CHAIR,37,179.35,2011-10-06 09:37:00,2011-03-20 10:33:00,7,64
78034B,BLUE NETTING STORAGE HANGER,8,15.6,2011-10-02 11:10:00,2010-12-05 12:42:00,6,68
78124,MAGAZINE RACK GEBRA ASSORTED ,190,246.5,2011-11-28 14:12:00,2010-12-08 13:53:00,17,10
79000,MOROCCAN TEA GLASS,1144,962.8,2011-09-12 16:14:00,2010-12-03 10:26:00,77,87
79026B,"S/4 ICON COASTER,ELVIS LIVES",25,10.61,2011-05-18 14:50:00,2011-03-04 14:28:00,9,204
79030D,TUMBLER BAROQUE,354,138.06,2011-11-10 19:40:00,2011-04-04 16:36:00,24,28
79030D,"TUMBLER, BAROQUE",54,58.85999999999999,2011-04-01 09:19:00,2010-12-06 10:36:00,5,252
79030G,TUMBLER NEW ENGLAND,524,204.35999999999999,2011-06-02 09:37:00,2011-04-10 15:07:00,31,190
79030G,"TUMBLER, NEW ENGLAND",138,131.94,2011-04-11 10:04:00,2010-12-06 12:34:00,11,242
79051A,SMOKEY GREY COLOUR D.O.F. GLASS,299,109.75,2011-08-28 12:28:00,2010-12-06 12:55:00,21,103
79051A,SMOKEY GREY COLOUR GLASS,148,42.919999999999995,2011-12-07 10:11:00,2011-09-28 15:42:00,10,2
79062D,"RETRO TIN ASHTRAY,REVOLUTIONARY",52,19.4,2011-08-16 17:25:00,2011-02-17 14:36:00,4,114
79063C,"RETRO PILL BOX KEY CHAIN,THE KING",95,18.05,2011-12-08 13:50:00,2011-03-09 12:35:00,12,0
79063D,"RETRO PILL BOX , REVOLUTIONARY",48,9.12,2011-11-27 16:05:00,2011-03-20 13:33:00,8,11
79066K,RETRO MOD TRAY,643,556.6899999999999,2011-12-09 11:34:00,2010-12-01 14:41:00,108,0
79067,CORONA MEXICAN TRAY,93,348.75,2010-12-20 13:31:00,2010-12-02 16:34:00,17,353
79071B,ENGLISH ROSE METAL WASTE BIN,20,59.0,2011-06-13 13:44:00,2011-01-05 12:54:00,11,178
79144B,PAINTED LIGHTBULB STAR+ MOON,107,42.54,2011-11-28 13:51:00,2010-12-01 14:34:00,15,10
79144C,PAINTED LIGHTBULB RAINBOW DESIGN,63,24.06,2011-10-18 12:17:00,2011-04-21 18:22:00,6,52
79149B,SILICON STAR BULB  BLUE,18,7.56,2011-12-06 12:12:00,2010-12-05 12:42:00,8,3
79151B,"SILICON CUBE 25W, BLUE",11,4.62,2011-11-28 14:12:00,2010-12-05 12:42:00,2,10
79157B,UBO-LIGHT TRIOBASE BLUE,4,3.4,2011-12-06 12:38:00,2011-10-25 10:32:00,2,3
79157V,UBO-LIGHT TRIOBASE PURPLE,5,4.25,2011-11-03 18:49:00,2011-10-09 15:24:00,3,35
79160,HEART SHAPE WIRELESS DOORBELL,107,224.70000000000002,2011-12-08 13:45:00,2010-12-06 12:34:00,43,0
79161A,ST GEORGE SET OF 10 PARTY LIGHTS,2,5.9,2011-11-22 14:43:00,2011-11-08 14:22:00,2,16
79163,BLACK CHAMPAGNE GLASS,125,78.99,2011-09-18 12:21:00,2010-12-02 14:26:00,13,82
79164,BLACK WINE GLASS,154,107.94,2011-11-07 13:56:00,2010-12-02 14:26:00,13,31
79190A,RETRO PLASTIC 70'S TRAY,280,117.6,2011-12-09 10:10:00,2010-12-05 13:55:00,33,0
79190B,RETRO PLASTIC POLKA TRAY,325,136.5,2011-12-09 10:10:00,2010-12-09 13:34:00,33,0
79190D,RETRO PLASTIC DAISY TRAY,227,95.34,2011-12-02 16:07:00,2010-12-05 16:24:00,25,6
79191B,RETRO PLASTIC POLKA TRAY,154,130.9,2011-12-09 11:34:00,2010-12-05 16:41:00,26,0
79191C,RETRO PLASTIC ELEPHANT TRAY,529,449.65,2011-12-06 08:55:00,2010-12-02 11:35:00,61,3
79191D,RETRO PLASTIC DAISY TRAY,25,21.249999999999996,2011-12-09 11:34:00,2011-01-23 13:31:00,7,0
79192A,RETRO PLASTIC 70'S TRAY,3,3.75,2011-02-02 17:06:00,2011-01-20 12:04:00,2,309
79302M,"ART LIGHTS,FUNK MONKEY",283,766.85,2011-12-08 15:54:00,2010-12-01 15:08:00,45,0
79321,CHILLI LIGHTS,3628,18379.8,2011-12-09 12:20:00,2010-12-01 12:08:00,441,0
79323B,BLACK CHERRY LIGHTS,8,54.0,2011-02-11 13:53:00,2011-02-11 13:53:00,1,300
79323P,PINK CHERRY LIGHTS,4,27.0,2011-01-11 13:54:00,2011-01-11 13:54:00,1,331
79329,PINK FLOCK GLASS CANDLEHOLDER,12,12.18,2011-04-10 15:07:00,2010-12-15 13:24:00,2,242
79331,PINK FLOCK GLASS CANDLEHOLDER,26,17.5,2011-04-07 12:04:00,2011-02-20 13:06:00,3,246
79336,LIGHT PINK FLOCK GLASS CANDLEHOLDER,36,13.680000000000003,2011-09-02 15:48:00,2011-07-29 17:19:00,3,97
79337,BLUE FLOCK GLASS CANDLEHOLDER,32,27.4,2011-07-08 15:22:00,2010-12-03 15:45:00,6,153
79403,FROSTED WHITE BASE ,89,75.64999999999999,2011-12-02 12:52:00,2010-12-14 13:09:00,11,6
79406,FROSTED WHITE BASE ,68,14.96,2011-11-03 11:29:00,2011-02-16 12:49:00,5,36
81950B,FLOWER BLUE CLOCK WITH SUCKER,66,19.14,2011-08-17 13:21:00,2011-07-04 16:35:00,7,113
81950V,FLOWER PURPLE CLOCK W/SUCKER,5,4.25,2011-03-01 13:51:00,2010-12-10 12:14:00,3,282
81950V,FLOWER PURPLE CLOCK WITH SUCKER,15,4.35,2011-07-13 15:42:00,2011-07-04 16:35:00,3,148
81952B,ROUND BLUE CLOCK WITH SUCKER,100,19.0,2011-07-26 13:03:00,2011-07-04 16:35:00,8,135
81952V,ROUND PURPLE CLOCK WITH SUCKER,215,40.85,2011-11-27 16:02:00,2011-07-04 16:35:00,22,11
81953B,ROUND BLUE CLOCK WITH SUCKER,11,2.09,2011-07-18 11:47:00,2011-07-13 12:06:00,3,144
81953P,ROUND ARTICULATED PINK CLOCK W/SUCK,28,5.32,2011-07-21 11:55:00,2011-07-13 12:06:00,3,141
82001S,SILVER RECORD COVER FRAME,128,467.7,2011-12-06 14:23:00,2011-10-28 12:08:00,16,2
82001S,VINYL RECORD FRAME SILVER,804,2810.74,2011-11-21 11:29:00,2010-12-08 09:07:00,79,18
82011A,"BATHROOM SCALES, TROPICAL BEACH",16,60.0,2011-11-13 16:16:00,2010-12-13 09:02:00,10,25
82011B,BATHROOM SCALES RUBBER DUCKS,41,139.35,2011-11-23 15:44:00,2010-12-05 13:17:00,19,15
82011C,BATHROOM SCALES FOOTPRINTS IN SAND,51,172.05,2011-11-23 15:44:00,2010-12-03 15:19:00,20,15
82482,WOODEN PICTURE FRAME WHITE FINISH,4507,11993.71,2011-12-08 19:55:00,2010-12-01 09:02:00,813,0
82483,WOOD 2 DRAWER CABINET WHITE FINISH,2032,12738.16,2011-12-08 12:10:00,2010-12-01 09:02:00,495,1
82484,WOOD BLACK BOARD ANT WHITE FINISH,1335,8584.95,2011-12-08 18:25:00,2010-12-01 09:53:00,162,0
82486,WOOD S/3 CABINET ANT WHITE FINISH,206,1431.7,2011-01-28 15:53:00,2010-12-01 09:02:00,25,314
82494L,WOODEN FRAME ANTIQUE WHITE ,5098,14600.270000000002,2011-12-08 19:55:00,2010-12-01 09:02:00,792,0
82551,LAUNDRY 15C METAL SIGN,1399,2036.12,2011-12-06 12:38:00,2010-12-02 15:55:00,242,3
82552,WASHROOM METAL SIGN,1670,2421.37,2011-12-05 17:17:00,2010-12-01 12:22:00,281,3
82567,"AIRLINE LOUNGE,METAL SIGN",495,1007.21,2011-12-08 10:40:00,2010-12-01 09:41:00,149,1
82578,KITCHEN METAL SIGN,1332,735.1400000000001,2011-12-07 14:12:00,2010-12-01 11:21:00,213,1
82580,BATHROOM METAL SIGN,2728,1504.4,2011-12-07 14:12:00,2010-12-01 11:21:00,362,1
82581,TOILET METAL SIGN,2110,1157.76,2011-12-08 14:39:00,2010-12-01 11:21:00,288,0
82582,AREA PATROLLED METAL SIGN,2332,4895.460000000001,2011-12-08 15:31:00,2010-12-02 11:21:00,347,0
82583,HOT BATHS METAL SIGN,2359,4939.9800000000005,2011-12-08 13:47:00,2010-12-02 15:55:00,347,0
82599,FANNY'S REST STOPMETAL SIGN,421,879.1800000000001,2011-05-08 12:36:00,2010-12-02 15:55:00,85,215
82600,N0 SINGING METAL SIGN,189,396.90000000000003,2011-12-08 19:55:00,2011-10-07 13:17:00,25,0
82600,NO SINGING METAL SIGN,2463,5159.700000000001,2011-10-03 11:00:00,2010-12-01 13:24:00,353,67
82605,OLD DOC RUSSEL METAL SIGN,14,29.400000000000002,2011-03-18 11:30:00,2010-12-12 12:35:00,3,266
82613A,"METAL SIGN,CUPCAKE SINGLE HOOK",66,82.5,2011-07-14 13:41:00,2010-12-20 16:50:00,14,147
82613B,"METAL SIGN,CUPCAKE SINGLE HOOK",320,234.0,2011-12-06 14:23:00,2010-12-05 13:55:00,43,2
82613C,"METAL SIGN,CUPCAKE SINGLE HOOK",280,200.6,2011-11-20 11:34:00,2010-12-14 12:59:00,35,19
82613D,METAL SIGN CUPCAKE SINGLE HOOK,429,254.05,2011-12-06 14:23:00,2010-12-15 09:07:00,49,2
82616B,FRAPPUCINO SCARF KNITTING KIT,259,353.83,2011-12-01 13:08:00,2010-12-03 14:35:00,46,7
82616C,MIDNIGHT GLAMOUR SCARF KNITTING KIT,277,385.52,2011-12-06 12:56:00,2010-12-03 14:35:00,52,2
84006,MAGIC TREE -PAPER FLOWERS,615,522.75,2011-12-08 15:31:00,2010-12-03 11:19:00,72,0
84012,MAGIC SHEEP WOOL GROWING FROM PAPER,808,846.5999999999999,2011-12-08 19:57:00,2010-12-16 12:09:00,88,0
84016,FLAG OF ST GEORGE CAR FLAG,25,10.5,2011-09-14 16:36:00,2011-09-14 16:36:00,1,85
84029E,RED WOOLLY HOTTIE WHITE HEART.,1839,7134.87,2011-12-09 09:07:00,2010-12-01 08:26:00,299,0
84029G,KNITTED UNION FLAG HOT WATER BOTTLE,1793,6888.21,2011-12-09 11:26:00,2010-12-01 08:26:00,307,0
84030E,ENGLISH ROSE HOT WATER BOTTLE,1170,4796.5,2011-12-08 19:24:00,2010-12-01 10:19:00,268,0
84031A,CHARLIE+LOLA RED HOT WATER BOTTLE ,173,498.53000000000003,2011-12-09 11:20:00,2010-12-01 16:21:00,49,0
84031B,CHARLIE LOLA BLUE HOT WATER BOTTLE ,93,338.09000000000003,2011-12-09 11:20:00,2010-12-02 11:41:00,37,0
84032A,CHARLIE+LOLA PINK HOT WATER BOTTLE,375,1050.13,2011-12-09 11:20:00,2010-12-01 16:21:00,103,0
84032B,CHARLIE + LOLA RED HOT WATER BOTTLE,399,1070.71,2011-12-09 11:20:00,2010-12-01 11:57:00,126,0
84033,FLAG OF ST GEORGE ,23,37.95,2011-09-14 16:36:00,2011-01-18 13:05:00,7,85
84050,PINK HEART SHAPE EGG FRYING PAN,1060,1725.4799999999998,2011-10-31 14:09:00,2010-12-05 12:43:00,172,38
84051,ASS COLOUR GLOWING TIARAS,159,135.15,2011-12-06 11:58:00,2010-12-05 13:00:00,23,3
84077,WORLD WAR 2 GLIDERS ASSTD DESIGNS,135,74.17,2011-12-05 17:17:00,2010-12-19 14:23:00,16,3
84086B,YELLOW/BLUE RETRO RADIO,16,47.2,2011-12-06 13:20:00,2011-03-09 12:35:00,7,2
84086C,PINK/PURPLE RETRO RADIO,106,312.70000000000005,2011-11-30 13:08:00,2011-02-02 16:01:00,18,8
84192,ASSORTED COLOUR METAL CAT ,111,138.75,2011-12-04 15:00:00,2010-12-09 11:30:00,25,4
84199,GLOW IN DARK DOLPHINS,128,26.88,2011-12-06 11:58:00,2010-12-20 15:35:00,28,3
84201B,HAPPY BIRTHDAY CARD STRIPEY TEDDY,13,2.47,2011-11-25 11:54:00,2011-08-22 13:30:00,2,14
84201C,HAPPY BIRTHDAY CARD TEDDY/CAKE,5,0.95,2011-08-28 11:01:00,2011-08-28 11:01:00,1,103
84206A,3 BLACK CATS W HEARTS BLANK CARD,24,4.5600000000000005,2011-11-25 11:54:00,2011-08-22 13:30:00,3,14
84206B,CAT WITH SUNGLASSES BLANK CARD,5,0.95,2011-11-20 12:34:00,2011-11-20 12:34:00,1,19
84206C,CHAMPAGNE TRAY BLANK CARD,8,1.52,2011-11-25 11:54:00,2011-06-01 12:11:00,2,14
84212,"ASSORTED FLOWER COLOUR ""LEIS""",1195,776.7500000000001,2011-11-27 11:22:00,2010-12-03 12:24:00,67,12
84218,BOX/12 CHICK & EGG IN BASKET,62,120.89999999999999,2011-03-31 11:25:00,2011-01-05 09:51:00,39,253
84226,HEN HOUSE W FAMILY IN BARN & NEST,15,12.75,2011-04-27 13:31:00,2011-01-19 12:38:00,8,225
84227,HEN HOUSE W CHICK IN NEST,1,0.42,2011-03-14 15:40:00,2011-03-14 15:40:00,1,269
84228,HEN HOUSE W CHICK STANDING,102,42.84,2011-03-23 12:24:00,2010-12-10 09:35:00,14,261
84228,HEN HOUSE WITH CHICK STANDING,14,5.88,2011-11-29 08:07:00,2011-04-04 16:28:00,3,10
84231,EASTER BUNNY WITH BASKET ON BACK,105,68.25,2011-11-04 12:05:00,2011-01-16 16:23:00,18,35
84247E,PACK OF 12 CHRISTMAS FUN CARDS,47,138.65,2011-10-19 11:52:00,2011-09-25 13:42:00,13,51
84247E,PACK/12 XMAS FUN CARD,33,97.35000000000001,2011-09-05 16:22:00,2010-12-07 15:39:00,10,94
84247G,"DECOUPAGE,GREETING CARD,",288,120.96000000000001,2011-07-14 13:41:00,2010-12-03 17:20:00,22,147
84247K,"FOLK ART GREETING CARD,pack/12",22,64.9,2011-10-16 16:13:00,2010-12-03 12:24:00,9,53
84247L,FAWN AND MUSHROOM GREETING CARD,108,45.36,2011-04-12 12:00:00,2010-12-09 10:04:00,8,241
84247N,PACK/12 BLUE FOLKART CARDS,22,64.9,2011-11-27 16:19:00,2010-12-03 12:24:00,18,11
84249A,"GREETING CARD,SQUARE, DOUGHNUTS",124,53.72,2011-10-31 14:09:00,2010-12-19 14:58:00,12,38
84251B,"GREETING CARD, STICKY GORDON",157,29.830000000000002,2011-09-25 16:05:00,2011-01-07 12:44:00,14,74
84251C,"GREETING CARD, TWO SISTERS.",24,4.5600000000000005,2011-04-03 15:22:00,2011-01-07 14:04:00,2,249
84251G,"GREETING CARD, OVERCROWDED POOL.",180,34.2,2011-12-08 12:29:00,2011-01-07 12:44:00,15,1
84279B,CHERRY BLOSSOM DECORATIVE FLASK,179,666.93,2011-06-17 11:07:00,2011-02-01 09:36:00,57,175
84279P,CHERRY BLOSSOM  DECORATIVE FLASK,336,1242.72,2011-12-01 10:38:00,2010-12-05 11:57:00,94,8
84313B,BLUE TV TRAY TABLE ,76,175.8,2011-04-01 09:25:00,2010-12-13 15:16:00,13,252
84313C,ORANGE TV TRAY TABLE ,179,358.25,2011-05-20 11:33:00,2010-12-13 15:16:00,22,203
84341B,SMALL PINK MAGIC CHRISTMAS TREE,114,60.71,2011-11-15 14:48:00,2010-12-02 12:16:00,21,23
84347,ROTATING SILVER ANGELS T-LIGHT HLDR,2192,5751.07,2011-12-09 12:19:00,2010-12-01 11:41:00,254,0
84356,POMPOM CURTAIN,217,1000.15,2011-12-09 10:46:00,2010-12-09 16:53:00,43,0
84360,TABLE LAMP WHITE SHADE WOOD BASE,38,220.9,2011-12-05 13:43:00,2010-12-01 15:37:00,16,3
84375,SET OF 20 KIDS COOKIE CUTTERS,3080,6539.370000000001,2011-12-08 12:07:00,2010-12-01 11:41:00,399,1
84378,SET OF 3 HEART COOKIE CUTTERS,3683,4869.599999999999,2011-12-08 13:36:00,2010-12-01 11:29:00,500,0
84380,SET OF 3 BUTTERFLY COOKIE CUTTERS,3679,4829.16,2011-12-09 11:34:00,2010-12-01 11:29:00,481,0
84387A,BIRD ON BRANCH CANVAS SCREEN,11,21.45,2011-07-21 11:55:00,2011-07-21 11:55:00,1,141
84388,WISE MAN STAR SHAPE EGG PAN,24,13.14,2011-04-19 15:02:00,2010-12-07 14:30:00,6,233
84402B,PURPLE DRESS JEWELLERY STAND,61,48.19,2011-07-21 16:10:00,2011-07-19 09:50:00,3,140
84406B,CREAM CUPID HEARTS COAT HANGER,1113,4189.43,2011-12-05 14:30:00,2010-12-01 08:26:00,226,3
84415A,PINK FLOCK SUEDE CUSHION COVER ,12,15.0,2011-06-24 12:14:00,2011-06-08 08:31:00,2,168
84415B,BLUE FLOCK CUSHION COVER ,6,12.5,2011-06-08 08:31:00,2010-12-08 13:23:00,2,184
84422,PINK/BLUE DISC/MIRROR STRING,71,33.21,2011-09-16 13:13:00,2011-06-03 10:06:00,7,83
84429A,MEDIUM PINK BUDDHA HEAD ,46,135.70000000000002,2011-12-08 19:24:00,2011-02-02 17:06:00,14,0
84452,METAL RABBIT LADDER EASTER ,74,62.9,2011-10-20 09:28:00,2011-02-04 14:14:00,16,50
84457,SET/3 RABBITS FLOWER SKIPPPING ROPE,119,101.14999999999999,2011-11-09 15:09:00,2010-12-19 14:58:00,21,29
84459A,PINK METAL CHICKEN HEART ,286,426.14,2011-10-30 16:17:00,2011-01-10 10:58:00,50,39
84459B,YELLOW METAL CHICKEN HEART ,388,578.12,2011-04-07 19:05:00,2010-12-10 11:33:00,58,245
84461,12 PINK HEN+CHICKS IN BASKET,41,104.55,2011-04-20 13:59:00,2011-01-16 16:23:00,14,232
84462,3 PINK HEN+CHICKS IN BASKET,12,15.0,2011-04-14 15:26:00,2011-01-16 16:23:00,6,238
84465,15 PINK FLUFFY CHICKS IN BOX,10,29.5,2011-11-04 12:05:00,2011-01-30 10:19:00,7,35
84466,TOP SECRET PEN SET,46,57.5,2011-07-14 13:00:00,2011-02-23 13:21:00,10,147
84497,BUTTONS AND STRIPES NOTEBOOK ,13,48.75,2011-11-15 14:48:00,2010-12-07 15:54:00,7,23
84499,BLACK FLOWER CANDLE PLATE,7,5.949999999999999,2011-01-04 11:34:00,2010-12-21 16:08:00,2,339
84507B,STRIPES DESIGN MONKEY DOLL,31,79.05,2011-09-07 12:41:00,2010-12-15 13:24:00,14,93
84507C,BLUE CIRCLES DESIGN MONKEY DOLL,63,160.64999999999998,2011-10-23 11:10:00,2010-12-03 14:35:00,25,47
84508A,CAMOUFLAGE DESIGN TEDDY,50,127.49999999999999,2011-09-15 11:57:00,2010-12-01 14:41:00,24,85
84508B,STRIPES DESIGN TEDDY,56,142.79999999999998,2011-11-27 16:27:00,2010-12-05 11:54:00,30,11
84508C,BLUE CIRCLES DESIGN TEDDY,51,130.04999999999998,2011-11-17 12:59:00,2010-12-05 12:44:00,20,21
84509A,SET OF 4 ENGLISH ROSE PLACEMATS,540,1982.24,2011-12-06 09:56:00,2010-12-01 11:21:00,138,3
84509B,SET OF 4 FAIRY CAKE PLACEMATS,156,585.0,2011-12-08 20:01:00,2010-12-01 15:08:00,48,0
84509C,SET OF 4 POLKADOT PLACEMATS ,77,269.55,2011-11-25 11:20:00,2010-12-12 10:57:00,23,14
84509E,SET OF 4 CAROUSEL PLACEMATS ,70,101.06,2011-12-07 12:55:00,2010-12-14 12:59:00,8,1
84509G,SET OF 4 FAIRY CAKE PLACEMATS ,275,586.25,2011-12-08 15:54:00,2010-12-02 12:16:00,43,0
84510A,SET OF 4 ENGLISH ROSE COASTERS,858,1077.34,2011-12-09 08:48:00,2010-12-01 11:21:00,142,0
84510C,SET OF 4 POLKADOT COASTERS,96,122.42,2011-12-01 19:42:00,2011-01-07 14:31:00,32,7
84510E,SET OF 4 GREEN CAROUSEL COASTERS,25,26.05,2011-12-06 12:12:00,2011-01-19 16:19:00,9,3
84519A,TOMATO CHARLIE+LOLA COASTER SET,285,374.39,2011-12-09 11:34:00,2010-12-01 09:37:00,57,0
84519B,CARROT CHARLIE+LOLA COASTER SET,377,485.99,2011-12-09 11:34:00,2010-12-02 13:14:00,90,0
84520B,PACK 20 ENGLISH ROSE PAPER NAPKINS,325,276.25,2011-03-03 15:02:00,2010-12-03 11:35:00,52,280
84522,PINK PARTY SUNGLASSES,12,23.4,2011-11-22 13:25:00,2010-12-06 12:15:00,6,16
84527,FLAMES SUNGLASSES PINK LENSES,47,84.44999999999999,2011-11-25 11:20:00,2011-01-21 17:14:00,6,14
84531A,PINK KNITTED EGG COSY,140,71.75999999999999,2011-04-12 13:24:00,2010-12-05 16:24:00,25,240
84531B,BLUE KNITTED EGG COSY,149,81.50999999999999,2011-04-12 13:24:00,2010-12-05 16:24:00,25,240
84534B,FAIRY CAKE NOTEBOOK A5 SIZE,46,39.1,2011-01-20 12:16:00,2010-12-03 12:29:00,5,323
84535A,ENGLISH ROSE NOTEBOOK A6 SIZE,78,50.7,2011-05-08 13:32:00,2011-03-10 15:52:00,19,214
84535B,FAIRY CAKES NOTEBOOK A6 SIZE,824,538.03,2011-12-07 17:05:00,2010-12-05 13:00:00,101,1
84536A,ENGLISH ROSE NOTEBOOK A7 SIZE,1601,673.24,2011-12-08 15:03:00,2010-12-03 12:29:00,194,0
84536B,FAIRY CAKES NOTEBOOK A7 SIZE,772,326.7,2011-12-05 17:17:00,2010-12-05 12:13:00,89,3
84539,KNITTED RABBIT DOLL ,16,26.4,2011-07-10 12:03:00,2011-07-10 12:03:00,1,152
84548,CROCHET BEAR RED/BLUE  KEYRING,15,24.75,2011-07-03 14:58:00,2011-03-24 13:16:00,3,158
84549,CROCHET WHITE RABBIT KEYRING ,31,46.349999999999994,2011-07-28 16:06:00,2011-04-19 09:43:00,3,133
84550,CROCHET LILAC/RED BEAR KEYRING,1,1.65,2011-11-25 14:02:00,2011-11-25 14:02:00,1,13
84551,CROCHET DOG KEYRING,1,1.65,2011-06-14 13:15:00,2011-06-14 13:15:00,1,177
84558A,3D DOG PICTURE PLAYING CARDS,218,643.1,2011-12-05 11:49:00,2010-12-01 12:31:00,58,4
84559A,3D SHEET OF DOG STICKERS,236,201.38,2011-11-28 15:54:00,2010-12-03 14:04:00,41,10
84559B,3D SHEET OF CAT STICKERS,216,183.6,2011-11-02 13:50:00,2010-12-03 14:04:00,43,36
84563A,PINK & WHITE BREAKFAST TRAY,59,198.05,2011-05-17 10:57:00,2010-12-01 12:49:00,14,206
84563B,BLUE & WHITE BREAKFAST TRAY,69,209.55,2011-06-19 12:23:00,2010-12-05 13:55:00,21,173
84569A,PACK 3 IRON ON DOG PATCHES,191,239.96,2011-12-05 17:17:00,2010-12-06 12:44:00,26,3
84569B,PACK 3 FIRE ENGINE/CAR PATCHES,75,93.75,2011-03-01 09:33:00,2010-12-01 13:04:00,11,283
84569C,PACK 4 FLOWER/BUTTERFLY PATCHES,1,1.25,2011-03-25 13:54:00,2011-03-25 13:54:00,1,258
84569D,PACK 6 HEART/ICE-CREAM PATCHES,268,337.42,2011-11-11 12:07:00,2010-12-05 12:43:00,34,28
84575A,PINK DOG CANNISTER,14,39.3,2011-04-19 14:49:00,2010-12-13 15:16:00,4,233
84576,BLUE CAT BISCUIT BARREL PINK HEART,57,111.14999999999999,2011-07-20 10:08:00,2011-04-19 13:41:00,9,142
84580,MOUSE TOY WITH PINK T-SHIRT,334,1256.3,2011-12-05 17:17:00,2010-12-03 15:05:00,120,3
84581,DOG TOY WITH PINK CROCHET SKIRT,164,615.76,2011-12-04 15:35:00,2010-12-03 15:05:00,70,4
84584,PINK GINGHAM CAT WITH SCARF,83,211.64999999999998,2011-07-10 13:46:00,2010-12-17 11:30:00,18,151
84592,CROCHET ROSE PURSE WITH SUEDE BACK,70,206.50000000000003,2011-11-30 14:41:00,2011-01-20 10:47:00,17,8
84593,CROCHET ROSE DES CLOTHES HANGER,5,14.750000000000002,2011-03-07 17:30:00,2011-03-07 17:30:00,1,276
84595E,LARGE TORTILLA DESIGN RED BOWL,64,109.79999999999998,2011-07-31 11:45:00,2010-12-10 11:33:00,9,131
84596B,SMALL DOLLY MIX DESIGN ORANGE BOWL,2916,1355.71,2011-12-09 08:48:00,2010-12-06 12:23:00,337,0
84596E,SMALL LICORICE DES PINK BOWL,195,124.23,2011-03-31 16:41:00,2010-12-01 12:43:00,32,252
84596F,SMALL MARSHMALLOWS PINK BOWL,2359,1105.95,2011-12-08 15:31:00,2010-12-05 15:15:00,271,0
84596G,SMALL CHOCOLATES PINK BOWL,1100,492.9,2011-12-08 15:31:00,2010-12-05 12:13:00,148,0
84596J,MIXED NUTS LIGHT GREEN BOWL,189,87.67999999999999,2011-05-23 09:43:00,2010-12-07 15:54:00,23,200
84596L,BISCUITS SMALL BOWL LIGHT BLUE,622,266.21999999999997,2011-09-18 12:21:00,2010-12-05 15:15:00,72,82
84597B,RETRO BROWN BALL ASHTRAY ,41,51.25,2011-06-19 11:10:00,2010-12-14 13:35:00,5,173
84597C,RETRO PINK BALL ASHTRAY ,46,57.5,2011-06-02 19:50:00,2010-12-05 15:12:00,13,189
84600,NEW BAROQUE JEWELLERY BOX ,14,97.30000000000001,2011-11-23 15:44:00,2011-10-16 13:23:00,2,15
84609,TALL ROCOCO CANDLE HOLDER,36,261.0,2011-11-23 15:44:00,2011-10-16 13:23:00,2,15
84613A,PINK NEW BAROQUE FLOCK CANDLESTICK,6,27.900000000000002,2011-02-02 17:06:00,2010-12-16 12:42:00,3,309
84613C,BLUE NEW BAROQUE FLOCK CANDLESTICK,1,4.65,2010-12-08 12:35:00,2010-12-08 12:35:00,1,366
84614A,PINK BAROQUE FLOCK CANDLE HOLDER,2,11.9,2010-12-03 15:45:00,2010-12-03 15:45:00,1,370
84620,BLUE GINGHAM ROSE CUSHION COVER,2,11.9,2010-12-15 14:12:00,2010-12-15 14:12:00,1,358
84625A,PINK NEW BAROQUECANDLESTICK CANDLE,455,470.75,2011-12-07 15:52:00,2010-12-01 11:21:00,31,1
84625C,BLUE NEW BAROQUE CANDLESTICK CANDLE,392,438.2,2011-09-11 15:24:00,2010-12-01 11:21:00,27,88
84629,WHITE 3 FRAME BIRDS AND TREE ,17,84.15,2011-07-26 12:00:00,2011-07-04 16:35:00,7,136
84637,KITCHEN FLOWER POTS WALL PLAQUE,29,172.55,2011-09-23 14:49:00,2010-12-10 11:19:00,13,76
84638,SMALL KITCHEN FLOWER POTS PLAQUE,19,132.05,2011-10-20 12:43:00,2010-12-10 11:19:00,12,50
84658,WHITE STITCHED CUSHION COVER,42,291.90000000000003,2011-12-06 13:20:00,2010-12-05 15:40:00,15,2
84659A,WHITE TRAVEL ALARM CLOCK,79,198.80999999999997,2011-11-21 10:35:00,2011-02-06 16:08:00,21,18
84660A,WHITE STITCHED WALL CLOCK,377,370.90000000000003,2011-10-03 16:46:00,2010-12-15 09:07:00,31,66
84660B,BLACK STITCHED WALL CLOCK,269,311.31,2011-08-22 13:30:00,2010-12-12 13:56:00,23,108
84660C,PINK STITCHED WALL CLOCK,279,260.17,2011-09-08 11:56:00,2010-12-15 09:07:00,21,92
84661A,WHITE SQUARE TABLE CLOCK,46,95.07,2011-12-07 08:38:00,2011-05-17 09:13:00,10,2
84661B,BLACK SQUARE TABLE CLOCK,32,64.84,2011-12-07 08:38:00,2011-06-08 08:31:00,10,2
84661C,PINK SQUARE TABLE CLOCK,14,32.18,2011-12-06 13:45:00,2011-02-15 14:19:00,4,2
84663A,GRASS HOPPER WOODEN WALL CLOCK ,160,245.04,2011-11-20 14:04:00,2011-02-15 10:40:00,24,18
84665,SQUARE CHERRY BLOSSOM CABINET,105,624.75,2011-11-08 13:22:00,2010-12-07 09:21:00,17,30
84666,SQUARE CHERRY BLOSSOM CABINET,24,94.80000000000001,2011-04-19 14:49:00,2010-12-14 15:13:00,4,233
84673A,PINK FLY SWAT,63,40.95,2011-11-24 15:02:00,2010-12-14 16:23:00,25,14
84673B,BLUE FLY SWAT,135,114.21000000000001,2011-12-05 17:17:00,2010-12-14 16:23:00,42,3
84674,FLYING PIG WATERING CAN,186,426.3,2011-12-05 17:36:00,2010-12-02 10:39:00,40,3
84675,FROG KING WATERING CAN,9,26.55,2011-01-17 13:23:00,2011-01-16 16:25:00,2,325
84678,CLASSICAL ROSE SMALL VASE,90,167.1,2011-03-23 10:15:00,2010-12-05 11:57:00,9,261
84679,CLASSICAL ROSE TABLE LAMP,4,15.8,2011-12-06 11:28:00,2011-12-06 11:28:00,1,3
84683,CLASSICAL ROSE CANDLESTAND,43,53.75,2011-03-20 13:28:00,2010-12-02 14:26:00,4,263
84685,BEACH HUT KEY CABINET,21,78.75,2011-05-22 11:34:00,2010-12-01 14:41:00,9,201
84686,BEACH HUT MIRROR,49,66.39,2011-07-10 16:18:00,2011-04-04 12:55:00,8,151
84687,BEACH HUT SHELF W 3 DRAWERS,70,376.5,2011-11-13 16:24:00,2011-03-01 09:35:00,20,25
84688,BEACH HUT DESIGN BLACKBOARD,34,144.5,2011-05-12 16:52:00,2010-12-14 13:50:00,8,210
84689,S/2 BEACH HUT TREASURE CHESTS,3,9.95,2011-05-04 12:29:00,2011-04-12 12:16:00,2,219
84691,PACK 20 DOLLY PEGS,2,1.7,2011-03-24 12:32:00,2011-03-24 12:32:00,1,260
84692,BOX OF 24 COCKTAIL PARASOLS,4303,1837.07,2011-12-09 12:31:00,2010-12-02 11:35:00,330,0
84705C,PINK FLOCK PHOTO FRAME ,12,15.0,2011-05-03 13:52:00,2011-05-03 13:52:00,1,219
84706D,CHERRY BLOSSOM TABLE CLOCK ,4,7.8,2011-05-22 11:29:00,2011-05-19 09:47:00,2,201
84706F,RED PEONY TABLE CLOCK,16,47.2,2011-11-27 13:00:00,2011-07-10 11:19:00,10,11
84707A,SILVER JEWELLED MIRROR TRINKET TRAY,32,62.4,2011-12-08 15:31:00,2011-12-04 14:55:00,5,0
84707B,PINK JEWELLED MIRROR TRINKET TRAY,15,29.25,2011-12-08 15:54:00,2011-12-07 13:12:00,3,0
84708B,PINK JEWELLED PHOTO FRAME ,53,256.75,2011-12-07 13:12:00,2011-02-02 12:26:00,14,1
84709B,PINK OVAL JEWELLED MIRROR,20,119.0,2011-06-26 13:45:00,2010-12-01 11:21:00,11,165
84712B,PINK JEWELLED PHOTO FRAME,2,12.72,2011-11-23 15:44:00,2011-11-23 15:44:00,1,15
84715,SET OF 6 ICE CREAM SKITTLES,16,47.2,2011-04-13 13:47:00,2011-01-30 14:05:00,3,239
84723,CHERRY BLOSSOM CANVAS ART PICTURE,38,74.1,2011-08-08 14:37:00,2011-07-21 11:55:00,4,122
84725,FREESTYLE CANVAS ART PICTURE,41,39.65,2011-09-22 17:19:00,2010-12-07 12:29:00,18,77
84731,3 BIRDS CANVAS SCREEN,2,2.04,2011-07-31 15:00:00,2011-04-15 16:11:00,2,130
84732B,CUTE BIRD CEATURE SCREEN,22,8.58,2011-08-18 20:05:00,2011-07-20 13:06:00,2,112
84732D,CUTE RABBIT CEATURE SCREEN ,11,4.29,2011-08-18 20:05:00,2011-07-20 13:06:00,2,112
84741C,CITRUS GARLAND FELT FLOWERS ,60,117.0,2011-04-27 14:01:00,2011-01-07 14:31:00,14,225
84743C,ORANGE FELT VASE + FLOWERS,1,1.25,2011-03-31 13:14:00,2011-03-31 13:14:00,1,252
84744,S/6 SEW ON CROCHET FLOWERS,108,135.0,2011-11-15 17:26:00,2010-12-01 11:21:00,18,23
84745A,PINK HANGING GINGHAM EASTER HEN,32,13.44,2011-04-27 12:08:00,2011-01-13 13:36:00,5,226
84745B,BLUE HANGING GINGHAM EASTER HEN,32,13.44,2011-04-27 12:08:00,2011-01-13 13:36:00,5,226
84746,PINK EASTER HENS+FLOWER,3,11.25,2011-07-01 13:02:00,2011-07-01 13:02:00,1,160
84748,FOLK FELT HANGING MULTICOL GARLAND,24,90.0,2011-11-28 12:14:00,2011-01-13 12:10:00,8,11
84750A,PINK SMALL GLASS CAKE STAND,24,46.8,2011-03-20 10:13:00,2011-03-20 10:13:00,1,264
84750B,BLACK SMALL GLASS CAKE STAND,61,54.99,2011-04-19 14:49:00,2010-12-16 13:21:00,12,233
84751B,BLACK MEDIUM GLASS CAKE STAND,17,37.11,2011-04-08 10:20:00,2010-12-15 13:24:00,8,245
84754,S/15 SILVER GLASS BAUBLES IN BAG,286,357.5,2011-09-23 13:11:00,2010-12-01 12:15:00,34,76
84755,COLOUR GLASS T-LIGHT HOLDER HANGING,5347,3496.79,2011-12-08 17:12:00,2010-12-01 15:45:00,391,0
84760S,SMALL HANGING GLASS+ZINC LANTERN,43,62.349999999999994,2011-05-12 20:13:00,2010-12-01 15:37:00,8,210
84763,ZINC FINISH 15CM PLANTER POTS,377,471.25,2011-05-27 14:01:00,2010-12-02 13:11:00,47,195
84766,SILVER ROCOCO CANDLE STICK,146,340.7,2011-11-03 19:28:00,2010-12-13 15:46:00,14,35
84773,RED ROSE AND LACE C/COVER,3,8.850000000000001,2010-12-05 14:25:00,2010-12-05 14:25:00,1,368
84789,ENCHANTED BIRD PLANT CAGE,148,501.40000000000003,2011-07-21 14:52:00,2010-12-10 14:45:00,42,140
84792,ENCHANTED BIRD COATHANGER 5 HOOK,724,3269.4,2011-12-08 14:38:00,2010-12-02 10:09:00,187,0
84795B,SUNSET CHECK HAMMOCK,78,542.1,2011-07-07 13:33:00,2011-02-01 10:14:00,6,154
84798A,PINK FOXGLOVE ARTIIFCIAL FLOWER,14,35.699999999999996,2011-09-28 15:18:00,2011-03-01 12:46:00,3,71
84798B,PURPLE FOXGLOVE ARTIIFCIAL FLOWER,7,17.849999999999998,2011-03-22 13:54:00,2011-03-06 15:21:00,2,261
84799,SPRIG LAVENDER ARTIFICIAL FLOWER,76,95.0,2011-03-01 16:34:00,2011-01-17 14:40:00,6,282
84800L,LARGE WHITE/PINK ROSE ART FLOWER,264,477.12000000000006,2011-06-03 17:07:00,2010-12-19 14:03:00,20,188
84800M,MEDIUM WHITE/PINK ROSE ART FLOWER,127,174.31,2011-08-28 12:06:00,2010-12-19 14:03:00,11,103
84800S,SMALL WHITE/PINK ROSE ART FLOWER,35,43.75,2011-09-11 14:09:00,2011-01-20 12:04:00,7,88
84801A,PINK HYDRANGEA ART FLOWER,46,96.60000000000001,2011-11-23 11:47:00,2011-01-20 09:25:00,5,16
84801B,WHITE HYDRANGEA ART FLOWER,22,46.2,2011-04-06 14:23:00,2011-02-01 12:25:00,3,246
84802A,WHITE ANEMONE ARTIFICIAL FLOWER,2,3.38,2010-12-19 14:03:00,2010-12-19 14:03:00,1,354
84802B,PURPLE ANEMONE ARTIFICIAL FLOWER,4,6.76,2011-03-01 12:46:00,2011-03-01 12:46:00,1,283
84803B,WHITE ALLIUM  ARTIFICIAL FLOWER,15,25.35,2011-03-18 12:35:00,2011-03-01 12:46:00,3,266
84804A,CREAM DELPHINIUM ARTIFICIAL FLOWER,70,180.58,2011-12-06 11:28:00,2010-12-19 14:03:00,8,3
84804B,BLUE DELPHINIUM ARTIFICIAL FLOWER,63,159.93000000000004,2011-12-06 11:28:00,2011-05-19 09:38:00,5,3
84805A,CREAM CLIMBING HYDRANGA ART FLOWER,30,52.5,2011-12-06 11:28:00,2011-02-01 12:25:00,3,3
84805B,BLUE CLIMBING HYDRANGA ART FLOWER,38,52.5,2011-12-07 15:16:00,2011-09-16 14:04:00,3,1
84806A,PINK CANDYSTUFT ARTIFICIAL FLOWER,137,96.88999999999999,2011-12-07 15:16:00,2010-12-19 14:03:00,11,1
84806B,WHITE CANDYSTUFT ARTIFICIAL FLOWER,248,334.15999999999997,2011-12-06 11:28:00,2011-01-17 14:40:00,18,3
84809A,WHITE CHRYSANTHEMUMS ART FLOWER,38,79.80000000000001,2011-05-22 12:12:00,2010-12-05 16:24:00,5,201
84809B,PINK CHRYSANTHEMUMS ART FLOWER,18,37.800000000000004,2011-02-25 10:53:00,2011-02-25 10:53:00,1,287
84813,SET OF 4 DIAMOND NAPKIN RINGS,69,243.55,2011-12-06 15:10:00,2010-12-16 13:15:00,9,2
84817,DANISH ROSE DECORATIVE PLATE,591,560.88,2011-12-08 09:23:00,2010-12-14 10:43:00,51,1
84818,DANISH ROSE PHOTO FRAME,1207,1284.41,2011-10-30 16:15:00,2010-12-09 14:55:00,96,39
84819,DANISH ROSE ROUND SEWING BOX,555,736.11,2011-12-09 09:07:00,2010-12-05 10:52:00,58,0
84820,DANISH ROSE TRINKET TRAYS,179,383.05,2011-12-08 15:54:00,2010-12-10 11:19:00,30,0
84821,DANISH ROSE DELUXE COASTER,575,331.55,2011-12-08 15:54:00,2010-12-10 11:19:00,36,0
84826,ASSTD DESIGN 3D PAPER STICKERS,47,39.949999999999996,2011-11-11 11:11:00,2010-12-15 16:21:00,12,28
84827,ASS DES PHONE SPONGE CRAFT STICKER,29,12.69,2011-12-05 12:30:00,2010-12-05 12:53:00,7,4
84828,JUNGLE POPSICLES ICE LOLLY HOLDERS,119,148.75,2011-03-18 15:42:00,2010-12-08 12:35:00,15,265
84828,JUNGLE POPSICLES ICE LOLLY MOULDS,567,726.9,2011-12-08 12:07:00,2011-03-18 14:53:00,91,1
84832,ZINC WILLIE WINKIE  CANDLE STICK,2018,1726.2199999999998,2011-12-09 12:31:00,2010-12-01 09:41:00,180,0
84836,ZINC METAL HEART DECORATION,4082,5097.01,2011-12-08 14:38:00,2010-12-01 12:15:00,450,0
84842,HELLO SAILOR BATHROOM SET,14,52.5,2011-11-27 11:57:00,2011-03-14 11:44:00,9,12
84843,WHITE SOAP RACK WITH 2 BOTTLES,125,696.95,2011-12-07 17:05:00,2010-12-09 16:08:00,40,1
84846A,SCENTED CANDLE IN DIGITALIS TIN,52,109.20000000000002,2011-10-10 14:37:00,2010-12-02 12:18:00,10,59
84847,FLORAL BATHROOM SET,20,75.0,2011-08-01 17:37:00,2011-01-27 15:36:00,11,129
84849A,HELLO SAILOR BLUE SOAP HOLDER,155,261.95,2011-11-24 15:05:00,2010-12-03 14:04:00,31,14
84849B,FAIRY SOAP SOAP HOLDER,232,392.08,2011-07-20 12:58:00,2010-12-01 12:22:00,57,141
84849D,HOT BATHS SOAP HOLDER,335,566.15,2011-12-01 19:42:00,2010-12-03 14:30:00,100,7
84854,GIRLY PINK TOOL SET,5,24.75,2010-12-01 09:41:00,2010-12-01 09:41:00,1,373
84857B,BLUE MONTE CARLO HANDBAG,24,46.8,2011-07-21 16:10:00,2011-07-21 16:10:00,1,140
84857C,PINK MONTE CARLO HANDBAG,93,181.35,2011-07-04 15:46:00,2011-04-27 14:28:00,7,157
84858C,PINK RIVIERA HANDBAG,4,23.8,2011-04-12 12:16:00,2011-02-25 11:56:00,3,241
84859A,SILVER DISCO HANDBAG,123,248.20999999999998,2011-11-25 11:20:00,2010-12-16 19:19:00,30,14
84859B,BLUE DISCO HANDBAG,30,60.68,2011-11-25 11:20:00,2011-05-06 13:43:00,10,14
84859C,PINK DISCO HANDBAG,83,176.39,2011-12-05 12:28:00,2011-02-15 14:19:00,21,4
84865,NEW BAROQUE BLACK PHOTO ALBUM,17,50.15,2011-07-01 13:02:00,2011-06-08 08:31:00,5,160
84870B,BLUE GEISHA GIRL ,20,75.0,2011-09-02 17:38:00,2010-12-01 15:35:00,10,97
84870C,GREEN GEISHA GIRL ,20,75.0,2011-10-30 13:06:00,2010-12-01 15:35:00,10,39
84874B,BLUE TRAVEL FIRST AID KIT,34,56.1,2011-08-02 09:29:00,2010-12-05 12:53:00,7,129
84875B,GREEN SQUARE COMPACT MIRROR,125,168.75,2011-11-29 12:34:00,2010-12-09 11:30:00,15,10
84875D,BLUE SQUARE COMPACT MIRROR,51,63.75,2011-09-23 13:18:00,2011-04-06 12:49:00,8,76
84876B,GREEN HEART COMPACT MIRROR,153,191.25,2011-11-30 14:17:00,2011-06-20 10:41:00,19,8
84876D,BLUE HEART COMPACT MIRROR,124,187.5,2011-09-11 13:51:00,2010-12-09 11:30:00,12,88
84877A,PINK ROUND COMPACT MIRROR,12,15.0,2011-04-06 12:49:00,2011-04-06 12:49:00,1,247
84877B,GREEN ROUND COMPACT MIRROR,126,157.5,2011-11-30 14:17:00,2010-12-16 11:11:00,9,8
84877D,BLUE ROUND COMPACT MIRROR,87,121.25,2011-09-25 16:05:00,2010-12-03 14:54:00,11,74
84879,ASSORTED COLOUR BIRD ORNAMENT,13574,22940.06,2011-12-09 12:31:00,2010-12-01 10:29:00,1127,0
84880,WHITE WIRE EGG HOLDER,265,1702.95,2011-12-07 16:56:00,2010-12-02 17:40:00,64,1
84881,BLUE WIRE SPIRAL CANDLE HOLDER,11,69.85,2011-07-17 11:59:00,2010-12-05 16:24:00,5,145
84882,GREEN WIRE STANDING CANDLE HOLDER,34,127.5,2011-11-30 17:37:00,2010-12-12 13:01:00,15,8
84884A,ANT WHITE WIRE HEART SPIRAL,192,738.4,2011-12-05 16:00:00,2010-12-01 14:54:00,59,3
84898F,YELLOW FLOWERS FELT HANDBAG KIT,45,94.50000000000001,2011-03-24 16:45:00,2010-12-05 11:40:00,18,259
84905,PINK BUTTERFLY CUSHION COVER ,12,59.400000000000006,2011-04-15 09:27:00,2011-01-17 12:45:00,2,238
84906,PINK B'FLY C/COVER W BOBBLES,11,65.45,2011-03-28 12:49:00,2010-12-01 11:45:00,6,256
84906,PINK BUTTERFLY CUSHION COVER,17,33.15,2011-05-23 11:52:00,2011-04-21 15:51:00,4,200
84910A,PINK PAISLEY CUSHION COVER ,10,59.5,2011-07-17 14:51:00,2010-12-08 12:35:00,6,144
84912A,PINK ROSE WASHBAG,103,386.25,2011-09-22 12:41:00,2010-12-06 12:41:00,38,78
84912B,GREEN ROSE WASHBAG,148,555.0,2011-11-29 17:52:00,2010-12-07 14:00:00,46,9
84913A,SOFT PINK ROSE TOWEL ,37,172.05,2011-11-07 16:16:00,2010-12-09 16:08:00,10,31
84913B,MINT GREEN ROSE TOWEL,70,325.5,2011-12-02 13:22:00,2010-12-09 16:08:00,20,6
84915,HAND TOWEL PINK FLOWER AND DAISY,59,106.95,2011-11-14 15:27:00,2010-12-09 16:08:00,9,24
84916,HAND TOWEL PALE BLUE W FLOWERS,112,282.4,2011-05-04 11:00:00,2010-12-06 13:41:00,17,219
84917,WHITE HAND TOWEL WITH BUTTERFLY,142,233.9,2011-03-27 13:56:00,2010-12-14 11:51:00,13,256
84919,BLUE CUSHION COVER WITH FLOWER,29,201.55,2011-06-08 16:00:00,2011-01-30 14:36:00,9,183
84920,PINK FLOWER FABRIC PONY,71,266.25,2011-12-08 12:07:00,2010-12-01 14:41:00,26,1
84921,CREAM AND PINK FLOWERS PONY ,11,41.25,2011-10-19 12:54:00,2010-12-05 12:43:00,5,50
84922,PINK BUTTERFLY WASHBAG,8,34.0,2011-12-02 13:49:00,2010-12-12 16:14:00,5,6
84924A,WAKE UP COCKEREL CALENDAR SIGN ,72,281.13,2011-12-02 13:49:00,2010-12-05 10:36:00,24,6
84924F,PSYCHEDELIC METAL SIGN CALENDAR,10,7.9,2011-07-29 17:19:00,2011-07-13 11:19:00,3,132
84925D,LA PALMIERA WALL THERMOMETER,15,38.25,2011-06-23 11:38:00,2010-12-03 11:35:00,10,169
84925F,PSYCHEDELIC WALL THERMOMETER,79,109.92999999999999,2011-07-31 15:24:00,2010-12-06 15:13:00,14,130
84926A,WAKE UP COCKEREL TILE COASTER,525,177.20999999999998,2011-12-01 12:36:00,2010-12-06 11:38:00,30,8
84926D,LA PALMIERA TILE COASTER,417,158.16,2011-12-07 10:11:00,2010-12-06 11:38:00,27,2
84926E,FLOWERS TILE COASTER,606,199.76,2011-12-06 12:12:00,2011-01-04 13:30:00,33,3
84926F,PSYCHEDELIC TILE COASTER,279,123.75999999999999,2011-12-06 17:49:00,2010-12-16 11:43:00,21,2
84927A,WAKE UP COCKEREL TILE HOOK,46,53.85,2011-08-09 14:18:00,2010-12-14 11:26:00,14,121
84927D,LA PALMIERA TILE HOOK,44,39.39,2011-07-25 13:57:00,2011-01-20 10:47:00,11,136
84927E,FLOWERS TILE HOOK,57,71.82000000000001,2011-07-18 11:47:00,2010-12-13 09:57:00,11,144
84927F,PSYCHEDELIC TILE HOOK,223,138.27,2011-12-07 10:11:00,2011-01-06 12:45:00,38,2
84929,ASSTD FRUIT+FLOWERS FRIDGE MAGNETS,1068,300.12,2011-11-24 13:27:00,2010-12-15 15:00:00,52,14
84931A,PINK SCOTTIE DOG W FLOWER PATTERN,82,209.1,2011-11-30 08:50:00,2011-01-05 15:56:00,22,9
84931B,BLUE SCOTTIE DOG W FLOWER PATTERN,101,257.54999999999995,2011-11-30 13:08:00,2011-01-05 15:56:00,24,8
84944,SET OF 6 KASHMIR FOLKART BAUBLES,395,737.55,2011-11-04 16:35:00,2010-12-01 13:54:00,68,34
84945,MULTI COLOUR SILVER T-LIGHT HOLDER,3571,3063.85,2011-12-09 12:31:00,2010-12-01 13:04:00,235,0
84946,ANTIQUE SILVER T-LIGHT GLASS,5586,7011.68,2011-12-09 12:31:00,2011-03-21 11:36:00,438,0
84946,ANTIQUE SILVER TEA GLASS ETCHED,1393,1741.25,2011-05-27 14:22:00,2010-12-02 13:39:00,115,195
84947,ANTIQUE SILVER TEA GLASS ENGRAVED,2245,2819.7,2011-12-09 08:59:00,2010-12-02 13:39:00,214,0
84949,SILVER HANGING T-LIGHT HOLDER,1851,3054.1499999999996,2011-12-08 11:36:00,2010-12-01 11:41:00,220,1
84950,ASSORTED COLOUR T-LIGHT HOLDER,1057,702.1700000000001,2011-12-07 13:53:00,2010-12-05 16:24:00,77,1
84951A,SET OF 4 PISTACHIO LOVEBIRD COASTER,362,314.27,2011-12-05 17:17:00,2010-12-10 10:21:00,33,3
84951B,SET OF 4 BLACK LOVEBIRD COASTERS,274,243.44,2011-12-08 12:07:00,2010-12-10 10:21:00,30,1
84952A,CLEAR LOVE BIRD T-LIGHT HOLDER,38,146.21,2011-11-14 15:27:00,2010-12-08 15:56:00,6,24
84952B,BLACK LOVE BIRD T-LIGHT HOLDER,49,127.46,2011-11-14 15:27:00,2010-12-02 15:20:00,11,24
84952C,MIRROR LOVE BIRD T-LIGHT HOLDER,32,90.0,2011-10-11 12:36:00,2010-12-02 15:46:00,7,59
84969,BOX OF 6 ASSORTED COLOUR TEASPOONS,291,1234.83,2011-12-05 13:14:00,2010-12-01 08:34:00,70,3
84970L,SINGLE HEART ZINC T-LIGHT HOLDER,3751,3798.47,2011-12-09 08:59:00,2010-12-01 11:41:00,308,0
84970S,HANGING HEART ZINC T-LIGHT HOLDER,4541,3913.9999999999995,2011-12-06 11:38:00,2010-12-01 14:34:00,365,3
84971S,SMALL HEART FLOWERS HOOK ,1414,1193.6599999999999,2011-12-08 09:39:00,2010-12-01 09:41:00,110,1
84975,HEART SHAPED MIRROR,5,8.45,2010-12-08 15:12:00,2010-12-06 14:36:00,2,365
84976,RECTANGULAR SHAPED MIRROR,286,250.04000000000002,2011-12-08 19:24:00,2011-01-24 14:54:00,27,0
84978,HANGING HEART JAR T-LIGHT HOLDER,5209,6516.23,2011-12-08 15:29:00,2010-12-05 12:43:00,471,0
84984A,GREEN PEONY CUSHION COVER,19,88.35000000000001,2011-11-08 11:03:00,2011-05-19 13:35:00,6,31
84984B,RED PEONY CUSHION COVER ,17,79.05000000000001,2011-11-08 11:03:00,2011-05-19 13:35:00,5,31
84984D,ORIENTAL RED CUSHION COVER ,13,60.45,2011-11-08 11:03:00,2011-07-27 17:06:00,4,31
84985A,SET OF 72 GREEN PAPER DOILIES,41,59.449999999999996,2011-03-01 17:28:00,2010-12-01 12:43:00,18,282
84987,SET OF 36 TEATIME PAPER DOILIES,1918,2786.9799999999996,2011-12-05 14:40:00,2010-12-03 11:35:00,233,3
84988,SET OF 72 PINK HEART PAPER DOILIES,2501,3647.0299999999997,2011-12-05 14:51:00,2010-12-03 17:20:00,292,3
84989A,75 GREEN FAIRY CAKE CASES,27,14.850000000000001,2011-12-05 14:40:00,2011-01-05 12:15:00,17,3
84990,60 GOLD AND SILVER FAIRY CAKE CASES,2,1.1,2011-05-08 13:07:00,2011-04-20 15:25:00,2,214
84991,60 TEATIME FAIRY CAKE CASES,8376,4609.820000000001,2011-12-08 15:31:00,2010-12-01 09:37:00,603,0
84992,72 SWEETHEART FAIRY CAKE CASES,5325,2948.03,2011-12-08 15:31:00,2010-12-01 11:29:00,458,0
84993A,75 GREEN PETIT FOUR CASES,305,128.1,2011-12-09 12:20:00,2010-12-03 11:35:00,33,0
84993B,75 BLACK PETIT FOUR CASES,57,23.94,2011-08-08 13:46:00,2010-12-05 11:59:00,17,122
84997A,CHILDRENS CUTLERY POLKADOT GREEN ,641,2641.9100000000003,2011-12-08 11:53:00,2011-02-22 11:02:00,148,1
84997A,GREEN 3 PIECE POLKADOT CUTLERY SET,297,1149.75,2011-03-04 10:49:00,2010-12-01 16:49:00,63,280
84997B,CHILDRENS CUTLERY RETROSPOT RED ,906,3750.78,2011-12-09 12:16:00,2011-02-22 11:02:00,209,0
84997B,RED 3 PIECE RETROSPOT CUTLERY SET,535,2060.25,2011-03-09 11:28:00,2010-12-01 09:37:00,86,275
84997C,BLUE 3 PIECE POLKADOT CUTLERY SET,402,1540.7,2011-03-10 14:42:00,2010-12-01 09:37:00,90,273
84997C,CHILDRENS CUTLERY POLKADOT BLUE,811,3356.05,2011-12-09 12:16:00,2011-02-20 12:23:00,193,0
84997D,CHILDRENS CUTLERY POLKADOT PINK,1239,5132.25,2011-12-09 12:16:00,2011-02-20 12:23:00,294,0
84997D,PINK 3 PIECE POLKADOT CUTLERY SET,528,2029.6000000000001,2011-03-10 14:42:00,2010-12-01 12:49:00,93,273
85006,SET 4 NURSERY DES ROUND BOXES,55,57.25,2011-04-27 14:58:00,2010-12-10 11:19:00,9,225
85008,SET OF 3 CONEY ISLAND OVAL BOXES,12,55.95,2011-04-10 14:16:00,2010-12-09 16:08:00,7,242
85014A,BLACK/BLUE POLKADOT UMBRELLA,691,4111.450000000001,2011-12-06 12:38:00,2010-12-01 10:03:00,241,3
85014B,RED RETROSPOT UMBRELLA,950,5604.5,2011-12-08 15:54:00,2010-12-01 10:03:00,282,0
85015,SET OF 12  VINTAGE POSTCARD SET,1792,1371.72,2011-12-08 13:50:00,2010-12-05 15:46:00,110,0
85016,SET OF 6 VINTAGE NOTELETS KIT,186,240.6,2011-05-31 10:45:00,2010-12-05 15:46:00,22,192
85017A,ENVELOPE 50 ROMANTIC IMAGES,6,5.1,2011-04-03 15:07:00,2011-03-28 12:22:00,2,249
85017B,ENVELOPE 50 BLOSSOM IMAGES,671,334.34999999999997,2011-11-02 15:56:00,2011-02-01 13:45:00,69,36
85017C,ENVELOPE 50 CURIOUS IMAGES,49,26.17,2011-05-12 20:13:00,2010-12-05 16:41:00,10,210
85018D,YULETIDE IMAGES S/6 PAPER BOXES,12,30.599999999999998,2011-01-14 14:39:00,2010-12-03 12:11:00,7,328
85019A,ROMANTIC IMAGES NOTEBOOK SET,361,487.25,2011-12-08 12:43:00,2010-12-01 14:03:00,27,1
85019B,BLOSSOM  IMAGES NOTEBOOK SET,402,520.5,2011-12-08 12:43:00,2011-01-11 12:25:00,23,1
85019C,CURIOUS  IMAGES NOTEBOOK SET,85,142.25,2011-05-23 16:32:00,2010-12-01 14:03:00,8,199
85020,ROUND PINK HEART MIRROR,78,163.8,2011-12-05 12:59:00,2010-12-06 12:52:00,16,3
85023B,EAU DE NILE JEWELLED PHOTOFRAME,32,81.6,2011-12-05 11:49:00,2010-12-19 13:59:00,11,4
85024B,EAU DE NILE JEWELLED PHOTOFRAME,49,80.85,2011-12-05 12:46:00,2011-01-30 15:48:00,11,4
85024C,PINK SMALL JEWELLED PHOTOFRAME,12,19.799999999999997,2011-11-22 13:11:00,2010-12-08 12:17:00,9,16
85025B,EAU DE NILE HEART SHAPE PHOTO FRAME,159,262.34999999999997,2011-12-05 12:46:00,2011-01-07 10:47:00,20,4
85025C,PINK HEART SHAPE PHOTO FRAME,156,257.4,2011-08-22 14:13:00,2010-12-02 13:32:00,27,108
85026B,EAU DE NILE JEWELLED T-LIGHT HOLDER,75,63.75,2011-12-08 13:50:00,2010-12-07 16:20:00,9,0
85027L,FRENCH CHATEAU LARGE PLATTER ,66,128.7,2011-04-19 15:02:00,2011-03-14 15:48:00,15,233
85028L,FRENCH CHATEAU LARGE FRUIT BOWL ,10,19.5,2011-04-08 11:54:00,2011-03-27 14:28:00,4,245
85028S,FRENCH CHATEAU SMALL FRUITBOWL,24,51.599999999999994,2011-04-08 11:54:00,2011-03-27 14:28:00,8,245
85030,FRENCH CHATEAU OVAL PLATTER,15,29.25,2011-04-08 11:54:00,2011-03-20 13:28:00,6,245
85031A,ROMANTIC IMAGES SCRAP BOOK SET,16,45.9,2011-04-13 14:17:00,2010-12-12 13:26:00,7,239
85031B,BLOSSOM IMAGES SCRAP BOOK SET,1,4.95,2010-12-16 19:19:00,2010-12-16 19:19:00,1,357
85031C,CURIOUS IMAGES SCRAP BOOK SET,3,14.850000000000001,2010-12-16 11:53:00,2010-12-16 11:53:00,1,358
85032A,ROMANTIC IMAGES GIFT WRAP SET,581,438.55000000000007,2011-12-08 12:43:00,2010-12-09 16:08:00,93,1
85032B,BLOSSOM IMAGES GIFT WRAP SET,571,407.40000000000003,2011-12-08 12:43:00,2011-02-01 13:25:00,90,1
85032C,CURIOUS IMAGES GIFT WRAP SET,439,324.50000000000006,2011-12-08 12:43:00,2010-12-09 16:08:00,81,1
85032D,YULETIDE IMAGES GIFT WRAP SET,462,358.3,2011-10-06 13:29:00,2010-12-01 15:37:00,54,63
85034A,3 GARDENIA MORRIS BOXED CANDLES,488,832.0,2011-11-23 09:34:00,2010-12-01 17:35:00,66,16
85034B,3 WHITE CHOC MORRIS BOXED CANDLES,869,1266.25,2011-12-08 12:26:00,2010-12-05 10:52:00,85,1
85034C,3 ROSE MORRIS BOXED CANDLES,1061,1497.61,2011-12-07 12:41:00,2010-12-03 15:45:00,127,2
85035A,GARDENIA 3 WICK MORRIS BOXED CANDLE,259,668.75,2011-10-26 16:43:00,2010-12-03 15:45:00,70,43
85035B,CHOCOLATE 3 WICK MORRIS BOX CANDLE,233,411.25,2011-10-27 19:56:00,2010-12-01 12:49:00,41,42
85035C,ROSE 3 WICK MORRIS BOX CANDLE,719,1093.75,2011-11-27 14:40:00,2010-12-01 17:35:00,100,11
85036A,GARDENIA 1 WICK MORRIS BOXED CANDLE,162,485.58,2011-10-21 11:43:00,2010-12-06 12:41:00,50,49
85036B,CHOCOLATE 1 WICK MORRIS BOX CANDLE,262,508.58,2011-11-17 15:16:00,2010-12-03 15:45:00,41,21
85036C,ROSE 1 WICK MORRIS BOXED CANDLE,345,628.65,2011-11-23 13:46:00,2010-12-05 15:47:00,71,15
85038,6 CHOCOLATE LOVE HEART T-LIGHTS,504,1053.88,2011-12-06 14:23:00,2010-12-02 12:16:00,103,2
85039A,SET/4 RED MINI ROSE CANDLE IN BOWL,203,334.12999999999994,2011-12-07 14:12:00,2010-12-15 11:21:00,36,1
85039B,S/4 IVORY MINI ROSE CANDLE IN BOWL,191,314.59,2011-12-07 12:41:00,2010-12-09 14:19:00,48,2
85039C,S/4 BLACK MINI ROSE CANDLE IN BOWL,30,49.3,2011-11-28 15:54:00,2010-12-08 12:08:00,9,10
85040A,S/4 PINK FLOWER CANDLES IN BOWL,685,1156.4899999999998,2011-12-07 12:41:00,2010-12-12 16:14:00,123,2
85040B,SET/4 BLUE FLOWER CANDLES IN BOWL,135,222.74999999999997,2011-04-10 12:53:00,2010-12-09 14:19:00,34,242
85045,GREEN CHRISTMAS TREE STRING 20LIGHT,41,186.15,2011-11-02 12:45:00,2010-12-01 15:37:00,10,37
85047,WHITE BEADED GARLAND STRING 20LIGHT,3,19.049999999999997,2011-01-27 15:36:00,2011-01-25 13:38:00,2,315
85048,15CM CHRISTMAS GLASS BALL 20 LIGHTS,518,3600.1000000000004,2011-11-30 15:08:00,2010-12-08 14:46:00,36,8
85049A,TRADITIONAL CHRISTMAS RIBBONS,2087,2692.24,2011-12-09 12:20:00,2010-12-01 09:56:00,258,0
85049B,LUSH GREENS RIBBONS,54,67.5,2011-01-26 14:19:00,2010-12-03 10:33:00,13,316
85049C,ROMANTIC PINKS RIBBONS ,1052,1316.21,2011-12-07 13:12:00,2010-12-01 11:29:00,204,1
85049D,BRIGHT BLUES RIBBONS ,501,626.25,2011-09-28 15:50:00,2010-12-01 11:29:00,101,71
85049E,SCANDINAVIAN REDS RIBBONS,2357,3041.84,2011-12-09 12:20:00,2010-12-01 11:21:00,329,0
85049F,BABY BOOM RIBBONS ,374,467.5,2011-09-26 12:45:00,2010-12-02 13:44:00,85,74
85049G,CHOCOLATE BOX RIBBONS ,1237,1552.3,2011-12-07 13:12:00,2010-12-01 11:29:00,224,1
85049H,URBAN BLACK RIBBONS ,411,474.21999999999997,2011-12-05 17:17:00,2010-12-01 11:57:00,72,3
85053,FRENCH ENAMEL CANDLEHOLDER,1157,2438.5600000000004,2011-12-09 12:00:00,2010-12-09 11:28:00,225,0
85054,FRENCH ENAMEL POT W LID,513,1182.41,2011-11-28 15:54:00,2010-12-05 10:36:00,86,10
85055,FRENCH ENAMEL UTENSIL HOLDER,37,122.75,2011-01-18 10:22:00,2010-12-05 10:36:00,10,325
85059,FRENCH ENAMEL WATER BASIN,290,771.21,2011-12-08 12:15:00,2010-12-07 15:54:00,79,1
85061W,WHITE JEWELLED HEART DECORATION,1368,1155.06,2011-12-08 14:38:00,2010-12-02 12:10:00,101,0
85062,PEARL CRYSTAL PUMPKIN T-LIGHT HLDR,1098,1817.3699999999997,2011-12-07 14:34:00,2010-12-05 15:38:00,126,1
85064,CREAM SWEETHEART LETTER RACK,45,245.25,2011-01-27 12:40:00,2010-12-01 14:41:00,22,316
85071A,BLUE CHARLIE+LOLA PERSONAL DOORSIGN,832,457.6,2011-12-06 12:12:00,2010-12-01 14:05:00,88,3
85071B,RED CHARLIE+LOLA PERSONAL DOORSIGN,813,452.75,2011-12-08 09:47:00,2010-12-12 10:48:00,98,1
85071C,"CHARLIE+LOLA""EXTREMELY BUSY"" SIGN",511,277.3,2011-12-09 11:34:00,2010-12-01 14:05:00,71,0
85071D,CHARLIE+LOLA MY ROOM DOOR SIGN,362,205.98,2011-12-06 12:12:00,2010-12-02 09:43:00,64,3
85078,SCANDINAVIAN 3 HEARTS NAPKIN RING,978,230.58,2011-10-31 14:09:00,2010-12-03 15:45:00,55,38
85084,HOLLY TOP CHRISTMAS STOCKING,17,14.45,2010-12-15 11:26:00,2010-12-10 12:14:00,6,359
85086A,CANDY SPOT HEART DECORATION,45,38.25,2011-06-29 16:07:00,2010-12-10 11:42:00,8,162
85087,CANDY SPOT CUSHION COVER,40,119.36000000000001,2011-09-27 17:03:00,2011-01-14 13:41:00,7,72
85088,CANDY SPOT HAND BAG,104,228.55,2011-11-18 12:07:00,2011-03-10 08:29:00,18,21
85089,CANDY SPOT BUNNY,13,38.35,2011-11-17 15:08:00,2011-01-05 15:56:00,5,21
85092,CANDY SPOT TEA COSY,27,40.05,2011-02-20 13:21:00,2011-02-07 11:42:00,2,291
85093,CANDY SPOT EGG WARMER HARE,163,115.17,2011-11-03 16:56:00,2011-01-07 12:28:00,14,35
85094,CANDY SPOT EGG WARMER RABBIT,177,61.190000000000005,2011-12-04 11:24:00,2011-01-07 12:28:00,23,5
85095,THREE CANVAS LUGGAGE TAGS,66,128.26,2011-12-05 17:17:00,2010-12-01 12:23:00,10,3
85096,HILDA CANDY SPOT RABBIT,20,75.0,2011-12-05 17:36:00,2011-01-05 15:56:00,11,3
85099B,JUMBO BAG RED RETROSPOT,12167,24923.5,2011-12-09 09:38:00,2010-12-01 11:45:00,1312,0
85099C,JUMBO  BAG BAROQUE BLACK WHITE,4404,8975.85,2011-12-09 12:19:00,2010-12-01 09:37:00,570,0
85099F,JUMBO BAG STRAWBERRY,4481,9123.32,2011-12-08 15:23:00,2010-12-01 11:45:00,559,0
85103,SILVER T-LIGHT SETTING,17,105.15,2011-05-25 13:35:00,2010-12-16 19:19:00,4,197
85104,SILVER GLASS T-LIGHT SET,52,135.28,2011-12-06 12:18:00,2010-12-01 13:21:00,13,3
85106,CUT GLASS HEXAGON T-LIGHT HOLDER,24,61.199999999999996,2011-11-28 13:37:00,2010-12-02 13:49:00,8,10
85107,CUT GLASS T-LIGHT HOLDER OCTAGON,193,430.22999999999996,2011-11-28 13:37:00,2010-12-09 12:49:00,24,10
85109,PINK BOUDOIR T-LIGHT HOLDER,12,10.2,2010-12-19 14:03:00,2010-12-19 14:03:00,1,354
85111,SILVER GLITTER FLOWER VOTIVE HOLDER,255,85.46999999999998,2011-12-08 19:24:00,2010-12-03 15:45:00,33,0
85114A,BLACK ENCHANTED FOREST PLACEMAT,195,321.75,2011-12-01 19:42:00,2010-12-05 15:12:00,37,7
85114B,IVORY ENCHANTED FOREST PLACEMAT,273,450.44999999999993,2011-12-07 14:43:00,2010-12-01 13:17:00,49,1
85114C,RED ENCHANTED FOREST PLACEMAT,301,496.65,2011-12-06 14:23:00,2010-12-01 13:17:00,57,2
85116,BLACK CANDELABRA T-LIGHT HOLDER,358,426.8,2011-10-14 11:08:00,2010-12-01 11:45:00,33,56
85118,HEART T-LIGHT HOLDER,58,72.5,2011-01-12 16:51:00,2010-12-08 13:08:00,4,330
85123A,CREAM HANGING HEART T-LIGHT HOLDER,25,73.75000000000001,2011-12-09 11:34:00,2011-12-08 12:07:00,6,0
85123A,WHITE HANGING HEART T-LIGHT HOLDER,10784,31763.760000000002,2011-12-08 19:55:00,2010-12-01 08:26:00,1623,0
85124B,BLUE JUICY FRUIT PHOTO FRAME,82,209.1,2011-11-06 14:29:00,2010-12-02 13:32:00,29,32
85124C,GREEN JUICY FRUIT PHOTO FRAME,84,214.2,2011-10-23 12:46:00,2010-12-02 13:32:00,31,47
85125,SMALL ROUND CUT GLASS CANDLESTICK,92,426.0,2011-11-27 11:12:00,2011-01-19 17:17:00,17,12
85127,SMALL SQUARE CUT GLASS CANDLESTICK,80,396.0,2011-11-24 12:40:00,2010-12-02 13:14:00,19,15
85129B,BEADED CRYSTAL HEART GREEN SMALL,101,124.11,2011-12-05 17:17:00,2010-12-05 13:55:00,16,3
85129C,BEADED CRYSTAL HEART BLUE SMALL,77,99.88,2011-11-10 12:37:00,2010-12-03 13:43:00,12,29
85129D,BEADED CRYSTAL HEART PINK SMALL,165,240.13,2011-12-05 17:17:00,2010-12-05 13:55:00,34,3
85130A,BEADED PEARL HEART WHITE LARGE,77,127.04999999999998,2011-05-23 16:32:00,2010-12-03 13:43:00,10,199
85130B,BEADED CRYSTAL HEART GREEN LARGE,648,574.98,2011-12-07 14:12:00,2010-12-19 14:58:00,47,1
85130C,BEADED CRYSTAL HEART BLUE  LARGE,430,386.14,2011-12-07 14:12:00,2011-01-20 12:20:00,42,1
85130D,BEADED CRYSTAL HEART PINK LARGE,432,431.58,2011-12-07 14:12:00,2010-12-05 12:43:00,49,1
85131A,BEADED PEARL HEART WHITE ON STICK,237,291.69,2011-10-30 15:55:00,2010-12-03 10:43:00,22,39
85131B,BEADED CRYSTAL HEART GREEN ON STICK,70,60.62,2011-12-05 17:17:00,2011-01-16 11:07:00,11,3
85131C,BEADED CRYSTAL HEART BLUE ON STICK,73,78.71,2011-11-14 15:27:00,2011-01-16 11:07:00,11,24
85131D,BEADED CRYSTAL HEART PINK ON STICK,115,113.09,2011-12-05 15:59:00,2011-01-16 11:07:00,12,3
85132A,CHARLIE + LOLA BISCUITS TINS,319,622.05,2011-05-24 11:31:00,2011-03-31 16:40:00,42,199
85132B,CHARLIE AND LOLA TABLE TINS,327,637.65,2011-06-19 13:26:00,2011-04-01 09:19:00,51,172
85132C,CHARLIE AND LOLA FIGURES TINS,950,1852.5,2011-08-28 14:39:00,2011-03-31 16:40:00,110,102
85141,JARDIN ETCHED GLASS FRUITBOWL,95,375.25,2011-06-16 14:26:00,2011-03-30 17:33:00,28,175
85144,JARDIN ETCHED GLASS BUTTER DISH,1,7.25,2010-12-02 15:46:00,2010-12-02 15:46:00,1,371
85144,JARDIN ETCHED GLASS CHEESE DISH,154,448.7,2011-05-01 11:14:00,2011-01-04 13:38:00,39,222
85145,JARDIN ETCHED GLASS LARGE BELL JAR,35,138.25,2011-04-28 16:11:00,2011-04-01 09:19:00,11,224
85146,JARDIN ETCHED GLASS SMALL BELL JAR,43,147.85000000000002,2011-04-07 13:11:00,2010-12-15 13:24:00,8,245
85150,LADIES & GENTLEMEN METAL SIGN,1978,5038.5,2011-12-08 13:59:00,2010-12-01 11:21:00,344,0
85152,HAND OVER THE CHOCOLATE   SIGN ,3576,7678.870000000001,2011-12-08 15:31:00,2010-12-01 10:39:00,537,0
85159A,"BLACK TEA,COFFEE,SUGAR JARS",451,779.4499999999999,2011-12-04 15:19:00,2010-12-02 13:08:00,45,4
85159B,"WHITE TEA,COFFEE,SUGAR JARS",574,1074.5,2011-11-30 17:22:00,2010-12-14 12:59:00,58,8
85160B,BLACK BIRD GARDEN DESIGN MUG,105,46.11,2011-11-13 16:22:00,2011-01-30 10:19:00,15,25
85163A,WHITE BAROQUE WALL CLOCK ,24,94.80000000000001,2011-04-21 12:34:00,2011-04-19 14:49:00,2,232
85163B,BLACK BAROQUE WALL CLOCK ,24,94.80000000000001,2011-04-21 12:34:00,2011-04-19 14:49:00,2,232
85167B,BLACK GRAND BAROQUE PHOTO FRAME,18,55.5,2011-04-08 09:25:00,2010-12-05 12:57:00,6,245
85169A,IVORY LOVE BIRD CANDLE,430,420.4,2011-12-08 13:50:00,2010-12-06 12:55:00,47,0
85169B,BLACK LOVE BIRD CANDLE,201,191.49,2011-11-30 14:00:00,2010-12-01 11:45:00,25,8
85169C,EAU DE NIL LOVE BIRD CANDLE,92,95.08,2011-12-08 19:28:00,2010-12-16 13:15:00,18,0
85169D,PINK LOVE BIRD CANDLE,160,160.16,2011-11-29 12:07:00,2010-12-13 15:44:00,21,10
85170A,SET/6 IVORY BIRD T-LIGHT CANDLES,1,2.1,2010-12-07 15:54:00,2010-12-07 15:54:00,1,366
85170B,SET/6 BLACK BIRD T-LIGHT CANDLES,107,134.7,2011-11-29 17:52:00,2010-12-07 15:39:00,22,9
85170C,SET/6 EAU DE NIL BIRD T-LIGHTS,180,305.03000000000003,2011-11-29 17:52:00,2010-12-09 10:45:00,28,9
85170D,SET/6 PINK BIRD T-LIGHT CANDLES,283,436.01,2011-12-05 17:17:00,2010-12-05 15:47:00,50,3
85172,HYACINTH BULB T-LIGHT CANDLES,368,154.56,2011-11-10 16:38:00,2010-12-01 12:15:00,23,28
85173,SET/6 FROG PRINCE T-LIGHT CANDLES,290,465.74999999999994,2011-12-09 10:46:00,2010-12-14 12:59:00,46,0
85174,S/4 CACTI CANDLES,385,1528.15,2011-12-08 19:24:00,2010-12-01 16:11:00,71,0
85175,CACTI T-LIGHT CANDLES,1133,482.41999999999996,2011-11-28 11:18:00,2010-12-13 13:25:00,72,11
85176,SEWING SUSAN 21 NEEDLE SET,578,501.43999999999994,2011-12-08 13:50:00,2010-12-08 10:21:00,74,0
85177,BASKET OF FLOWERS SEWING KIT,390,333.84,2011-12-05 17:17:00,2010-12-02 13:38:00,40,3
85178,VICTORIAN SEWING KIT,774,972.34,2011-12-05 17:17:00,2010-12-02 15:19:00,85,3
85179A,GREEN BITTY LIGHT CHAIN,117,170.05,2011-12-06 17:23:00,2010-12-05 12:53:00,15,2
85179C,PINK BITTY LIGHT CHAIN,69,89.65,2011-12-08 13:04:00,2011-07-28 16:21:00,7,0
85180A,RED HEARTS LIGHT CHAIN ,372,751.08,2011-11-24 12:48:00,2010-12-14 12:59:00,34,15
85180B,PINK HEARTS LIGHT CHAIN ,136,306.0,2011-12-06 17:23:00,2010-12-14 12:59:00,20,2
85183A,CHARLIE & LOLA WASTEPAPER BIN BLUE,477,628.75,2011-12-05 14:49:00,2010-12-13 09:29:00,77,3
85183B,CHARLIE & LOLA WASTEPAPER BIN FLORA,653,871.25,2011-12-04 15:28:00,2010-12-06 14:31:00,99,4
85184C,S/4 VALENTINE DECOUPAGE HEART BOX,864,1395.1000000000001,2011-05-15 12:33:00,2010-12-01 11:49:00,85,208
85184C,SET 4 VALENTINE DECOUPAGE HEART BOX,151,441.53000000000003,2011-12-05 15:51:00,2011-06-05 14:45:00,44,3
85185B,PINK HORSE SOCK PUPPET,240,688.8000000000001,2011-09-11 13:39:00,2010-12-02 14:09:00,45,88
85185B,PINK HORSE SOCK PUPPET KIT,42,123.9,2011-11-30 17:37:00,2011-10-04 14:42:00,14,8
85185D,FROG SOCK PUPPET,15,44.25000000000001,2011-05-25 17:12:00,2010-12-02 14:09:00,8,197
85186A,EASTER BUNNY GARLAND OF FLOWERS,429,180.18,2011-04-14 19:15:00,2011-01-14 10:10:00,36,238
85186C,BUNNY EGG GARLAND,317,133.14000000000001,2011-10-20 09:28:00,2011-01-13 13:36:00,31,50
85187,S/12 MINI RABBIT EASTER,228,376.19999999999993,2011-11-27 13:26:00,2010-12-05 13:42:00,56,11
85188A,GREEN METAL SWINGING BUNNY,302,256.7,2011-04-21 10:19:00,2011-01-27 15:38:00,34,232
85188B,PINK METAL SWINGING BUNNY,75,63.74999999999999,2011-03-27 12:06:00,2011-01-17 15:19:00,8,257
85189,HANGING BUTTERFLY  EGG,9,7.6499999999999995,2011-03-16 15:45:00,2011-01-13 12:10:00,3,267
85194L,HANGING SPRING FLOWER EGG LARGE,468,397.79999999999995,2011-11-22 16:47:00,2011-01-04 11:34:00,47,16
85194S,HANGING SPRING FLOWER EGG SMALL,551,331.47,2011-12-04 12:32:00,2011-01-05 09:51:00,43,5
85195,HANGING HEART BASKET,11,23.1,2011-03-16 15:45:00,2010-12-14 12:58:00,3,267
85197,SET OF 12 MINI BUNNIES IN A BUCKET,32,67.2,2011-07-29 17:28:00,2011-01-11 12:11:00,18,132
85198,ASSORTED FARMYARD ANIMALS IN BUCKET,86,68.06,2011-05-18 16:37:00,2011-01-17 15:19:00,6,204
85199L,LARGE HANGING IVORY & RED WOOD BIRD,493,317.57000000000005,2011-11-29 15:06:00,2010-12-01 13:54:00,56,9
85199S,SMALL HANGING IVORY/RED WOOD BIRD,1567,665.93,2011-12-08 15:31:00,2010-12-01 13:54:00,148,0
85200,BUNNY EGG BOX,183,228.75,2011-04-18 13:36:00,2011-01-16 16:23:00,26,234
85202,HANGING WOOD AND FELT HEART,296,124.32,2011-11-29 13:12:00,2011-01-25 13:15:00,39,9
85203,HANGING WOOD AND FELT BUTTERFLY ,473,197.22,2011-12-05 15:59:00,2011-01-11 12:11:00,48,3
85204,HANGING WOOD AND FELT FLOWER,239,53.04,2011-12-07 15:07:00,2011-01-11 12:11:00,30,1
85205B,PINK FELT EASTER RABBIT GARLAND,116,295.8,2011-04-18 14:50:00,2010-12-17 12:38:00,24,234
85206A,CREAM FELT EASTER EGG BASKET,572,943.7999999999998,2011-03-16 12:26:00,2010-12-05 12:01:00,98,268
85206B,PINK FELT EASTER EGG BASKET,14,23.099999999999998,2011-01-20 19:16:00,2011-01-13 11:48:00,4,322
85208,SET/12 FUNKY FELT FLOWER PEG IN BAG,64,134.4,2011-11-29 10:57:00,2010-12-05 13:42:00,23,10
85211,S/4 GROOVY CAT MAGNETS,106,123.47999999999999,2011-10-13 12:21:00,2010-12-15 13:37:00,16,57
85212,MINI PAINTED GARDEN DECORATION ,819,305.27,2011-12-07 12:55:00,2011-01-23 12:08:00,55,1
85213,MINI  ZINC GARDEN DECORATIONS ,281,144.76999999999998,2011-07-31 11:45:00,2011-01-17 16:23:00,22,131
85214,TUB 24 PINK FLOWER PEGS,103,169.95,2011-08-10 16:19:00,2010-12-02 18:15:00,43,120
85215,ASSORTED CHEESE FRIDGE MAGNETS,61,39.650000000000006,2011-07-11 14:47:00,2010-12-05 15:26:00,6,150
85216,ASSORTED CAKES FRIDGE MAGNETS,55,35.75,2011-11-18 12:48:00,2010-12-02 11:41:00,8,21
85224,ASSORTED COLOUR SILK GLASSES CASE,3,6.300000000000001,2011-03-23 16:45:00,2011-03-23 16:45:00,1,260
85225,BLING KEY RING STAND,6,6.25,2011-12-07 08:45:00,2011-04-28 16:11:00,3,2
85227,SET OF 6 3D KIT CARDS FOR KIDS,971,833.93,2011-12-06 11:58:00,2010-12-02 12:28:00,144,3
85230A,OPIUM SCENTED VOTIVE CANDLE,264,76.55999999999999,2011-12-02 12:52:00,2011-02-01 11:30:00,11,6
85230B,CINNAMON SCENTED VOTIVE CANDLE,664,192.55999999999997,2011-12-06 15:43:00,2010-12-03 14:26:00,30,2
85230E,STRAWBRY SCENTED VOTIVE CANDLE,357,103.52999999999999,2011-09-11 15:44:00,2010-12-10 15:45:00,15,88
85230F,JASMINE VOTIVE CANDLE,194,56.25999999999999,2011-11-10 13:28:00,2010-12-03 14:26:00,9,28
85230G,ORANGE VOTIVE CANDLE,456,128.39999999999998,2011-12-02 12:52:00,2010-12-08 14:59:00,19,6
85231B,CINAMMON SET OF 9 T-LIGHTS,672,581.3399999999999,2011-12-08 13:50:00,2010-12-01 12:23:00,106,0
85231G,ORANGE SCENTED SET/9 T-LIGHTS,447,380.72999999999996,2011-10-04 11:29:00,2010-12-01 12:23:00,64,66
85232A,SET/3 POLKADOT STACKING TINS,74,349.5,2011-06-06 16:41:00,2010-12-17 15:14:00,25,185
85232B,SET OF 3 BABUSHKA STACKING TINS,27,133.65,2011-02-11 13:53:00,2010-12-01 14:41:00,8,300
85232D,SET/3 DECOUPAGE STACKING TINS,174,827.7,2011-12-07 17:05:00,2010-12-07 14:57:00,53,1
90000A,RASPBERRY ANT COPPER FLOWER NECKLAC,11,65.45,2011-11-08 17:09:00,2011-02-20 14:31:00,6,30
90000B,MIDNIGHT BLUE COPPER FLOWER NECKLAC,3,17.85,2011-06-13 14:16:00,2011-02-20 14:31:00,2,178
90000D,COPPER/OLIVE GREEN FLOWER NECKLACE,6,35.7,2011-10-11 11:38:00,2011-02-20 14:31:00,4,59
90001A,ANTIQUE RASPBERRY FLOWER EARRINGS,2,8.5,2011-06-13 14:16:00,2011-06-13 14:16:00,1,178
90001B,ANTIQUE MID BLUE FLOWER EARRINGS,4,17.0,2011-08-25 10:26:00,2011-06-13 14:16:00,2,106
90001C,ANTIQUE OPAL WHITE FLOWER EARRINGS,2,8.5,2011-10-20 15:57:00,2011-04-10 15:19:00,2,49
90001D,ANTIQUE OLIVE GREEN FLOWER EARRINGS,5,21.25,2011-10-09 15:24:00,2011-06-13 14:16:00,3,60
90002D,FLOWER BURST SILVER RING CRYSTAL,10,37.5,2011-05-08 16:13:00,2010-12-02 15:49:00,6,214
90003B,ROSE COLOUR PAIR HEART HAIR SLIDES,6,22.5,2011-09-23 14:49:00,2010-12-12 11:06:00,3,76
90003C,MIDNIGHT BLUE PAIR HEART HAIR SLIDE,12,45.0,2011-09-23 14:49:00,2010-12-12 11:06:00,5,76
90003D,CRYSTAL PAIR HEART HAIR SLIDES,18,67.5,2011-11-07 11:41:00,2010-12-12 11:06:00,7,32
90003E,GREEN PAIR HEART HAIR SLIDES,8,30.0,2011-09-23 14:49:00,2011-08-23 09:57:00,2,76
90011A,MIDNIGHT BLUE CRYSTAL DROP EARRINGS,1,2.95,2011-11-24 14:40:00,2011-11-24 14:40:00,1,14
90011B,BLACK CRYSTAL DROP EARRINGS,7,20.650000000000002,2011-09-06 16:02:00,2011-02-11 16:19:00,2,93
90012A,MIDNIGHT BLUE DROP CRYSTAL NECKLACE,8,23.6,2011-10-11 11:38:00,2011-10-06 16:57:00,2,59
90012B,BLACK DROP CRYSTAL NECKLACE,12,35.400000000000006,2011-11-13 11:46:00,2011-10-11 11:38:00,2,26
90013A,MIDNIGHT BLUE VINTAGE EARRINGS,16,60.0,2011-11-11 12:44:00,2011-08-08 10:11:00,3,28
90013C,GREEN VINTAGE EARRINGS ,11,41.25,2011-11-29 10:57:00,2011-05-22 14:44:00,4,10
90014A,SILVER M.O.P. ORBIT NECKLACE,8,23.6,2011-11-08 17:09:00,2011-10-09 15:24:00,3,30
90014B,GOLD M.O.P. ORBIT NECKLACE,2,5.9,2011-10-26 12:46:00,2011-10-09 15:24:00,2,44
90014C,SILVER AND BLACK ORBIT NECKLACE,1,2.95,2011-11-27 15:38:00,2011-11-27 15:38:00,1,11
90016A,SILVER/M.O.P PENDANT ORBIT NECKLACE,9,38.25,2011-10-26 12:28:00,2011-10-26 12:28:00,1,44
90018A,SILVER M.O.P ORBIT DROP EARRINGS,17,72.25,2011-11-07 15:49:00,2011-02-14 15:23:00,9,31
90018B,GOLD M.O.P ORBIT DROP EARRINGS,8,34.0,2011-10-26 12:46:00,2011-02-20 14:31:00,5,44
90018C,SILVER BLACK ORBIT DROP EARRINGS,6,25.5,2011-09-23 14:49:00,2011-08-25 10:26:00,3,76
90019A,SILVER M.O.P ORBIT BRACELET,18,89.10000000000001,2011-11-17 17:08:00,2010-12-20 10:48:00,9,21
90019B,GOLD M.O.P ORBIT BRACELET,2,9.9,2011-10-09 15:24:00,2011-08-01 17:37:00,2,60
90019C,SILVER BLACK ORBIT BRACELET,4,19.8,2011-11-27 15:38:00,2011-09-06 16:02:00,3,11
90022,EDWARDIAN DROP EARRINGS JET BLACK,8,30.0,2011-12-07 16:56:00,2010-12-21 16:08:00,4,1
90023,FILIGREE DIAMANTE EARRINGS,8,34.0,2011-11-27 15:18:00,2011-02-14 15:23:00,4,11
90025A,BAROQUE BUTTERFLY EARRINGS BLACK,2,7.5,2011-10-09 15:24:00,2011-04-10 15:19:00,2,60
90025F,BAROQUE BUTTERFLY EARRINGS CRYSTAL,1,3.75,2011-10-20 15:57:00,2011-10-20 15:57:00,1,49
90027A,GLASS BEAD HOOP EARRINGS BLACK,4,11.8,2010-12-20 10:48:00,2010-12-20 10:48:00,1,354
90027D,GLASS BEAD HOOP EARRINGS AMETHYST,4,11.8,2010-12-20 10:48:00,2010-12-20 10:48:00,1,354
90030A,SPOTTED WHITE NATURAL SEED NECKLACE,72,72.0,2011-11-28 13:51:00,2011-07-18 10:29:00,7,10
90030B,RED KUKUI COCONUT SEED NECKLACE,112,131.8,2011-12-07 12:55:00,2011-03-23 12:15:00,15,1
90030C,BROWN KUKUI COCONUT SEED NECKLACE,74,74.0,2011-11-25 10:20:00,2011-07-18 10:29:00,8,14
90031,BILI NUT AND WOOD NECKLACE,48,48.0,2011-11-25 10:20:00,2011-07-18 10:29:00,5,14
90032,IVORY SHELL HEART NECKLACE,19,90.67,2011-10-26 12:28:00,2010-12-13 14:16:00,6,44
90033,IVORY SHELL HEART EARRINGS,2,5.1,2011-05-08 16:13:00,2011-05-08 16:13:00,1,214
90037B,TINY CRYSTAL BRACELET GREEN,6,15.299999999999999,2011-02-03 13:58:00,2011-02-03 13:58:00,1,308
90038A,GLASS AND PAINTED BEADS BRACELET TO,6,22.5,2011-09-06 16:02:00,2011-09-06 16:02:00,1,93
90038B,GLASS AND PAINTED BEADS BRACELET OL,6,22.5,2011-03-07 12:26:00,2011-03-07 12:26:00,1,277
90038C,GLASS AND BEADS BRACELET IVORY,6,22.5,2011-03-07 12:26:00,2011-03-07 12:26:00,1,277
90039A,FIRE POLISHED GLASS BRACELET RED,6,22.5,2011-05-12 16:50:00,2011-05-12 16:50:00,1,210
90039B,FIRE POLISHED GLASS BRACELET MONTAN,6,22.5,2011-05-12 16:50:00,2011-05-12 16:50:00,1,210
90039C,FIRE POLISHED GLASS BRACELET BLACK,1,3.75,2011-02-09 13:37:00,2011-02-09 13:37:00,1,302
90039D,FIRE POLISHED GLASS BRACELET GREEN,14,52.5,2011-08-01 17:37:00,2011-05-12 16:50:00,2,129
90040A,MURANO STYLE GLASS BRACELET RED,6,21.0,2011-03-07 12:26:00,2010-12-20 10:48:00,2,277
90040B,MURANO STYLE GLASS BRACELET BLACK,4,14.0,2011-03-04 10:58:00,2010-12-20 10:48:00,2,280
90040C,MURANO STYLE GLASS BRACELET GOLD,7,24.5,2011-12-04 12:32:00,2011-03-07 12:26:00,3,5
90041,PEARL AND CHERRY QUARTZ BRACLET,2,7.0,2011-05-25 11:14:00,2011-05-25 11:14:00,1,198
90042A,FRESHWATER PEARL BRACELET GOLD,3,7.6499999999999995,2011-04-13 16:58:00,2010-12-15 13:24:00,2,239
90043,COPPER AND BRASS BAG CHARM,3,14.850000000000001,2011-07-07 16:59:00,2011-07-07 16:59:00,1,154
90046,WHITE WITH METAL BAG CHARM,3,14.850000000000001,2011-07-07 16:59:00,2011-07-07 16:59:00,1,154
90048,GREEN WITH METAL BAG CHARM,3,14.850000000000001,2011-07-07 16:59:00,2011-07-07 16:59:00,1,154
90049,IVORY GOLD METAL BAG CHARM,3,14.850000000000001,2011-07-07 16:59:00,2011-07-07 16:59:00,1,154
90050,CRACKED GLAZE NECKLACE IVORY,6,41.7,2011-11-09 11:10:00,2011-05-23 08:31:00,2,30
90051,CRACKED GLAZE NECKLACE RED,6,41.7,2011-10-09 15:24:00,2011-04-26 12:47:00,3,60
90054,CRACKED GLAZE EARRINGS RED,1,2.55,2011-10-09 15:24:00,2011-10-09 15:24:00,1,60
90055,CRACKED GLAZE EARRINGS BROWN,1,2.55,2011-02-11 16:19:00,2011-02-11 16:19:00,1,300
90057,DIAMANTE RING ASSORTED IN BOX.,432,591.36,2011-12-08 16:10:00,2010-12-16 10:28:00,18,0
90059A,DIAMANTE HAIR GRIP PACK/2 CRYSTAL,6,9.899999999999999,2011-09-23 14:49:00,2011-09-23 14:49:00,1,76
90059B,DIAMANTE HAIR GRIP PACK/2 BLACK DIA,9,14.85,2011-11-07 11:41:00,2010-12-01 12:23:00,3,32
90059C,DIAMANTE HAIR GRIP PACK/2 MONTANA,8,13.2,2011-11-07 11:41:00,2010-12-01 12:23:00,3,32
90059D,DIAMANTE HAIR GRIP PACK/2 PERIDOT,6,9.899999999999999,2011-09-23 14:49:00,2011-09-23 14:49:00,1,76
90059E,DIAMANTE HAIR GRIP PACK/2 RUBY,10,16.499999999999996,2011-11-07 11:41:00,2010-12-01 12:23:00,3,32
90059F,DIAMANTE HAIR GRIP PACK/2 LT ROSE,9,14.85,2011-11-07 11:41:00,2011-06-01 15:28:00,3,32
90060B,FIRE POLISHED GLASS NECKL GOLD,1,5.95,2010-12-15 13:24:00,2010-12-15 13:24:00,1,358
90060D,FIRE POLISHED GLASS NECKL BRONZE,3,17.85,2010-12-15 13:24:00,2010-12-06 12:47:00,3,358
90064A,WHITE VINTAGE CRYSTAL EARRINGS,7,26.25,2011-05-11 14:42:00,2011-02-11 16:20:00,3,211
90064B,BLACK VINTAGE  CRYSTAL EARRINGS,11,41.25,2011-10-09 15:24:00,2011-02-11 16:19:00,6,60
90065A,WHITE VINTAGE CRYSTAL BRACELET,6,40.5,2011-06-26 13:45:00,2011-02-20 14:31:00,3,165
90065B,BLACK VINT ART DEC CRYSTAL BRACELET,1,6.75,2011-11-09 15:07:00,2011-11-09 15:07:00,1,29
90067A,PINK VINTAGE VICTORIAN EARRINGS,10,29.500000000000004,2011-11-15 10:56:00,2010-12-12 11:06:00,3,24
90069,RUBY GLASS CLUSTER NECKLACE,2,15.0,2011-11-03 11:29:00,2011-11-03 11:29:00,1,36
90070,RUBY GLASS CLUSTER BRACELET,8,47.6,2011-11-08 17:09:00,2011-02-09 15:33:00,3,30
90071,RUBY GLASS CLUSTER EARRINGS,1,1.25,2011-10-09 15:24:00,2011-10-09 15:24:00,1,60
90072,RUBY DROP CHANDELIER EARRINGS,10,37.5,2011-09-23 14:49:00,2011-01-23 13:31:00,3,76
90073,VINTAGE ENAMEL & CRYSTAL EARRINGS,13,64.35000000000001,2011-12-07 16:56:00,2011-01-23 13:31:00,4,1
90076,MONTANA DIAMOND CLUSTER EARRINGS,6,15.299999999999999,2011-05-08 11:37:00,2011-05-08 11:37:00,1,215
90078,PINK/WHITE GLASS DEMI CHOKER,2,15.0,2010-12-13 14:16:00,2010-12-13 14:16:00,1,360
90079,VINTAGE ENAMEL & CRYSTAL NECKLACE,5,24.75,2011-10-09 15:24:00,2011-06-13 14:16:00,2,60
90081A,LILY BROOCH AMETHYST COLOUR,15,74.25,2011-12-07 16:56:00,2010-12-02 13:49:00,8,1
90081C,LILY BROOCH OLIVE COLOUR,11,54.45,2011-12-07 16:56:00,2010-12-10 11:31:00,6,1
90082A,DIAMANTE BOW BROOCH GREEN COLOUR,21,133.35,2011-12-07 16:56:00,2010-12-02 13:49:00,10,1
90082B,DIAMANTE BOW BROOCH RED COLOUR,25,158.75,2011-12-07 16:56:00,2010-12-02 13:49:00,10,1
90082D,DIAMANTE BOW BROOCH BLACK COLOUR,7,44.449999999999996,2011-11-27 15:18:00,2010-12-02 13:49:00,4,11
90083,CRYSTAL CZECH CROSS PHONE CHARM,19,13.69,2011-12-06 11:58:00,2011-11-14 15:27:00,4,3
90084,PINK CRYSTAL GUITAR PHONE CHARM,1,0.85,2011-03-06 11:39:00,2011-03-06 11:39:00,1,278
90085,CRYSTAL STILETTO PHONE CHARM,24,20.4,2011-12-02 16:14:00,2011-05-22 10:21:00,2,6
90086,CRYSTAL FROG PHONE CHARM,37,40.809999999999995,2011-12-02 16:14:00,2010-12-05 12:53:00,10,6
90087,CRYSTAL SEA HORSE PHONE CHARM,42,24.54,2011-12-05 10:00:00,2011-09-21 14:40:00,7,4
90089,PINK CRYSTAL SKULL PHONE CHARM,13,2.47,2011-12-08 15:31:00,2011-12-06 11:58:00,2,0
90093,CLEAR CRYSTAL STAR PHONE CHARM,47,20.39,2011-12-06 17:18:00,2011-05-22 10:21:00,6,2
90094,NECKLACE+BRACELET SET FRUIT SALAD ,13,33.15,2011-12-05 17:36:00,2010-12-03 11:19:00,12,3
90096,NECKLACE+BRACELET SET BLUE BLOSSOM,8,20.4,2011-11-13 16:18:00,2011-02-24 11:54:00,3,25
90098,NECKLACE+BRACELET PINK BUTTERFLY,28,71.39999999999999,2011-11-25 11:20:00,2011-02-03 13:58:00,9,14
90099,NECKLACE+BRACELET SET BLUE HIBISCUS,20,51.0,2011-12-06 12:02:00,2011-03-30 11:18:00,13,3
90100,NECKLACE+BRACELET SET PINK DAISY,1,2.55,2011-02-24 11:54:00,2011-02-24 11:54:00,1,288
90101,WHITE FRANGIPANI NECKLACE,15,38.25,2011-11-10 16:38:00,2011-07-18 10:29:00,4,28
90102,WHITE FRANGIPANI HAIR CLIP,10,8.5,2011-06-07 12:47:00,2011-06-07 12:47:00,1,185
90103,PURPLE FRANGIPANI NECKLACE,8,20.4,2011-11-23 11:22:00,2011-07-18 10:29:00,2,16
90104,PURPLE FRANGIPANI HAIRCLIP,1,0.85,2010-12-21 16:08:00,2010-12-21 16:08:00,1,352
90108,BLUE BLOSSOM HAIR CLIP,64,67.2,2011-09-23 14:49:00,2010-12-19 14:41:00,6,76
90114,SUMMER DAISIES BAG CHARM,24,61.199999999999996,2011-12-05 17:36:00,2010-12-17 17:23:00,10,3
90116,FRUIT SALAD BAG CHARM,16,27.04,2011-12-02 16:14:00,2011-06-09 15:27:00,3,6
90118,PINK DAISY BAG CHARM,6,15.299999999999999,2011-09-23 14:49:00,2011-09-23 14:49:00,1,76
90119,METALIC LEAVES BAG CHARMS,59,145.76999999999998,2011-12-05 17:17:00,2011-09-09 15:17:00,15,3
90120B,BLUE MURANO TWIST BRACELET,20,85.0,2011-11-17 14:24:00,2011-02-09 13:37:00,5,21
90120C,GREEN MURANO TWIST BRACELET,31,131.75,2011-11-17 14:24:00,2010-12-20 10:48:00,7,21
90120D,WHITE MURANO TWIST BRACELET,2,8.5,2011-02-09 13:37:00,2010-12-13 10:58:00,2,302
90122A,PINK CRYSTAL+GLASS BRACELET,8,39.6,2011-05-11 14:42:00,2011-01-09 12:01:00,3,211
90122B,JADE CRYSTAL+GLASS BRACELET,1,4.95,2011-02-09 13:37:00,2011-02-09 13:37:00,1,302
90122C,TURQUOISE CRYSTAL+GLASS BRACELET,17,84.15,2011-10-09 10:29:00,2011-01-09 12:01:00,5,61
90123A,PINK HEART OF GLASS BRACELET,14,83.3,2011-08-01 17:37:00,2011-01-27 15:36:00,8,129
90123B,TURQUOISE HEART OF GLASS BRACELET,8,47.6,2011-08-01 17:37:00,2011-01-09 12:01:00,4,129
90123C,GREEN HEART OF GLASS BRACELET,13,77.35,2011-08-01 17:37:00,2011-01-09 12:01:00,5,129
90123D,WHITE HEART OF GLASS BRACELET,3,17.85,2011-04-10 16:01:00,2011-01-27 15:36:00,2,242
90125A,PINK BERTIE GLASS BEAD BAG CHARM,61,53.099999999999994,2011-05-26 14:09:00,2010-12-14 12:59:00,5,196
90125B,AQUA BERTIE GLASS BEAD BAG CHARM,19,24.9,2011-12-02 16:14:00,2011-01-14 14:02:00,3,6
90125C,TURQUOISE BERTIE GLASS BEAD CHARM,25,22.5,2011-05-26 14:09:00,2011-01-25 10:56:00,2,196
90125D,PURPLE BERTIE GLASS BEAD BAG CHARM,26,24.599999999999998,2011-05-26 14:09:00,2010-12-13 15:20:00,4,196
90125E,AMBER BERTIE GLASS BEAD BAG CHARM,1,2.1,2011-05-26 14:09:00,2011-05-26 14:09:00,1,196
90128B,BLUE LEAVES AND BEADS PHONE CHARM,1,1.25,2010-12-03 14:54:00,2010-12-03 14:54:00,1,370
90129A,PINK GLASS TASSLE BAG CHARM ,7,20.650000000000002,2011-06-26 13:45:00,2010-12-13 10:58:00,3,165
90129B,TURQUOISE GLASS TASSLE BAG CHARM ,21,61.95000000000001,2011-12-07 13:38:00,2010-12-15 10:57:00,6,1
90129C,GREEN GLASS TASSLE BAG CHARM,17,50.150000000000006,2011-12-07 13:38:00,2010-12-15 10:57:00,6,1
90129D,AMBER GLASS TASSLE BAG CHARM,8,23.6,2011-10-19 15:08:00,2011-10-05 11:57:00,2,50
90129E,PURPLE GLASS TASSLE BAG CHARM,6,17.700000000000003,2011-10-05 11:57:00,2011-10-05 11:57:00,1,65
90129F,RED GLASS TASSLE BAG CHARM,16,47.2,2011-12-07 13:38:00,2010-12-01 11:45:00,5,1
90130A,WHITE STONE/CRYSTAL EARRINGS,1,2.95,2011-11-24 14:40:00,2011-11-24 14:40:00,1,14
90130B,TURQ STONE/CRYSTAL EARRINGS,9,26.55,2011-11-29 11:05:00,2011-05-08 16:13:00,3,10
90131,PINK/AMETHYST/GOLD NECKLACE,4,27.8,2011-03-23 12:15:00,2011-03-23 12:15:00,1,261
90133,TEAL/FUSCHIA COL BEAD NECKLACE,9,44.55,2011-11-17 14:24:00,2010-12-15 13:24:00,3,21
90135,ORANGE/WHT/FUSCHIA STONES NECKLACE,6,29.700000000000003,2011-04-26 12:47:00,2011-04-26 12:47:00,1,227
90138,WHITE/PINK MINI CRYSTALS NECKLACE,4,19.8,2011-04-26 12:47:00,2011-04-26 12:47:00,1,227
90141A,GREEN PENDANT TRIPLE SHELL NECKLACE,4,19.8,2011-07-18 10:29:00,2011-03-04 10:58:00,2,144
90141B,IVORY PENDANT TRIPLE SHELL NECKLACE,6,29.700000000000003,2011-07-18 10:29:00,2011-05-23 08:31:00,2,144
90141C,TURQ PENDANT TRIPLE SHELL NECKLACE,4,19.8,2011-07-18 10:29:00,2011-03-04 10:58:00,2,144
90141D,ROSE PENDANT TRIPLE SHELL NECKLACE,3,14.850000000000001,2011-07-18 10:29:00,2011-07-18 10:29:00,1,144
90141E,ORANGE PENDANT TRIPLE SHELL NECKLAC,3,14.850000000000001,2011-07-18 10:29:00,2011-07-18 10:29:00,1,144
90142D,MOP PENDANT SHELL NECKLACE,9,44.55,2011-10-23 15:29:00,2011-04-10 16:01:00,3,46
90143,SILVER BRACELET W PASTEL FLOWER,18,135.0,2011-09-25 16:05:00,2011-02-20 14:31:00,7,74
90144,SILVER DROP EARRINGS WITH FLOWER,7,26.25,2011-06-02 19:50:00,2011-05-22 14:44:00,3,189
90145,SILVER HOOP EARRINGS WITH FLOWER,21,124.95,2011-11-29 10:57:00,2010-12-16 12:42:00,11,10
90146,FINE SILVER NECKLACE W PASTEL FLOWE,13,63.75,2011-10-26 12:28:00,2010-12-15 10:57:00,3,44
90149,SILVER FLOWR PINK SHELL NECKLACE,4,30.0,2011-09-30 12:19:00,2011-05-22 14:44:00,2,70
90152A,SILVER/NAT SHELL NECKLACE W PENDANT,3,17.85,2011-09-30 12:19:00,2011-02-14 15:23:00,3,70
90152B,BLUE/GREEN SHELL NECKLACE W PENDANT,1,5.95,2010-12-03 14:54:00,2010-12-03 14:54:00,1,370
90152C,BLUE/NAT SHELL NECKLACE W PENDANT,1,5.95,2011-02-14 15:23:00,2011-02-14 15:23:00,1,297
90155,RESIN NECKLACE W PASTEL BEADS,6,45.0,2011-11-23 14:05:00,2011-01-09 12:01:00,4,15
90156,RESIN BRACELET W PASTEL BEADS,3,14.850000000000001,2011-09-04 14:50:00,2011-01-09 12:01:00,2,95
90157,RIVIERA NECKLACE,7,34.65,2011-11-17 14:24:00,2011-04-26 12:47:00,2,21
90158,ST TROPEZ NECKLACE,14,69.30000000000001,2011-11-17 14:24:00,2011-04-26 12:47:00,6,21
90159,COTE D'AZURE NECKLACE,3,14.850000000000001,2011-11-09 15:07:00,2011-04-26 12:47:00,2,29
90160A,PURPLE BOUDICCA LARGE BRACELET,31,215.45000000000002,2011-10-09 15:24:00,2010-12-12 16:14:00,11,60
90160B,RED BOUDICCA LARGE BRACELET,21,145.95000000000002,2011-11-09 15:07:00,2010-12-12 16:14:00,8,29
90160C,TURQ+RED BOUDICCA LARGE BRACELET,41,284.95000000000005,2011-11-17 14:24:00,2010-12-12 16:14:00,16,21
90160D,PINK BOUDICCA LARGE BRACELET,32,222.4,2011-11-17 14:24:00,2010-12-12 16:14:00,9,21
90161A,ANT COPPER RED BOUDICCA BRACELET,9,44.550000000000004,2011-12-07 16:56:00,2010-12-17 17:17:00,6,1
90161B,ANT COPPER TURQ BOUDICCA BRACELET,45,222.75,2011-12-07 16:56:00,2010-12-12 16:14:00,12,1
90161C,ANT COPPER LIME BOUDICCA BRACELET,45,222.75,2011-12-07 16:56:00,2010-12-15 10:57:00,15,1
90161D,ANT COPPER PINK BOUDICCA BRACELET,31,153.45000000000002,2011-12-07 16:56:00,2010-12-15 10:57:00,9,1
90162A,ANT SILVER TURQUOISE BOUDICCA RING,6,17.700000000000003,2011-11-07 11:57:00,2011-11-07 11:57:00,1,32
90162B,ANT SILVER LIME GREEN BOUDICCA RING,27,79.65,2011-11-09 11:10:00,2010-12-05 11:03:00,10,30
90162C,ANT SILVER FUSCHIA BOUDICCA RING,14,41.300000000000004,2011-10-30 16:17:00,2010-12-13 14:16:00,7,39
90162D,ANT SILVER PURPLE BOUDICCA RING,10,29.500000000000004,2011-10-30 16:17:00,2010-12-05 11:03:00,5,39
90163A,PINK ROSEBUD & PEARL NECKLACE,4,30.0,2011-11-08 17:09:00,2011-04-26 12:47:00,2,30
90163B,WHITE ROSEBUD & PEARL NECKLACE,2,15.0,2011-04-26 12:47:00,2011-04-26 12:47:00,1,227
90164A,PINK ROSEBUD PEARL BRACELET,19,70.35,2011-12-02 16:14:00,2011-03-28 14:33:00,6,6
90164B,WHITE  ROSEBUD PEARL BRACELET,28,65.7,2011-11-30 14:33:00,2011-04-26 12:47:00,7,8
90165B,WHITE ROSEBUD  PEARL EARRINGS,1,2.55,2010-12-23 15:16:00,2010-12-23 15:16:00,1,350
90166,PINK & WHITE ROSEBUD RING,14,58.900000000000006,2011-11-14 15:27:00,2011-03-03 18:16:00,8,24
90167,BEADED LOVE HEART JEWELLERY SET,10,8.5,2010-12-05 11:10:00,2010-12-05 11:10:00,1,369
90168,2 DAISIES HAIR COMB,6,17.700000000000003,2011-09-23 14:49:00,2011-09-23 14:49:00,1,76
90169,DAISY HAIR COMB,6,15.299999999999999,2011-09-23 14:49:00,2011-09-23 14:49:00,1,76
90170,DAISY HAIR BAND,46,75.89999999999999,2011-11-07 11:41:00,2010-12-17 17:23:00,6,32
90173,PAIR BUTTERFLY HAIR CLIPS,16,60.0,2011-05-19 12:24:00,2010-12-08 13:51:00,3,204
90174,BUTTERFLY HAIR BAND,16,40.8,2011-09-23 14:49:00,2011-02-09 13:37:00,4,76
90176A,CLASSIC DIAMANTE NECKLACE JET,2,15.0,2011-11-03 11:29:00,2011-11-03 11:29:00,1,36
90176B,DIAMANTE NECKLACE BLACK ,2,15.0,2011-11-03 11:29:00,2011-11-03 11:29:00,1,36
90176C,DIAMANTE NECKLACE,2,15.0,2011-08-22 14:13:00,2011-08-22 14:13:00,1,108
90176D,DIAMANTE NECKLACE PURPLE,7,52.5,2011-11-03 11:29:00,2011-06-26 13:45:00,4,36
90176E,DIAMANTE NECKLACE GREEN,3,22.5,2011-10-09 15:24:00,2011-08-22 14:13:00,2,60
90177A,CLASSIC DIAMANTE EARRINGS JET,6,17.700000000000003,2011-09-23 14:49:00,2011-09-23 14:49:00,1,76
90177B,DROP DIAMANTE EARRINGS BLACK DIAMON,7,20.650000000000002,2011-06-13 14:16:00,2010-12-17 17:17:00,2,178
90177C,DROP DIAMANTE EARRINGS CRYSTAL,13,38.35000000000001,2011-09-23 14:49:00,2010-12-02 13:49:00,3,76
90177D,DROP DIAMANTE EARRINGS PURPLE,17,50.150000000000006,2011-10-09 15:24:00,2010-12-17 17:17:00,6,60
90177E,DROP DIAMANTE EARRINGS GREEN,6,17.700000000000003,2011-09-23 14:49:00,2011-09-23 14:49:00,1,76
90179A,AMBER FINE BEAD NECKLACE W TASSEL,3,17.85,2011-11-03 11:29:00,2010-12-15 13:24:00,2,36
90179C,BLACK FINE BEAD NECKLACE W TASSEL,1,5.95,2010-12-06 12:47:00,2010-12-06 12:47:00,1,368
90180A,BLACK+WHITE NECKLACE W TASSEL,6,17.700000000000003,2011-10-23 15:29:00,2011-10-23 15:29:00,1,46
90182C,BLACK 3 BEAD DROP EARRINGS,6,17.700000000000003,2011-09-23 14:49:00,2011-09-23 14:49:00,1,76
90183A,AMBER DROP EARRINGS W LONG BEADS,20,59.00000000000001,2011-12-07 16:56:00,2011-09-01 12:17:00,5,1
90183C,BLACK DROP EARRINGS W LONG BEADS,1,2.95,2011-03-04 10:58:00,2011-03-04 10:58:00,1,280
90185A,AMBER DIAMANTE EXPANDABLE RING,22,93.5,2011-09-23 14:49:00,2010-12-15 10:57:00,5,76
90185B,AMETHYST DIAMANTE EXPANDABLE RING,13,55.25,2011-09-23 14:49:00,2010-12-02 13:49:00,3,76
90185C,BLACK DIAMANTE EXPANDABLE RING,21,89.25,2011-09-23 14:49:00,2010-12-01 12:23:00,5,76
90185D,CRYSTAL DIAMANTE EXPANDABLE RING,32,136.0,2011-04-27 12:35:00,2010-12-05 10:54:00,8,226
90186A,AMETHYST HOOP EARRING FLORAL LEAF,4,11.8,2011-08-05 16:19:00,2010-12-02 13:49:00,3,125
90186B,CRYSTAL HOOP EARRING FLORAL LEAF,12,35.400000000000006,2011-11-29 11:05:00,2010-12-12 11:06:00,6,10
90187B,GREEN DROP EARRINGS W BEAD CLUSTER,4,13.4,2011-06-13 14:16:00,2011-06-13 14:16:00,1,178
90188,DROP EARRINGS W FLOWER & LEAF,2,5.1,2011-11-18 13:25:00,2011-10-09 15:24:00,2,20
90189A,SILVER 2 STRAND NECKLACE-LEAF CHARM,2,15.0,2011-11-18 13:25:00,2011-10-09 15:24:00,2,20
90190A,SILVER/CRYSTAL DROP EARRINGS W LEAF,6,17.700000000000003,2011-06-13 14:16:00,2011-06-13 14:16:00,1,178
90190B,GOLD/AMBER DROP EARRINGS W LEAF,6,17.700000000000003,2011-06-13 14:16:00,2011-06-13 14:16:00,1,178
90190C,SILVER/AMETHYST DROP EARRINGS LEAF,5,14.75,2011-11-29 11:05:00,2010-12-12 11:06:00,4,10
90191,SILVER LARIAT 40CM,17,50.150000000000006,2011-11-03 11:29:00,2011-10-18 12:17:00,3,36
90192,JADE DROP EARRINGS W FILIGREE,23,113.85000000000001,2011-12-07 16:56:00,2011-02-14 15:23:00,8,1
90194,SILVER LARIAT BLACK STONE EARRINGS,12,51.0,2011-10-19 15:08:00,2010-12-16 12:42:00,6,50
90195A,PURPLE GEMSTONE BRACELET,8,23.6,2011-12-06 11:28:00,2011-10-09 15:24:00,3,3
90195B,BLACK GEMSTONE BRACELET,1,2.95,2011-11-09 15:07:00,2011-11-09 15:07:00,1,29
90197B,BLACK GLASS BRACELET W HEART CHARMS,3,14.850000000000001,2011-01-25 09:01:00,2011-01-25 09:01:00,1,318
90198A,VINTAGE ROSE BEAD BRACELET RASPBERR,34,144.5,2011-11-17 14:24:00,2010-12-17 17:17:00,10,21
90198B,VINTAGE ROSE BEAD BRACELET BLACK,30,127.5,2011-12-04 12:32:00,2010-12-03 14:54:00,11,5
90199A,5 STRAND GLASS NECKLACE BLACK,8,50.8,2011-11-03 11:29:00,2010-12-02 13:49:00,3,36
90199B,5 STRAND GLASS NECKLACE AMETHYST,2,12.7,2011-11-03 11:29:00,2011-11-03 11:29:00,1,36
90199C,5 STRAND GLASS NECKLACE CRYSTAL,16,101.6,2011-11-08 17:09:00,2010-12-01 11:45:00,7,30
90199D,5 STRAND GLASS NECKLACE AMBER,2,12.7,2011-10-09 15:24:00,2010-12-17 17:23:00,2,60
90200A,PURPLE SWEETHEART BRACELET,41,174.25,2011-12-07 16:56:00,2010-12-01 12:23:00,16,1
90200B,BLACK SWEETHEART BRACELET,67,284.75,2011-12-07 16:56:00,2010-12-01 12:23:00,24,1
90200C,BLUE SWEETHEART BRACELET,20,85.0,2011-02-09 13:37:00,2010-12-01 12:23:00,6,302
90200D,PINK SWEETHEART BRACELET,98,404.5,2011-12-07 16:56:00,2010-12-01 12:23:00,24,1
90200E,GREEN SWEETHEART BRACELET,76,311.0,2011-12-07 16:56:00,2010-12-05 15:12:00,18,1
90201A,PURPLE ENAMEL FLOWER RING,47,138.65,2011-10-20 15:57:00,2011-04-27 13:31:00,11,49
90201B,BLACK ENAMEL FLOWER RING,64,188.8,2011-12-04 13:45:00,2011-03-16 08:29:00,10,4
90201C,RED ENAMEL FLOWER RING,52,153.4,2011-10-05 15:18:00,2011-04-27 13:31:00,12,64
90201D,GREEN ENAMEL FLOWER RING,46,135.70000000000002,2011-10-05 15:18:00,2011-04-27 13:31:00,9,64
90202A,PURPLE ENAMEL FLOWER HAIR TIE,6,17.700000000000003,2011-09-23 14:49:00,2011-09-23 14:49:00,1,76
90202B,WHITE ENAMEL FLOWER HAIR TIE,7,20.650000000000002,2011-09-23 14:49:00,2011-02-09 13:37:00,2,76
90202C,GREEN ENAMEL FLOWER HAIR TIE,7,20.650000000000002,2011-09-23 14:49:00,2011-02-09 13:37:00,2,76
90202D,PINK ENAMEL FLOWER HAIR TIE,12,35.400000000000006,2011-09-23 14:49:00,2011-05-19 12:24:00,2,76
90204,PAIR OF ENAMEL BUTTERFLY HAIRCLIP,17,56.95,2011-11-09 15:07:00,2010-12-02 13:49:00,8,29
90205A,LARGE MINT DIAMANTE HAIRSLIDE,16,26.4,2011-11-02 15:56:00,2011-07-07 17:47:00,6,36
90205C,LARGE CRYSTAL DIAMANTE HAIRSLIDE,6,9.899999999999999,2011-09-23 14:49:00,2011-07-07 17:47:00,3,76
90206A,GOLD DIAMANTE STAR BROOCH,6,29.700000000000003,2011-11-27 15:18:00,2011-06-02 19:50:00,3,11
90206C,CRYSTAL DIAMANTE STAR BROOCH,12,59.400000000000006,2011-11-29 11:05:00,2011-06-02 19:50:00,7,10
90208,PAIR OF PINK FLOWER CLUSTER SLIDE,10,25.499999999999996,2011-11-07 11:41:00,2011-06-01 15:28:00,4,32
90209A,PURPLE ENAMEL+GLASS HAIR COMB,8,16.8,2011-09-23 14:49:00,2011-08-05 16:19:00,2,76
90209B,GREEN ENAMEL+GLASS HAIR COMB,20,42.0,2011-10-02 10:58:00,2011-05-08 16:13:00,9,68
90209C,PINK ENAMEL+GLASS HAIR COMB,27,56.7,2011-10-02 10:58:00,2010-12-16 08:41:00,9,68
90210A,GREY ACRYLIC FACETED BANGLE,26,35.9,2011-01-13 15:11:00,2010-12-13 15:42:00,3,329
90210B,CLEAR ACRYLIC FACETED BANGLE,40,58.6,2011-12-08 16:10:00,2010-12-01 11:45:00,6,0
90210C,RED   ACRYLIC FACETED BANGLE,34,40.9,2011-12-08 16:10:00,2010-12-13 15:44:00,4,0
90210D,PURPLE ACRYLIC FACETED BANGLE,44,50.0,2011-11-10 13:44:00,2010-12-13 15:44:00,4,28
90211A,DIAMOND LAS VEGAS NECKLACE 45CM,5,29.75,2011-11-23 14:05:00,2011-08-25 15:50:00,3,15
90211B,JET BLACK LAS VEGAS NECKLACE 45CM,4,23.8,2011-11-03 11:29:00,2010-12-09 11:30:00,2,36
90212B,JET BLACK LAS VEGAS BRACELET ROUND,3,11.25,2010-12-08 10:35:00,2010-12-08 10:35:00,1,366
90212C,PURPLE LAS VEGAS BRACELET ROUND,6,22.5,2011-09-06 16:02:00,2010-12-08 10:35:00,2,93
90214A,"LETTER ""A"" BLING KEY RING",63,55.71,2011-12-08 13:43:00,2011-02-23 14:29:00,14,0
90214B,"LETTER ""B"" BLING KEY RING",13,4.7299999999999995,2011-12-05 15:48:00,2010-12-08 12:08:00,2,3
90214C,"LETTER ""C"" BLING KEY RING",52,40.04,2011-12-08 19:24:00,2010-12-08 12:08:00,9,0
90214D,"LETTER ""D"" BLING KEY RING",39,25.71,2011-12-08 13:43:00,2010-12-20 14:33:00,7,0
90214E,"LETTER ""E"" BLING KEY RING",41,27.25,2011-12-08 13:50:00,2011-06-07 10:55:00,8,0
90214F,"LETTER ""F"" BLING KEY RING",13,3.7699999999999996,2011-12-07 15:07:00,2011-12-05 15:48:00,2,1
90214G,"LETTER ""G"" BLING KEY RING",34,18.5,2011-12-07 15:07:00,2011-01-23 15:34:00,7,1
90214H,"LETTER ""H"" BLING KEY RING",22,15.02,2011-12-07 16:56:00,2011-06-09 13:08:00,6,1
90214I,"LETTER ""I"" BLING KEY RING",25,18.77,2011-12-08 13:50:00,2011-07-13 12:18:00,3,0
90214J,"LETTER ""J"" BLING KEY RING",23,17.23,2011-12-05 15:48:00,2010-12-01 16:57:00,5,3
90214K,"LETTER ""K"" BLING KEY RING",47,34.75,2011-12-08 15:31:00,2010-12-08 12:08:00,12,0
90214L,"LETTER ""L"" BLING KEY RING",51,29.189999999999998,2011-12-08 13:43:00,2011-06-09 13:08:00,5,0
90214M,"LETTER ""M"" BLING KEY RING",27,22.23,2011-12-05 15:48:00,2010-12-01 16:57:00,5,3
90214N,"LETTER ""N"" BLING KEY RING",18,10.02,2011-12-08 15:31:00,2011-06-09 13:08:00,5,0
90214O,"LETTER ""O"" BLING KEY RING",12,3.4799999999999995,2011-12-05 15:48:00,2011-12-05 15:48:00,1,3
90214P,"LETTER ""P"" BLING KEY RING",28,10.999999999999998,2011-12-08 13:50:00,2011-03-07 13:33:00,6,0
90214R,"LETTER ""R"" BLING KEY RING",15,6.27,2011-12-08 14:39:00,2011-01-19 16:08:00,4,0
90214S,"LETTER ""S"" BLING KEY RING",40,26.0,2011-12-08 13:43:00,2010-12-01 16:57:00,6,0
90214T,"LETTER ""T"" BLING KEY RING",12,3.4799999999999995,2011-12-05 15:48:00,2011-12-05 15:48:00,1,3
90214U,"LETTER ""U"" BLING KEY RING",12,3.4799999999999995,2011-12-05 15:48:00,2011-12-05 15:48:00,1,3
90214V,"LETTER ""V"" BLING KEY RING",14,5.9799999999999995,2011-12-05 15:48:00,2010-12-01 16:57:00,3,3
90214W,"LETTER ""W"" BLING KEY RING",12,3.4799999999999995,2011-12-05 15:48:00,2011-12-05 15:48:00,1,3
90214Y,"LETTER ""Y"" BLING KEY RING",13,4.7299999999999995,2011-12-05 15:48:00,2011-05-17 13:20:00,2,3
90214Z,"LETTER ""Z"" BLING KEY RING",12,3.4799999999999995,2011-12-05 15:48:00,2011-12-05 15:48:00,1,3
PADS,PADS TO MATCH ALL CUSHIONS,3,0.003,2011-09-25 14:58:00,2011-04-15 09:27:00,3,74
