CustomerID,Recency,Frequency,Monetary,Recency_log,Frequency_log,Monetary_log,Cluster,Segment,PCA1,PCA2
17850,371,34,4462.16,5.918893854273146,3.5553480614894135,8.403612314311555,0,Champions,1.8370366836848449,2.011281819477516
13047,56,9,2641.31,4.04305126783455,2.302585092994046,7.879408813551023,3,Loyal Customers,1.2293527566486648,0.8025650925515317
12583,2,15,5267.89,1.0986122886681098,2.772588722239781,8.56957499316464,0,Champions,2.4809051670746363,-0.1243173232073626
14688,7,20,3705.92,2.0794415416798357,3.044522437723423,8.217956622124769,0,Champions,2.310321436056348,0.25000602062941935
17809,15,4,729.45,2.772588722239781,1.6094379124341003,6.593660782578523,3,Loyal Customers,0.5834687166738703,-0.23257603531899168
15311,0,91,17712.96,0.0,4.5217885770490405,9.782108308266041,0,Champions,4.36434651989803,0.15064147772666028
16098,87,7,1107.51,4.477336814478207,2.0794415416798357,7.010772050215495,3,Loyal Customers,0.6604947577537784,0.6960778302794218
18074,373,1,185.3,5.924255797414532,0.6931471805599453,5.227358277607543,2,Hibernating,-1.265596334092558,0.494430759919147
17420,49,3,485.08,3.912023005428146,1.3862943611198906,6.186373219407408,3,Loyal Customers,0.01997260302216164,0.07862012650592895
16250,260,2,373.54,5.564520407322694,1.0986122886681098,5.925698606332363,2,Hibernating,-0.6524196593932876,0.6276403232312734
12431,59,13,3866.05,4.0943445622221,2.6390573296152584,8.26024722144354,0,Champions,1.5848031582418622,1.0044496584933291
17511,2,28,12117.42,1.0986122886681098,3.367295829986474,9.402481888089003,0,Champions,3.1884352054225276,0.23818509973586519
13705,7,3,492.78000000000003,2.0794415416798357,1.3862943611198906,6.20209007386322,1,At Risk,0.4493908643309783,-0.6776902976668617
13408,1,52,9337.800000000001,0.6931471805599453,3.970291913552122,9.141933043311283,0,Champions,3.5962298437536466,0.137982979515964
13767,1,36,7636.66,0.6931471805599453,3.6109179126442243,8.94084655252392,0,Champions,3.278988909138191,0.0008328825795682008
17924,11,4,703.38,2.4849066497880004,1.6094379124341003,6.557317983260417,3,Loyal Customers,0.636714301952203,-0.36182079269711126
13448,16,6,3027.5,2.833213344056216,1.9459101490553132,8.015822726421002,0,Champions,1.3168348275294235,0.2553854097592139
15862,7,4,657.29,2.0794415416798357,1.6094379124341003,6.489645563715888,3,Loyal Customers,0.7057556038894388,-0.5484391160487402
16218,29,5,1186.38,3.4011973816621555,1.791759469228055,7.0795044781710565,3,Loyal Customers,0.7391772391086207,0.2019126090607561
14307,88,6,2682.61,4.48863636973214,1.9459101490553132,7.894918182019546,3,Loyal Customers,0.8899820334321069,0.9096639819695748
17908,373,1,218.2,5.924255797414532,0.6931471805599453,5.389984555073861,2,Hibernating,-1.2062393099856061,0.5385033327570494
17920,3,17,3375.62,1.3862943611198906,2.8903717578961645,8.124630488143481,0,Champions,2.3319137628934667,-0.09841431138635445
12838,33,2,575.3000000000001,3.5263605246161616,1.0986122886681098,6.356628358442621,1,At Risk,-0.023924203452957093,-0.10146571211565125
13255,8,2,198.46,2.1972245773362196,1.0986122886681098,5.295613714973722,1,At Risk,-0.10389612412559394,-0.9406328068348768
16583,373,1,233.45,5.924255797414532,0.6931471805599453,5.457242345535596,2,Hibernating,-1.1816908646050965,0.5567305461891168
18085,329,2,689.95,5.799092654460526,1.0986122886681098,6.538067462249494,2,Hibernating,-0.48314261426741,0.8909491763829518
13758,11,7,1955.39,2.4849066497880004,2.0794415416798357,7.578856217222983,0,Champions,1.328477818946421,0.02312040202071105
15983,21,4,1119.91,3.091042453358316,1.6094379124341003,7.021896134389698,3,Loyal Customers,0.6661459149910152,0.01564470822525996
14849,21,25,6635.39,3.091042453358316,3.258096538021482,8.800323419927008,0,Champions,2.4339202773486974,0.8767928068504482
17968,373,1,257.15,5.924255797414532,0.6931471805599453,5.553540811325658,2,Hibernating,-1.14654285258381,0.5828279347159481
16210,1,14,1664.8,0.6931471805599453,2.70805020110221,7.41806076750124,0,Champions,2.110563284476762,-0.6195060575899141
17897,172,3,380.56,5.153291594497779,1.3862943611198906,5.944268112277007,2,Hibernating,-0.3553672253268899,0.5281676671096261
17377,23,20,3484.42,3.1780538303479458,3.044522437723423,8.156343832432377,0,Champions,2.0338408388756615,0.6892617869434866
16552,242,2,189.19000000000003,5.493061443340548,1.0986122886681098,5.24802357249357,2,Hibernating,-0.8832436355692664,0.4143294802593655
17951,39,3,208.38000000000002,3.6888794541139363,1.3862943611198906,5.344150782891209,1,At Risk,-0.23584102942545193,-0.24223703966652052
14729,373,1,290.79,5.924255797414532,0.6931471805599453,5.676034365453476,2,Hibernating,-1.1018338857514542,0.6160243293612717
12748,0,196,20441.1,0.0,5.2832037287379885,9.925351778766304,0,Champions,4.9332725851546435,0.3645836945650179
15012,53,2,343.19,3.9889840465642745,1.0986122886681098,5.8411938304791615,1,At Risk,-0.31900860194356495,-0.049150171743289284
12868,185,6,1534.71,5.225746673713202,1.9459101490553132,7.336748093798927,3,Loyal Customers,0.5158398818777695,1.0643172356542157
17572,70,4,206.85000000000002,4.2626798770413155,1.6094379124341003,5.336816665698646,3,Loyal Customers,-0.21976734524144048,0.045239865066882365
14078,101,6,936.7199999999999,4.624972813284271,1.9459101490553132,6.843451396981317,3,Loyal Customers,0.4746866275582454,0.6812942066683152
14001,45,3,828.0,3.828641396489095,1.3862943611198906,6.720220155135295,3,Loyal Customers,0.2340989142270322,0.18868986883172825
12662,0,11,3289.4300000000003,0.0,2.4849066497880004,8.098773534307181,0,Champions,2.3678585675066754,-0.7740258827160567
15525,1,3,565.97,0.6931471805599453,1.3862943611198906,6.340306392275056,1,At Risk,0.8203413681024319,-1.2155817749812914
14237,372,1,77.45,5.921578419643816,0.6931471805599453,4.362461479179042,2,Hibernating,-1.5806563372715903,0.2589280156523417
17905,156,3,338.59000000000003,5.056245805348308,1.3862943611198906,5.8277390075961,2,Hibernating,-0.37546282554432353,0.4563111004163058
15485,29,3,1388.46,3.4011973816621555,1.3862943611198906,7.236670461434622,3,Loyal Customers,0.521420772550295,0.15125003556128871
12433,0,7,7947.37,0.0,2.0794415416798357,8.980722155180016,0,Champions,2.4146407792181255,-0.628268565867254
16955,184,4,373.87,5.220355825078324,1.6094379124341003,5.926579299200965,3,Loyal Customers,-0.22591855968182473,0.6025294734741986
15350,372,1,115.65,5.921578419643816,0.6931471805599453,4.759177998467439,2,Hibernating,-1.4358586307391727,0.3664402699124701
15605,35,5,944.5300000000001,3.58351893845611,1.791759469228055,6.851745616838937,3,Loyal Customers,0.613895807311549,0.21585703286507235
18144,30,11,912.1500000000001,3.4339872044851463,2.4849066497880004,6.816900160638051,0,Champions,1.1060700475305336,0.3037752291610454
15922,372,1,208.10000000000002,5.921578419643816,0.6931471805599453,5.342812606434588,2,Hibernating,-1.2228376230983105,0.5246083050609117
14594,6,2,273.28,1.9459101490553132,1.0986122886681098,5.614149482416163,1,At Risk,0.07046873861136413,-0.9586100800338042
15165,372,1,362.7,5.921578419643816,0.6931471805599453,5.896329351992943,2,Hibernating,-1.0208093450021491,0.674614241774748
14911,0,193,84980.89,0.0,5.267858159063328,11.350193453948668,0,Champions,5.442913625335402,0.7471938295892938
16456,98,5,1407.13,4.59511985013459,1.791759469228055,7.250017862001332,3,Loyal Customers,0.5253853207001778,0.7436320293051144
17346,3,15,2230.29,1.3862943611198906,2.772588722239781,7.7103351725381275,0,Champions,2.1007805559092985,-0.2377801458391432
17643,372,1,58.8,5.921578419643816,0.6931471805599453,4.091005660956586,2,Hibernating,-1.679735095005191,0.1853620673488185
17841,1,123,32200.74,0.6931471805599453,4.820281565605037,10.37977576733962,0,Champions,4.624774608721286,0.6689391125286653
17873,79,5,1073.26,4.382026634673881,1.791759469228055,6.979387331431885,3,Loyal Customers,0.4758736487876466,0.5818504181501927
13093,275,8,3429.4700000000003,5.62040086571715,2.1972245773362196,8.140452557011816,3,Loyal Customers,0.8884671640396242,1.5037186099540925
12921,8,37,13030.37,2.1972245773362196,3.6375861597263857,9.475114806571906,0,Champions,3.144353292871404,0.7759878673366137
13468,1,37,3762.89,0.6931471805599453,3.6375861597263857,8.23320827604869,0,Champions,3.0388029826360263,-0.18480720431861833
17760,21,2,218.25,3.091042453358316,1.0986122886681098,5.390212631252292,1,At Risk,-0.27601372326415197,-0.5440379476294599
16928,79,17,1867.22,4.382026634673881,2.8903717578961645,7.532741384873362,0,Champions,1.4232847443328642,0.984488764156131
16048,372,2,256.44,5.921578419643816,1.0986122886681098,5.550786683244073,2,Hibernating,-0.8718085533307105,0.674225747012918
16274,372,1,194.2,5.921578419643816,0.6931471805599453,5.274024673978992,2,Hibernating,-1.2479445555611768,0.50596641513543
14496,311,2,291.92,5.7430031878094825,1.0986122886681098,5.679899534192869,2,Hibernating,-0.7833980924022402,0.6351025617412388
14696,3,7,1750.74,1.3862943611198906,2.0794415416798357,7.468364858657212,0,Champions,1.542142060515808,-0.462776489749751
16539,2,4,1372.91,1.0986122886681098,1.6094379124341003,7.225415968453527,0,Champions,1.2010665078285458,-0.7561115634189454
17025,60,3,236.45,4.110873864173311,1.3862943611198906,5.469957074995131,1,At Risk,-0.2874855028241811,-0.03300403495177487
13777,8,20,3343.69,2.1972245773362196,3.044522437723423,8.1151292926324,0,Champions,2.2455597255701387,0.2710223506733483
17690,29,15,3278.02,3.4011973816621555,2.772588722239781,8.095299876246601,0,Champions,1.7754555598757018,0.7027853468508003
12947,143,5,1269.59,4.969813299576001,1.791759469228055,7.147236638503965,3,Loyal Customers,0.4012443031936801,0.8712854705875727
18229,11,20,3664.7,2.4849066497880004,3.044522437723423,8.206774591990586,0,Champions,2.212499019877048,0.4152543751715638
14142,372,1,280.95,5.921578419643816,0.6931471805599453,5.641729750253191,2,Hibernating,-1.1137357461565798,0.6056164164110078
17069,27,9,2422.9500000000003,3.332204510175204,2.302585092994046,7.793153719913758,0,Champions,1.3622139536980356,0.4841693061645801
13065,372,1,138.41,5.921578419643816,0.6931471805599453,4.937419231764997,2,Hibernating,-1.3708022982292731,0.41474457755335037
14606,0,90,8207.41,0.0,4.51085950651685,9.012914517430085,0,Champions,4.076182488464805,-0.06032771089948947
16835,127,2,133.15,4.852030263919617,1.0986122886681098,4.8989585768716335,2,Hibernating,-0.8624464599663226,0.05368614553937245
15235,217,12,2015.51,5.384495062789089,2.5649493574615367,7.609123573388654,3,Loyal Customers,0.998589764984436,1.3463937768748362
13576,9,17,1797.66,2.302585092994046,2.8903717578961645,7.494797222203446,0,Champions,1.8901898098466583,0.11118246223882552
18011,372,1,92.84,5.921578419643816,0.6931471805599453,4.54159120434522,2,Hibernating,-1.5152757137917061,0.30747310924248994
13090,8,13,3737.11,2.1972245773362196,2.6390573296152584,8.226335415083865,0,Champions,2.011028352713284,0.2079044142102867
15694,7,11,2436.7599999999998,2.0794415416798357,2.4849066497880004,7.7988348638501845,0,Champions,1.7776295239513056,0.007712401992302621
14741,11,6,1270.34,2.4849066497880004,1.9459101490553132,7.147826741316996,0,Champions,1.0805510605593232,-0.12440253758794834
13715,280,5,1016.25,5.638354669333745,1.791759469228055,6.924858186881799,3,Loyal Customers,0.1655155863589415,1.088482095114255
17732,372,1,222.52,5.921578419643816,0.6931471805599453,5.409500895508652,2,Hibernating,-1.1984970402362303,0.542681180634544
12855,372,1,38.1,5.921578419643816,0.6931471805599453,3.66612246699132,2,Hibernating,-1.8348133663630186,0.07021649674745527
15752,39,7,2594.4700000000003,3.6888794541139363,2.0794415416798357,7.8615228967339075,3,Loyal Customers,1.1532971957629743,0.5994051079032147
17855,372,1,199.02,5.921578419643816,0.6931471805599453,5.29841736154837,2,Hibernating,-1.2390414596615074,0.5125769612068435
14047,8,4,580.2,2.1972245773362196,1.6094379124341003,6.365094931696128,3,Loyal Customers,0.6330650973200257,-0.5333099147507575
13941,21,5,1389.88,3.091042453358316,1.791759469228055,7.2376919193307545,3,Loyal Customers,0.868620076025469,0.11605973605006933
17017,2,19,5224.44,1.0986122886681098,2.995732273553991,8.56129428381382,0,Champions,2.6292925447859785,-0.07523930081428878
14135,1,15,2849.29,0.6931471805599453,2.772588722239781,7.955176022472035,0,Champions,2.3503965464409133,-0.4591014050286167
13108,372,1,95.3,5.921578419643816,0.6931471805599453,4.56746831880408,2,Hibernating,-1.5058308163822391,0.3144859427746295
15601,10,14,5198.57,2.3978952727983707,2.70805020110221,8.556331208842629,0,Champions,2.1318935686416043,0.39648673696093717
13418,11,18,4699.71,2.4849066497880004,2.9444389791664403,8.455468840118947,0,Champions,2.235360321649255,0.4596330174738468
15658,189,4,583.85,5.247024072160486,1.6094379124341003,6.371355404096716,3,Loyal Customers,-0.06974510511512214,0.7341341549518965
14388,9,8,2804.56,2.302585092994046,2.1972245773362196,7.939358441524448,0,Champions,1.5821287082257625,0.07223975906794966
14901,10,8,1040.31,2.3978952727983707,2.1972245773362196,6.948234814870128,0,Champions,1.1983429979315308,-0.15680368878864998
18041,11,21,2896.07,2.4849066497880004,3.091042453358316,7.971455160404598,0,Champions,2.158174955213502,0.36218099727162645
15955,23,14,3714.51,3.1780538303479458,2.70805020110221,8.220271229021705,0,Champions,1.8288669701592808,0.6291991569076588
16244,211,2,1475.05,5.356586274672012,1.0986122886681098,7.2971248799254145,3,Loyal Customers,-0.103789170441652,0.913005860969446
15111,28,3,1339.68,3.367295829986474,1.3862943611198906,7.200932226915879,3,Loyal Customers,0.516214495241294,0.12749474630673194
14390,9,9,3415.92,2.302585092994046,2.302585092994046,8.136494839491204,0,Champions,1.7255719413843293,0.1498972589427131
16546,290,2,564.95,5.673323267171493,1.0986122886681098,6.338505735078429,2,Hibernating,-0.5269035992145147,0.7846692812823004
15260,99,6,1595.27,4.605170185988092,1.9459101490553132,7.375424936633958,3,Loyal Customers,0.6734300908744153,0.8172432077125823
13305,3,10,1000.21,1.3862943611198906,2.3978952727983707,6.908964547522122,0,Champions,1.554046980412113,-0.5411337995612453
14491,174,2,220.98,5.1647859739235145,1.0986122886681098,5.402587287723834,2,Hibernating,-0.7509340640857123,0.31997405474611756
15923,372,1,78.3,5.921578419643816,0.6931471805599453,4.373238128640803,2,Hibernating,-1.5767229640685643,0.2618485440918515
16752,372,1,77.7,5.921578419643816,0.6931471805599453,4.365643155423357,2,Hibernating,-1.579495056103032,0.2597902665764167
17287,25,7,694.46,3.258096538021482,2.0794415416798357,6.544573497128709,3,Loyal Customers,0.7722177630112993,0.06371862081888235
15363,372,1,310.1,5.921578419643816,0.6931471805599453,5.740114403903592,2,Hibernating,-1.0778262956700773,0.6322791727729811
12915,148,2,201.05,5.003946305945459,1.0986122886681098,5.308515191524482,2,Hibernating,-0.7480843133118691,0.22772730807361985
15544,8,9,3479.21,2.1972245773362196,2.302585092994046,8.15484791577543,0,Champions,1.7566293519366276,0.11114363824274046
15738,18,16,3804.94,2.9444389791664403,2.833213344056216,8.244318283149594,0,Champions,1.9765812939295506,0.567546722762991
15827,72,14,1463.24,4.290459441148391,2.70805020110221,7.2890916155117065,0,Champions,1.2318139292438295,0.8385223536814463
14180,10,25,1779.8200000000002,2.3978952727983707,3.258096538021482,7.484829211365672,0,Champions,2.1140290078914927,0.23261257561503945
13117,21,8,840.7,3.091042453358316,2.1972245773362196,6.73542365621753,3,Loyal Customers,0.9604175360595089,0.07319778447178388
16916,23,2,498.18,3.1780538303479458,1.0986122886681098,6.212966752150066,1,At Risk,0.004167097705216227,-0.2849552495962028
17964,31,2,326.25,3.4657359027997265,1.0986122886681098,5.7907244047900095,1,At Risk,-0.21645764689811184,-0.2799894684956987
14466,28,7,1400.65,3.367295829986474,2.0794415416798357,7.245405393061824,3,Loyal Customers,1.0027684349172326,0.29896832892416425
17235,24,2,357.46,3.2188758248682006,1.0986122886681098,5.8818170778034515,1,At Risk,-0.12613714072919124,-0.3577563381634901
16510,371,1,178.54999999999998,5.918893854273146,0.6931471805599453,5.1904537206720915,2,Hibernating,-1.2778264928843737,0.48220408351525984
17802,81,3,1145.07,4.406719247264253,1.3862943611198906,7.044093977433687,3,Loyal Customers,0.2186616323009359,0.516378967334448
15107,333,3,104.10000000000001,5.811140992976701,1.3862943611198906,4.6549122778829055,2,Hibernating,-0.9780604856612342,0.4517703824836748
17976,371,1,282.64,5.918893854273146,0.6931471805599453,5.647705828435796,2,Hibernating,-1.1109338799171609,0.6061217992661726
14449,18,4,852.55,2.9444389791664403,1.6094379124341003,6.749404122826761,3,Loyal Customers,0.6005827940427928,-0.11904637293553205
16781,371,1,216.8,5.918893854273146,0.6931471805599453,5.38357721049886,2,Hibernating,-1.2073382801560195,0.5345415606112537
13491,51,10,943.34,3.9512437185814275,2.3978952727983707,6.850486270791564,3,Loyal Customers,0.9397021804172989,0.5075401001854393
16186,22,12,3643.08,3.1354942159291497,2.5649493574615367,8.200859212035683,0,Champions,1.7345229767727355,0.5733624026217886
17685,16,7,2499.56,2.833213344056216,2.0794415416798357,7.824269985772038,0,Champions,1.3375250764645632,0.23418530833052498
17581,0,24,7926.01,0.0,3.2188758248682006,8.97803119434765,0,Champions,3.1867997807025503,-0.3669324326675246
15732,211,2,280.2,5.356586274672012,1.0986122886681098,5.63906615993651,2,Hibernating,-0.7089646251494972,0.46366326489751075
13138,21,6,946.49,3.091042453358316,1.9459101490553132,6.853816382811177,3,Loyal Customers,0.833105177813402,0.047481504631888376
17460,93,5,534.08,4.543294782270004,1.791759469228055,6.282416268427386,3,Loyal Customers,0.1842017059911514,0.45989815650143745
17567,6,8,2775.57,1.9459101490553132,2.1972245773362196,7.92897163196119,0,Champions,1.6607987146290186,-0.07860465549258083
15061,3,33,6687.17,1.3862943611198906,3.5263605246161616,8.808095573101776,0,Champions,3.012909854927794,0.2330832174397292
16203,58,4,592.9,4.07753744390572,1.6094379124341003,6.386710955021814,3,Loyal Customers,0.2062377647273436,0.25292770933737263
15640,3,14,7973.33,1.3862943611198906,2.70805020110221,8.98398291158461,0,Champions,2.5218583371197085,0.09254145561796845
15574,177,4,438.65000000000003,5.181783550292085,1.6094379124341003,6.085978955825011,3,Loyal Customers,-0.15882154423423045,0.6297191010030764
16770,57,5,683.0500000000001,4.060443010546419,1.791759469228055,6.528031014366123,3,Loyal Customers,0.385481133311642,0.3260647835661205
17838,26,5,1812.06,3.295836866004329,1.791759469228055,7.502771304526055,3,Loyal Customers,0.9180242664352745,0.27289273509035716
17228,15,8,1798.95,2.772588722239781,2.1972245773362196,7.495514165720668,0,Champions,1.3114678256728243,0.14701957239225957
14829,28,4,650.83,3.367295829986474,1.6094379124341003,6.479783791732742,3,Loyal Customers,0.4044120226619259,-0.016618118160663015
17412,2,7,1178.74,1.0986122886681098,2.0794415416798357,7.073049354198459,0,Champions,1.4643660677027142,-0.689304730096401
14031,6,16,6164.41,1.9459101490553132,2.833213344056216,8.726709917847787,0,Champions,2.3835034237943296,0.2838615092132484
14775,57,3,879.42,4.060443010546419,1.3862943611198906,6.780399066341123,3,Loyal Customers,0.20247250440646977,0.30120246924354216
12971,3,78,5357.93,1.3862943611198906,4.3694478524670215,8.58651960727108,0,Champions,3.5040974228844317,0.3669417354048419
17659,16,12,2354.81,2.833213344056216,2.5649493574615367,7.764639896358191,0,Champions,1.6451926412511306,0.3296901273723572
15646,157,3,364.57000000000005,5.062595033026967,1.3862943611198906,5.901457779320365,2,Hibernating,-0.35002408733859586,0.4789243710112187
13402,126,2,587.23,4.844187086458591,1.0986122886681098,6.377118027879466,3,Loyal Customers,-0.3211192095790686,0.4510199715412406
17757,0,30,4296.3,0.0,3.4339872044851463,8.365742197488764,0,Champions,3.1092798787467526,-0.4833911871288866
13011,371,1,50.550000000000004,5.918893854273146,0.6931471805599453,3.942552210462969,2,Hibernating,-1.7332985185533236,0.14401623921309412
16029,65,16,1324.35,4.189654742026425,2.833213344056216,7.189431854482001,0,Champions,1.303671552958045,0.7984644503552348
16634,222,2,172.5,5.407171771460119,1.0986122886681098,5.156177599386914,2,Hibernating,-0.89690935752497,0.35379225519808943
18239,218,5,1457.81,5.389071729816501,1.791759469228055,7.285376313860303,3,Loyal Customers,0.3547339378316424,1.0827253827676924
14576,371,1,35.400000000000006,5.918893854273146,0.6931471805599453,3.594568774642695,2,Hibernating,-1.8603091192422676,0.04971090577920956
18168,175,6,853.78,5.170483995038151,1.9459101490553132,6.750844125885357,3,Loyal Customers,0.3147669771056858,0.8825987188848354
14395,1,9,3129.21,0.6931471805599453,2.302585092994046,8.048855373935345,0,Champions,2.065676701194826,-0.5418127939023544
14865,6,2,43.08,1.9459101490553132,1.0986122886681098,3.786006164844659,1,At Risk,-0.596785955172851,-1.4540464927530339
15093,17,6,1807.28,2.8903717578961645,1.9459101490553132,7.500131396218063,0,Champions,1.1153977816334535,0.1393526121130637
12738,371,1,110.4,5.918893854273146,0.6931471805599453,4.713127327493184,2,Hibernating,-1.4520460265797992,0.3528461312914091
16150,42,5,1841.32,3.7612001156935624,1.791759469228055,7.518780925939761,3,Loyal Customers,0.8162784526412894,0.4703694824918333
17552,59,4,859.27,4.0943445622221,1.6094379124341003,6.757246293462842,3,Loyal Customers,0.3375938883523506,0.3603201250836339
14236,80,2,302.64,4.394449154672439,1.0986122886681098,5.715842789148567,2,Hibernating,-0.45850160700574605,0.08515778288207512
17961,20,37,858.24,3.044522437723423,3.6375861597263857,6.756048277605776,0,Champions,1.956030066967547,0.39075761941052284
14573,179,9,778.7,5.19295685089021,2.302585092994046,6.658909230315555,3,Loyal Customers,0.518030947862474,0.9490445426669364
17135,15,5,635.77,2.772588722239781,1.791759469228055,6.456408522867672,3,Loyal Customers,0.6570837436015641,-0.2278388764438837
17396,148,2,108.75,5.003946305945459,1.0986122886681098,4.698205051955281,2,Hibernating,-0.9708416329254179,0.0623300641660667
12967,357,2,452.2,5.8805329864007,1.0986122886681098,6.116333529153851,2,Hibernating,-0.6558999483905301,0.8104569635902934
12686,371,1,71.14,5.918893854273146,0.6931471805599453,4.278608675475393,2,Hibernating,-1.6106411472735138,0.23508930109865317
13370,371,1,604.75,5.918893854273146,0.6931471805599453,6.406467359696635,2,Hibernating,-0.833993232906377,0.8117501477353655
16883,186,2,208.78,5.231108616854587,1.0986122886681098,5.346059362533458,2,Hibernating,-0.7868996063273261,0.33218034185511924
13520,58,6,1582.45,4.07753744390572,1.9459101490553132,7.3673612898565555,3,Loyal Customers,0.7924724392108935,0.5960763748546006
12841,4,25,3308.77,1.6094379124341003,3.258096538021482,8.104633979551982,0,Champions,2.5225383528499434,0.07335225658780783
16905,4,7,2036.51,1.6094379124341003,2.0794415416798357,7.619483753078434,0,Champions,1.545709560003589,-0.32921200266984035
12427,21,3,425.62,3.091042453358316,1.3862943611198906,6.055893687263672,1,At Risk,0.16215457396586694,-0.29746915171848576
17967,371,1,84.42,5.918893854273146,0.6931471805599453,4.44758026541332,2,Hibernating,-1.548968145261814,0.28088148684562025
16891,1,5,615.9300000000001,0.6931471805599453,1.791759469228055,6.424755565281195,0,Champions,1.126285038344837,-1.0994402288376695
14680,24,15,3943.2,3.2188758248682006,2.772588722239781,8.28000142437597,0,Champions,1.8850214872808977,0.6771721656851425
17884,3,4,537.22,1.3862943611198906,1.6094379124341003,6.288267398509082,1,At Risk,0.7925059539394698,-0.8906880651099763
14083,3,8,820.1,1.3862943611198906,2.1972245773362196,6.710644904714743,0,Champions,1.3455009883852491,-0.6410329309773384
13013,0,13,4146.400000000001,0.0,2.6390573296152584,8.33023691086374,0,Champions,2.55693644277779,-0.6758440462715242
14210,105,6,1616.1200000000001,4.663439094112067,1.9459101490553132,7.388402068326353,3,Loyal Customers,0.6646951994229544,0.8449432162788972
16477,63,7,2450.7200000000003,4.1588830833596715,2.0794415416798357,7.804545098039721,3,Loyal Customers,1.023838849268341,0.7790277624743001
12779,37,8,2523.53,3.6375861597263857,2.1972245773362196,7.833810185769657,0,Champions,1.234960432232626,0.5976963787062374
16926,370,1,33.45,5.916202062607435,0.6931471805599453,3.539508997459668,2,Hibernating,-1.8797830813559808,0.033672253092947274
17787,152,4,1630.29,5.030437921392435,1.6094379124341003,7.397126391843164,3,Loyal Customers,0.3547248297606369,0.9222344837511075
12682,3,30,8429.54,1.3862943611198906,3.4339872044851463,9.039616105883844,0,Champions,3.034734481951825,0.2745809944204983
14723,9,6,990.64,2.302585092994046,1.9459101490553132,6.899360138193755,0,Champions,1.032014787035828,-0.2674065561666686
17954,4,11,2017.57,1.6094379124341003,2.4849066497880004,7.610144618908926,0,Champions,1.8174214019295152,-0.23848757892329453
17819,71,6,676.81,4.276666119016055,1.9459101490553132,6.518867012678753,3,Loyal Customers,0.4367428582275119,0.4487736488870426
12712,28,13,2586.98,3.367295829986474,2.6390573296152584,7.85863292761566,0,Champions,1.6063070848398608,0.5938656294299551
15373,7,10,1400.01,2.0794415416798357,2.3978952727983707,7.244948684070277,0,Champions,1.5164265127545689,-0.16240592735927076
16140,65,2,501.9,4.189654742026425,1.0986122886681098,6.220391343177919,3,Loyal Customers,-0.22699901621346125,0.136897985774595
17198,23,3,354.97,3.1780538303479458,1.3862943611198906,5.874846457638221,1,At Risk,0.07595757525023208,-0.31042187640393604
17238,2,17,3278.1,1.0986122886681098,2.8903717578961645,8.095324273482396,0,Champions,2.3877276337626925,-0.225752117473095
12793,334,2,395.48,5.814130531825066,1.0986122886681098,5.9826255984407775,2,Hibernating,-0.689350208352347,0.7466626393572515
14396,64,2,451.09,4.174387269895637,1.0986122886681098,6.11388127505571,3,Loyal Customers,-0.2623444173789669,0.10169679482382457
14898,22,6,881.02,3.1354942159291497,1.9459101490553132,6.782214731486662,3,Loyal Customers,0.7966942861752954,0.04652573924790708
12725,370,1,371.8,5.916202062607435,0.6931471805599453,5.921042082811436,2,Hibernating,-1.0105464551409704,0.6790801908831905
16725,301,6,578.48,5.71042701737487,1.9459101490553132,6.362131149673451,3,Loyal Customers,0.04805892255626079,1.0013461009425344
12395,18,12,1844.57,2.9444389791664403,2.5649493574615367,7.520543451850969,0,Champions,1.5303850965244379,0.30970029279504585
16455,63,7,1841.18,4.1588830833596715,2.0794415416798357,7.518704931910683,3,Loyal Customers,0.919509943165387,0.7015635805598534
13081,11,10,17925.53,2.4849066497880004,2.3978952727983707,9.794037017473771,0,Champions,2.3530781069042286,0.6966891033764383
15545,53,2,229.37,3.9889840465642745,1.0986122886681098,5.439686712010562,1,At Risk,-0.4655548310115546,-0.15796070346875798
17243,0,26,5730.54,0.0,3.295836866004329,8.653739534506547,0,Champions,3.120656881381032,-0.43711643437732794
15465,19,18,1854.59,2.995732273553991,2.9444389791664403,7.52595798377059,0,Champions,1.777998018920947,0.4197368514740086
16033,5,20,6909.12,1.791759469228055,3.044522437723423,8.84074228274696,0,Champions,2.604142557439892,0.29938852763217255
13838,5,4,510.67,1.791759469228055,1.6094379124341003,6.237679885989948,1,At Risk,0.6803009164254715,-0.7361188026535689
18055,6,10,5424.71,1.9459101490553132,2.3978952727983707,8.598904045421236,0,Champions,2.041478823189261,0.14910400652153946
15038,58,6,383.54,4.07753744390572,1.9459101490553132,5.952047814744191,3,Loyal Customers,0.2758966596383836,0.21251901135734272
18109,1,26,3443.77,0.6931471805599453,3.295836866004329,8.144612417793729,0,Champions,2.77457895030244,-0.2874181375045275
13069,0,24,3445.14,0.0,3.2188758248682006,8.145010043076326,0,Champions,2.88275508799996,-0.5926855270438167
16241,9,13,2287.15,2.302585092994046,2.6390573296152584,7.735498909791322,0,Champions,1.807519043718002,0.11861255133837015
14800,47,12,3555.27,3.871201010907891,2.5649493574615367,8.176467521760408,0,Champions,1.5555292794473554,0.8720899040961733
15708,40,7,2667.2200000000003,3.713572066704308,2.0794415416798357,7.889166862406592,3,Loyal Customers,1.1576781940153165,0.6171448546415423
16839,8,29,3731.29,2.1972245773362196,3.4011973816621555,8.22477726527194,0,Champions,2.5275950891239347,0.38277135787147065
16168,10,23,1838.22,2.3978952727983707,3.1780538303479458,7.5170968476830184,0,Champions,2.071494947306443,0.22294776650566242
16931,4,21,4190.9,1.6094379124341003,3.091042453358316,8.340909370754511,0,Champions,2.4954252636821947,0.09896234337515525
16814,13,21,4873.4800000000005,2.6390573296152584,3.091042453358316,8.491768711075988,0,Champions,2.3124456814350993,0.567165303268446
15351,11,7,1632.8600000000001,2.4849066497880004,2.0794415416798357,7.3987005924347,0,Champions,1.2627227519906774,-0.02570271573947905
13269,0,15,4350.16,0.0,2.772588722239781,8.37819775520016,0,Champions,2.665046842130284,-0.6321347118796595
14813,369,2,110.93,5.91350300563827,1.0986122886681098,4.717873675901176,2,Hibernating,-1.1739467876198582,0.4451504498234659
12567,22,10,6673.58,3.1354942159291497,2.3978952727983707,8.806061559940504,0,Champions,1.842064671591036,0.6989536266794951
17062,313,4,488.0,5.749392985908253,1.6094379124341003,6.192362489474872,3,Loyal Customers,-0.25122045131647797,0.8941225231737017
15332,369,3,1266.86,5.91350300563827,1.3862943611198906,7.14508571880689,3,Loyal Customers,-0.09283665538482083,1.1691033680033758
14810,40,11,2035.53,3.713572066704308,2.4849066497880004,7.619002658136361,0,Champions,1.334191398827554,0.6371843184968681
18118,10,26,4641.61,2.3978952727983707,3.295836866004329,8.443031987076477,0,Champions,2.4893717594927716,0.5009706725706513
13506,315,2,379.45,5.755742213586912,1.0986122886681098,5.941354762622532,2,Hibernating,-0.6909146393541868,0.7112453304483547
17796,39,4,578.05,3.6888794541139363,1.6094379124341003,6.361388829630386,3,Loyal Customers,0.28685081172029836,0.08476193608399815
15716,145,4,824.64,4.983606621708336,1.6094379124341003,6.716158843166057,3,Loyal Customers,0.11700535022643979,0.7182524840312561
18156,12,2,639.19,2.5649493574615367,1.0986122886681098,6.461765007295054,1,At Risk,0.23672211265357088,-0.4719841906621822
16983,12,7,1529.87,2.5649493574615367,2.0794415416798357,7.333591480230132,0,Champions,1.2204531631187505,-0.010127785524540332
17059,29,5,2549.16,3.4011973816621555,1.791759469228055,7.84391138128212,3,Loyal Customers,1.0181783924424117,0.40907088286515547
16327,13,6,3170.06,2.6390573296152584,1.9459101490553132,8.061821195835213,0,Champions,1.3785115229302494,0.18727135498736297
17211,26,8,1798.93,3.295836866004329,2.1972245773362196,7.495503054239175,0,Champions,1.190491961022031,0.36417837921394125
17026,369,1,20.4,5.91350300563827,0.6931471805599453,3.0633909220278057,2,Hibernating,-2.052937585055848,-0.09647841871831539
15570,6,12,3204.18,1.9459101490553132,2.5649493574615367,8.07252353002422,0,Champions,1.9627063376599636,0.04487391184919154
15880,368,1,292.18,5.910796644040527,0.6931471805599453,5.680786754861885,2,Hibernating,-1.0969876344823781,0.6117263471717199
16718,368,1,482.93,5.910796644040527,0.6931471805599453,6.181940268157806,2,Hibernating,-0.9140714315572351,0.7475415737256185
15808,305,4,2909.07,5.723585101952381,1.6094379124341003,7.97593241485904,3,Loyal Customers,0.405732010680643,1.3667683588003277
17858,5,9,2056.11,1.791759469228055,2.302585092994046,7.629057364158999,0,Champions,1.6584619503797091,-0.1996270979825361
16393,1,13,3025.84,0.6931471805599453,2.6390573296152584,8.015274450009906,0,Champions,2.2817267399959857,-0.47352611085559976
14527,2,54,4319.12,1.0986122886681098,4.007333185232471,8.371038458630139,0,Champions,3.2462533073518522,0.10586459990416644
14161,215,3,878.02,5.375278407684165,1.3862943611198906,6.778807650554883,3,Loyal Customers,-0.10209034583359983,0.8464626507100463
17863,58,6,2891.44,4.07753744390572,1.9459101490553132,7.969855715551044,3,Loyal Customers,1.0123770985772664,0.7593555193726204
16411,18,2,203.75,2.9444389791664403,1.0986122886681098,5.321789722733179,1,At Risk,-0.26709358813855166,-0.6234252331922308
16402,264,2,208.6,5.579729825986222,1.0986122886681098,5.345200952446887,2,Hibernating,-0.8678120347147922,0.4766347300579713
15023,2,11,4469.84,1.0986122886681098,2.4849066497880004,8.40533158941605,0,Champions,2.225756780754527,-0.23499388941643187
15426,18,5,1196.07,2.9444389791664403,1.791759469228055,7.087632183380276,3,Loyal Customers,0.8477435558420141,0.01454844273603394
12647,21,12,1843.87,3.091042453358316,2.5649493574615367,7.520164093287549,0,Champions,1.4963527969352766,0.3704418036733669
15894,252,2,249.65,5.53338948872752,1.0986122886681098,5.524057543709512,2,Hibernating,-0.7918174965188182,0.505873337397079
15867,4,15,2246.76,1.6094379124341003,2.772588722239781,7.717689443748323,0,Champions,2.0518753533306433,-0.14317662451886398
12472,31,7,5052.03,3.4657359027997265,2.0794415416798357,8.527743342341372,0,Champions,1.4480506789939358,0.6873438622300195
14506,16,5,1206.85,2.833213344056216,1.791759469228055,7.0965971985993255,3,Loyal Customers,0.8767303947516492,-0.0291835713647033
15555,11,16,4014.34,2.4849066497880004,2.833213344056216,8.297877305236353,0,Champions,2.1023709186523347,0.3913434282088798
13034,54,2,627.82,4.007333185232471,1.0986122886681098,6.443845047224953,3,Loyal Customers,-0.10328892533826495,0.12178684180068725
17402,4,9,619.91,1.6094379124341003,2.302585092994046,6.431186143894236,0,Champions,1.2634021406546776,-0.5999247396676253
15889,156,2,330.27,5.056245805348308,1.0986122886681098,5.802933752836283,2,Hibernating,-0.5797176311965141,0.38342300279567093
15953,14,8,955.93,2.70805020110221,2.1972245773362196,6.863730243532151,0,Champions,1.0957936984455146,-0.05098237219235592
16143,2,6,1948.19,1.0986122886681098,1.9459101490553132,7.57516918064632,0,Champions,1.557029812266005,-0.5839393220323078
12720,2,25,4424.39,1.0986122886681098,3.258096538021482,8.395113689151538,0,Champions,2.74666044511769,-0.059932364672321096
16422,16,37,3487.44,2.833213344056216,3.6375861597263857,8.157209923862023,0,Champions,2.516293950986182,0.6827809007792104
12747,1,11,2640.41,0.6931471805599453,2.4849066497880004,7.879068144473666,0,Champions,2.1274167776907307,-0.5458927822094987
15502,15,9,3505.42,2.772588722239781,2.302585092994046,8.162350852944138,0,Champions,1.62634713808511,0.3519683103914259
12763,368,1,320.08,5.910796644040527,0.6931471805599453,5.771690313263376,2,Hibernating,-1.0638087116692274,0.6363616875440896
14081,301,2,682.15,5.71042701737487,1.0986122886681098,6.526714454784496,2,Hibernating,-0.4667873930628924,0.8510738675611577
17965,37,14,2060.67,3.6375861597263857,2.70805020110221,7.631271612972046,0,Champions,1.5076466884796036,0.660295246491853
14404,33,6,1078.73,3.5263605246161616,1.9459101490553132,6.984466288863056,3,Loyal Customers,0.7801482268698572,0.2635568258620723
13579,14,2,321.29,2.70805020110221,1.0986122886681098,5.77545176134656,1,At Risk,-0.04685965872582912,-0.5985880396908558
13174,15,3,1994.53,2.772588722239781,1.3862943611198906,7.598664958201891,3,Loyal Customers,0.7988757991029417,-0.011536778690896643
15987,11,5,506.44,2.4849066497880004,1.791759469228055,6.229378477325642,3,Loyal Customers,0.6407303215894172,-0.4087608761434576
17677,1,22,3506.64,0.6931471805599453,3.1354942159291497,8.162698725649049,0,Champions,2.672382862931158,-0.3193948313977477
13652,45,3,1003.64,3.828641396489095,1.3862943611198906,6.912384547365799,3,Loyal Customers,0.3042370655752126,0.24076742545651303
17428,0,25,5667.59,0.0,3.258096538021482,8.642695688547807,0,Champions,3.0910180117249815,-0.44878950126937456
16858,368,1,320.04,5.910796644040527,0.6931471805599453,5.771565725958661,2,Hibernating,-1.0638541848348473,0.6363279237320707
16161,1,19,4613.87,0.6931471805599453,2.995732273553991,8.437038977526115,0,Champions,2.6776816383299473,-0.27719188278770723
18219,2,10,1616.92,1.0986122886681098,2.3978952727983707,7.388896652638328,0,Champions,1.7957279306619434,-0.5304653541989601
14293,2,4,951.1600000000001,1.0986122886681098,1.6094379124341003,6.8587330878965425,0,Champions,1.0672307900102163,-0.8554845443021033
14748,28,5,1330.09,3.367295829986474,1.791759469228055,7.193753434441176,3,Loyal Customers,0.788714841067424,0.21880463396589056
16638,22,10,1125.55,3.1354942159291497,2.3978952727983707,7.026915144151395,0,Champions,1.1926933747926856,0.21679563093124615
17674,73,2,271.32,4.30406509320417,1.0986122886681098,5.60697784538501,2,Hibernating,-0.47734001353082267,0.018143037104685775
12808,36,3,445.7,3.6109179126442243,1.3862943611198906,6.101887228358073,3,Loyal Customers,0.058749708447475596,-0.06924259638722777
15899,368,1,43.5,5.910796644040527,0.6931471805599453,3.7954891891721947,2,Hibernating,-1.785103078055744,0.10080083390595657
12708,29,10,2117.96,3.4011973816621555,2.3978952727983707,7.658680681261437,0,Champions,1.3618527413674653,0.4982812408046126
15898,0,5,683.53,0.0,1.791759469228055,6.528732471379497,0,Champions,1.324487046829288,-1.3589363544856998
14443,53,4,1370.33,3.9889840465642745,1.6094379124341003,7.223536350817483,3,Loyal Customers,0.5321439803951826,0.4429597720190516
17691,357,2,242.70000000000002,5.8805329864007,1.0986122886681098,5.495937960631161,2,Hibernating,-0.8823383523826178,0.6423265156207695
17227,18,6,369.86,2.9444389791664403,1.9459101490553132,5.915824632899237,3,Loyal Customers,0.524641065538404,-0.2675634907237735
15039,9,45,13964.12,2.302585092994046,3.828641396489095,9.544318071253207,0,Champions,3.2748899523448345,0.8824116669739459
15919,19,2,483.74,2.995732273553991,1.0986122886681098,6.183612664719672,1,At Risk,0.03560478090472882,-0.36857862896937366
13497,282,2,348.05,5.645446897643238,1.0986122886681098,5.855215178416411,2,Hibernating,-0.6968551469172678,0.6421255789161557
15860,40,8,754.76,3.713572066704308,2.1972245773362196,6.6277238654608785,3,Loyal Customers,0.7771830653780326,0.3023768308532072
14189,1,15,3787.7400000000002,0.6931471805599453,2.772588722239781,8.23978878897559,0,Champions,2.4542774635085545,-0.3819698548403467
15304,60,5,242.60000000000002,4.110873864173311,1.791759469228055,5.495527535835742,3,Loyal Customers,-0.003031995130195364,0.06718107185777597
14344,126,8,615.5300000000001,4.844187086458591,2.1972245773362196,6.4241069832209385,3,Loyal Customers,0.44147350480959757,0.7164307242192424
16719,14,7,1263.97,2.70805020110221,2.0794415416798357,7.142803685465386,0,Champions,1.1177334062290671,-0.0024416423048623306
15048,64,4,281.3,4.174387269895637,1.6094379124341003,5.642970335259443,3,Loyal Customers,-0.08761148888296262,0.09156534573504557
15301,50,11,3478.54,3.9318256327243257,2.4849066497880004,8.154655380123412,0,Champions,1.4792405748208992,0.8729300133581999
14708,2,2,525.81,1.0986122886681098,1.0986122886681098,6.266839952225027,1,At Risk,0.5045846158115083,-1.1333785653786523
16898,25,3,441.54,3.258096538021482,1.3862943611198906,6.092530855842785,1,At Risk,0.1369048925029683,-0.21820842392943252
14825,3,12,1979.3100000000002,1.3862943611198906,2.5649493574615367,7.591008677090024,0,Champions,1.916337845161329,-0.3178744871458418
17596,22,7,1236.59,3.1354942159291497,2.0794415416798357,7.1209212190710724,3,Loyal Customers,1.010924043506923,0.16902866554255444
15078,6,31,9220.62,1.9459101490553132,3.4657359027997265,9.12930600610548,0,Champions,2.9596331100322706,0.5384448548895526
14085,1,18,3838.85,0.6931471805599453,2.9444389791664403,8.253188582318813,0,Champions,2.5757739392780867,-0.3388135583800677
17860,368,1,194.65,5.910796644040527,0.6931471805599453,5.276327348656421,2,Hibernating,-1.2446114201242369,0.5021157300089617
13155,32,4,843.0600000000001,3.4965075614664802,1.6094379124341003,6.738223582116573,3,Loyal Customers,0.46886708411964906,0.10704670428395521
15028,7,4,520.84,2.0794415416798357,1.6094379124341003,6.257361027487841,1,At Risk,0.6209739866048893,-0.6113894417988285
16919,155,11,1592.8,5.049856007249537,2.4849066497880004,7.373876380963647,3,Loyal Customers,0.935781897404091,1.125346989946657
17259,147,2,485.33,4.997212273764115,1.0986122886681098,6.186887405821592,2,Hibernating,-0.42593005208663326,0.4629759765739439
17019,10,4,1115.28,2.3978952727983707,1.6094379124341003,7.017757007529451,3,Loyal Customers,0.824886613319131,-0.2731514285387329
16722,16,13,3271.29,2.833213344056216,2.6390573296152584,8.093245324602005,0,Champions,1.8154149923768779,0.4357884610083893
15882,198,4,423.48,5.293304824724492,1.6094379124341003,6.0508648903894295,3,Loyal Customers,-0.1974208845092032,0.6664872836947937
14667,10,25,5931.84,2.3978952727983707,3.258096538021482,8.688258298087826,0,Champions,2.553269027551713,0.5587481602581632
16710,18,10,2122.44,2.9444389791664403,2.3978952727983707,7.6607926941151465,0,Champions,1.468223388362062,0.3092867903484498
15984,2,9,1815.66,1.0986122886681098,2.302585092994046,7.504754929257676,0,Champions,1.7733441992414252,-0.5209881204992662
14487,26,6,946.3299999999999,3.295836866004329,1.9459101490553132,6.853647501333906,3,Loyal Customers,0.785696306985476,0.13243083434650146
17682,9,6,2353.4900000000002,2.302585092994046,1.9459101490553132,7.764079422488351,0,Champions,1.3476289928289293,-0.03306310174365532
16658,367,1,91.44,5.908082938168931,0.6931471805599453,4.52655978540618,2,Hibernating,-1.5176419630829234,0.2977985342638973
16550,108,5,1934.1000000000001,4.6913478822291435,1.791759469228055,7.567914283715102,3,Loyal Customers,0.6191671116232593,0.8697208026335733
17068,11,21,4232.74,2.4849066497880004,3.091042453358316,8.350841042156945,0,Champions,2.2966471460540956,0.46499655800205764
13089,3,80,36347.88,1.3862943611198906,4.394449154672439,10.500918670932647,0,Champions,4.219798784620268,0.8915041080644248
15356,30,10,2680.48,3.4339872044851463,2.3978952727983707,7.894124159883138,0,Champions,1.4402065332827663,0.5756963001555316
17223,309,2,225.09,5.736572297479192,1.0986122886681098,5.420933150088225,2,Hibernating,-0.8764315440536542,0.5622523259226831
16817,2,9,1262.71,1.0986122886681098,2.302585092994046,7.1418071180038805,0,Champions,1.640871745725302,-0.6193488780413747
13030,10,2,514.84,2.3978952727983707,1.0986122886681098,6.2457966398782085,1,At Risk,0.19651763468799407,-0.5998446124614563
17191,27,7,1795.56,3.332204510175204,2.0794415416798357,7.493629004270286,3,Loyal Customers,1.1014805620688572,0.3516744016764704
15194,2,15,5099.79,1.0986122886681098,2.772588722239781,8.537150708677132,0,Champions,2.4690706156973268,-0.1331044741036164
16654,140,4,381.87,4.948759890378168,1.6094379124341003,5.947695505975275,3,Loyal Customers,-0.15542000873691073,0.49553258024922686
13495,7,5,1716.07,2.0794415416798357,1.791759469228055,7.448374628849212,0,Champions,1.1793932528255489,-0.2466852786840212
17519,16,6,1151.1000000000001,2.833213344056216,1.9459101490553132,7.049341643044008,3,Loyal Customers,0.9640785457114209,-0.006536025123346088
17218,3,10,1554.88,1.3862943611198906,2.3978952727983707,7.349796580941751,0,Champions,1.7149464244778174,-0.42166600994654957
17812,12,4,547.26,2.5649493574615367,1.6094379124341003,6.306749626985734,3,Loyal Customers,0.5267538761956474,-0.3965062888418384
14215,11,6,1650.47,2.4849066497880004,1.9459101490553132,7.409421079361584,0,Champions,1.176030473059377,-0.05350910205542309
15602,7,7,619.7,2.0794415416798357,2.0794415416798357,6.430847873419607,0,Champions,1.003206919320046,-0.4562746143297594
17320,99,3,815.88,4.605170185988092,1.3862943611198906,6.705492205247283,3,Loyal Customers,0.04919459055444966,0.5069785019101876
12913,4,5,1088.45,1.6094379124341003,1.791759469228055,6.993428260720287,0,Champions,1.122004211650351,-0.5650420633188471
17869,106,5,275.03,4.672828834461906,1.791759469228055,5.620509555462379,3,Loyal Customers,-0.08733535584138273,0.33427802846951904
13564,353,2,868.59,5.869296913133774,1.0986122886681098,6.7680218362008615,2,Hibernating,-0.4154422841490255,0.9824046400063066
13963,307,4,469.02,5.730099782973574,1.6094379124341003,6.152775246990232,3,Loyal Customers,-0.2612089413983245,0.8753869836807249
17450,10,9,2545.34,2.3978952727983707,2.302585092994046,7.842412313013559,0,Champions,1.5961995155317354,0.10975559951271419
17091,2,9,3421.37,1.0986122886681098,2.302585092994046,8.13808857251132,0,Champions,2.0045048758309516,-0.34935138652328657
17470,44,5,734.41,3.8066624897703196,1.791759469228055,6.600428166816601,3,Loyal Customers,0.4705779192050823,0.24035916311411196
12681,14,21,9584.4,2.70805020110221,3.091042453358316,9.167996386481713,0,Champions,2.543311531413973,0.7790604109187811
14907,2,7,2998.58,1.0986122886681098,2.0794415416798357,8.006227557849332,0,Champions,1.804967119348006,-0.43640855002080375
17735,1,19,12077.380000000001,0.6931471805599453,2.995732273553991,9.399172356535534,0,Champions,3.028851049950977,-0.016448698556904617
16059,65,6,1303.51,4.189654742026425,1.9459101490553132,7.173582770319728,3,Loyal Customers,0.6958243051034079,0.5900930251814851
17720,25,4,860.54,3.258096538021482,1.6094379124341003,6.75872148553434,3,Loyal Customers,0.5314678093382266,0.01365486342907215
15018,38,3,275.36,3.6635616461296463,1.3862943611198906,5.621704363620594,1,At Risk,-0.12868332291769677,-0.17752612568841583
14733,15,12,4398.04,2.772588722239781,2.5649493574615367,8.389141614283055,0,Champions,1.887145796440141,0.4737725419299457
14176,296,4,517.2,5.6937321388027,1.6094379124341003,6.250361268128009,3,Loyal Customers,-0.21718300450507327,0.8867397722975481
15353,254,2,548.27,5.541263545158426,1.0986122886681098,6.308590123892623,2,Hibernating,-0.5072910992644806,0.7217537167478314
18119,367,1,140.09,5.908082938168931,0.6931471805599453,4.949397984625066,2,Hibernating,-1.3633100951006794,0.41238990057972236
17491,0,10,2138.03,0.0,2.3978952727983707,7.668107734229495,0,Champions,2.151629807472807,-0.9107508438853885
14282,2,15,2651.88,1.0986122886681098,2.772588722239781,7.883401121301708,0,Champions,2.230458316244123,-0.3102740358512215
13569,16,2,266.22,2.833213344056216,1.0986122886681098,5.588072289160748,1,At Risk,-0.14418832271024246,-0.5974228433897799
14673,2,5,1334.64,1.0986122886681098,1.791759469228055,7.197165856707588,0,Champions,1.3144662683507398,-0.7218342516207261
13488,16,13,6585.43,2.833213344056216,2.6390573296152584,8.79276675081412,0,Champions,2.070733571919483,0.6253624307796155
16221,36,3,668.08,3.6109179126442243,1.3862943611198906,6.505903634443808,3,Loyal Customers,0.20621180331465852,0.04024796542317177
15002,115,4,1525.66,4.7535901911063645,1.6094379124341003,7.330837621618359,3,Loyal Customers,0.3945355897947981,0.7893707499720006
15965,16,4,752.0,2.833213344056216,1.6094379124341003,6.6240652277998935,3,Loyal Customers,0.5805499999489243,-0.19917545003830625
15024,9,9,1470.33,2.302585092994046,2.302585092994046,7.293922032627202,0,Champions,1.418040986436123,-0.07844438411949514
17675,0,31,14162.95,0.0,3.4657359027997265,9.558455283149314,0,Champions,3.5661511287377934,-0.15285761931538092
13769,1,10,2138.4700000000003,0.6931471805599453,2.3978952727983707,7.6683134137908135,0,Champions,1.991453438785734,-0.6230206919381606
16904,3,14,2624.73,1.3862943611198906,2.70805020110221,7.873114231602506,0,Champions,2.116401973949789,-0.20850977407641927
16086,58,5,794.0600000000001,4.07753744390572,1.791759469228055,6.6784175835046,3,Loyal Customers,0.43641865213028785,0.3739149732934086
13786,366,1,148.8,5.905361848054571,0.6931471805599453,5.00930107108312,2,Hibernating,-1.3408169462149753,0.4274946263489574
13880,20,13,2927.18,3.044522437723423,2.6390573296152584,7.982136348601503,0,Champions,1.7260079012493381,0.4933762090525368
13173,3,2,340.21,1.3862943611198906,1.0986122886681098,5.832498123511607,1,At Risk,0.27954367711235284,-1.1316918070877144
15858,15,5,1175.8,2.772588722239781,1.791759469228055,7.070554169287227,3,Loyal Customers,0.8812409862541553,-0.061402190094026136
15180,366,1,87.5,5.905361848054571,0.6931471805599453,4.483002552013883,2,Hibernating,-1.5329108339344173,0.28486497155062307
12347,1,7,3314.73,0.6931471805599453,2.0794415416798357,8.106433089538431,0,Champions,1.9352822557088574,-0.5775310694415194
14739,19,6,745.38,2.995732273553991,1.9459101490553132,6.6152348538901045,3,Loyal Customers,0.7680603565285719,-0.05673158441690438
16293,21,10,1877.74,3.091042453358316,2.3978952727983707,7.538356618365062,0,Champions,1.3896415632144323,0.3369502916801362
17419,10,12,3475.62,2.3978952727983707,2.5649493574615367,8.153815836417829,0,Champions,1.8878810166592646,0.2544903326727431
16775,9,11,1271.1100000000001,2.302585092994046,2.4849066497880004,7.148432218148483,0,Champions,1.4886493852557607,-0.07593964572507056
16306,213,6,585.17,5.365976015021851,1.9459101490553132,6.373609849894529,3,Loyal Customers,0.13188352789069305,0.8615006130859462
16950,56,3,741.3000000000001,4.04305126783455,1.3862943611198906,6.609753474123502,3,Loyal Customers,0.1442093735183169,0.2477385869246455
17591,72,7,1541.47,4.290459441148391,2.0794415416798357,7.3411403066438945,3,Loyal Customers,0.8242809072070381,0.7080503055423161
12839,2,14,5115.12,1.0986122886681098,2.70805020110221,8.540151618248514,0,Champions,2.4263745488947897,-0.14713481758289154
13807,366,1,80.8,5.905361848054571,0.6931471805599453,4.404277243608702,2,Hibernating,-1.5616448128561289,0.26353000070255517
16125,366,1,273.45,5.905361848054571,0.6931471805599453,5.614769094995898,2,Hibernating,-1.1198269521543738,0.5915796315563322
15081,21,5,378.7,3.091042453358316,1.791759469228055,5.939381467237757,3,Loyal Customers,0.39474927234091317,-0.23578919548517768
16365,17,7,547.61,2.8903717578961645,2.0794415416798357,6.307387806554651,3,Loyal Customers,0.7706630187778725,-0.15317545245472805
14821,366,1,48.800000000000004,5.905361848054571,0.6931471805599453,3.9080149840306073,2,Hibernating,-1.742775755309437,0.12904032952080252
16863,30,2,438.88,3.4339872044851463,1.0986122886681098,6.086501962442734,1,At Risk,-0.10116158144578423,-0.21300875090156057
13078,2,26,7392.89,1.0986122886681098,3.295836866004329,8.908409262458676,0,Champions,2.959616355244961,0.08785355053299454
13267,2,18,3704.69,1.0986122886681098,2.9444389791664403,8.21762475520845,0,Champions,2.4690524021606852,-0.18017279850154858
13050,14,17,4703.98,2.70805020110221,2.8903717578961645,8.456376801213422,0,Champions,2.1474160068673123,0.5400543070364142
12709,14,14,4585.32,2.70805020110221,2.70805020110221,8.430833238567459,0,Champions,2.0143820735814764,0.4911986277702036
15628,4,9,2584.34,1.6094379124341003,2.302585092994046,7.857612306339896,0,Champions,1.7840339440150528,-0.213355779707902
12386,366,1,215.7,5.905361848054571,0.6931471805599453,5.378513908542313,2,Hibernating,-1.2060578185075823,0.5275532388015428
16779,1,22,7656.4800000000005,0.6931471805599453,3.1354942159291497,8.943438226885041,0,Champions,2.957345257189444,-0.10781033797061743
13599,0,21,3836.91,0.0,3.091042453358316,8.252683226579304,0,Champions,2.835315891450231,-0.5929067024480853
13329,31,2,312.48,3.4657359027997265,1.0986122886681098,5.747735562184664,1,At Risk,-0.2321481601817597,-0.291639669966575
18077,7,11,2404.95,2.0794415416798357,2.4849066497880004,7.7857001149388045,0,Champions,1.7728354671732858,0.004152816253003842
17406,332,2,1169.17,5.808142489980444,1.0986122886681098,7.0649043163822025,3,Loyal Customers,-0.2929445067253401,1.0374806438858941
15750,2,8,2171.15,1.0986122886681098,2.1972245773362196,7.683472739442721,0,Champions,1.7670841300926625,-0.49678716168408515
13983,39,9,1277.8,3.6888794541139363,2.302585092994046,7.153677417185686,3,Loyal Customers,1.0463501737947718,0.4588974140780649
13842,58,9,2555.65,4.07753744390572,2.302585092994046,7.84645308676712,3,Loyal Customers,1.2093512384324674,0.8079465931409505
14796,0,17,7081.17,0.0,2.8903717578961645,8.865335636902243,0,Champions,2.922766883783353,-0.47302816055125585
12441,366,1,155.55,5.905361848054571,0.6931471805599453,5.053375447772415,2,Hibernating,-1.3247302234515694,0.4394390132413304
13199,7,19,2420.0,2.0794415416798357,2.995732273553991,7.791935956938058,0,Champions,2.1217223729406265,0.12333064376258496
14032,1,11,2173.0099999999998,0.6931471805599453,2.4849066497880004,7.684328667486583,0,Champions,2.056338745221522,-0.5986682002885715
17706,3,17,6826.93,1.3862943611198906,2.8903717578961645,8.828776831957855,0,Champions,2.5889203927923057,0.09241303527494449
16081,55,5,2321.37,4.02535169073515,1.791759469228055,7.750343494955612,3,Loyal Customers,0.8397263108593698,0.6427540410486855
16525,1,26,4041.79,0.6931471805599453,3.295836866004329,8.304690326664254,0,Champions,2.8330058444295965,-0.24403618590143242
17975,14,13,3819.2000000000003,2.70805020110221,2.6390573296152584,8.248058056251034,0,Champions,1.9008571098987923,0.4257975074756894
16122,72,4,342.18,4.290459441148391,1.6094379124341003,5.838255090857475,3,Loyal Customers,-0.04316961959311108,0.19266155802276377
13126,4,8,1783.57,1.6094379124341003,2.1972245773362196,7.486932768835008,0,Champions,1.577249137295015,-0.33804437921167013
15973,366,1,34.4,5.905361848054571,0.6931471805599453,3.5667118201397288,2,Hibernating,-1.8673481211194192,0.03654538476316515
16558,0,20,6452.22,0.0,3.044522437723423,8.772334510024773,0,Champions,2.9934183420434,-0.4627779036995212
16893,366,1,126.03,5.905361848054571,0.6931471805599453,4.844423279035369,2,Hibernating,-1.400995751447151,0.38281188126871035
15021,8,9,1544.1200000000001,2.1972245773362196,2.302585092994046,7.342856856218607,0,Champions,1.4602604400507482,-0.10891019114811851
15529,22,11,3616.38,3.1354942159291497,2.4849066497880004,8.193505285875267,0,Champions,1.6775274277013938,0.5529599425899501
15498,2,26,11199.47,1.0986122886681098,3.295836866004329,9.323711020688425,0,Champions,3.1111974948920165,0.20040250187377892
18043,24,3,426.59000000000003,3.2188758248682006,1.3862943611198906,6.05816479253505,1,At Risk,0.1334292024550248,-0.24379944028992853
16016,2,8,1246.56,1.0986122886681098,2.1972245773362196,7.128944922661474,0,Champions,1.5646868207434583,-0.6470671039941231
17722,95,4,1560.26,4.564348191467836,1.6094379124341003,7.353248466543374,3,Loyal Customers,0.4464669390331597,0.7169037715441954
17324,17,4,414.84000000000003,2.8903717578961645,1.6094379124341003,6.03030057089318,3,Loyal Customers,0.3506169421693538,-0.3363665280771324
17341,156,3,516.3000000000001,5.056245805348308,1.3862943611198906,6.24862297700947,3,Loyal Customers,-0.22184423260891564,0.5703728602208864
14051,0,23,10378.01,0.0,3.1780538303479458,9.247540776448783,0,Champions,3.2574692032544657,-0.3032828225145806
16385,59,3,478.01,4.0943445622221,1.3862943611198906,6.171721474019719,3,Loyal Customers,-0.02752678508829584,0.15031769473477694
15032,255,2,315.25,5.545177444479562,1.0986122886681098,5.75653304004173,2,Hibernating,-0.7096914847766078,0.5737677277305085
16713,18,15,4707.88,2.9444389791664403,2.772588722239781,8.45720536680142,0,Champions,2.0131473590368163,0.6112968130252909
17213,39,7,2176.2000000000003,3.6888794541139363,2.0794415416798357,7.685794926560045,3,Loyal Customers,1.0891581800738523,0.5517819077303623
18061,21,10,1053.39,3.091042453358316,2.3978952727983707,6.960717679636501,0,Champions,1.178808917067646,0.1804071142935922
15916,15,7,1076.44,2.772588722239781,2.0794415416798357,6.98234313597271,0,Champions,1.044245935854664,-0.019142098387485137
15221,365,1,162.60000000000002,5.902633333401366,0.6931471805599453,5.097424424168647,2,Hibernating,-1.3080219554498185,0.4502441107787143
13455,24,2,660.19,3.2188758248682006,1.0986122886681098,6.4940412418155615,1,At Risk,0.09731877936128566,-0.19184038360850744
13113,0,24,3286.14,0.0,3.2188758248682006,8.09777316478641,0,Champions,2.8655140826281658,-0.6054869684314093
14217,1,17,1253.13,0.6931471805599453,2.8903717578961645,7.134197384081246,0,Champions,2.130666664086861,-0.6545012810160379
17262,51,3,391.81,3.9512437185814275,1.3862943611198906,5.973326034404727,3,Loyal Customers,-0.06685515833480246,0.03716085691567351
18259,24,3,2203.6000000000004,3.2188758248682006,1.3862943611198906,7.698301365529216,3,Loyal Customers,0.7320632462187786,0.2006861600913761
17676,3,6,1291.6000000000001,1.3862943611198906,1.9459101490553132,7.1644109728287955,0,Champions,1.340596667927369,-0.5758612789754067
16679,365,1,117.0,5.902633333401366,0.6931471805599453,4.770684624465665,2,Hibernating,-1.42727883367288,0.36169591398171275
18269,365,1,168.6,5.902633333401366,0.6931471805599453,5.133442723357803,2,Hibernating,-1.2948756233405754,0.46000525848032237
12766,3,7,5713.12,1.3862943611198906,2.0794415416798357,8.650695583620251,0,Champions,1.9736813814509266,-0.14235867163166857
15298,1,11,3106.88,0.6931471805599453,2.4849066497880004,8.041696100703541,0,Champions,2.1867744145302033,-0.501819754417881
13523,32,5,2181.58,3.4965075614664802,1.791759469228055,7.688262942253885,3,Loyal Customers,0.9393330744716322,0.4064455860883344
15005,15,28,5607.36,2.772588722239781,3.367295829986474,8.632013620662638,0,Champions,2.5202084762273875,0.7241286563199708
15581,155,10,603.9300000000001,5.049856007249537,2.3978952727983707,6.405112748857454,3,Loyal Customers,0.5231526141261865,0.8427946983761515
15680,8,3,1153.39,2.1972245773362196,1.3862943611198906,7.051327344913479,3,Loyal Customers,0.7321235583544495,-0.39865947508501026
13649,256,2,333.85,5.54907608489522,1.0986122886681098,5.81368267035606,2,Hibernating,-0.6897337625475997,0.5908736157084921
17894,71,8,904.49,4.276666119016055,2.1972245773362196,6.808476233640179,3,Loyal Customers,0.7129719955699464,0.5850605931470912
13077,0,4,637.21,0.0,1.6094379124341003,6.458667382790642,0,Champions,1.1752031856114922,-1.4198576004336483
13531,204,2,357.7,5.3230099791384085,1.0986122886681098,5.882486384538237,2,Hibernating,-0.6123559522792352,0.515696369868247
13140,107,3,348.67,4.68213122712422,1.3862943611198906,5.856989852571215,3,Loyal Customers,-0.27829351914141975,0.30897078835365643
15713,142,2,266.6,4.962844630259907,1.0986122886681098,5.589493328254074,2,Hibernating,-0.6360275420280227,0.2868155721270141
17999,36,2,334.79,3.6109179126442243,1.0986122886681098,5.816485964569286,1,At Risk,-0.2406201292345894,-0.2127535771490863
15347,365,1,81.60000000000001,5.902633333401366,0.6931471805599453,4.414009680526933,2,Hibernating,-1.5574617510682678,0.265035136331863
14766,7,6,2282.42,2.0794415416798357,1.9459101490553132,7.733429598072222,0,Champions,1.3880315429779015,-0.13397983997735982
17340,29,11,8982.7,3.4011973816621555,2.4849066497880004,9.103167103162601,0,Champions,1.9481162585589809,0.90975689968414
13984,26,4,277.43,3.295836866004329,1.6094379124341003,5.629166681275411,1,At Risk,0.11046585509791026,-0.2767971695627074
15996,87,6,792.23,4.477336814478207,1.9459101490553132,6.676113217413029,3,Loyal Customers,0.4477423554118338,0.5746718396275207
14030,17,8,1594.7,2.8903717578961645,2.1972245773362196,7.375067790416382,0,Champions,1.240275333253381,0.16326104875338857
16596,15,2,193.85000000000002,2.772588722239781,1.0986122886681098,5.272230031784718,1,At Risk,-0.24545165676493597,-0.7081785705508
16700,8,13,4800.46,2.1972245773362196,2.6390573296152584,8.476675317313347,0,Champions,2.1024000045955877,0.27574783869946445
16011,7,16,3224.48,2.0794415416798357,2.833213344056216,8.078837055364017,0,Champions,2.116164421194756,0.16370363015234551
17655,10,7,1342.44,2.3978952727983707,2.0794415416798357,7.202988767586753,0,Champions,1.211406326508789,-0.1148536678356433
16717,23,6,3239.63,3.1780538303479458,1.9459101490553132,8.083523034328948,0,Champions,1.2618197508106315,0.41685046960028577
14243,8,10,2205.13,2.1972245773362196,2.3978952727983707,7.698995128267522,0,Champions,1.6549183632820132,0.009526111602217493
12963,7,8,1664.06,2.0794415416798357,2.1972245773362196,7.417616437801298,0,Champions,1.4432873453982498,-0.1617655315192672
15513,32,17,8215.22,3.4965075614664802,2.8903717578961645,9.013865528270344,0,Champions,2.168607442538138,1.0183673285485952
15079,212,3,610.5600000000001,5.3612921657094255,1.3862943611198906,6.416013069692413,3,Loyal Customers,-0.2312733371020051,0.7423387590904856
14437,365,1,63.0,5.902633333401366,0.6931471805599453,4.1588830833596715,2,Hibernating,-1.6505805004752825,0.19589449244748772
12942,130,3,496.7,4.875197323201151,1.3862943611198906,6.209997485864508,3,Loyal Customers,-0.194084849585869,0.48476524153603023
15660,24,8,1470.24,3.2188758248682006,2.1972245773362196,7.2938608616100105,0,Champions,1.1346874315293982,0.2775914215748749
18092,1,9,2818.12,0.6931471805599453,2.302585092994046,7.9441800584947355,0,Champions,2.0274712197756384,-0.5701803525525371
15358,4,22,7616.46,1.6094379124341003,3.1354942159291497,8.938198259779455,0,Champions,2.7435918392465672,0.27105449052133035
13319,4,26,9305.39,1.6094379124341003,3.295836866004329,9.138456539972623,0,Champions,2.9254815971508963,0.3622037112069804
12481,22,10,3445.7,3.1354942159291497,2.3978952727983707,8.145172530527429,0,Champions,1.6008465445942062,0.5198492387517141
12621,1,19,7699.9800000000005,0.6931471805599453,2.995732273553991,8.949102872470561,0,Champions,2.864580025417559,-0.13841988567135394
14299,7,8,2234.89,2.0794415416798357,2.1972245773362196,7.712394638073821,0,Champions,1.5508785478311033,-0.08187909554506076
18071,257,2,369.4,5.552959584921617,1.0986122886681098,5.914583502772024,2,Hibernating,-0.6538037727988596,0.6198300249112222
12683,3,14,5141.41,1.3862943611198906,2.70805020110221,8.545277120158602,0,Champions,2.361734950891882,-0.026350111281709554
13854,8,24,2557.92,2.1972245773362196,3.2188758248682006,7.847340573459314,0,Champions,2.2661235547539653,0.23855079780014352
12797,365,1,206.13,5.902633333401366,0.6931471805599453,5.333346615467431,2,Hibernating,-1.221912629119163,0.5141802601027171
16782,9,13,1786.3500000000001,2.302585092994046,2.6390573296152584,7.488489354963095,0,Champions,1.7173629365438514,0.05167166843536214
13369,365,1,198.38000000000002,5.902633333401366,0.6931471805599453,5.295212551594558,2,Hibernating,-1.235831194949135,0.5038457290919429
12494,15,7,951.75,2.772588722239781,2.0794415416798357,6.85935253975397,3,Loyal Customers,0.9993555534489293,-0.05247319404236854
14932,365,1,140.43,5.902633333401366,0.6931471805599453,4.951804895032408,2,Hibernating,-1.3611716803039269,0.4107804557995419
12429,8,4,2313.04,2.1972245773362196,1.6094379124341003,7.746750193688921,0,Champions,1.137355953455429,-0.1588741032709048
14355,365,1,158.5,5.902633333401366,0.6931471805599453,5.072043922224899,2,Hibernating,-1.3172855940769377,0.44336586183884025
17526,4,3,155.20000000000002,1.6094379124341003,1.3862943611198906,5.051137237405586,1,At Risk,0.13796616936829167,-1.1846684800793092
14896,204,2,457.82,5.3230099791384085,1.0986122886681098,6.128657976284189,2,Hibernating,-0.5225056935549799,0.5824101603876967
14440,7,5,1549.88,2.0794415416798357,1.791759469228055,7.3465777907442975,0,Champions,1.1422383878950868,-0.2742727549021632
13240,95,4,616.7,4.564348191467836,1.6094379124341003,6.426002902701853,3,Loyal Customers,0.10803124374766335,0.4656153679250987
14479,253,2,252.65,5.537334267018537,1.0986122886681098,5.535955364012699,2,Hibernating,-0.7883869156671992,0.510734896324952
16065,364,1,317.84000000000003,5.8998973535824915,0.6931471805599453,5.764689409559723,2,Hibernating,-1.0638441239619738,0.6299409121825291
17430,32,2,242.36,3.4965075614664802,1.0986122886681098,5.494541828510982,1,At Risk,-0.33167565458329523,-0.3474854455523497
16520,185,3,912.72,5.225746673713202,1.3862943611198906,6.817524178787669,3,Loyal Customers,-0.05338835278933404,0.7948954083244915
15945,364,1,13.6,5.8998973535824915,0.6931471805599453,2.681021528714291,2,Hibernating,-2.189353184323298,-0.20574923213998436
15856,3,25,9401.32,1.3862943611198906,3.258096538021482,9.148711746316524,0,Champions,2.955206117034388,0.2636923237189289
13102,0,24,4998.69,0.0,3.2188758248682006,8.517131189494158,0,Champions,3.018575720450977,-0.4918387476331501
15271,6,15,2183.04,1.9459101490553132,2.772588722239781,7.688931651715393,0,Champions,1.963588688421818,-0.01132525982519873
13982,38,4,1424.6,3.6635616461296463,1.6094379124341003,7.262348056716545,3,Loyal Customers,0.6215455716225936,0.3184190448878986
15288,42,5,2074.12,3.7612001156935624,1.791759469228055,7.637774262317933,3,Loyal Customers,0.8597098737253062,0.5026172997969929
17978,364,1,129.5,5.8998973535824915,0.6931471805599453,4.871373226762748,2,Hibernating,-1.389895922130891,0.3878475485085633
16795,364,1,392.18,5.8998973535824915,0.6931471805599453,5.974267522279461,2,Hibernating,-0.9873501324446962,0.6867376782524147
16519,24,2,72.28,3.2188758248682006,1.0986122886681098,4.294287720365875,1,At Risk,-0.7055700577707348,-0.7879851076344443
17816,36,4,36.56,3.6109179126442243,1.6094379124341003,3.6259396543400624,1,At Risk,-0.693537539467495,-0.6889152170459687
16255,16,8,2180.61,2.833213344056216,2.1972245773362196,7.687818415312586,0,Champions,1.3676409773756215,0.2242958524974847
17671,15,4,1119.59,2.772588722239781,1.6094379124341003,7.021610611300541,3,Loyal Customers,0.739666280165907,-0.11659939063913471
17646,218,3,810.7900000000001,5.389071729816501,1.3862943611198906,6.6992416860239254,3,Loyal Customers,-0.13432008886981128,0.8306244511286895
12872,326,2,507.12,5.7899601708972535,1.0986122886681098,6.23071764015526,2,Hibernating,-0.5932109625011753,0.8038655428527005
17339,93,2,199.20000000000002,4.543294782270004,1.0986122886681098,5.29931686688112,2,Hibernating,-0.6449417644179951,0.03405194867394626
17097,1,8,799.72,0.6931471805599453,2.1972245773362196,6.685511322910763,0,Champions,1.4965789129745661,-0.9355186749752628
15192,119,3,618.6,4.787491742782046,1.3862943611198906,6.429074108542713,3,Loyal Customers,-0.09384699324282071,0.5077360181089164
17950,71,3,365.15,4.276666119016055,1.3862943611198906,5.903043085507079,3,Loyal Customers,-0.1677434499801684,0.15317271238497707
12826,2,7,1460.8,1.0986122886681098,2.0794415416798357,7.287423832046291,0,Champions,1.5426106862709796,-0.6312081239591015
17456,364,1,219.62,5.8998973535824915,0.6931471805599453,5.396441764541236,2,Hibernating,-1.1982509657297051,0.5301438719359143
15811,21,6,1910.63,3.091042453358316,1.9459101490553132,7.555711560240621,3,Loyal Customers,1.0892901536753847,0.23769877341391835
13327,38,8,2690.07,3.6635616461296463,2.1972245773362196,7.897694163023291,0,Champions,1.2522720928069908,0.6257897849261392
18225,2,12,4244.35,1.0986122886681098,2.5649493574615367,8.353579545287745,0,Champions,2.261179220252485,-0.23060945686015963
15211,59,2,670.9100000000001,4.0943445622221,1.0986122886681098,6.510124402982489,3,Loyal Customers,-0.09921410378236596,0.17586091695881662
15596,100,5,1109.14,4.61512051684126,1.791759469228055,7.012241412479275,3,Loyal Customers,0.43397517469995783,0.6874941719363534
16163,364,1,50.1,5.8998973535824915,0.6931471805599453,3.933784497209659,2,Hibernating,-1.732106773227913,0.13375609281633546
16907,28,5,733.21,3.367295829986474,1.791759469228055,6.598795091236936,3,Loyal Customers,0.5715607791876,0.057567807267835065
17576,7,19,2723.0,2.0794415416798357,2.995732273553991,7.909856667269403,0,Champions,2.164762295854045,0.15528777379190484
14713,8,11,2147.15,2.1972245773362196,2.4849066497880004,7.672362285592821,0,Champions,1.7042375255262399,0.022320745795008236
14702,0,17,2345.54,0.0,2.8903717578961645,7.760697181754426,0,Champions,2.519584492639615,-0.7723909666889863
13230,3,14,2036.45,1.3862943611198906,2.70805020110221,7.6194543049366095,0,Champions,2.0238185451420203,-0.27725294257423555
13969,6,18,6473.63,1.9459101490553132,2.9444389791664403,8.77564674207788,0,Champions,2.4768349044676565,0.3227051028862341
17530,0,10,2084.2,0.0,2.3978952727983707,7.6426200528939505,0,Champions,2.1423270494005293,-0.9176581390017184
15805,22,16,4665.85,3.1354942159291497,2.833213344056216,8.448239604871908,0,Champions,2.0068397949730508,0.7021034449745358
12471,1,26,8703.38,0.6931471805599453,3.295836866004329,9.071581626230973,0,Champions,3.112913778528508,-0.03620462764721341
17696,37,8,1751.63,3.6375861597263857,2.1972245773362196,7.468872795900788,3,Loyal Customers,1.1017618016948216,0.49879643494037906
17076,35,3,386.9599999999999,3.58351893845611,1.3862943611198906,5.960902241525342,3,Loyal Customers,0.013626024144475918,-0.11882156504509639
17827,4,5,1751.3600000000001,1.6094379124341003,1.791759469228055,7.46871872984038,0,Champions,1.2954806526837435,-0.43623585717670293
16265,8,9,4018.51,2.1972245773362196,2.302585092994046,8.298915283636546,0,Champions,1.8092125528829104,0.15018664938796536
17880,364,1,387.82,5.8998973535824915,0.6931471805599453,5.963116511592494,2,Hibernating,-0.9914201438873441,0.6837156959604117
13000,259,2,382.16,5.560681631015528,1.0986122886681098,5.948452656514691,2,Hibernating,-0.6432271484628733,0.6322135962973304
16499,359,2,294.55,5.886104031450156,1.0986122886681098,5.6888380272703785,2,Hibernating,-0.813219678916597,0.6969155748967718
17790,26,14,1652.25,3.295836866004329,2.70805020110221,7.410498326554772,0,Champions,1.5060769381058816,0.45862953452881816
12731,23,10,7116.69,3.1780538303479458,2.3978952727983707,8.870338513562315,0,Champions,1.8556856145666265,0.734036383282707
14419,10,6,1025.94,2.3978952727983707,1.9459101490553132,6.934338785631824,0,Champions,1.0227465186237334,-0.21837091423139654
14082,364,1,127.05,5.8998973535824915,0.6931471805599453,4.852420812645534,2,Hibernating,-1.3968133706463894,0.38271134503241844
17912,309,5,194.18,5.736572297479192,1.791759469228055,5.273922209713315,2,Hibernating,-0.4597674579975316,0.6818327129051793
15723,364,1,137.0,5.8998973535824915,0.6931471805599453,4.927253685157205,2,Hibernating,-1.369500093315869,0.40299144536935905
16656,21,12,1325.28,3.091042453358316,2.5649493574615367,7.190133309842012,0,Champions,1.3758947413601545,0.28100173304784376
14037,175,2,139.25,5.170483995038151,1.0986122886681098,4.943426544402806,2,Hibernating,-0.919840658689474,0.19790391822305836
14256,259,2,738.0600000000001,5.560681631015528,1.0986122886681098,6.605379108450784,2,Hibernating,-0.403455324059274,0.8102441049775444
14543,28,16,1131.39,3.367295829986474,2.833213344056216,7.032085722396916,0,Champions,1.4363661423227094,0.4145221270098574
16062,9,4,571.52,2.302585092994046,1.6094379124341003,6.350047669316016,3,Loyal Customers,0.6032142769858437,-0.49366040117081794
18116,67,8,1080.55,4.219507705176107,2.1972245773362196,6.98615047640951,3,Loyal Customers,0.7910360618961556,0.6094889899641155
16019,46,9,2397.83,3.8501476017100584,2.302585092994046,7.782736397469279,0,Champions,1.23866641834577,0.6963062383409346
18178,128,4,1521.22,4.859812404361672,1.6094379124341003,7.3279250746249165,3,Loyal Customers,0.36891460436140666,0.8326664622614586
18065,5,14,1803.16,1.791759469228055,2.70805020110221,7.497850388485693,0,Champions,1.8856932045512893,-0.14192949748346023
14952,59,9,4315.92,4.0943445622221,2.302585092994046,8.370297463996232,0,Champions,1.3966636838335948,0.9568865612506119
13148,28,11,2685.36,3.367295829986474,2.4849066497880004,7.895942396397055,0,Champions,1.515328708054304,0.5685226415869998
14107,51,7,2413.2200000000003,3.9512437185814275,2.0794415416798357,7.789131532550498,3,Loyal Customers,1.0662180128577836,0.6886747776535093
15881,311,4,216.19,5.7430031878094825,1.6094379124341003,5.38077254648423,2,Hibernating,-0.5459656768115714,0.6715254632698298
12785,363,1,239.0,5.8971538676367405,0.6931471805599453,5.480638923341991,2,Hibernating,-1.1668855367708617,0.5518231236713705
16727,363,1,256.32,5.8971538676367405,0.6931471805599453,5.550320446542799,2,Hibernating,-1.1414524522971907,0.5707071813683786
15514,11,10,2024.0,2.4849066497880004,2.3978952727983707,7.613324979540639,0,Champions,1.5571392277601377,0.10570472110030796
13787,75,2,231.55,4.330733340286331,1.0986122886681098,5.449105255670106,2,Hibernating,-0.5411275249982621,-0.013573233619796267
17865,30,18,6388.72,3.4339872044851463,2.9444389791664403,8.76244572794517,0,Champions,2.1279822381387237,0.9367188923451
17220,23,14,2785.73,3.1780538303479458,2.70805020110221,7.932624144425104,0,Champions,1.7238785562282597,0.551245290625996
16565,363,1,35.7,5.8971538676367405,0.6931471805599453,3.6027767550605247,2,Hibernating,-1.8522871319423533,0.04291264204107327
13798,7,24,2138.11,2.0794415416798357,3.2188758248682006,7.668145133660093,0,Champions,2.2279496721960723,0.14110482037573607
16873,4,6,5218.74,1.6094379124341003,1.9459101490553132,8.560202871207085,0,Champions,1.7984578194140004,-0.10498388969474304
14062,9,9,2289.89,2.302585092994046,2.302585092994046,7.7366956673330884,0,Champions,1.5796490962608303,0.04154958961159279
18016,31,5,949.6,3.4657359027997265,1.791759469228055,6.857093364179909,3,Loyal Customers,0.643078409686559,0.16842322557509698
14448,8,2,127.80000000000001,2.1972245773362196,1.0986122886681098,4.858260813670253,1,At Risk,-0.2635257184959872,-1.059157733426505
15503,362,1,122.59,5.8944028342648505,0.6931471805599453,4.8169696356016445,2,Hibernating,-1.4084824089726131,0.37082351957082366
17251,362,1,244.33,5.8944028342648505,0.6931471805599453,5.502604243011941,2,Hibernating,-1.1582323844706233,0.5566340887239877
16923,11,17,5265.91,2.4849066497880004,2.8903717578961645,8.56919913181129,0,Champions,2.2401845110092107,0.4780192741493432
14159,19,11,4426.01,2.995732273553991,2.4849066497880004,8.39547969159564,0,Champions,1.7835582559917265,0.5496911618511692
14577,12,4,859.71,2.5649493574615367,1.6094379124341003,6.757757630038034,3,Loyal Customers,0.6913674511152854,-0.27428075816696834
17126,151,5,917.16,5.0238805208462765,1.791759469228055,6.822371667372413,3,Loyal Customers,0.27017170448024996,0.805684688903359
12753,22,6,1988.77,3.1354942159291497,1.9459101490553132,7.595774333149452,3,Loyal Customers,1.0936357008144022,0.26700465176365545
17236,12,6,787.58,2.5649493574615367,1.9459101490553132,6.6702338597219715,3,Loyal Customers,0.8877288708107844,-0.22061286898104568
17372,40,8,1227.3,3.713572066704308,2.1972245773362196,7.113386378545049,3,Loyal Customers,0.9544452025068277,0.4339939152261429
16367,36,2,696.76,3.6109179126442243,1.0986122886681098,6.547875204094456,3,Loyal Customers,0.026329895069153064,-0.014543263084022425
17917,44,3,318.08,3.8066624897703196,1.3862943611198906,5.765441855042929,1,At Risk,-0.10930457404342644,-0.07918187806335455
16010,245,3,392.4,5.5053315359323625,1.3862943611198906,5.974826905954958,2,Hibernating,-0.42560306734654074,0.682555146380397
17085,122,5,1366.7,4.812184355372417,1.791759469228055,7.220885775887505,3,Loyal Customers,0.46456838802326195,0.8258245918228779
15224,357,2,244.13,5.8805329864007,1.0986122886681098,5.501788682064726,2,Hibernating,-0.8802028954405678,0.6439120917684402
13668,2,21,4272.65,1.0986122886681098,3.091042453358316,8.360223542025182,0,Champions,2.6205745475801754,-0.10780955881719581
14684,25,5,1141.96,3.258096538021482,1.791759469228055,7.041376667556903,3,Loyal Customers,0.7583450060085738,0.1321891379935926
17188,10,7,1430.71,2.3978952727983707,2.0794415416798357,7.2666248130453885,0,Champions,1.2346328698645617,-0.0976079662658422
15547,6,13,3895.23,1.9459101490553132,2.6390573296152584,8.267764697927532,0,Champions,2.0842520189426317,0.11482983252833162
15998,36,5,2464.11,3.6109179126442243,1.791759469228055,7.809991710227586,3,Loyal Customers,0.9573119198696374,0.48691804124884175
14413,361,1,111.10000000000001,5.8916442118257715,0.6931471805599453,4.719391330078114,2,Hibernating,-1.4434597733245762,0.34323438650397653
18004,361,1,112.37,5.8916442118257715,0.6931471805599453,4.730656806029507,2,Hibernating,-1.4393479831634712,0.346287389482073
13959,78,3,508.59000000000003,4.3694478524670215,1.3862943611198906,6.233606480831506,3,Loyal Customers,-0.06854157233421027,0.2812639968146723
16665,361,1,39.25,5.8916442118257715,0.6931471805599453,3.6951100038645723,2,Hibernating,-1.8173125867787239,0.06564878312324854
15454,361,1,157.2,5.8916442118257715,0.6931471805599453,5.063860055333554,2,Hibernating,-1.317732008121853,0.4365872149688848
15044,18,17,5448.25,2.9444389791664403,2.8903717578961645,8.603233263508622,0,Champions,2.1463655433153503,0.6779607720885161
17618,5,3,644.63,1.791759469228055,1.3862943611198906,6.470226584277603,1,At Risk,0.61376846350911,-0.7244195676041607
14505,16,8,4940.0,2.833213344056216,2.1972245773362196,8.50532301884575,0,Champions,1.6660222796809163,0.445843881179369
18037,153,6,33.17,5.0369526024136295,1.9459101490553132,3.5313480661272005,2,Hibernating,-0.829446408533686,-0.04532063269645368
13198,9,6,3181.55,2.302585092994046,1.9459101490553132,8.065438041227235,0,Champions,1.457621984588988,0.048606662095401716
12540,19,17,7967.64,2.995732273553991,2.8903717578961645,8.983269117323992,0,Champions,2.273216267977086,0.8022405523847758
15361,361,1,139.8,5.8916442118257715,0.6931471805599453,4.9473404437239425,2,Hibernating,-1.3602605435036998,0.4050097900304564
15689,119,2,238.8,4.787491742782046,1.0986122886681098,5.479805242593414,2,Hibernating,-0.6355221082711449,0.1843134406064723
14290,10,5,1983.2,2.3978952727983707,1.791759469228055,7.592971089215802,0,Champions,1.1585449890867086,-0.07533216008705068
13209,29,7,4798.16,3.4011973816621555,2.0794415416798357,8.476196181581695,0,Champions,1.444157378164774,0.6465891185880533
13999,9,12,3506.81,2.302585092994046,2.5649493574615367,8.162747190109643,0,Champions,1.913176012339605,0.21735453099243826
14498,42,5,1519.27,3.7612001156935624,1.791759469228055,7.326643229644649,3,Loyal Customers,0.7461500450522685,0.41829916060534156
15854,3,11,1986.7300000000002,1.3862943611198906,2.4849066497880004,7.594748563103506,0,Champions,1.8633914306265666,-0.33527046598225724
16701,8,12,2023.07,2.1972245773362196,2.5649493574615367,7.612865614789547,0,Champions,1.7368332509198874,0.024606343965148367
16927,275,2,139.85,5.62040086571715,1.0986122886681098,4.947695494322382,2,Hibernating,-1.0223005949472699,0.3857882263636882
17990,236,3,585.84,5.4680601411351315,1.3862943611198906,6.374752210271443,3,Loyal Customers,-0.27101726393916614,0.7754683836234537
14544,23,2,1175.57,3.1780538303479458,1.0986122886681098,7.070358704909988,3,Loyal Customers,0.317106898098899,-0.05259754039100202
17338,16,8,5788.77,2.833213344056216,2.1972245773362196,8.66384784611655,0,Champions,1.7238823139906365,0.48880493953572973
17799,21,10,2534.95,3.091042453358316,2.3978952727983707,7.838323599274424,0,Champions,1.4991266205774052,0.41824291437963584
14565,95,4,2636.81,4.564348191467836,1.6094379124341003,7.877704306422585,3,Loyal Customers,0.6378882666054485,0.8590340506322536
16726,25,5,1132.15,3.258096538021482,1.791759469228055,7.032756644144939,3,Loyal Customers,0.7551987805311298,0.12985306650744016
17303,360,1,192.24,5.8888779583328805,0.6931471805599453,5.263932939686206,2,Hibernating,-1.2440677922680166,0.48965994601501345
14639,51,6,2119.57,3.9512437185814275,1.9459101490553132,7.659440199452083,3,Loyal Customers,0.928276772713134,0.6228160527992923
17611,6,15,3295.32,1.9459101490553132,2.772588722239781,8.100561973695328,0,Champions,2.1138297892179407,0.10022871306523562
17231,11,10,2636.2200000000003,2.4849066497880004,2.3978952727983707,7.877480611011389,0,Champions,1.6535534876785192,0.17729228056435548
17179,177,3,701.84,5.181783550292085,1.3862943611198906,6.555129269889691,3,Loyal Customers,-0.13899595745201038,0.7055391549785877
17524,360,1,145.0,5.8888779583328805,0.6931471805599453,4.983606621708336,2,Hibernating,-1.3463841969306745,0.41369004582456326
12476,15,10,3530.83,2.772588722239781,2.3978952727983707,8.169571429195171,0,Champions,1.693653464738716,0.37584609036139444
17293,7,8,1387.14,2.0794415416798357,2.1972245773362196,7.235720000533577,0,Champions,1.3768968986630663,-0.21106041857770655
17890,322,2,508.57,5.777652323222656,1.0986122886681098,6.233567232823338,2,Hibernating,-0.5893253886266246,0.7995297150959393
17375,198,3,333.06,5.293304824724492,1.3862943611198906,5.811320617561802,2,Hibernating,-0.4362619925195601,0.5502473933165561
17371,16,3,205.15,2.833213344056216,1.3862943611198906,5.328604059152909,1,At Risk,-0.043690599561620386,-0.6015743488302291
17969,165,2,63.45,5.111987788356544,1.0986122886681098,4.165889729385197,2,Hibernating,-1.19011013382463,-0.03709010329859289
14625,195,2,668.48,5.278114659230517,1.0986122886681098,6.506501291645438,3,Loyal Customers,-0.37421699790307505,0.6661749324323688
15159,1,28,14334.960000000001,0.6931471805599453,3.367295829986474,9.570526345032247,0,Champions,3.3435108957629414,0.11544728431925863
13211,9,3,483.42,2.302585092994046,1.3862943611198906,6.18295229901818,1,At Risk,0.3908163202360433,-0.5902662595616256
15777,240,3,309.21000000000004,5.484796933490655,1.3862943611198906,5.737249487489109,2,Hibernating,-0.5075690596399253,0.6096480187307016
14525,19,9,2245.81,2.995732273553991,2.302585092994046,7.717266711422807,0,Champions,1.4123062748382187,0.3239586525229667
13324,35,8,1036.95,3.58351893845611,2.1972245773362196,6.9450028930088035,3,Loyal Customers,0.9230543503283384,0.33438562109251474
13948,360,1,70.19999999999999,5.8888779583328805,0.6931471805599453,4.26549281841793,2,Hibernating,-1.6084888149391126,0.21907744450018948
16202,360,1,247.52,5.8888779583328805,0.6931471805599453,5.515523325195493,2,Hibernating,-1.1522397260390211,0.5578422580215742
16442,1,3,495.2,0.6931471805599453,1.3862943611198906,6.206979071257701,1,At Risk,0.7716781807563305,-1.251714177188166
18075,22,10,2141.4900000000002,3.1354942159291497,2.3978952727983707,7.6697239830164685,0,Champions,1.427312406471489,0.39100019253781665
14524,31,9,1438.78,3.4657359027997265,2.302585092994046,7.272245603120555,0,Champions,1.1412158597640298,0.39841953807733077
14961,10,9,6021.2300000000005,2.3978952727983707,2.302585092994046,8.7032129016036,0,Champions,1.9103834351556708,0.3430370668782893
17041,26,3,954.57,3.295836866004329,1.3862943611198906,6.862308021070199,3,Loyal Customers,0.4091408039775267,0.006068453269089667
16458,2,18,3469.3,1.0986122886681098,2.9444389791664403,8.15199632453527,0,Champions,2.4450986574014713,-0.19795844689825348
16083,100,2,606.14,4.61512051684126,1.0986122886681098,6.408759406969724,3,Loyal Customers,-0.2566116043858174,0.3645262664227552
17194,360,1,70.28,5.8888779583328805,0.6931471805599453,4.266615783162554,2,Hibernating,-1.6080789436289136,0.21938177382674684
14057,23,15,4100.97,3.1780538303479458,2.772588722239781,8.319222625099975,0,Champions,1.9087746460479267,0.6708591091238553
14871,2,4,501.28000000000003,1.0986122886681098,1.6094379124341003,6.219157733120763,1,At Risk,0.8337919488641357,-1.0288128147873012
13178,25,11,4569.75,3.258096538021482,2.4849066497880004,8.427432584208614,0,Champions,1.7345637212908684,0.6672386716253669
18044,3,10,1388.7,1.3862943611198906,2.3978952727983707,7.236843175492536,0,Champions,1.6737195199783281,-0.452276974339931
16812,360,1,204.15,5.8888779583328805,0.6931471805599453,5.323741418888195,2,Hibernating,-1.222238273711104,0.5058683570849882
16191,2,11,2661.2200000000003,1.0986122886681098,2.4849066497880004,7.886915640168277,0,Champions,2.036539955058559,-0.37548732651355116
12370,50,4,2598.66,3.9318256327243257,1.6094379124341003,7.863135946227763,3,Loyal Customers,0.7788063490344962,0.5925723584216633
14298,7,40,24387.53,2.0794415416798357,3.713572066704308,10.101868218790914,0,Champions,3.4519017476255747,0.914434708766317
17158,31,3,954.77,3.4657359027997265,1.3862943611198906,6.862517298331943,3,Loyal Customers,0.3699375574835645,0.07663776212061807
16899,7,6,811.56,2.0794415416798357,1.9459101490553132,6.700189757631246,0,Champions,1.0109089581605715,-0.41399324762784845
16531,21,7,1050.32,3.091042453358316,2.0794415416798357,6.957801796466272,3,Loyal Customers,0.9616640050795149,0.10637379069969463
14415,0,13,5144.24,0.0,2.6390573296152584,8.545827294410522,0,Champions,2.6356248552089463,-0.6174179233223298
16556,66,7,2316.6,4.204692619390966,2.0794415416798357,7.748287446455141,3,Loyal Customers,0.9927144606513598,0.7827938132689519
16805,173,2,365.31,5.159055299214529,1.0986122886681098,5.90347996943943,2,Hibernating,-0.5667881648092221,0.45334021301150185
16503,106,4,1124.28,4.672828834461906,1.6094379124341003,7.025787172559708,3,Loyal Customers,0.3018666531936639,0.6731823818666041
16553,204,6,977.24,5.3230099791384085,1.9459101490553132,6.885755038702469,3,Loyal Customers,0.3287450743254213,0.9824626000436342
17739,11,7,2131.35,2.4849066497880004,2.0794415416798357,7.664979936915309,0,Champions,1.359912146692234,0.046460381071742704
13238,22,3,493.68,3.1354942159291497,1.3862943611198906,6.2039110888738564,3,Loyal Customers,0.20590252026273528,-0.2389070036517312
13097,32,10,4084.6800000000003,3.4965075614664802,2.3978952727983707,8.315243456109028,0,Champions,1.5794566894874573,0.715769436392009
13756,1,13,2850.44,0.6931471805599453,2.6390573296152584,7.955579408818141,0,Champions,2.259938625219646,-0.4897037796307493
15392,4,4,1374.49,1.6094379124341003,1.6094379124341003,7.226565310254596,0,Champions,1.083386209002573,-0.5437939420204199
13846,24,3,733.16,3.2188758248682006,1.3862943611198906,6.598726988510758,3,Loyal Customers,0.3307291947916411,-0.09730425435363288
12867,25,7,3637.29,3.258096538021482,2.0794415416798357,8.199269070029708,0,Champions,1.3761657014414421,0.5121497864177995
14401,3,13,2722.94,1.3862943611198906,2.6390573296152584,7.9098346405951,0,Champions,2.0829907858984598,-0.21442643966730346
16145,8,11,3235.35,2.1972245773362196,2.4849066497880004,8.082201430549729,0,Champions,1.8538248639698571,0.13338930033213064
17629,5,8,1467.32,1.791759469228055,2.1972245773362196,7.291874169070703,0,Champions,1.4639029858500774,-0.31523801327709433
14150,35,2,584.74,3.58351893845611,1.0986122886681098,6.372876005112427,3,Loyal Customers,-0.031208648886174445,-0.07334026136065477
13496,10,2,563.63,2.3978952727983707,1.0986122886681098,6.336170649370582,1,At Risk,0.22950327725238065,-0.5753527826166094
13611,88,3,956.76,4.48863636973214,1.3862943611198906,6.864597224664334,3,Loyal Customers,0.13420830355937705,0.5017321796414639
16954,0,7,1026.71,0.0,2.0794415416798357,6.935088305049776,0,Champions,1.6680041369244119,-1.1826460518686555
17454,191,4,451.88,5.2574953720277815,1.6094379124341003,6.1156271897284045,3,Loyal Customers,-0.16550434025856392,0.6691763360365799
17449,1,7,2154.31,0.6931471805599453,2.0794415416798357,7.675689843700333,0,Champions,1.7780651218885617,-0.6942647447884565
14060,4,16,2591.62,1.6094379124341003,2.833213344056216,7.860424226399862,0,Champions,2.1451078424299683,-0.09055132668527707
13295,359,1,168.3,5.886104031450156,0.6931471805599453,5.13167228913909,2,Hibernating,-1.291700340037985,0.45266536407270697
17230,263,6,1514.0,5.575949103146316,1.9459101490553132,7.323170717943469,3,Loyal Customers,0.4299195849735036,1.2059809657706713
15384,169,2,591.91,5.135798437050262,1.0986122886681098,6.385042616821721,2,Hibernating,-0.38564559315193103,0.5741939994327693
15950,31,4,1586.91,3.4657359027997265,1.6094379124341003,7.370173965138017,3,Loyal Customers,0.7066371055977805,0.2655375153233417
15512,155,2,121.0,5.049856007249537,1.0986122886681098,4.804021044733257,2,Hibernating,-0.9428338607986131,0.11006049257075412
17525,359,1,295.5,5.886104031450156,0.6931471805599453,5.69204721843778,2,Hibernating,-1.0871688909663373,0.6045299044952476
13458,6,14,7396.57,1.9459101490553132,2.70805020110221,8.908906846885897,0,Champions,2.365076508339609,0.3044508011680755
16003,29,5,1628.8700000000001,3.4011973816621555,1.791759469228055,7.396255536019014,3,Loyal Customers,0.8547883228123458,0.2877538045058037
13092,70,5,266.61,4.2626798770413155,1.791759469228055,5.589530696763635,3,Loyal Customers,-0.0038183801390000716,0.1556599309254845
16353,17,16,2745.05,2.8903717578961645,2.833213344056216,7.917918794465133,0,Champions,1.8699486408007224,0.45665142528236535
13426,0,10,3007.02,0.0,2.3978952727983707,8.009037333983796,0,Champions,2.2760658259728355,-0.8183571369650516
15101,8,2,120.13000000000001,2.1972245773362196,1.0986122886681098,4.796864349028711,1,At Risk,-0.28593483643551837,-1.0757964968665923
17033,85,3,617.76,4.454347296253507,1.3862943611198906,6.427717475368464,3,Loyal Customers,-0.017321168294202133,0.36910460737935136
13221,239,2,568.16,5.480638923341991,1.0986122886681098,6.3441615896774906,2,Hibernating,-0.480291810807291,0.706232948853802
14201,59,7,522.64,4.0943445622221,2.0794415416798357,6.260804425311898,3,Loyal Customers,0.4753092962783013,0.3338807627402503
17692,126,4,611.04,4.844187086458591,1.6094379124341003,6.416797639853613,3,Loyal Customers,0.039974349944078696,0.5792612358530188
15822,2,2,627.02,1.0986122886681098,1.0986122886681098,6.442572013094847,1,At Risk,0.5687251245652344,-1.0857542566057732
16134,21,2,586.29,3.091042453358316,1.0986122886681098,6.375518735310465,1,At Risk,0.08361350969283929,-0.27701483355905676
17551,358,1,281.84,5.883322388488279,0.6931471805599453,5.64488136673604,2,Hibernating,-1.1037408732734313,0.5905932562892593
18050,358,1,74.4,5.883322388488279,0.6931471805599453,4.32280727501391,2,Hibernating,-1.5862851764213652,0.23230425396861598
14913,35,4,995.12,3.58351893845611,1.6094379124341003,6.903867732254945,3,Loyal Customers,0.5092090980834115,0.18804915907482625
15641,104,4,1749.32,4.653960350157523,1.6094379124341003,7.4675539073440875,3,Loyal Customers,0.46746953380689504,0.7850725604418068
13124,89,3,2850.53,4.499809670330265,1.3862943611198906,7.955610971319788,3,Loyal Customers,0.5298346078169215,0.8020398336779461
17214,59,6,720.07,4.0943445622221,1.9459101490553132,6.580736219950915,3,Loyal Customers,0.5014761649088856,0.3898722600982317
15456,282,3,356.17,5.645446897643238,1.3862943611198906,5.878211858913125,2,Hibernating,-0.49326045344255987,0.7145235434403121
15062,70,4,912.38,4.2626798770413155,1.6094379124341003,6.817152004299218,3,Loyal Customers,0.3205407879130283,0.4464184940772346
12928,34,5,1739.74,3.5553480614894135,1.791759469228055,7.462065589155861,3,Loyal Customers,0.8431696523130516,0.3695652825177902
15727,16,7,3889.91,2.833213344056216,2.0794415416798357,8.26639834241635,0,Champions,1.4988976660150974,0.35400440832772107
17980,165,3,228.15,5.111987788356544,1.3862943611198906,5.434376810955133,2,Hibernating,-0.531923446280624,0.37284228232535577
15290,4,18,3920.12,1.6094379124341003,2.9444389791664403,8.274132606261668,0,Champions,2.37157742574262,0.0471472688068537
15615,9,22,8027.4800000000005,2.302585092994046,3.1354942159291497,8.99075049886127,0,Champions,2.602521460340375,0.5729708342281195
12577,34,3,566.7,3.5553480614894135,1.3862943611198906,6.341593110176681,3,Loyal Customers,0.15908745915732295,-0.027344005012017697
17189,105,2,264.9,4.663439094112067,1.0986122886681098,5.583120298248974,2,Hibernating,-0.5691328857913286,0.1608272316927816
17496,358,1,251.10000000000002,5.883322388488279,0.6931471805599453,5.529825834193875,2,Hibernating,-1.1457350339044396,0.5594126044452272
16607,17,12,2374.72,2.8903717578961645,2.5649493574615367,7.773055828420409,0,Champions,1.635049695457431,0.3556931424554183
13317,65,6,1781.8300000000002,4.189654742026425,1.9459101490553132,7.485957268393239,3,Loyal Customers,0.8098379866647203,0.6747481500084024
13890,0,10,1807.46,0.0,2.3978952727983707,7.500230933370387,0,Champions,2.0903563929248055,-0.9562463360587824
17001,0,11,3317.16,0.0,2.4849066497880004,8.10716569140813,0,Champions,2.3709216239764603,-0.7717515641934842
15246,237,2,458.1,5.472270673671475,1.0986122886681098,6.129268051255177,2,Hibernating,-0.5567911927252854,0.6445226296528619
15482,15,9,2176.88,2.772588722239781,2.302585092994046,7.6861072055563096,0,Champions,1.4525227961694143,0.22290378794710244
13021,3,9,1855.96,1.3862943611198906,2.302585092994046,7.526696021002244,0,Champions,1.7148421294825889,-0.3956463012927246
16037,269,3,675.4200000000001,5.598421958998375,1.3862943611198906,6.516814184890071,3,Loyal Customers,-0.2493048767688242,0.8680715248116033
14841,52,6,2687.08,3.970291913552122,1.9459101490553132,7.8965824631049255,3,Loyal Customers,1.0104275861187495,0.6949883528041039
16670,16,11,3472.7200000000003,2.833213344056216,2.4849066497880004,8.152981344819349,0,Champions,1.7326220907492031,0.41652318604838723
16985,16,9,3875.84,2.833213344056216,2.302585092994046,8.2627756677969,0,Champions,1.6489851815156618,0.4043447825262852
16705,0,20,6634.37,0.0,3.044522437723423,8.8001697100947,0,Champions,3.003577921831572,-0.4552344187126408
14414,91,7,1033.42,4.5217885770490405,2.0794415416798357,6.941596162150855,3,Loyal Customers,0.6249692463293579,0.695779459442152
15563,21,3,1120.83,3.091042453358316,1.3862943611198906,7.022716559451546,3,Loyal Customers,0.5150356054061511,-0.035455090278290476
16746,4,18,5265.54,1.6094379124341003,2.9444389791664403,8.569128879424817,0,Champions,2.4792482226790655,0.1270928036764281
16470,51,4,664.9,3.9512437185814275,1.6094379124341003,6.501139509116577,3,Loyal Customers,0.27720143042144685,0.2315232106184355
14878,12,9,1259.39,2.5649493574615367,2.302585092994046,7.139176475862436,0,Champions,1.3009033168551085,-0.011493131832825097
16743,28,7,2072.65,3.367295829986474,2.0794415416798357,7.6370656185215715,3,Loyal Customers,1.1457206429277946,0.4051103010778285
17146,262,2,400.98,5.572154032177765,1.0986122886681098,5.9964023361376055,2,Hibernating,-0.6283783272992861,0.6499695604737723
12877,3,12,1413.31,1.3862943611198906,2.5649493574615367,7.254397058637108,0,Champions,1.793477848225545,-0.4090979985210127
15394,9,4,1743.69,2.302585092994046,1.6094379124341003,7.464332168425021,3,Loyal Customers,1.0099173812201188,-0.19168346660501012
14621,0,5,1490.42,0.0,1.791759469228055,7.307483965238365,0,Champions,1.6087238375526032,-1.1478906214686067
15379,168,7,3192.81,5.1298987149230735,2.0794415416798357,8.068969840468306,3,Loyal Customers,0.8958583855197702,1.2536854201249246
14309,7,9,1766.45,2.0794415416798357,2.302585092994046,7.4772931088274595,0,Champions,1.5365591028711738,-0.12136033749724215
17288,8,6,797.35,2.1972245773362196,1.9459101490553132,6.682547097785711,0,Champions,0.9772388312028424,-0.36989142601285213
14709,14,13,4341.82,2.70805020110221,2.6390573296152584,8.376279185670846,0,Champions,1.9476565865182376,0.4605461050194238
15157,3,3,1408.73,1.3862943611198906,1.3862943611198906,7.251153475674083,0,Champions,0.9925403363075067,-0.681063033728996
17744,3,6,1613.26,1.3862943611198906,1.9459101490553132,7.386631926314708,0,Champions,1.4217051744900002,-0.5156382368496073
16316,63,7,1803.72,4.1588830833596715,2.0794415416798357,7.498160734080169,3,Loyal Customers,0.9120115089339547,0.6959959953615192
15620,56,3,1207.95,4.04305126783455,1.3862943611198906,7.09750749326662,3,Loyal Customers,0.32223489020357077,0.3799224803923965
15789,357,1,297.65999999999997,5.8805329864007,0.6931471805599453,5.699305802629122,2,Hibernating,-1.0832315857328203,0.6041848877891377
16560,26,2,652.66,3.295836866004329,1.0986122886681098,6.482587338598104,1,At Risk,0.0753452873968081,-0.16300358388975644
13534,1,24,5186.38,0.6931471805599453,3.2188758248682006,8.553984031741273,0,Champions,2.8717752129892995,-0.19417702268347972
17580,311,2,157.12,5.7430031878094825,1.0986122886681098,5.063354238428484,2,Hibernating,-1.0084311839411766,0.4680155578524007
15759,296,2,77.24000000000001,5.6937321388027,1.0986122886681098,4.359781025726562,2,Hibernating,-1.2538374577011389,0.2568947443066702
14373,357,1,10.2,5.8805329864007,0.6931471805599453,2.4159137783010487,2,Hibernating,-2.281638033798876,-0.2856315453365458
18176,357,1,419.05,5.8805329864007,0.6931471805599453,6.040373751810856,2,Hibernating,-0.9587450710250001,0.6966160881288197
14092,7,14,3874.81,2.0794415416798357,2.70805020110221,8.262509952201313,0,Champions,2.0982762197633913,0.1846929171101296
15366,74,2,529.94,4.31748811353631,1.0986122886681098,6.274649020507314,3,Loyal Customers,-0.2367497898981642,0.20465633047519155
14735,3,30,4182.42,1.3862943611198906,3.4339872044851463,8.338884372808698,0,Champions,2.7789741520674855,0.08467902515123166
17857,357,1,5.5,5.8805329864007,0.6931471805599453,1.8718021769015913,2,Hibernating,-2.4802335249108767,-0.4330886387302747
16271,15,4,1221.8500000000001,2.772588722239781,1.6094379124341003,7.10893947894192,3,Loyal Customers,0.771540475299567,-0.09293281018276675
18223,4,14,5481.32,1.6094379124341003,2.70805020110221,8.609283648015724,0,Champions,2.333507276052871,0.08360646826755311
15532,24,4,1081.49,3.2188758248682006,1.6094379124341003,6.987019221958687,3,Loyal Customers,0.6238618750002721,0.059247112318990505
16816,102,4,401.16,4.634728988229636,1.6094379124341003,5.99685001938432,3,Loyal Customers,-0.06487703800775271,0.37852258117824394
16684,3,8,1357.74,1.3862943611198906,2.1972245773362196,7.214313078702725,0,Champions,1.529335018230155,-0.5045362182070661
14334,16,8,1829.61,2.833213344056216,2.1972245773362196,7.5124045236255865,0,Champions,1.3036165973075482,0.17675776923934466
13694,3,19,2576.61,1.3862943611198906,2.995732273553991,7.854617891993087,0,Champions,2.3048521149383827,-0.1473566352924996
16945,21,19,4126.04,3.091042453358316,2.995732273553991,8.325315721976027,0,Champions,2.082524829103499,0.6877204856226596
14643,169,2,295.87,5.135798437050262,1.0986122886681098,5.693294332541813,2,Hibernating,-0.6381270507961252,0.3867265918317156
15197,10,3,451.11,2.3978952727983707,1.3862943611198906,6.113925513056159,1,At Risk,0.34358707089414964,-0.5694166347355039
14220,246,2,510.72,5.5093883366279774,1.0986122886681098,6.237777600448834,2,Hibernating,-0.5257676323242239,0.6893340975131518
13874,357,1,247.45000000000002,5.8805329864007,0.6931471805599453,5.5152416180483295,2,Hibernating,-1.1504132393475097,0.5543025298567535
18260,172,6,2112.46,5.153291594497779,1.9459101490553132,7.656081693875534,3,Loyal Customers,0.6491447451066151,1.120787539461829
17848,147,6,331.02,4.997212273764115,1.9459101490553132,5.80519520806593,3,Loyal Customers,0.009673609913954578,0.5544105630884548
17392,306,2,326.52,5.726847747587197,1.0986122886681098,5.791549121912979,2,Hibernating,-0.7389120286506969,0.658655249744361
12348,248,3,90.2,5.517452896464707,1.3862943611198906,4.513054897080286,2,Hibernating,-0.9619381493496113,0.2914379621351021
14985,197,2,263.34,5.288267030694535,1.0986122886681098,5.57723615332966,2,Hibernating,-0.715736985345712,0.41855271621359375
13004,11,17,5139.96,2.4849066497880004,2.8903717578961645,8.544995111437801,0,Champions,2.231350276817926,0.47145985787603156
14560,16,13,600.03,2.833213344056216,2.6390573296152584,6.39864485009473,0,Champions,1.1969021494089682,-0.02345714190061264
12600,28,9,1996.22,3.367295829986474,2.302585092994046,7.5995114925959415,0,Champions,1.283423505686234,0.4462550742795175
13627,58,5,1203.83,4.07753744390572,1.791759469228055,7.094093757134026,3,Loyal Customers,0.5881364497901249,0.4865653931682516
15291,25,11,2234.16,3.258096538021482,2.4849066497880004,7.712068092852235,0,Champions,1.4734625756442654,0.47337114823276594
17404,25,8,1172.14,3.258096538021482,2.1972245773362196,7.067439193620244,3,Loyal Customers,1.0429781127670086,0.23250759705536025
12551,357,1,168.0,5.8805329864007,0.6931471805599453,5.1298987149230735,2,Hibernating,-1.2910596855836407,0.449872585138416
12782,4,5,1811.47,1.6094379124341003,1.791759469228055,7.502445834867711,0,Champions,1.3077907210032966,-0.4270956350915207
14769,2,8,8259.55,1.0986122886681098,2.1972245773362196,9.019246450254693,0,Champions,2.2546286621903135,-0.13478549084765631
15780,183,3,402.08,5.214935757608986,1.3862943611198906,5.999135053412202,2,Hibernating,-0.349593078565847,0.5686208534899491
12417,2,9,2151.75,1.0986122886681098,2.302585092994046,7.674501373576274,0,Champions,1.83530001563509,-0.4749859451573645
17315,1,36,4194.61,0.6931471805599453,3.6109179126442243,8.341794019533936,0,Champions,3.0603405074407366,-0.1615134909909588
12726,27,7,1550.1,3.332204510175204,2.0794415416798357,7.346719635630705,3,Loyal Customers,1.047860058225727,0.31186119343723506
15204,356,1,157.5,5.877735781779639,0.6931471805599453,5.065754593317335,2,Hibernating,-1.3138249750309237,0.431328278376179
17888,59,6,392.42,4.0943445622221,1.9459101490553132,5.974877743503583,3,Loyal Customers,0.2803436594358164,0.22568144020926345
17007,50,6,675.91,3.9318256327243257,1.9459101490553132,6.5175383246363445,3,Loyal Customers,0.5159829365988942,0.3052956456057528
15160,356,1,51.96,5.877735781779639,0.6931471805599453,3.9695369116287527,2,Hibernating,-1.7139338650098668,0.13424754594397525
14016,161,4,2642.62,5.087596335232384,1.6094379124341003,7.879904469008745,3,Loyal Customers,0.5177194956801328,1.0767921243063132
13033,356,1,190.55,5.877735781779639,0.6931471805599453,5.255148871146658,2,Hibernating,-1.2446978887446238,0.48265511949165346
12691,57,4,678.2,4.060443010546419,1.6094379124341003,6.520915634997138,3,Loyal Customers,0.25917330933643357,0.28220323847304835
13869,122,4,2446.95,4.812184355372417,1.6094379124341003,7.803006218587026,3,Loyal Customers,0.5533259608591176,0.9416490402322644
14146,8,5,3054.55,2.1972245773362196,1.791759469228055,8.024714888134973,0,Champions,1.362521167360814,-0.041610975402857533
12705,14,8,5154.4,2.70805020110221,2.1972245773362196,8.547799988009137,0,Champions,1.7104629264330522,0.4054093477309007
16885,14,3,326.26,2.70805020110221,1.3862943611198906,5.79075496200075,1,At Risk,0.1539269887455282,-0.5282750484933921
12931,66,2,48.160000000000004,4.204692619390966,1.0986122886681098,3.8950802846978343,2,Hibernating,-1.0791918107898628,-0.48703237149331
17913,58,2,339.39,4.07753744390572,1.0986122886681098,5.83009201906441,1,At Risk,-0.34353366649990574,-0.015406818892020356
12668,11,4,2666.0,2.4849066497880004,1.6094379124341003,7.888709524182015,3,Loyal Customers,1.12265938426919,-0.0010067128496084581
14472,103,8,1507.9,4.6443908991413725,2.1972245773362196,7.3191361875196055,3,Loyal Customers,0.8143422105412415,0.8760676239119276
17358,302,2,342.36,5.713732805509369,1.0986122886681098,5.838779459442334,2,Hibernating,-0.7186413152332316,0.6660118707362762
16686,46,7,2273.28,3.8501476017100584,2.0794415416798357,7.7294187977770905,3,Loyal Customers,1.0677962514334598,0.6305347516179535
18245,6,7,2266.43,1.9459101490553132,2.0794415416798357,7.726402310509465,0,Champions,1.5069434551871725,-0.16059163675883134
17343,354,1,168.74,5.872117789475416,0.6931471805599453,5.134267854541531,2,Hibernating,-1.2875194490470732,0.44756411557333575
16153,49,5,1463.53,3.912023005428146,1.791759469228055,7.289289650865078,3,Loyal Customers,0.6976470080135644,0.4707716332195481
12377,314,2,1472.52,5.752572638825633,1.0986122886681098,7.2954093752108475,3,Loyal Customers,-0.19596496774195932,1.0768857640477711
14646,1,46,11901.92,0.6931471805599453,3.8501476017100584,9.384539027150586,0,Champions,3.6032570823014702,0.1760977530632439
12944,35,2,519.81,3.58351893845611,1.0986122886681098,6.255385291938897,1,At Risk,-0.07409162698071138,-0.10518085990838921
15279,354,1,240.45,5.872117789475416,0.6931471805599453,5.486662412319551,2,Hibernating,-1.1588988313518747,0.5430648861580208
14099,15,11,2668.76,2.772588722239781,2.4849066497880004,7.88974385971371,0,Champions,1.6505589916408028,0.32002362765436276
12721,31,6,2108.19,3.4657359027997265,1.9459101490553132,7.6540592665109966,3,Loyal Customers,1.0385592573302842,0.4198592079394218
14113,3,4,619.02,1.3862943611198906,1.6094379124341003,6.429751735583373,1,At Risk,0.8441463735402577,-0.8523450688348478
15312,74,4,843.25,4.31748811353631,1.6094379124341003,6.738448659265677,3,Loyal Customers,0.2791434923160824,0.44783634308569914
17621,20,3,692.9,3.044522437723423,1.3862943611198906,6.542327857905503,3,Loyal Customers,0.3504535051806864,-0.18494998091731985
17090,3,5,1346.74,1.3862943611198906,1.791759469228055,7.206184394530554,0,Champions,1.2512475909403098,-0.599994512200026
15527,18,8,1481.39,2.9444389791664403,2.1972245773362196,7.301410929130804,0,Champions,1.200891273835684,0.16573898036906892
18097,7,6,1977.94,2.0794415416798357,1.9459101490553132,7.590316626800358,0,Champions,1.3357966875895346,-0.1727642046488945
15460,353,1,167.16,5.869296913133774,0.6931471805599453,5.124915907128641,2,Hibernating,-1.2902806501667756,0.44385895056401964
15034,15,8,3008.01,2.772588722239781,2.1972245773362196,8.009366399987767,0,Champions,1.4990189393796507,0.2862762188302625
12423,0,8,1535.61,0.0,2.1972245773362196,7.3373339702868865,0,Champions,1.8947393376421189,-1.0465457357675096
15208,0,5,442.57,0.0,1.791759469228055,6.094855624695163,0,Champions,1.1661261788974484,-1.4765192520720702
16996,29,6,1335.2800000000002,3.4011973816621555,1.9459101490553132,7.197644912975918,3,Loyal Customers,0.8868933326909225,0.26938333483873966
14737,3,3,530.35,1.3862943611198906,1.3862943611198906,6.275420937818704,1,At Risk,0.6364073627576796,-0.9454916612233997
12678,42,8,1359.8,3.7612001156935624,2.1972245773362196,7.215828041081652,3,Loyal Customers,0.980824105011131,0.4815230421994284
16270,352,1,685.99,5.8664680569332965,0.6931471805599453,6.532319736075652,2,Hibernating,-0.7759378007623885,0.824098708390654
13487,57,3,361.1,4.060443010546419,1.3862943611198906,5.891920416771596,3,Loyal Customers,-0.12181364075191704,0.06042010240750508
12515,352,1,190.8,5.8664680569332965,0.6931471805599453,5.256453162449338,2,Hibernating,-1.241616805089818,0.47833218545442807
17400,125,5,1545.6200000000001,4.836281906951478,1.791759469228055,7.343827183683202,3,Loyal Customers,0.5038696088150143,0.8691434783747161
17593,3,5,3083.48,1.3862943611198906,1.791759469228055,8.034138364595604,0,Champions,1.5534428113331287,-0.37561465046654996
14533,24,6,757.44,3.2188758248682006,1.9459101490553132,6.631263692166003,3,Loyal Customers,0.7223212873353588,0.040222790005326164
12734,352,1,110.39999999999999,5.8664680569332965,0.6931471805599453,4.713127327493184,2,Hibernating,-1.439925499022148,0.3310880388817518
12383,184,5,1211.84,5.220355825078324,1.791759469228055,7.100719995874571,3,Loyal Customers,0.3263422589256353,0.9626609910582582
15587,49,3,305.28,3.912023005428146,1.3862943611198906,5.724499716244923,1,At Risk,-0.14860677473095746,-0.046550011599468984
13922,351,1,81.6,5.863631175598097,0.6931471805599453,4.414009680526933,2,Hibernating,-1.5484446878579947,0.24884820934707258
13817,28,2,328.98,3.367295829986474,1.0986122886681098,5.7990320465632985,1,At Risk,-0.1906666877065355,-0.31859328774768725
12585,233,2,1212.95,5.455321115357702,1.0986122886681098,7.1016347846098204,3,Loyal Customers,-0.19796806992023255,0.901004591533503
13165,45,2,349.28,3.828641396489095,1.0986122886681098,5.858732834654024,1,At Risk,-0.2755367826231908,-0.11094345015273371
13304,350,1,244.85000000000002,5.860786223465865,0.6931471805599453,5.504721593857949,2,Hibernating,-1.1496876145304376,0.543256119345869
13313,21,5,1475.1200000000001,3.091042453358316,1.791759469228055,7.297172302668694,3,Loyal Customers,0.8903298427537398,0.13217923142270765
16875,66,5,1643.83,4.204692619390966,1.791759469228055,7.405392314394123,3,Loyal Customers,0.6723599150967096,0.623701693120284
16282,339,1,129.75,5.8289456176102075,0.6931471805599453,4.873287102945032,2,Hibernating,-1.3727937631427456,0.35891937207594665
12957,9,8,3547.04,2.302585092994046,2.1972245773362196,8.174150617323079,0,Champions,1.6678255897883962,0.13586966827372332
14462,65,11,1633.88,4.189654742026425,2.4849066497880004,7.3993246861424335,3,Loyal Customers,1.1439436182391673,0.7752373389674367
13397,72,4,1118.81,4.290459441148391,1.6094379124341003,7.0209143070410205,3,Loyal Customers,0.3884895974719461,0.5131683989818528
13680,0,4,2109.54,0.0,1.6094379124341003,7.654699117897724,0,Champions,1.6117432432177061,-1.0957267368168073
12483,16,7,1486.54,2.833213344056216,2.0794415416798357,7.304879027814537,0,Champions,1.1479523819853366,0.09342763876712445
15164,68,3,759.08,4.23410650459726,1.3862943611198906,6.6334236908984945,3,Loyal Customers,0.10867795826813101,0.33344631575288824
17457,126,4,216.49,4.844187086458591,1.6094379124341003,5.382152872460269,2,Hibernating,-0.3376610196721129,0.29886708564108916
14732,7,8,2177.19,2.0794415416798357,2.1972245773362196,7.686249535684395,0,Champions,1.5413358374094785,-0.08896455520978844
14221,41,9,2655.95,3.7376696182833684,2.302585092994046,7.884934127366716,0,Champions,1.3019718350277663,0.6773210204885846
14553,18,5,543.62,2.9444389791664403,1.791759469228055,6.300088303766591,3,Loyal Customers,0.5602976290471046,-0.19888007286475534
13253,156,2,380.15999999999997,5.056245805348308,1.0986122886681098,5.9432192344799875,2,Hibernating,-0.5285147822749718,0.42144110297092024
15841,72,4,735.0,4.290459441148391,1.6094379124341003,6.601230118728877,3,Loyal Customers,0.23530891307664656,0.39943178613874214
16600,3,6,658.1,1.3862943611198906,1.9459101490553132,6.490875268058674,0,Champions,1.09476262629647,-0.7583929821533087
15266,337,1,47.7,5.823045895483019,0.6931471805599453,3.885679030088544,2,Hibernating,-1.7318972124216794,0.0888238716925068
14653,0,7,1483.15,0.0,2.0794415416798357,7.302597496786388,0,Champions,1.8021414503604551,-1.0830491363285757
16771,32,5,1807.19,3.4965075614664802,1.791759469228055,7.500081623926288,3,Loyal Customers,0.8706487067146285,0.3554474633498784
17585,108,4,816.77,4.6913478822291435,1.6094379124341003,6.706581123471909,3,Loyal Customers,0.18107802940435322,0.5943617655388952
15046,8,15,2332.68,2.1972245773362196,2.772588722239781,7.755201699762271,0,Champions,1.9296742401095857,0.11093640453009601
13082,125,8,1177.36,4.836281906951478,2.1972245773362196,7.0718789202410015,3,Loyal Customers,0.6797316492217901,0.8886994528516415
15464,337,1,713.25,5.823045895483019,0.6931471805599453,6.571233041110882,2,Hibernating,-0.7516958780721957,0.8166230724423158
18226,43,11,4400.21,3.784189633918261,2.4849066497880004,8.389634782100783,0,Champions,1.5991383429554764,0.8753378177810061
18062,172,3,282.45,5.153291594497779,1.3862943611198906,5.6470357407703125,2,Hibernating,-0.4638541766102914,0.44761613787890625
12415,24,11,3756.06,3.2188758248682006,2.4849066497880004,8.231392015635427,0,Champions,1.6720783948174187,0.597833017677663
17368,22,7,613.99,3.1354942159291497,2.0794415416798357,6.421606007511718,3,Loyal Customers,0.7556807303253626,-0.020489418977864562
14618,8,3,408.84000000000003,2.1972245773362196,1.3862943611198906,6.015766839630947,1,At Risk,0.35415395323332577,-0.6793017950604642
14258,8,9,2439.26,2.1972245773362196,2.302585092994046,7.799859869987463,0,Champions,1.6270621361102664,0.014940018825729805
15719,32,13,4629.97,3.4965075614664802,2.6390573296152584,8.440521628377281,0,Champions,1.788817881630013,0.805186800430653
13368,256,2,430.18,5.54907608489522,1.0986122886681098,6.066525636329861,2,Hibernating,-0.5974485165197029,0.6593953835804744
17634,35,9,1588.89,3.58351893845611,2.302585092994046,7.371420110431128,0,Champions,1.150182873095188,0.4741794237421007
16676,33,4,1062.78,3.5263605246161616,1.6094379124341003,6.96958388160507,3,Loyal Customers,0.5464095392096371,0.18213632627087117
18283,3,16,1996.68,1.3862943611198906,2.833213344056216,7.599741786221331,0,Champions,2.101550704563441,-0.253808108429978
12735,314,2,375.07,5.752572638825633,1.0986122886681098,5.929775296275137,2,Hibernating,-0.6944082464516412,0.7067917770764386
13764,70,3,1347.6200000000001,4.2626798770413155,1.3862943611198906,7.206837126384791,3,Loyal Customers,0.31136234539903374,0.5007030648815072
13656,164,2,319.79,5.10594547390058,1.0986122886681098,5.770786703436675,2,Hibernating,-0.6029412574931777,0.39533766092450806
12413,66,3,545.2,4.204692619390966,1.3862943611198906,6.302985209039605,3,Loyal Customers,-0.005128590775226732,0.23168821644786805
14312,46,6,1265.06,3.8501476017100584,1.9459101490553132,7.14366499494602,3,Loyal Customers,0.7633966047388361,0.44108070914915826
13280,121,3,723.45,4.804021044733257,1.3862943611198906,6.585412746266731,3,Loyal Customers,-0.04060637178160237,0.5569647051123177
15845,17,8,2953.07,2.8903717578961645,2.1972245773362196,7.990939159493028,0,Champions,1.4650624480456704,0.3301654149806166
13187,336,1,154.02,5.820082930352362,0.6931471805599453,5.043554140853366,2,Hibernating,-1.3085989353651166,0.40138438140197913
16567,193,2,561.4,5.267858159063328,1.0986122886681098,6.332213340496455,2,Hibernating,-0.43545917966215464,0.6146852661316619
12530,59,4,1051.42,4.0943445622221,1.6094379124341003,6.95884755316648,3,Loyal Customers,0.4111764053886835,0.4149551222128137
16551,95,3,426.38,4.564348191467836,1.3862943611198906,6.057673547218317,3,Loyal Customers,-0.17781517837870892,0.314474045722823
16889,194,3,1273.84,5.272999558563747,1.3862943611198906,7.150575959521895,3,Loyal Customers,0.057247756236059016,0.9047653819534031
16473,164,3,289.16,5.10594547390058,1.3862943611198906,5.670432494974647,2,Hibernating,-0.44436844980229984,0.4343068885744521
12829,336,1,28.5,5.820082930352362,0.6931471805599453,3.3843902633457743,2,Hibernating,-1.9141777619172955,-0.04825771814503114
12501,336,1,1866.66,5.820082930352362,0.6931471805599453,7.532441589374473,3,Loyal Customers,-0.40017900112690746,1.0758859138065815
15607,336,1,87.76,5.820082930352362,0.6931471805599453,4.485936098064394,2,Hibernating,-1.512124147427795,0.2502669716608905
15139,239,2,169.84,5.480638923341991,1.0986122886681098,5.1407274459732655,2,Hibernating,-0.9195336762172353,0.38009599374205444
12489,335,1,191.43,5.817111159963204,0.6931471805599453,5.259732451232468,2,Hibernating,-1.229008879948994,0.45873647229520215
17707,184,2,50.400000000000006,5.220355825078324,1.0986122886681098,3.9396381724611196,2,Hibernating,-1.2977438070678151,-0.053429858796984066
18198,3,16,2018.14,1.3862943611198906,2.833213344056216,7.610426957166892,0,Champions,2.105450688989598,-0.2509123711474148
12484,34,4,3322.58,3.5553480614894135,1.6094379124341003,8.108797794201413,3,Loyal Customers,0.9555098957659629,0.5028998568831158
18179,8,5,1233.24,2.1972245773362196,1.791759469228055,7.118210675019863,0,Champions,1.0316558652138637,-0.28727836435637805
17284,59,6,1586.08,4.0943445622221,1.9459101490553132,7.369651128833708,3,Loyal Customers,0.7894225041749265,0.603672331810783
13233,73,2,477.2,4.30406509320417,1.0986122886681098,6.170029055024225,3,Loyal Customers,-0.2718317479251905,0.17073286351470665
14889,335,1,135.9,5.817111159963204,0.6931471805599453,4.919250732294404,2,Hibernating,-1.353281426267155,0.36646414342153677
12480,27,4,2266.94,3.332204510175204,1.6094379124341003,7.726627209471247,3,Loyal Customers,0.8676107558736323,0.3067191517533855
14672,234,2,578.57,5.459585514144159,1.0986122886681098,6.362286449272572,2,Hibernating,-0.4688089907280093,0.7024071591006449
13593,107,5,1471.93,4.68213122712422,1.791759469228055,7.295008893269606,3,Loyal Customers,0.5216901089650701,0.7919368570435321
14867,185,3,517.78,5.225746673713202,1.3862943611198906,6.251479901198042,3,Loyal Customers,-0.2599890593537966,0.6414944448257511
13162,121,4,1156.15,4.804021044733257,1.6094379124341003,7.053715364425671,3,Loyal Customers,0.28172932781657123,0.735199305041602
13183,7,9,1126.63,2.0794415416798357,2.302585092994046,7.027873364065187,0,Champions,1.3725252269219483,-0.2431554418580921
17095,22,3,1184.91,3.1354942159291497,1.3862943611198906,7.078265691349397,3,Loyal Customers,0.5250335243399453,-0.0019523275432556525
12939,334,1,81.36,5.814130531825066,0.6931471805599453,4.411099882159589,2,Hibernating,-1.538062486492952,0.2275155624340189
15611,9,10,676.71,2.302585092994046,2.3978952727983707,6.51871946782485,0,Champions,1.1997704065226977,-0.266607372784089
17114,5,8,434.67,1.791759469228055,2.1972245773362196,6.076885076036254,0,Champions,1.0204436752853008,-0.6445064201685214
15059,40,9,1057.8700000000001,3.713572066704308,2.302585092994046,6.964957580747885,3,Loyal Customers,0.9717604692933495,0.4180014373861812
16326,5,14,1310.02,1.791759469228055,2.70805020110221,7.178560739177465,0,Champions,1.7691555594280162,-0.22845866450838748
17128,334,1,131.59,5.814130531825066,0.6931471805599453,4.887261660126628,2,Hibernating,-1.3642680261268998,0.3565578978365729
14761,58,2,255.9,4.07753744390572,1.0986122886681098,5.548686904115838,1,At Risk,-0.44624382166090937,-0.09166907871099639
17555,19,2,471.81,2.995732273553991,1.0986122886681098,6.158693616460434,1,At Risk,0.026509568425600177,-0.3753318215441956
12651,334,1,114.0,5.814130531825066,0.6931471805599453,4.74493212836325,2,Hibernating,-1.416216933644381,0.31798584937456964
16735,78,5,1949.05,4.3694478524670215,1.791759469228055,7.575610292254708,3,Loyal Customers,0.696397422349478,0.7382094355565059
16833,0,4,1021.53,0.0,1.6094379124341003,6.930035227339852,0,Champions,1.3472479064773697,-1.292114446092292
17800,36,9,951.36,3.6109179126442243,2.302585092994046,6.858943114570701,3,Loyal Customers,0.9567992308824727,0.3466667730273922
16748,17,5,1515.9,2.8903717578961645,1.791759469228055,7.324424057597627,3,Loyal Customers,0.9466703229090616,0.0562809539335504
14755,9,11,4106.17,2.302585092994046,2.4849066497880004,8.320489505843998,0,Champions,1.916439000589483,0.24169401709337185
16549,9,10,3659.3,2.302585092994046,2.3978952727983707,8.205300390249398,0,Champions,1.8153561902618185,0.19046488951354384
13565,18,2,240.22,2.9444389791664403,1.0986122886681098,5.485709380155097,1,At Risk,-0.20726449281162188,-0.5790021476131628
15799,75,3,715.04,4.330733340286331,1.3862943611198906,6.573736031321991,3,Loyal Customers,0.0645529971747548,0.3573733397507912
18032,333,1,73.5,5.811140992976701,0.6931471805599453,4.310799125385514,2,Hibernating,-1.5739801328376304,0.1990927944043495
13451,25,5,2608.66,3.258096538021482,1.791759469228055,7.866975223631867,3,Loyal Customers,1.05968052299325,0.3559306702008766
14794,2,6,1060.06,1.0986122886681098,1.9459101490553132,6.967023687439196,0,Champions,1.3350625677147319,-0.7487499354398747
12539,21,4,4141.6,3.091042453358316,1.6094379124341003,8.329078889021423,3,Loyal Customers,1.1432550236031644,0.36989808021115267
16350,20,4,932.7,3.044522437723423,1.6094379124341003,6.83915518748988,3,Loyal Customers,0.6102023768919894,-0.05318608217695014
18171,58,5,675.6800000000001,4.07753744390572,1.791759469228055,6.517198487607091,3,Loyal Customers,0.377575235735472,0.3302237540298101
12524,8,8,1719.21,2.1972245773362196,2.1972245773362196,7.450201655378008,0,Champions,1.4279499096724815,-0.10405169208849338
17811,3,39,5594.68,1.3862943611198906,3.6888794541139363,8.629750150447677,0,Champions,3.058089582220187,0.222129387670669
16850,333,1,317.29,5.811140992976701,0.6931471805599453,5.762962916892232,2,Hibernating,-1.0439543428938172,0.5926367866229483
14321,10,5,1178.4,2.3978952727983707,1.791759469228055,7.072761113566404,3,Loyal Customers,0.9686733610425051,-0.21631178773400336
15326,333,1,311.71,5.811140992976701,0.6931471805599453,5.74527624348556,2,Hibernating,-1.0504098082474347,0.5878436055078164
17849,263,3,64.60000000000001,5.575949103146316,1.3862943611198906,4.183575695950044,2,Hibernating,-1.0957188522115453,0.2264248460371549
14229,51,3,757.8,3.9512437185814275,1.3862943611198906,6.631738238060859,3,Loyal Customers,0.173458951128981,0.21559401209263251
13107,43,4,1092.0,3.784189633918261,1.6094379124341003,6.996681488176539,3,Loyal Customers,0.49669137236237393,0.2964858187659356
16497,49,6,2296.79,3.912023005428146,1.9459101490553132,7.739703070420935,3,Loyal Customers,0.96663953904023,0.6282900779188386
16303,25,3,3904.43,3.258096538021482,1.3862943611198906,8.270123171448425,3,Loyal Customers,0.9317051030611152,0.37193049725852345
15281,58,9,1900.68,4.07753744390572,2.302585092994046,7.5504929849970015,3,Loyal Customers,1.1013286533425313,0.7277398556714904
16112,142,2,100.7,4.962844630259907,1.0986122886681098,4.622027303054514,2,Hibernating,-0.9891433181197483,0.024627212852575624
12736,332,1,93.6,5.808142489980444,0.6931471805599453,4.549657476057832,2,Hibernating,-1.4861059008562723,0.2625802002493729
13473,60,2,326.96,4.110873864173311,1.0986122886681098,5.792891649727977,1,At Risk,-0.3648186217494631,-0.011652817729030207
14320,206,2,457.89,5.332718793265369,1.0986122886681098,6.128810529923434,2,Hibernating,-0.5246946321065791,0.5864809178561086
12393,71,4,1193.5,4.276666119016055,1.6094379124341003,7.0854829667658645,3,Loyal Customers,0.4152454687773103,0.5249422504225681
17742,112,2,200.86,4.727387818712341,1.0986122886681098,5.307574387810713,2,Hibernating,-0.6844890464810155,0.11269325895117019
16351,332,1,153.9,5.808142489980444,0.6931471805599453,5.042779747422823,2,Hibernating,-1.306121023841862,0.3962189181818216
12601,189,5,371.51,5.247024072160486,1.791759469228055,5.920263883096861,3,Loyal Customers,-0.11067838420702404,0.6538192304979872
13144,332,1,47.2,5.808142489980444,0.6931471805599453,3.8753590210565547,2,Hibernating,-1.732218338971206,0.07984178776444195
15346,332,1,252.42000000000002,5.808142489980444,0.6931471805599453,5.5350481913707625,2,Hibernating,-1.1264477856066615,0.5296262444129093
15370,70,5,1495.2,4.2626798770413155,1.791759469228055,7.310683839438305,3,Loyal Customers,0.6243859308319348,0.622101445959392
16034,195,3,407.1,5.278114659230517,1.3862943611198906,6.01151224241176,2,Hibernating,-0.35968210414635465,0.5981960516015985
17365,12,8,3788.79,2.5649493574615367,2.1972245773362196,8.240065887570362,0,Champions,1.6312269956414047,0.26262116024167415
15189,0,39,5114.18,0.0,3.6888794541139363,8.539967868382387,0,Champions,3.3458227939542264,-0.37755090436067584
14669,241,3,1069.77,5.488937726156687,1.3862943611198906,6.97613329481742,3,Loyal Customers,-0.05634573486555747,0.9471105567967042
18095,312,2,283.8,5.746203190540153,1.0986122886681098,5.651787179537821,2,Hibernating,-0.7943986522381907,0.6288120521746043
15518,63,7,1700.88,4.1588830833596715,2.0794415416798357,7.439488801359809,3,Loyal Customers,0.8905968188903659,0.6800955943399554
14209,10,6,1098.55,2.3978952727983707,1.9459101490553132,7.002656284176857,0,Champions,1.0476817472426387,-0.1998565143592549
16042,21,5,1095.27,3.091042453358316,1.791759469228055,6.999668787533656,3,Loyal Customers,0.7817439266589022,0.05155422084877637
15569,131,2,59.160000000000004,4.882801922586371,1.0986122886681098,4.097007679641584,2,Hibernating,-1.1622650308995957,-0.1508756951126262
12728,70,4,565.33,4.2626798770413155,1.6094379124341003,6.339176947171316,3,Loyal Customers,0.14608449812715016,0.31688475052627013
13672,300,2,186.39000000000001,5.707110264748875,1.0986122886681098,5.233192006587575,2,Hibernating,-0.9381438083002015,0.49914597009717554
17569,331,1,242.6,5.805134968916488,0.6931471805599453,5.495527535835742,2,Hibernating,-1.1401771233344689,0.5176677390184202
13784,112,5,247.26,4.727387818712341,1.791759469228055,5.514476584087801,3,Loyal Customers,-0.13865007607466534,0.3281859593457238
12724,4,4,923.41,1.6094379124341003,1.6094379124341003,6.829155696169494,0,Champions,0.9383355295484517,-0.6514940286000681
13862,17,8,2131.96,2.8903717578961645,2.1972245773362196,7.665265965365367,0,Champions,1.3461948705791242,0.2419062738801485
16791,28,7,1414.38,3.367295829986474,2.0794415416798357,7.255153325260658,3,Loyal Customers,1.0063263362326518,0.301610069598214
16235,40,4,595.71,3.713572066704308,1.6094379124341003,6.391431233227896,3,Loyal Customers,0.29210721670235795,0.10315167206014111
14270,331,1,341.65000000000003,5.805134968916488,0.6931471805599453,5.8367095180318325,2,Hibernating,-1.015648987675302,0.6101298429021632
12523,18,11,1277.91,2.9444389791664403,2.4849066497880004,7.153763431628346,0,Champions,1.3422024867744393,0.1918914790226182
16655,17,6,2721.36,2.8903717578961645,1.9459101490553132,7.909254430160741,0,Champions,1.2647237464577692,0.2502270968151853
16359,6,8,429.36,1.9459101490553132,2.1972245773362196,6.0646220677257086,0,Champions,0.98032908971843,-0.5838531506633419
16554,41,3,742.8,3.7376696182833684,1.3862943611198906,6.61177218149097,3,Loyal Customers,0.21554857433566335,0.12154420615076283
12359,57,4,3161.58,4.060443010546419,1.6094379124341003,8.059143429158514,3,Loyal Customers,0.8206116308827816,0.6990710261127433
15939,89,11,834.16,4.499809670330265,2.4849066497880004,6.727623323261175,3,Loyal Customers,0.8270731484344231,0.7219252500116435
14587,18,9,1258.33,2.9444389791664403,2.302585092994046,7.138335112486719,0,Champions,1.21286051989089,0.1457770837177914
14715,24,4,687.23,3.2188758248682006,1.6094379124341003,6.534123084392353,3,Loyal Customers,0.45855914917825336,-0.06349011269700339
14185,330,1,12.75,5.802118375377063,0.6931471805599453,2.6210388241125804,2,Hibernating,-2.188640384548829,-0.2625857211375206
12437,1,18,2760.54,0.6931471805599453,2.9444389791664403,7.923543774117743,0,Champions,2.4554567609476967,-0.42814902769305774
14040,40,12,1910.76,3.713572066704308,2.5649493574615367,7.555779562720121,0,Champions,1.3654270151476215,0.6384600360822802
12652,330,1,732.28,5.802118375377063,0.6931471805599453,6.597527620760814,2,Hibernating,-0.7372602936987587,0.8150635669099138
14514,60,3,732.3,4.110873864173311,1.3862943611198906,6.597554895099754,3,Loyal Customers,0.12407683527802846,0.27258087932331
14167,38,4,512.84,3.6635616461296463,1.6094379124341003,6.241911932949537,3,Loyal Customers,0.2490962200066614,0.041875511506814136
17389,0,26,2717.48,0.0,3.295836866004329,7.907828179560568,0,Champions,2.848406424892857,-0.6392623177711345
17048,117,3,772.25,4.770684624465665,1.3862943611198906,6.650602411565179,3,Loyal Customers,-0.009105593228224629,0.5607959497299365
17364,0,11,3641.2400000000002,0.0,2.4849066497880004,8.200354155974704,0,Champions,2.4049345155210857,-0.7464970022847345
13284,330,1,148.74,5.802118375377063,0.6931471805599453,5.0089004568025395,2,Hibernating,-1.3170938995412085,0.3845372861228353
12951,8,6,979.12,2.1972245773362196,1.9459101490553132,6.887675013147945,0,Champions,1.0521085435695088,-0.31430068673173234
15835,43,4,802.09,3.784189633918261,1.6094379124341003,6.688466787367422,3,Loyal Customers,0.38419597671616423,0.2129580207817785
18190,191,2,219.16000000000003,5.2574953720277815,1.0986122886681098,5.394354554744979,2,Hibernating,-0.7753727849245581,0.3562197931093632
13993,42,8,2127.26,3.7612001156935624,2.1972245773362196,7.66306002344924,3,Loyal Customers,1.14405946876894,0.6027252514944011
14114,330,1,195.13,5.802118375377063,0.6931471805599453,5.27877770467342,2,Hibernating,-1.2185913047738441,0.45767543359439294
15447,330,1,129.67,5.802118375377063,0.6931471805599453,4.872675061001055,2,Hibernating,-1.3668148562558604,0.34761949047276597
16315,330,1,155.52,5.802118375377063,0.6931471805599453,5.053183797342212,2,Hibernating,-1.300930906986121,0.3965383033129665
14978,71,5,1079.27,4.276666119016055,1.791759469228055,6.984966288873473,3,Loyal Customers,0.5022686290617597,0.5396349443481052
16395,60,5,1270.64,4.110873864173311,1.791759469228055,7.148062684974745,3,Loyal Customers,0.6001274094460101,0.515026751303442
13614,23,4,1060.3600000000001,3.1780538303479458,1.6094379124341003,6.967306383608661,3,Loyal Customers,0.6261046774304422,0.036962622541690665
13246,17,6,818.53,2.8903717578961645,1.9459101490553132,6.708731005201454,3,Loyal Customers,0.8265442653402257,-0.07512103827377406
15687,8,9,2344.23,2.1972245773362196,2.302585092994046,7.760138757094205,0,Champions,1.6125643126816485,0.004175389219341288
12578,20,2,2242.96,3.044522437723423,1.0986122886681098,7.715997441171771,3,Loyal Customers,0.5836304661568816,0.06695487876402578
16493,79,4,1002.6,4.382026634673881,1.6094379124341003,6.911348814492268,3,Loyal Customers,0.3273294666925143,0.5214783837319784
12490,4,10,4227.11,1.6094379124341003,2.3978952727983707,8.34951036368102,0,Champions,2.028242880611997,-0.05812786419382856
12672,329,1,162.29999999999998,5.799092654460526,0.6931471805599453,5.095588999976419,2,Hibernating,-1.2847538882748912,0.4067745810931491
13385,329,1,403.07,5.799092654460526,0.6931471805599453,6.001588130278833,2,Hibernating,-0.9540729364872823,0.6523050899594012
12474,16,18,6115.2,2.833213344056216,2.9444389791664403,8.718696267626122,0,Champions,2.250909393023581,0.6755255186482353
15626,74,2,562.56,4.31748811353631,1.0986122886681098,6.3342738051850755,3,Loyal Customers,-0.21498731807239976,0.22081495936712534
16233,70,2,373.38,4.2626798770413155,1.0986122886681098,5.925271324373183,2,Hibernating,-0.3515979490714738,0.08722627752696169
12553,7,10,2933.7,2.0794415416798357,2.3978952727983707,7.984360512387156,0,Champions,1.786304704656615,0.03797855028119905
15213,318,2,328.35,5.765191102784844,1.0986122886681098,5.797121015086702,2,Hibernating,-0.7457430933652502,0.6760787684534385
14175,59,3,2177.5,4.0943445622221,1.3862943611198906,7.686391845557496,3,Loyal Customers,0.5253133042144578,0.5608012974774965
18106,329,1,196.05,5.799092654460526,0.6931471805599453,5.283457503641013,2,Hibernating,-1.2161836948554063,0.45768792941977726
15033,4,10,2283.85,1.6094379124341003,2.3978952727983707,7.734055655659321,0,Champions,1.8036078430895581,-0.224919313093187
14329,16,7,3974.03,2.833213344056216,2.0794415416798357,8.287787574229764,0,Champions,1.5067045295070134,0.35980100216071154
14156,9,41,18276.11,2.302585092994046,3.7376696182833684,9.813404736229518,0,Champions,3.311376844875139,0.9344124116295213
16401,0,12,2683.04,0.0,2.5649493574615367,7.895078401110179,0,Champions,2.347823243712945,-0.8108188229959978
16206,54,4,502.71000000000004,4.007333185232471,1.6094379124341003,6.22200070564169,3,Loyal Customers,0.1623509113443802,0.17915374514455648
13782,12,6,763.42,2.5649493574615367,1.9459101490553132,6.639117376335717,3,Loyal Customers,0.8763716542326456,-0.22904559893014084
12924,87,4,644.2,4.477336814478207,1.6094379124341003,6.469560346251054,3,Loyal Customers,0.14404579548281018,0.4413076405746341
15535,172,4,251.8,5.153291594497779,1.6094379124341003,5.532598662272703,2,Hibernating,-0.354212850648535,0.4679252283114107
13700,25,10,1840.13,3.258096538021482,2.3978952727983707,7.518134792536891,0,Champions,1.3436388967216133,0.4008019342245007
13064,12,4,879.22,2.5649493574615367,1.6094379124341003,6.78017187622746,3,Loyal Customers,0.6995484349767677,-0.26820638007026293
13048,13,4,1793.91,2.6390573296152584,1.6094379124341003,7.492710160389597,3,Loyal Customers,0.9424847268743277,-0.04434800523820894
13634,32,5,1130.31,3.4965075614664802,1.791759469228055,7.031131532281668,3,Loyal Customers,0.6994864423599512,0.22835953270700243
18069,25,5,1852.42,3.258096538021482,1.791759469228055,7.52478786007311,3,Loyal Customers,0.9347854328251919,0.26319610270284993
16843,42,16,7099.72,3.7612001156935624,2.833213344056216,8.867951466338623,0,Champions,2.0153711566584693,1.0755320539357505
17064,58,3,681.3000000000001,4.07753744390572,1.3862943611198906,6.525469443821378,3,Loyal Customers,0.10547351914951933,0.23920984846354373
17609,40,5,952.1899999999999,3.713572066704308,1.791759469228055,6.8598142541917975,3,Loyal Customers,0.5867732847969827,0.27201916360101197
15673,87,4,2054.26,4.477336814478207,1.6094379124341003,7.628157639608534,3,Loyal Customers,0.5669226425920512,0.7552935744399025
12626,22,9,4945.49,3.1354942159291497,2.302585092994046,8.506433513129776,0,Champions,1.668032436003928,0.5958318909025812
14976,56,6,624.0600000000001,4.04305126783455,1.9459101490553132,6.437847645128697,3,Loyal Customers,0.4611819117805399,0.32986063430671225
12388,15,6,2466.7000000000003,2.772588722239781,1.9459101490553132,7.811041821721038,0,Champions,1.256107816945021,0.17472789078171239
13527,33,7,1878.75,3.5263605246161616,2.0794415416798357,7.538894068258136,3,Loyal Customers,1.0731141768874468,0.44452135193097025
15696,32,8,2235.91,3.4965075614664802,2.1972245773362196,7.712850728226603,0,Champions,1.2234279153085053,0.506364382862595
12673,4,2,504.62,1.6094379124341003,1.0986122886681098,6.225785399012317,1,At Risk,0.3715003020085649,-0.9324984205430594
15296,50,6,2874.4700000000003,3.9318256327243257,1.9459101490553132,7.963971418131206,3,Loyal Customers,1.0439170769929604,0.6972865886525049
17988,11,7,99.92,2.4849066497880004,2.0794415416798357,4.614328123772857,1,At Risk,0.24645363287907415,-0.7802822360040618
12820,2,4,923.62,1.0986122886681098,1.6094379124341003,6.829382842295736,0,Champions,1.056518233203197,-0.8634386145618728
13001,3,13,5060.35,1.3862943611198906,2.6390573296152584,8.529388525116115,0,Champions,2.309121983340928,-0.04652409246998107
14238,325,1,96.2,5.786897381366708,0.6931471805599453,4.576770711466393,2,Hibernating,-1.4712980904760697,0.2611107470846685
17730,2,13,3979.48,1.0986122886681098,2.6390573296152584,8.2891576940216,0,Champions,2.2879504018131285,-0.23102357418441494
13929,168,2,285.45,5.1298987149230735,1.0986122886681098,5.657564000854586,2,Hibernating,-0.6498042974359632,0.37459494411746697
14657,17,4,707.37,2.8903717578961645,1.6094379124341003,6.562966556056543,3,Loyal Customers,0.545034893652277,-0.19201125662201637
13859,325,1,172.76000000000002,5.786897381366708,0.6931471805599453,5.15767503674557,2,Hibernating,-1.2592736097056103,0.4185388613266709
18212,325,1,175.47,5.786897381366708,0.6931471805599453,5.173150890255142,2,Hibernating,-1.2536250723095947,0.42273289867202285
17018,40,2,748.5,3.713572066704308,1.0986122886681098,6.619406317542652,3,Loyal Customers,0.028705042037046463,0.04744623210210217
14242,234,2,219.25,5.459585514144159,1.0986122886681098,5.394763264816289,2,Hibernating,-0.8219456293976167,0.4402033093683016
12356,245,2,1086.56,5.5053315359323625,1.0986122886681098,6.991691933854691,3,Loyal Customers,-0.2496582580126222,0.8919651504001918
13898,325,1,138.93,5.786897381366708,0.6931471805599453,4.941142297567622,2,Hibernating,-1.3383059728610158,0.3598573550664839
16948,138,3,212.9,4.9344739331306915,1.3862943611198906,5.36550861608836,2,Hibernating,-0.5160195430644032,0.28050569620949195
12527,81,3,296.71000000000004,4.406719247264253,1.3862943611198906,5.696119858320856,3,Loyal Customers,-0.27333593125578415,0.1510709219571449
15395,325,1,74.55000000000001,5.786897381366708,0.6931471805599453,4.3247946887187485,2,Hibernating,-1.563266910580825,0.19282392536700022
12510,142,2,620.05,4.962844630259907,1.0986122886681098,6.431411593990203,3,Loyal Customers,-0.32873548828392374,0.5149798311158545
13263,0,34,6695.64,0.0,3.5553480614894135,8.809361187052305,0,Champions,3.3535436058763692,-0.3352555986512181
14428,6,5,764.04,1.9459101490553132,1.791759469228055,6.639928120041287,3,Loyal Customers,0.9151897189055522,-0.5211975757254685
12665,324,1,45.0,5.783825182329737,0.6931471805599453,3.828641396489095,2,Hibernating,-1.743647807148705,0.0570887410560252
12451,10,5,5878.31,2.3978952727983707,1.791759469228055,8.679194687068206,0,Champions,1.5550061347746726,0.2190401232883313
12422,95,3,645.3100000000001,4.564348191467836,1.3862943611198906,6.47127926483985,3,Loyal Customers,-0.026853077209547355,0.4265633611769215
17708,187,2,254.82999999999998,5.236441962829949,1.0986122886681098,5.544513161392399,2,Hibernating,-0.7156989195307204,0.3881758402443475
15606,60,9,2570.92,4.110873864173311,2.302585092994046,7.852407980674697,3,Loyal Customers,1.203817538395937,0.8233958966394098
13310,27,3,1015.73,3.332204510175204,1.3862943611198906,6.924346874075057,3,Loyal Customers,0.42337640790147757,0.03797484147164222
15831,57,3,392.02,4.060443010546419,1.3862943611198906,5.973860501159621,3,Loyal Customers,-0.09190629957605445,0.08262629438212643
14916,70,4,1165.71,4.2626798770413155,1.6094379124341003,7.06194310097676,3,Loyal Customers,0.40988717924062545,0.5127581632037411
17602,1,6,4240.08,0.6931471805599453,1.9459101490553132,8.352573232772272,0,Champions,1.9345158826789361,-0.5415374960479309
14572,2,7,2333.51,1.0986122886681098,2.0794415416798357,7.755557297974317,0,Champions,1.7134748901086148,-0.5043415031619445
13502,16,3,272.1,2.833213344056216,1.3862943611198906,5.609838028479659,1,At Risk,0.058957089096684484,-0.5253584703710255
14784,25,2,231.32000000000002,3.258096538021482,1.0986122886681098,5.448115731636431,1,At Risk,-0.29350154455000055,-0.4590140409553893
15938,111,5,297.58,4.718498871295094,1.791759469228055,5.699037903625444,3,Loyal Customers,-0.06923190206077853,0.37451389518922
12637,66,8,5056.84,4.204692619390966,2.1972245773362196,8.528694793673031,0,Champions,1.3574750310901909,1.02137792555152
17418,41,2,349.76,3.7376696182833684,1.0986122886681098,5.860102228911155,1,At Risk,-0.25400484149918806,-0.14832803103862405
14779,280,3,187.55,5.638354669333745,1.3862943611198906,5.239363223704366,2,Hibernating,-0.7247943686200369,0.5384487554457172
16321,71,5,346.8,4.276666119016055,1.791759469228055,5.851627601920183,3,Loyal Customers,0.08861092988236066,0.23249422509314568
15262,323,1,161.95000000000002,5.780743515792329,0.6931471805599453,5.093443405283571,2,Hibernating,-1.28129479967763,0.3985777358653269
17862,323,1,260.0,5.780743515792329,0.6931471805599453,5.564520407322694,2,Hibernating,-1.1093562335251945,0.5262420703633599
12402,322,1,195.6,5.777652323222656,0.6931471805599453,5.281171207713066,2,Hibernating,-1.2120612958097559,0.4481700267507279
17771,56,2,213.23,4.04305126783455,1.0986122886681098,5.367050204229129,1,At Risk,-0.5045664712330015,-0.15520625071004684
15422,322,2,97.7,5.777652323222656,1.0986122886681098,4.592084946439436,2,Hibernating,-1.1884506048094985,0.3546794193387574
13008,322,1,229.46999999999997,5.777652323222656,0.6931471805599453,5.440120702122399,2,Hibernating,-1.1540462620868284,0.49124617212553656
14770,231,2,622.37,5.44673737166631,1.0986122886681098,6.435140242979898,2,Hibernating,-0.43924764518454773,0.7168185997923002
16912,28,11,1691.08,3.367295829986474,2.4849066497880004,7.433713820372319,0,Champions,1.3466197321281672,0.4432562768764793
15174,322,1,120.63,5.777652323222656,0.6931471805599453,4.800983649630345,2,Hibernating,-1.3873251271231035,0.3180366838545384
12594,46,8,2743.43,3.8501476017100584,2.1972245773362196,7.917328682108104,3,Loyal Customers,1.2163009575937265,0.7085489486556588
17504,205,9,1794.82,5.327876168789581,2.302585092994046,7.493217021122364,3,Loyal Customers,0.7913527205597292,1.2311414082567065
16387,322,1,94.36,5.777652323222656,0.6931471805599453,4.55765920331704,2,Hibernating,-1.476136205201312,0.25209448465732404
12664,58,4,406.8,4.07753744390572,1.6094379124341003,6.010776858140355,3,Loyal Customers,0.06902544210107217,0.151047600383328
16618,30,4,1561.08,3.4339872044851463,1.6094379124341003,7.353773545477361,3,Loyal Customers,0.7079912176724471,0.2479163662457021
17277,227,2,958.0500000000001,5.429345628954441,1.0986122886681098,6.865943211167697,3,Loyal Customers,-0.2779878474582273,0.8263504270210774
14088,9,12,15700.62,2.302585092994046,2.5649493574615367,9.6615191707266,0,Champions,2.460213342163071,0.623529586538605
17094,321,1,254.3,5.7745515455444085,0.6931471805599453,5.542439324247439,2,Hibernating,-1.1159840699547579,0.5176881498023751
14692,136,4,558.55,4.919980925828125,1.6094379124341003,6.327132889264036,3,Loyal Customers,-0.010275497627188657,0.5864180667554894
12970,6,4,310.05,1.9459101490553132,1.6094379124341003,5.739953670961029,1,At Risk,0.46299693863268054,-0.8070286044524626
17889,211,2,159.92,5.356586274672012,1.0986122886681098,5.080907347081587,2,Hibernating,-0.9126872130750499,0.31239930363663415
17714,320,1,153.0,5.771441123130016,0.6931471805599453,5.0369526024136295,2,Hibernating,-1.2997627413715127,0.37940769347865366
12916,138,4,1785.8,4.9344739331306915,1.6094379124341003,7.488181589477963,3,Loyal Customers,0.410145393648241,0.907083326045926
17769,12,10,3271.08,2.5649493574615367,2.3978952727983707,8.093181147301495,0,Champions,1.7137767144502092,0.2689680960709131
14450,180,3,483.25,5.198497031265826,1.3862943611198906,6.182601302287106,3,Loyal Customers,-0.2788291315235836,0.6115186615246656
16085,22,5,852.4,3.1354942159291497,1.791759469228055,6.749228370753899,3,Loyal Customers,0.6800586090315336,0.0021322134800140927
13659,205,2,1215.27,5.327876168789581,1.0986122886681098,7.103544077352681,3,Loyal Customers,-0.1678066949185616,0.8486289964823657
15167,320,1,134.4,5.771441123130016,0.6931471805599453,4.9082333604781745,2,Hibernating,-1.3467440242590447,0.3445241048346544
15443,1,7,2677.03,0.6931471805599453,2.0794415416798357,7.892836728578215,0,Champions,1.8573216423061518,-0.635416801827417
14224,109,4,645.21,4.700480365792417,1.6094379124341003,6.471124528355773,3,Loyal Customers,0.09302726617756626,0.5343420174256753
13742,16,12,1895.66,2.833213344056216,2.5649493574615367,7.547849723507601,0,Champions,1.566066317286002,0.2709388552387504
17673,1,6,1387.25,0.6931471805599453,1.9459101490553132,7.235799240121716,0,Champions,1.526904137292308,-0.8441890964005283
12727,10,7,2461.52,2.3978952727983707,2.0794415416798357,7.808940494840673,0,Champions,1.4325728676276401,0.04936242351024813
14068,319,1,248.85000000000002,5.768320995793772,0.6931471805599453,5.520860737790214,2,Hibernating,-1.122419580613203,0.5092543969424153
14744,15,6,416.48,2.772588722239781,1.9459101490553132,6.034236638951851,3,Loyal Customers,0.6075910476373608,-0.30679561855752174
14368,319,1,105.2,5.768320995793772,0.6931471805599453,4.665324108807838,2,Hibernating,-1.4346822057071384,0.277399490196926
15497,17,2,498.0,2.8903717578961645,1.0986122886681098,6.212606095751519,1,At Risk,0.07054581840281307,-0.4044486578111194
12559,319,1,301.41,5.768320995793772,0.6931471805599453,5.711783712541687,2,Hibernating,-1.0527345346817958,0.5609955229293028
13819,301,3,624.75,5.71042701737487,1.3862943611198906,6.438950930311884,3,Loyal Customers,-0.3036191070475626,0.8934552365073781
14501,183,2,251.21,5.214935757608986,1.0986122886681098,5.530262073815315,2,Hibernating,-0.7159283244699669,0.37538807693575854
14782,319,1,110.10000000000001,5.768320995793772,0.6931471805599453,4.7104306966455844,2,Hibernating,-1.4182187358215785,0.2896236117160331
17861,2,8,1606.44,1.0986122886681098,2.1972245773362196,7.3823981303762976,0,Champions,1.657194799126158,-0.5783799574145977
14439,319,1,1637.3,5.768320995793772,0.6931471805599453,7.401414397826217,3,Loyal Customers,-0.4360356168881987,1.0188942869330495
18161,14,5,1281.32,2.70805020110221,1.791759469228055,7.156426216317626,3,Loyal Customers,0.9275043720111644,-0.06491560878523639
15820,319,1,116.97999999999999,5.768320995793772,0.6931471805599453,4.770515118574929,2,Hibernating,-1.3962885008283377,0.3059068047101835
18136,62,3,767.33,4.143134726391533,1.3862943611198906,6.644219328358434,3,Loyal Customers,0.13365038732399945,0.2986162961384971
16660,15,2,205.97,2.772588722239781,1.0986122886681098,5.332573855226127,1,At Risk,-0.22342674271954624,-0.6918250783884413
12693,126,4,476.51,4.844187086458591,1.6094379124341003,6.168585102109873,3,Loyal Customers,-0.05062083440154036,0.511994338280102
12625,211,2,1625.82,5.356586274672012,1.0986122886681098,7.394382468031754,3,Loyal Customers,-0.06829108801762523,0.9393631766667394
13396,28,2,936.69,3.367295829986474,1.0986122886681098,6.843419403977118,3,Loyal Customers,0.19052463338145517,-0.03555884462001903
15179,17,4,1533.79,2.8903717578961645,1.6094379124341003,7.336148842844665,3,Loyal Customers,0.827238977463123,0.017525192113969884
12935,1,7,1851.55,0.6931471805599453,2.0794415416798357,7.52431834735931,0,Champions,1.722815984434251,-0.7352872130021417
16730,51,3,627.87,3.9512437185814275,1.3862943611198906,6.443924558074251,3,Loyal Customers,0.1049087678236453,0.16469552126983997
14541,58,8,1372.05,4.07753744390572,2.1972245773362196,7.224789821710875,3,Loyal Customers,0.9109597897919439,0.6152400891141794
13551,318,1,53.550000000000004,5.765191102784844,0.6931471805599453,3.9991177122790798,2,Hibernating,-1.6771175081087057,0.0955550795592045
12421,15,4,607.57,2.772588722239781,1.6094379124341003,6.411111942787508,3,Loyal Customers,0.5168401493046421,-0.28204772687775836
15052,318,1,127.83,5.765191102784844,0.6931471805599453,4.858493705803434,2,Hibernating,-1.3634535519554596,0.3284504742016306
14130,318,1,360.46,5.765191102784844,0.6931471805599453,5.890151385407493,2,Hibernating,-0.9869084405969154,0.6080351079798233
13615,318,1,385.89,5.765191102784844,0.6931471805599453,5.958140414900485,2,Hibernating,-0.9620931000166724,0.6264604910187285
13901,71,5,2365.83,4.276666119016055,1.791759469228055,7.769306786064441,3,Loyal Customers,0.7885453521421691,0.7521953265368017
13158,94,4,1193.5,4.553876891600541,1.6094379124341003,7.0854829667658645,3,Loyal Customers,0.3511560132253557,0.6399920524836812
14257,63,5,2451.6,4.1588830833596715,1.791759469228055,7.8049039653279255,3,Loyal Customers,0.828768705666501,0.7129592737086545
14409,70,4,875.4200000000001,4.2626798770413155,1.6094379124341003,6.775845428090775,3,Loyal Customers,0.30546428565288153,0.43522419560964515
15218,10,10,3102.65,2.3978952727983707,2.3978952727983707,8.04033411721352,0,Champions,1.7331099526707103,0.18531441092483264
15110,23,4,620.4,3.1780538303479458,1.6094379124341003,6.431974996958947,3,Loyal Customers,0.4307138800904722,-0.10811498667445413
15967,22,2,352.28,3.1354942159291497,1.0986122886681098,5.867260943648676,1,At Risk,-0.11217266527742328,-0.3963066996640158
16757,318,1,106.83000000000001,5.765191102784844,0.6931471805599453,4.680555912893981,2,Hibernating,-1.4283991316478417,0.28022840049498954
13815,21,4,3007.46,3.091042453358316,1.6094379124341003,8.009183598909727,3,Loyal Customers,1.0264963254229584,0.28320478135685395
18008,69,4,71.53,4.248495242049359,1.6094379124341003,4.284000269375321,2,Hibernating,-0.6007557824056422,-0.2459658904116395
14534,2,18,3186.6800000000003,1.0986122886681098,2.9444389791664403,8.067048658460513,0,Champions,2.4140935778928845,-0.22097970926014313
15339,65,2,528.71,4.189654742026425,1.0986122886681098,6.2723296869828165,3,Loyal Customers,-0.20804202123495322,0.1509735489374759
12744,55,4,4774.93,4.02535169073515,1.6094379124341003,8.471343998348614,3,Loyal Customers,0.9791737675134495,0.7962157131958745
12854,78,3,1056.4,4.3694478524670215,1.3862943611198906,6.96356834380135,3,Loyal Customers,0.1978874732819287,0.47908748435832854
16222,317,1,620.7,5.762051382780177,0.6931471805599453,6.432457661275292,2,Hibernating,-0.7882459916136729,0.7536998818616836
14341,44,8,1858.47,3.8066624897703196,2.1972245773362196,7.528046779865795,3,Loyal Customers,1.0842703097565183,0.5850040430359258
13168,35,4,1097.29,3.58351893845611,1.6094379124341003,7.001509703772426,3,Loyal Customers,0.5448474767483465,0.2145106446894856
16943,211,3,431.18,5.356586274672012,1.3862943611198906,6.0688421681293265,2,Hibernating,-0.35689939704505813,0.6463005574573994
17515,30,4,403.17,3.4339872044851463,1.6094379124341003,6.001835581532199,3,Loyal Customers,0.21454688895000765,-0.11846590183910422
17082,32,2,1408.1,3.4965075614664802,1.0986122886681098,7.250706481701059,3,Loyal Customers,0.3093075203330081,0.12844437218020893
14248,317,1,98.58,5.762051382780177,0.6931471805599453,4.600961341214036,2,Hibernating,-1.4567244989950234,0.25735478790866134
12609,77,3,846.11,4.356708826689592,1.3862943611198906,6.741830556349529,3,Loyal Customers,0.11990050344875111,0.41370835014929425
13002,317,1,110.99999999999999,5.762051382780177,0.6931471805599453,4.718498871295094,2,Hibernating,-1.413824433180396,0.28920807408350746
16133,3,31,5853.43,1.3862943611198906,3.4657359027997265,8.674953918602728,0,Champions,2.923178765158762,0.18305770757295212
13049,63,2,433.68,4.1588830833596715,1.0986122886681098,6.074610128194651,3,Loyal Customers,-0.27309353330023073,0.08461946091437561
13405,203,2,363.35,5.318119993844216,1.0986122886681098,5.8981149441162914,2,Hibernating,-0.6055211435879274,0.5179023181345229
16043,37,4,598.74,3.6375861597263857,1.6094379124341003,6.396496227966792,3,Loyal Customers,0.31152337351462134,0.07298815115132445
14049,16,4,4584.74,2.833213344056216,1.6094379124341003,8.430706767523708,0,Champions,1.2399567520232762,0.2904338682832604
15812,106,4,506.38000000000005,4.672828834461906,1.6094379124341003,6.229260229754506,3,Loyal Customers,0.011141994900250918,0.45731940909822916
13837,211,2,221.59,5.356586274672012,1.0986122886681098,5.405331514202519,2,Hibernating,-0.7942755184295565,0.40031995187734926
17118,317,1,157.02,5.762051382780177,0.6931471805599453,5.062721607294587,2,Hibernating,-1.2881864516855874,0.3824942381718526
14233,48,4,916.9200000000001,3.8918202981106265,1.6094379124341003,6.822110240853561,3,Loyal Customers,0.40809099017305395,0.29384566870879847
17075,17,4,624.52,2.8903717578961645,1.6094379124341003,6.438583303816259,3,Loyal Customers,0.4996362052191806,-0.2257197693518272
16714,316,1,806.41,5.75890177387728,0.6931471805599453,6.693831593776871,2,Hibernating,-0.6921188544662814,0.8232264153449061
13098,0,27,9869.38,0.0,3.332204510175204,9.197293632192988,0,Champions,3.343725453167378,-0.2814460124774645
15661,316,1,19.8,5.75890177387728,0.6931471805599453,3.0349529867072724,2,Hibernating,-2.0275742868100584,-0.16834884805934874
17027,78,6,818.26,4.3694478524670215,1.9459101490553132,6.7084014937906655,3,Loyal Customers,0.48447054122849176,0.5386453590221183
12591,316,1,323.1,5.75890177387728,0.6931471805599453,5.781052110147502,2,Hibernating,-1.025274569878515,0.5758583952195598
17786,84,2,226.78,4.442651256490317,1.0986122886681098,5.428380250846205,2,Hibernating,-0.5745666979927826,0.02725907667586058
16124,316,1,113.4,5.75890177387728,0.6931471805599453,4.739701078945697,2,Hibernating,-1.4053576611590533,0.2936468123960414
16409,35,5,1737.14,3.58351893845611,1.791759469228055,7.460570854940204,3,Loyal Customers,0.8361111521987385,0.3808518606986536
13754,151,2,129.6,5.0238805208462765,1.0986122886681098,4.8721392168423305,2,Hibernating,-0.9119660089106424,0.11774036009963207
15227,36,5,891.78,3.6109179126442243,1.791759469228055,6.794340189942439,3,Loyal Customers,0.5866089024171603,0.21167116046744822
12997,21,4,880.09,3.091042453358316,1.6094379124341003,6.781159777358727,3,Loyal Customers,0.5782794645604158,-0.04959610522308443
16918,49,6,923.52,3.912023005428146,1.9459101490553132,6.829274683908488,3,Loyal Customers,0.6343419514190345,0.38155921742445026
16882,66,3,529.47,4.204692619390966,1.3862943611198906,6.2737634060308745,3,Loyal Customers,-0.01579426727389127,0.22376895480318187
14442,204,2,677.47,5.3230099791384085,1.0986122886681098,6.519840263116858,3,Loyal Customers,-0.37972792853758686,0.6884226086705442
16496,8,3,1259.63,2.1972245773362196,1.3862943611198906,7.139366874987175,3,Loyal Customers,0.7642571384275187,-0.3748003013878733
12764,316,1,952.88,5.75890177387728,0.6931471805599453,6.860537877373021,2,Hibernating,-0.6312726674394248,0.8684046912102505
17311,77,2,727.84,4.356708826689592,1.0986122886681098,6.591454229181678,3,Loyal Customers,-0.13018653355118864,0.30678983431298784
15910,0,8,1154.23,0.0,2.1972245773362196,7.052054737330446,0,Champions,1.7906151667416608,-1.1238579018546766
16949,3,6,674.72,1.3862943611198906,1.9459101490553132,6.515778789054528,0,Champions,1.1038521714740939,-0.7516439975481775
14970,67,4,1465.51,4.219507705176107,1.6094379124341003,7.290640707350956,3,Loyal Customers,0.5033407469581433,0.5568188190737924
14701,10,9,1702.59,2.3978952727983707,2.302585092994046,7.440493068109313,0,Champions,1.4495028642862424,0.0008333793649534706
12645,33,4,1406.18,3.5263605246161616,1.6094379124341003,7.249342980701541,3,Loyal Customers,0.6485189144466594,0.2579525071740392
12468,187,2,575.99,5.236441962829949,1.0986122886681098,6.357824935335385,2,Hibernating,-0.4188479596211194,0.6085875901501999
16767,30,10,3910.87,3.4339872044851463,2.3978952727983707,8.271770799518698,0,Champions,1.578043917511154,0.6780405171642154
14738,42,7,1154.7,3.7612001156935624,2.0794415416798357,7.052461499981396,3,Loyal Customers,0.8412774826151255,0.41016021970632716
17540,24,2,544.9,3.2188758248682006,1.0986122886681098,6.3024358087877115,1,At Risk,0.02738464273559446,-0.24376645936220429
14239,42,11,1996.75,3.7612001156935624,2.4849066497880004,7.599776826254572,0,Champions,1.3161628383330155,0.6517409173320103
18125,29,4,1024.07,3.4011973816621555,1.6094379124341003,6.932516181923596,3,Loyal Customers,0.5618171483754467,0.12014477100433885
13328,315,1,235.68,5.755742213586912,0.6931471805599453,5.466709017808493,2,Hibernating,-1.139276298128909,0.4893584699556098
15549,76,3,1180.26,4.343805421853684,1.3862943611198906,7.074336944380585,3,Loyal Customers,0.24424532006926244,0.4984640683164329
15864,66,3,334.8,4.204692619390966,1.3862943611198906,5.81651574464344,3,Loyal Customers,-0.18268525735661356,0.09985244404352323
14662,28,4,611.8,3.367295829986474,1.6094379124341003,6.418038618426381,3,Loyal Customers,0.38187562942011033,-0.03335138347504058
17180,55,4,661.06,4.02535169073515,1.6094379124341003,6.495356186271043,3,Loyal Customers,0.2579572579562932,0.26071266823050643
15057,274,2,807.0,5.616771097666572,1.0986122886681098,6.694562058521095,3,Loyal Customers,-0.38387195247051586,0.8576917635491118
12574,315,1,162.55,5.755742213586912,0.6931471805599453,5.097118753984393,2,Hibernating,-1.2741731828223768,0.38919757298162094
13330,92,3,961.38,4.532599493153256,1.3862943611198906,6.869409383064649,3,Loyal Customers,0.12580068651846762,0.521282158688021
13552,65,12,2227.55,4.189654742026425,2.5649493574615367,7.709106428751472,0,Champions,1.3113224059311652,0.877599321016867
12853,134,5,1227.2,4.90527477843843,1.791759469228055,7.113304961895299,3,Loyal Customers,0.4037804843258438,0.8353046153996488
13538,42,5,699.45,3.7612001156935624,1.791759469228055,6.551722985642123,3,Loyal Customers,0.4633116236062047,0.20829171636288288
16755,113,3,1156.54,4.736198448394496,1.3862943611198906,7.054052342598723,3,Loyal Customers,0.1461227392258296,0.6558203187036016
14133,129,3,499.28999999999996,4.867534450455582,1.3862943611198906,6.2151879302872,3,Loyal Customers,-0.19041877751472874,0.48299158430534517
16523,1,19,4755.91,0.6931471805599453,2.995732273553991,8.467353576766234,0,Champions,2.688746174922203,-0.2689764676415375
14659,8,9,2302.78,2.1972245773362196,2.302585092994046,7.742306531145582,0,Champions,1.606055722052854,-0.0006572373968916408
13141,84,5,2260.53,4.442651256490317,1.791759469228055,7.723796854361638,3,Loyal Customers,0.7335599048279428,0.8087501186058679
15365,25,7,2115.7200000000003,3.258096538021482,2.0794415416798357,7.657622999751586,0,Champions,1.178470105429334,0.36536086486949537
13707,266,2,581.36,5.58724865840025,1.0986122886681098,6.367088813205125,2,Hibernating,-0.49657112170784534,0.7566922060697742
13709,3,13,4698.650000000001,1.3862943611198906,2.6390573296152584,8.455243316840159,0,Champions,2.282059696829682,-0.06661783219786924
17329,13,2,466.56,2.6390573296152584,1.0986122886681098,6.14752768273957,1,At Risk,0.1048952020194561,-0.5263873828315703
14532,235,3,200.4,5.4638318050256105,1.3862943611198906,5.305292980284462,2,Hibernating,-0.6603820111497148,0.4838844604186305
14805,14,4,296.45,2.70805020110221,1.6094379124341003,5.695246143633915,1,At Risk,0.2704769472504953,-0.502836300441558
16897,298,2,154.23000000000002,5.700443573390687,1.0986122886681098,5.044907888038352,2,Hibernating,-1.005324398389486,0.44535313473158994
15579,68,2,209.85,4.23410650459726,1.0986122886681098,5.351146980192569,2,Hibernating,-0.5545418110250429,-0.08022313158071812
14595,19,6,1524.96,2.995732273553991,1.9459101490553132,7.330378999181063,3,Loyal Customers,1.0290810779846884,0.13707622403805486
13161,312,1,95.75,5.746203190540153,0.6931471805599453,4.572130331909891,2,Hibernating,-1.463583533275597,0.24296401448509677
15415,312,1,465.09000000000003,5.746203190540153,0.6931471805599453,6.14437874852507,2,Hibernating,-0.8897280123775508,0.6690515689696459
17431,312,1,357.4,5.746203190540153,0.6931471805599453,5.881649681100775,2,Hibernating,-0.9856215901662372,0.5978506158328468
17463,15,5,1641.31,2.772588722239781,1.791759469228055,7.403859066346471,3,Loyal Customers,1.0028940617468793,0.028925182466755076
14502,19,9,1914.94,2.995732273553991,2.302585092994046,7.55796364280039,0,Champions,1.3541621899347769,0.2807866866848076
12528,8,6,1121.63,2.1972245773362196,1.9459101490553132,7.023429425828206,0,Champions,1.1016575959836012,-0.27751052997396836
17239,312,1,295.0,5.746203190540153,0.6931471805599453,5.69035945432406,2,Hibernating,-1.0554406795477882,0.5460099626238859
14426,23,9,2998.21,3.1780538303479458,2.302585092994046,8.006104199638603,0,Champions,1.4755775323814646,0.4779033923768249
15448,312,1,405.04,5.746203190540153,0.6931471805599453,6.00645167691623,2,Hibernating,-0.9400700643634781,0.6316726102644135
17314,24,8,2036.24,3.2188758248682006,2.1972245773362196,7.619351229610542,0,Champions,1.2534882792213686,0.36580101583746355
17373,39,4,623.07,3.6888794541139363,1.6094379124341003,6.436262541564959,3,Loyal Customers,0.31417899504662394,0.10505310411841393
18145,12,4,2761.12,2.5649493574615367,1.6094379124341003,7.9237537798031505,3,Loyal Customers,1.116944809513318,0.0417103045312482
14467,17,4,530.01,2.8903717578961645,1.6094379124341003,6.274780853456325,3,Loyal Customers,0.4398498893403947,-0.2701110912033051
15144,7,17,5997.62,2.0794415416798357,2.8903717578961645,8.699284721756136,0,Champions,2.38140558069053,0.34499440699241957
14776,50,11,1239.54,3.9318256327243257,2.4849066497880004,7.1233020476744695,3,Loyal Customers,1.1028065472410937,0.5934278592528551
16403,311,1,177.5,5.7430031878094825,0.6931471805599453,5.184588601219693,2,Hibernating,-1.2393023457124037,0.40761532703749853
16407,12,9,1638.98,2.5649493574615367,2.302585092994046,7.402439325621931,0,Champions,1.3969917200522837,0.059852479112135475
17619,311,1,198.47,5.7430031878094825,0.6931471805599453,5.295663849082473,2,Hibernating,-1.1987609506328651,0.4377173008893831
12778,19,6,492.49,2.995732273553991,1.9459101490553132,6.201502595243712,3,Loyal Customers,0.6170520691047645,-0.1688551931514126
17256,106,2,150.29999999999998,4.672828834461906,1.0986122886681098,5.01926462079431,2,Hibernating,-0.7771056256278271,0.011916380869099704
17604,216,2,266.02,5.37989735354046,1.0986122886681098,5.587323561961949,2,Hibernating,-0.7332395553614778,0.45931546412205015
14006,115,3,503.6,4.7535901911063645,1.3862943611198906,6.223766036206958,3,Loyal Customers,-0.16094462727429815,0.438026414799244
13600,311,1,66.52,5.7430031878094825,0.6931471805599453,4.212423850287702,2,Hibernating,-1.5941331114166148,0.14415358848319057
15058,24,11,1836.89,3.2188758248682006,2.4849066497880004,7.5163734534641895,0,Champions,1.411103509989803,0.40405924290580425
15240,44,5,1168.8,3.8066624897703196,1.791759469228055,7.064588073008926,3,Loyal Customers,0.6399918120308867,0.3661489284140771
17147,22,4,1270.07,3.1354942159291497,1.6094379124341003,7.147614344417192,3,Loyal Customers,0.7017548712491213,0.06816365859625434
13881,17,13,2902.56,2.8903717578961645,2.6390573296152584,7.973692849313592,0,Champions,1.7585648110835965,0.42711136755192386
16570,14,9,2176.71,2.70805020110221,2.302585092994046,7.686029144949096,0,Champions,1.4674152209075468,0.19609743998086296
16612,32,4,1036.76,3.4965075614664802,1.6094379124341003,6.944819823118953,3,Loyal Customers,0.544272721195267,0.1630353675029116
17356,311,1,178.22,5.7430031878094825,0.6931471805599453,5.188614101456073,2,Hibernating,-1.2378330769183565,0.40870625868237737
12836,58,4,1620.1200000000001,4.07753744390572,1.6094379124341003,7.390872547373256,3,Loyal Customers,0.5727470692081308,0.5250607594780484
14850,311,1,317.25,5.7430031878094825,0.6931471805599453,5.762837237437516,2,Hibernating,-1.0282471658574623,0.5643237356365085
13939,22,3,466.37,3.1354942159291497,1.3862943611198906,6.147121235192447,1,At Risk,0.18517477093147586,-0.2542973513976305
16745,86,17,4417.53,4.465908118654584,2.8903717578961645,8.3935623405695,0,Champions,1.71808320551889,1.2525887853934077
13494,311,1,296.1,5.7430031878094825,0.6931471805599453,5.694068782468562,2,Hibernating,-1.0533469892254015,0.5456871242119067
13802,138,3,1068.52,4.9344739331306915,1.3862943611198906,6.974965228674867,3,Loyal Customers,0.07141661080179126,0.7166768666548929
12929,311,1,70.95,5.7430031878094825,0.6931471805599453,4.2759714333333765,2,Hibernating,-1.570938855989094,0.16137531627581753
16419,112,6,522.09,4.727387818712341,1.9459101490553132,6.259753533390167,3,Loyal Customers,0.23796480182057053,0.5656139647535258
17035,245,2,347.08,5.5053315359323625,1.0986122886681098,5.852432338412425,2,Hibernating,-0.6654770317329299,0.583219833937988
15203,25,6,1757.4,3.258096538021482,1.9459101490553132,7.472159583649357,3,Loyal Customers,1.020172592442874,0.2843876134528892
16515,51,5,1367.54,3.9512437185814275,1.791759469228055,7.22149975713651,3,Loyal Customers,0.6638367581817827,0.46867785025085434
12373,310,1,299.1,5.739792912179234,0.6931471805599453,5.704115752446321,2,Hibernating,-1.0489377456750384,0.5470775564008152
18202,199,3,1058.99,5.298317366548036,1.3862943611198906,6.966014753099349,3,Loyal Customers,-0.015968629782226074,0.8652558883967705
12775,16,5,952.14,2.833213344056216,1.791759469228055,6.859761797376858,3,Loyal Customers,0.7902877555991098,-0.09336720536034024
14549,310,1,224.98000000000002,5.739792912179234,0.6931471805599453,5.4204464997811,2,Hibernating,-1.1524742892839754,0.4702017034037458
15981,24,8,2328.48,3.2188758248682006,2.1972245773362196,7.753400345686619,0,Champions,1.302414914808236,0.40212902828516245
16110,44,3,1232.15,3.8066624897703196,1.3862943611198906,7.117327150266252,3,Loyal Customers,0.3841205311030904,0.2871861165220168
17376,70,2,185.0,4.2626798770413155,1.0986122886681098,5.225746673713202,2,Hibernating,-0.6069177055064773,-0.10234856608652204
13110,30,7,971.22,3.4339872044851463,2.0794415416798357,6.879582116298542,3,Loyal Customers,0.8538278214041137,0.2275069893853065
12676,24,6,1031.39,3.2188758248682006,1.9459101490553132,6.939631781629396,3,Loyal Customers,0.8348726683622305,0.12379215711806085
14665,60,4,1490.75,4.110873864173311,1.6094379124341003,7.307705206402192,3,Loyal Customers,0.5346846122783454,0.5163574706073004
14457,310,1,68.64,5.739792912179234,0.6931471805599453,4.243339114899988,2,Hibernating,-1.5821071414245538,0.15119943780155706
15589,255,3,413.73,5.545177444479562,1.3862943611198906,6.027627706087471,2,Hibernating,-0.4155434174034547,0.7134015455829253
14411,310,1,539.4000000000001,5.739792912179234,0.6931471805599453,6.292309606086044,2,Hibernating,-0.8342526572994221,0.7064811710024729
17560,154,3,294.67,5.043425116919247,1.3862943611198906,5.689243967535078,2,Hibernating,-0.42304811484729593,0.41345729451728364
15226,310,1,128.91,5.739792912179234,0.6931471805599453,4.866841903007641,2,Hibernating,-1.3545346322270608,0.3201719585505553
14460,109,3,150.0,4.700480365792417,1.3862943611198906,5.017279836814924,2,Hibernating,-0.5890217929068142,0.0890203545035268
16156,8,9,2681.6400000000003,2.1972245773362196,2.302585092994046,7.894556663264153,0,Champions,1.6616255530988873,0.04060334571376657
13728,36,6,437.44,3.6109179126442243,1.9459101490553132,6.083222972347523,3,Loyal Customers,0.43165394411756386,0.054408719772094695
14127,122,3,503.01,4.812184355372417,1.3862943611198906,6.222596109144375,3,Loyal Customers,-0.17491825609610373,0.4620274862584251
16378,246,3,362.95,5.5093883366279774,1.3862943611198906,5.897016495564267,2,Hibernating,-0.4549410251167556,0.6631517972649624
13894,23,2,430.55,3.1780538303479458,1.0986122886681098,6.067383378665666,1,At Risk,-0.04896943068438958,-0.32440910620438623
13824,32,5,1171.86,3.4965075614664802,1.791759469228055,7.067200489441786,3,Loyal Customers,0.7126512641404237,0.23813440898402805
18250,309,1,270.62,5.736572297479192,0.6931471805599453,5.604404030675922,2,Hibernating,-1.0845869765790714,0.5187185173520658
15270,15,6,842.0500000000001,2.772588722239781,1.9459101490553132,6.73702626822399,3,Loyal Customers,0.8641024898024312,-0.11633594864203833
14188,30,6,1763.8600000000001,3.4339872044851463,1.9459101490553132,7.475826646108076,3,Loyal Customers,0.9808461756500597,0.35838068497453496
15421,58,4,856.94,4.07753744390572,1.6094379124341003,6.754534166972811,3,Loyal Customers,0.34048969251554295,0.35260972600001805
17446,176,2,120.9,5.176149732573829,1.0986122886681098,4.803201036487226,2,Hibernating,-0.9723315020607448,0.162253502162194
12414,216,3,343.65,5.37989735354046,1.3862943611198906,5.842529409331661,2,Hibernating,-0.444890753690507,0.594643328906381
14798,52,3,173.74,3.970291913552122,1.3862943611198906,5.163299154869948,1,At Risk,-0.3669109910175923,-0.17445516471959452
12990,30,3,351.0,3.4339872044851463,1.3862943611198906,5.863631175598097,1,At Risk,0.01269385578161536,-0.20724215759056228
12350,309,1,294.4,5.736572297479192,0.6931471805599453,5.68833037009728,2,Hibernating,-1.0539546714568349,0.5414629948423801
17337,150,4,1625.41,5.017279836814924,1.6094379124341003,7.394130410844177,3,Loyal Customers,0.3566733952126281,0.9159616041172913
16405,301,2,74.85,5.71042701737487,1.0986122886681098,4.328757705794541,2,Hibernating,-1.269020425561931,0.25541607828118174
17071,27,9,1836.0800000000002,3.332204510175204,2.302585092994046,7.51593263353199,0,Champions,1.261030928644006,0.409040939998212
13873,119,3,324.05,4.787491742782046,1.3862943611198906,5.783979016650478,2,Hibernating,-0.3293004852447779,0.3329118699592897
17362,238,2,276.28,5.476463551931511,1.0986122886681098,5.625027825967296,2,Hibernating,-0.7418033838999097,0.5096110433522378
13394,1,8,1999.09,0.6931471805599453,2.1972245773362196,7.600947458529613,0,Champions,1.8307042807618046,-0.6874306882483591
12502,95,5,1511.32,4.564348191467836,1.791759469228055,7.321400174558488,3,Loyal Customers,0.5585533984424474,0.7502059576546379
16030,309,1,312.85,5.736572297479192,0.6931471805599453,5.748915164763541,2,Hibernating,-1.031841805236523,0.5578817914685968
14044,26,4,532.12,3.295836866004329,1.6094379124341003,6.278746539538423,3,Loyal Customers,0.3475562436071945,-0.10075762624068632
13800,309,1,486.62,5.736572297479192,0.6931471805599453,6.189536413993168,2,Hibernating,-0.8710192953689214,0.6772924574639633
17672,49,2,2010.42,3.912023005428146,1.0986122886681098,7.606596219284004,3,Loyal Customers,0.34313918511860697,0.3973422532445183
12464,149,4,76.5,5.0106352940962555,1.6094379124341003,4.350277936359301,2,Hibernating,-0.7527672473868414,0.08830398246704846
13581,308,1,56.95,5.733341276897746,0.6931471805599453,4.059580569785761,2,Hibernating,-1.647685660486752,0.09872231049592206
14540,9,3,836.51,2.302585092994046,1.3862943611198906,6.730433203926444,3,Loyal Customers,0.5906415746600474,-0.4418960672725745
16997,287,2,117.0,5.662960480135946,1.0986122886681098,4.770684624465665,2,Hibernating,-1.096747382341362,0.3554807192233379
13539,85,3,446.52,4.454347296253507,1.3862943611198906,6.103721229453649,3,Loyal Customers,-0.1355766758231786,0.28129992802644016
14497,308,1,335.52,5.733341276897746,0.6931471805599453,5.818657582682612,2,Hibernating,-1.0056395023427909,0.57544139296052
17507,261,2,574.73,5.568344503761097,1.0986122886681098,6.355638800798266,2,Hibernating,-0.49637973957427095,0.7457434686093503
13208,58,5,1045.07,4.07753744390572,1.791759469228055,6.9527955639918355,3,Loyal Customers,0.5365639709307549,0.4482728428735248
17334,301,2,215.82,5.71042701737487,1.0986122886681098,5.379067516233146,2,Hibernating,-0.8856674661923456,0.5400555371933867
13871,22,13,5070.75,3.1354942159291497,2.6390573296152584,8.531441204681439,0,Champions,1.9054667548577842,0.6799963955616589
16938,8,4,1712.49,2.1972245773362196,1.6094379124341003,7.4462875052894635,3,Loyal Customers,1.0276899676355178,-0.24030106529615128
12754,276,2,61.62,5.6240175061873385,1.0986122886681098,4.1370847158982595,2,Hibernating,-1.3190018629438145,0.16760946183308434
12410,308,1,274.23,5.733341276897746,0.6931471805599453,5.61760711174576,2,Hibernating,-1.0790209867869909,0.5209556624715208
17929,308,1,196.20000000000002,5.733341276897746,0.6931471805599453,5.284218442168535,2,Hibernating,-1.2007046384414937,0.43060558711966507
14778,126,2,691.0600000000001,4.844187086458591,1.0986122886681098,6.539672657061303,3,Loyal Customers,-0.2617883364055049,0.4950731273188394
17517,308,1,128.44,5.733341276897746,0.6931471805599453,4.863217453310182,2,Hibernating,-1.354365942346648,0.31651211443268445
17226,308,1,148.99,5.733341276897746,0.6931471805599453,5.010568625207268,2,Hibernating,-1.30058418457202,0.35644505366834783
13137,10,8,3506.77,2.3978952727983707,2.1972245773362196,8.162735786918459,0,Champions,1.6416241490402124,0.17233243475933743
13725,49,7,1203.52,3.912023005428146,2.0794415416798357,7.093836426317241,3,Loyal Customers,0.8215095912665624,0.4839685294938155
13309,6,5,1389.78,1.9459101490553132,1.791759469228055,7.2376200198174825,0,Champions,1.1333415025918836,-0.3592199408812698
12842,69,2,582.3100000000001,4.248495242049359,1.0986122886681098,6.368718777449429,3,Loyal Customers,-0.186464500136638,0.20151586090006365
16109,218,2,208.32,5.389071729816501,1.0986122886681098,5.343864181504007,2,Hibernating,-0.8242209434602437,0.3971443058557975
15090,307,1,263.12,5.730099782973574,0.6931471805599453,5.576403545326371,2,Hibernating,-1.0933104776585327,0.5084439744893586
15199,58,4,418.70000000000005,4.07753744390572,1.6094379124341003,6.039540170339546,3,Loyal Customers,0.07952377387255813,0.1588426086175951
13911,143,8,1872.71,4.969813299576001,2.1972245773362196,7.5356757016239015,3,Loyal Customers,0.8181413538914148,1.0698098688923474
14194,4,21,9440.61,1.6094379124341003,3.091042453358316,9.152881795444861,0,Champions,2.7917873740213883,0.31901112261961234
14842,43,4,2250.64,3.784189633918261,1.6094379124341003,7.719414118576859,3,Loyal Customers,0.7604818177560314,0.4923501464250619
13584,306,1,75.75,5.726847747587197,0.6931471805599453,4.340553386467307,2,Hibernating,-1.543632025288419,0.17217242882135847
17105,158,2,560.98,5.0689042022202315,1.0986122886681098,6.33146626207184,2,Hibernating,-0.38973490346184125,0.531911650108619
14438,305,1,131.9,5.723585101952381,0.6931471805599453,4.8895969657192,2,Hibernating,-1.3424821058319387,0.3196120298148067
12956,305,1,74.67,5.723585101952381,0.6931471805599453,4.326381780706431,2,Hibernating,-1.548050220868749,0.1669777652198432
15781,24,3,254.91,3.2188758248682006,1.3862943611198906,5.544825820166979,1,At Risk,-0.05393457560476794,-0.3829169900654346
14410,91,9,886.72,4.5217885770490405,2.302585092994046,6.788656377954529,3,Loyal Customers,0.7205574557471727,0.7056541149985679
14600,305,1,236.43,5.723585101952381,0.6931471805599453,5.469872843189151,2,Hibernating,-1.1306870024557316,0.4768698314094408
17302,14,5,1044.48,2.70805020110221,1.791759469228055,6.952231389082654,3,Loyal Customers,0.8529752278191296,-0.12025347629745356
17613,22,14,3922.42,3.1354942159291497,2.70805020110221,8.274719001401705,0,Champions,1.858579408068832,0.6262914227909481
13334,81,3,3139.07,4.406719247264253,1.3862943611198906,8.052000371647445,3,Loyal Customers,0.5865377533742218,0.7895268783906644
13955,153,2,239.31,5.0369526024136295,1.0986122886681098,5.481929756524914,2,Hibernating,-0.6924205245177324,0.2884220492867871
17162,28,10,1293.26,3.367295829986474,2.3978952727983707,7.165694382234681,0,Champions,1.1897553268406156,0.35060933154260937
17774,96,4,985.74,4.574710978503383,1.6094379124341003,6.894406580212405,3,Loyal Customers,0.27659825846439334,0.5968560481622419
13809,304,1,60.300000000000004,5.720311776607412,0.6931471805599453,4.115779842942166,2,Hibernating,-1.6241611256206512,0.10854502061297161
15407,33,4,652.74,3.5263605246161616,1.6094379124341003,6.48270971889503,3,Loyal Customers,0.3687051616436111,0.05019087850413385
15577,150,3,209.53,5.017279836814924,1.3862943611198906,5.349628160782464,2,Hibernating,-0.5409599807871883,0.310568649668717
16332,27,7,1231.9,3.332204510175204,2.0794415416798357,7.117124396874507,3,Loyal Customers,0.9640600086026543,0.24963968138538442
14048,304,1,399.85,5.720311776607412,0.6931471805599453,5.993587292488961,2,Hibernating,-0.9387795022600107,0.6174406731796208
14475,71,3,683.01,4.276666119016055,1.3862943611198906,6.527972537398722,3,Loyal Customers,0.060349777750258654,0.3225318664906179
17859,304,1,118.52000000000001,5.720311776607412,0.6931471805599453,4.783483721384507,2,Hibernating,-1.3804556444002756,0.289496268315821
12576,35,5,1225.31,3.58351893845611,1.791759469228055,7.111764939346164,3,Loyal Customers,0.7088003543182982,0.2863236309389001
12599,28,7,764.38,3.367295829986474,2.0794415416798357,6.640372442522167,3,Loyal Customers,0.7819372384451821,0.13500123087930638
14562,3,18,4012.62,1.3862943611198906,2.9444389791664403,8.297448856215231,0,Champions,2.4316770729857735,-0.0391443806620505
16951,134,3,1125.06,4.90527477843843,1.3862943611198906,7.026480093248018,3,Loyal Customers,0.09696970806810687,0.7185192432961871
16998,149,3,105.4,5.0106352940962555,1.3862943611198906,4.667205576907544,2,Hibernating,-0.7885014695254841,0.1228708947568756
13133,273,2,79.95,5.6131281063880705,1.0986122886681098,4.393831680123644,2,Hibernating,-1.2227741317419825,0.2326698447653514
17881,303,1,133.35000000000002,5.717027701406222,0.6931471805599453,4.9004483350615,2,Hibernating,-1.3370054292099394,0.31983131308193885
15843,303,1,80.70000000000002,5.717027701406222,0.6931471805599453,4.403054001865957,2,Hibernating,-1.5185495676242486,0.18503484402139195
17083,108,3,1219.0,4.6913478822291435,1.3862943611198906,7.106606137727303,3,Loyal Customers,0.17567354789069237,0.6514485012693426
15970,303,1,314.1,5.717027701406222,0.6931471805599453,5.752890048763229,2,Hibernating,-1.0258724183689056,0.5508474815788589
13590,10,6,1417.5,2.3978952727983707,1.9459101490553132,7.257355254248906,0,Champions,1.1406444168807826,-0.13083175965708824
17537,29,2,777.16,3.4011973816621555,1.0986122886681098,6.656932158561185,3,Loyal Customers,0.11462075201764568,-0.07202782418258094
12401,302,1,32.85,5.713732805509369,0.6931471805599453,3.521938999358284,2,Hibernating,-1.8393862925440903,-0.05511940483663275
12462,18,2,657.8,2.9444389791664403,1.0986122886681098,6.490419998303485,1,At Risk,0.1594452007942959,-0.30672030860636534
17843,302,1,170.88,5.713732805509369,0.6931471805599453,5.146796558906795,2,Hibernating,-1.2463289414498964,0.3852255028874572
13706,302,1,290.89,5.713732805509369,0.6931471805599453,5.6763770189656,2,Hibernating,-1.053037176896092,0.5287445808808988
17686,6,7,4067.48,1.9459101490553132,2.0794415416798357,8.31102474430799,0,Champions,1.7203250097371807,-0.002155895637021149
14431,302,1,303.66,5.713732805509369,0.6931471805599453,5.719196400708555,2,Hibernating,-1.037408515194186,0.5403488575706311
15809,35,4,321.4,3.58351893845611,1.6094379124341003,5.775793010632473,3,Loyal Customers,0.09747269552290769,-0.11766499800904301
12561,302,1,207.05,5.713732805509369,0.6931471805599453,5.33777843542895,2,Hibernating,-1.1766223969398044,0.43698259156265756
14465,246,3,486.59000000000003,5.5093883366279774,1.3862943611198906,6.189474888783194,3,Loyal Customers,-0.3481965299033565,0.7424095533792328
18093,119,2,398.59999999999997,4.787491742782046,1.0986122886681098,5.990464046774399,2,Hibernating,-0.4491365657718658,0.32270465076772004
12857,210,2,831.15,5.351858133476067,1.0986122886681098,6.724012713032735,3,Loyal Customers,-0.3118764708168297,0.7557271588140756
18230,8,7,2032.9,2.1972245773362196,2.0794415416798357,7.6177104111914495,0,Champions,1.4091695821292183,-0.08574557638363475
16425,301,1,157.4,5.71042701737487,0.6931471805599453,5.0651234793803255,2,Hibernating,-1.2753745501831253,0.36171968112403824
16842,100,3,935.49,4.61512051684126,1.3862943611198906,6.842138843770539,3,Loyal Customers,0.09676884043565545,0.5481401070059183
15796,0,8,2046.21,0.0,2.1972245773362196,7.624233169554243,0,Champions,1.999454780635055,-0.9687945503266127
14555,56,2,251.7,4.04305126783455,1.0986122886681098,5.532203014394148,1,At Risk,-0.4442872870382686,-0.11044897427979958
15114,29,10,2650.16,3.4011973816621555,2.3978952727983707,7.882752559050937,0,Champions,1.4436368174642449,0.5590058931096414
15133,127,3,584.1800000000001,4.852030263919617,1.3862943611198906,6.371919492211979,3,Loyal Customers,-0.1296287935335282,0.519032010907749
17705,2,9,1511.72,1.0986122886681098,2.302585092994046,7.321664633872964,0,Champions,1.7065180057983014,-0.5706065493594302
12897,204,2,100.50000000000001,5.3230099791384085,1.0986122886681098,4.620058798481842,2,Hibernating,-1.0731298556501117,0.17357188294102696
17512,50,8,1702.6100000000001,3.9318256327243257,2.1972245773362196,7.440504807954348,3,Loyal Customers,1.023381371275818,0.6132257247423654
12477,22,6,7057.34,3.1354942159291497,1.9459101490553132,8.861965175361735,0,Champions,1.555783156417094,0.610149000816616
15550,3,4,474.38,1.3862943611198906,1.6094379124341003,6.164114484205205,1,At Risk,0.7471913366334823,-0.9243341550527824
18159,300,1,257.25,5.707110264748875,0.6931471805599453,5.553928107999748,2,Hibernating,-1.0961987579979773,0.49281175520323467
13875,53,5,1477.82,3.9889840465642745,1.791759469228055,7.29899975145033,3,Loyal Customers,0.6833981734875331,0.5053439888009101
15406,30,2,331.79,3.4339872044851463,1.0986122886681098,5.807511660418678,1,At Risk,-0.20299035315998318,-0.28861658377205235
17282,173,2,355.25,5.159055299214529,1.0986122886681098,5.8756327315828605,2,Hibernating,-0.5769521382735152,0.44579346572140144
16434,28,7,1192.4,3.367295829986474,2.0794415416798357,7.084561655087982,3,Loyal Customers,0.944062020547372,0.25537883362356123
17050,95,6,2640.84,4.564348191467836,1.9459101490553132,7.879230923066748,3,Loyal Customers,0.8667522193963526,0.9368350610252382
13171,21,3,261.51,3.091042453358316,1.3862943611198906,5.570289176544168,1,At Risk,-0.015086392858771724,-0.4290705171468488
17472,190,3,656.14,5.25227342804663,1.3862943611198906,6.487897085586334,3,Loyal Customers,-0.1798318906272617,0.7165740444749746
17255,40,2,253.45,3.713572066704308,1.0986122886681098,5.539104353034841,1,At Risk,-0.36559476454469386,-0.24532125762636767
16084,298,1,397.58,5.700443573390687,0.6931471805599453,5.987908230905205,2,Hibernating,-0.9362588964826959,0.6076557879576457
17667,65,5,1708.07,4.189654742026425,1.791759469228055,7.44370464190228,3,Loyal Customers,0.689820211814734,0.6278434176942731
12507,155,2,388.75,5.049856007249537,1.0986122886681098,5.965505507937886,2,Hibernating,-0.5189032245177324,0.4248288645841884
14631,50,3,722.9200000000001,3.9318256327243257,1.3862943611198906,6.584680889042878,3,Loyal Customers,0.1607728163261198,0.19478220489391307
13381,31,6,3045.75,3.4657359027997265,1.9459101490553132,8.021830727703612,3,Loyal Customers,1.1727922965903772,0.5195271998755367
15236,298,1,321.05,5.700443573390687,0.6931471805599453,5.7747068129929,2,Hibernating,-1.0140753594788317,0.5498770872059776
13475,190,4,1115.66,5.25227342804663,1.6094379124341003,7.018097365983928,3,Loyal Customers,0.16509585920353584,0.9115832350178449
17829,298,1,765.34,5.700443573390687,0.6931471805599453,6.641625935491769,2,Hibernating,-0.6976582339401836,0.7848167093025054
13717,31,6,1088.32,3.4657359027997265,1.9459101490553132,6.993308927334795,3,Loyal Customers,0.7973917509334076,0.24079240579212927
13157,48,4,1447.98,3.8918202981106265,1.6094379124341003,7.278615139602927,3,Loyal Customers,0.5747108790506051,0.41756088690382626
14644,67,2,381.02000000000004,4.219507705176107,1.0986122886681098,5.945472963256989,1,At Risk,-0.33424340029074806,0.07478343435128046
12993,22,4,414.76,3.1354942159291497,1.6094379124341003,6.030108170700187,3,Loyal Customers,0.2938758868289927,-0.23468636665965112
12989,2,10,1277.23,1.0986122886681098,2.3978952727983707,7.153231587446152,0,Champions,1.7097124528823726,-0.5943318210015489
17571,49,3,1016.56,3.912023005428146,1.3862943611198906,6.925162883637171,3,Loyal Customers,0.28962371102797146,0.2788359944206288
16979,3,6,1137.33,1.3862943611198906,1.9459101490553132,7.037317555074806,0,Champions,1.294208795198616,-0.6103042607520802
16738,297,1,3.75,5.697093486505405,0.6931471805599453,1.55814461804655,2,Hibernating,-2.552305407366,-0.594223723659089
15122,113,3,1286.28,4.736198448394496,1.3862943611198906,7.160286744150895,3,Loyal Customers,0.18489727205141102,0.6846103978546709
17612,52,6,1541.59,3.970291913552122,1.9459101490553132,7.341218100916978,3,Loyal Customers,0.807724945757573,0.5444817023080125
17348,14,5,987.76,2.70805020110221,1.791759469228055,6.896451632810745,3,Loyal Customers,0.832616154308409,-0.13537008235568007
13893,297,1,195.70000000000002,5.697093486505405,0.6931471805599453,5.281679725395014,2,Hibernating,-1.1932509754908056,0.41487378991518753
14035,28,5,876.07,3.367295829986474,1.791759469228055,6.776586806746795,3,Loyal Customers,0.6364530420368231,0.10575029323420504
13623,30,5,384.76,3.4339872044851463,1.791759469228055,5.955215414432861,3,Loyal Customers,0.3212417562935237,-0.08916697124232789
14346,120,2,799.46,4.795790545596741,1.0986122886681098,6.68518656241877,3,Loyal Customers,-0.19748817540572994,0.5144223132919484
16431,212,3,547.68,5.3612921657094255,1.3862943611198906,6.307515393610206,3,Loyal Customers,-0.27087394332072423,0.7129353206894156
12616,94,2,386.79999999999995,4.553876891600541,1.0986122886681098,5.9604897428085515,2,Hibernating,-0.4060665559126755,0.21762511573251653
16317,119,3,1055.63,4.787491742782046,1.3862943611198906,6.962839877285689,3,Loyal Customers,0.10097236864846051,0.6523893366734761
14760,296,1,89.2,5.6937321388027,0.6931471805599453,4.502029427068578,2,Hibernating,-1.4770386979057053,0.20218942798577266
14897,7,4,672.58,2.0794415416798357,1.6094379124341003,6.512606771275923,3,Loyal Customers,0.7141362233803327,-0.5422165085562614
13750,53,3,243.68,3.9889840465642745,1.3862943611198906,5.499951234374364,1,At Risk,-0.24835773439153103,-0.07546295863364391
15810,78,4,1307.23,4.3694478524670215,1.6094379124341003,7.176430357537525,3,Loyal Customers,0.42698981385079826,0.5880963427925965
16509,296,1,169.50000000000003,5.6937321388027,0.6931471805599453,5.1387352967235715,2,Hibernating,-1.2446471911765629,0.3747400529762606
14386,296,1,93.6,5.6937321388027,0.6931471805599453,4.549657476057832,2,Hibernating,-1.4596549189982175,0.2150968786813764
12455,72,5,1201.8600000000001,4.290459441148391,1.791759469228055,7.09245733347515,3,Loyal Customers,0.5383128917609359,0.5744901738255652
14530,25,6,1982.45,3.258096538021482,1.9459101490553132,7.592593031670941,3,Loyal Customers,1.0641296403989222,0.3170257085550188
15670,296,1,157.15,5.6937321388027,0.6931471805599453,5.063543949751658,2,Hibernating,-1.2720913082305885,0.35436280418332794
12653,148,2,752.81,5.003946305945459,1.0986122886681098,6.6251403468633745,3,Loyal Customers,-0.26752881943446677,0.5845396200993073
16126,28,4,4571.2300000000005,3.367295829986474,1.6094379124341003,8.42775632986111,3,Loyal Customers,1.1154032272002785,0.5112926408535262
12352,35,7,1130.94,3.58351893845611,2.0794415416798357,7.031688253824822,3,Loyal Customers,0.8747742624756667,0.3307881734955063
12372,71,3,938.34,4.276666119016055,1.3862943611198906,6.84517750099741,3,Loyal Customers,0.17612653267888165,0.4084960727711362
14944,29,12,4288.900000000001,3.4011973816621555,2.5649493574615367,8.364018701627069,0,Champions,1.732645651783391,0.7278533196121126
16494,296,1,723.93,5.6937321388027,0.6931471805599453,6.586075098469119,2,Hibernating,-0.7163821110086025,0.7669767187072165
14959,63,4,609.54,4.1588830833596715,1.6094379124341003,6.414343811469934,3,Loyal Customers,0.19751687073962967,0.2941769498779008
17422,15,6,1609.85,2.772588722239781,1.9459101490553132,7.384517268972335,0,Champions,1.100430465448396,0.05913750335453732
17175,43,4,968.98,3.784189633918261,1.6094379124341003,6.8772754527281625,3,Loyal Customers,0.45310932009475835,0.26412615785152
18257,38,8,2012.26,3.6635616461296463,2.1972245773362196,7.607510577756327,3,Loyal Customers,1.1463578805745898,0.5471485136796106
12362,2,10,4098.94,1.0986122886681098,2.3978952727983707,8.318727618438977,0,Champions,2.1351072727479754,-0.2784762931096554
13018,15,28,6530.12,2.772588722239781,3.367295829986474,8.784333723642908,0,Champions,2.5758038459636574,0.7654082019005741
13718,245,2,242.4,5.5053315359323625,1.0986122886681098,5.494706180553427,2,Hibernating,-0.7960436320790611,0.48627417181072846
15382,14,6,5136.82,2.70805020110221,1.9459101490553132,8.544384143969351,0,Champions,1.5386916137291118,0.3466823073597952
14754,44,2,608.3,3.8066624897703196,1.0986122886681098,6.412310757254448,3,Loyal Customers,-0.06840478507223904,0.029957238291851117
12500,49,7,497.89,3.912023005428146,2.0794415416798357,6.212385630569092,3,Loyal Customers,0.4997885450281956,0.24509074784697701
13151,295,1,773.27,5.69035945432406,0.6931471805599453,6.651920649969476,2,Hibernating,-0.6915693749680506,0.7834214547285367
12654,10,5,499.33,2.3978952727983707,1.791759469228055,6.215267880717977,3,Loyal Customers,0.6556965943925158,-0.4486969443735748
13085,157,2,217.68,5.062595033026967,1.0986122886681098,5.387609474026799,2,Hibernating,-0.7327748937117106,0.2735030456655461
15903,9,7,2050.44,2.302585092994046,2.0794415416798357,7.626297264562025,0,Champions,1.3879449862909552,-0.0396910936676505
15785,32,5,1115.67,3.4965075614664802,1.791759469228055,7.018106321221174,3,Loyal Customers,0.6947323658419294,0.22482963229892367
18138,294,1,67.80000000000001,5.68697535633982,0.6931471805599453,4.2312037449392985,2,Hibernating,-1.574325334760694,0.1259900064435856
14379,43,2,340.15000000000003,3.784189633918261,1.0986122886681098,5.832322263261433,1,At Risk,-0.2748994077699105,-0.13654951039744917
14211,52,9,1761.15,3.970291913552122,2.302585092994046,7.474289933406212,3,Loyal Customers,1.0983097924295815,0.6625786981919374
14371,294,1,100.5,5.68697535633982,0.6931471805599453,4.620058798481842,2,Hibernating,-1.4323969874675253,0.2313717623175073
13425,107,3,1057.45,4.68213122712422,1.3862943611198906,6.964560852803589,3,Loyal Customers,0.12595922269834778,0.6091283295665125
12852,294,1,264.15000000000003,5.68697535633982,0.6931471805599453,5.580295703583139,2,Hibernating,-1.0819197705473549,0.4916009921877164
15228,65,4,2337.55,4.189654742026425,1.6094379124341003,7.757286358164648,3,Loyal Customers,0.6805637373077085,0.6708924649502379
13012,8,7,1416.15,2.1972245773362196,2.0794415416798357,7.256403091533484,0,Champions,1.2772958922367723,-0.18366175211231425
13489,104,3,175.44,4.653960350157523,1.3862943611198906,5.172980875236739,2,Hibernating,-0.5214372678015309,0.11190911448321123
12714,8,5,3621.0299999999997,2.1972245773362196,1.791759469228055,8.194789921125789,0,Champions,1.4245969154533529,0.0044802491899751905
13904,36,2,332.64,3.6109179126442243,1.0986122886681098,5.810062567373411,1,At Risk,-0.2429646073112216,-0.21449435142734288
15755,9,6,2059.84,2.302585092994046,1.9459101490553132,7.630868945659552,0,Champions,1.299008452485668,-0.06916383856353908
13932,294,1,195.8,5.68697535633982,0.6931471805599453,5.282187984618153,2,Hibernating,-1.1907262152176386,0.41081223921176263
14101,294,1,2.95,5.68697535633982,0.6931471805599453,1.3737155789130306,2,Hibernating,-2.617280978821844,-0.6484042507004971
13799,116,2,649.06,4.762173934797756,1.0986122886681098,6.477064666321898,3,Loyal Customers,-0.26567870460316684,0.4440684070072318
13951,175,3,504.09000000000003,5.170483995038151,1.3862943611198906,6.224736631218232,3,Loyal Customers,-0.25697369780134166,0.6113114054203043
16566,14,5,287.28000000000003,2.70805020110221,1.791759469228055,5.663932230056241,1,At Risk,0.382758449628812,-0.4693892949843174
16466,33,7,1368.42,3.5263605246161616,2.0794415416798357,7.22214257151678,3,Loyal Customers,0.9575029329918607,0.35868003754351335
16115,9,8,1512.38,2.302585092994046,2.1972245773362196,7.3221008388962385,0,Champions,1.3568356315457637,-0.09504028371120746
14162,173,2,198.11,5.159055299214529,1.0986122886681098,5.293857435825943,2,Hibernating,-0.7892945148751349,0.288129313918816
13301,103,4,507.74,4.6443908991413725,1.6094379124341003,6.2319370805439664,3,Loyal Customers,0.018693698450073792,0.44624235441961985
14803,161,3,279.45,5.087596335232384,1.3862943611198906,5.636395455954346,2,Hibernating,-0.4525494310587077,0.4174672949241392
13744,94,2,916.26,4.553876891600541,1.0986122886681098,6.8213909653291385,3,Loyal Customers,-0.09184590587386227,0.45093385542027137
12988,291,1,301.17,5.676753802268282,0.6931471805599453,5.710989772905553,2,Hibernating,-1.0318545331575177,0.5227775541245998
17323,14,7,903.12,2.70805020110221,2.0794415416798357,6.806962094945388,3,Loyal Customers,0.9951544620683286,-0.09345647207771468
12707,291,1,417.52000000000004,5.676753802268282,0.6931471805599453,6.036724678512846,2,Hibernating,-0.9129644315955961,0.6110534193592202
18094,81,6,1705.46,4.406719247264253,1.9459101490553132,7.442176328283003,3,Loyal Customers,0.7436743634446098,0.7529707963797291
15129,49,10,1583.27,3.912023005428146,2.3978952727983707,7.3678790123941,3,Loyal Customers,1.137613137069579,0.6314786094171303
17361,48,3,430.85,3.8918202981106265,1.3862943611198906,6.068078305726295,3,Loyal Customers,-0.018533156652625504,0.03817692756811745
18155,74,3,351.46,4.31748811353631,1.3862943611198906,5.864937140636223,3,Loyal Customers,-0.1910895511080986,0.15978800912286187
15321,70,3,2062.64,4.2626798770413155,1.3862943611198906,7.6322266927841085,3,Loyal Customers,0.4666254378155694,0.6159858650642797
13477,37,6,1249.8899999999999,3.6375861597263857,1.9459101490553132,7.131610576944597,3,Loyal Customers,0.808139779298312,0.34959527867357965
15065,37,4,2234.06,3.6375861597263857,1.6094379124341003,7.712023352324915,3,Loyal Customers,0.7916780966653545,0.42950289103103295
16980,254,2,738.51,5.541263545158426,1.0986122886681098,6.605987804709864,2,Hibernating,-0.39874381167575346,0.8023500456674043
15146,164,2,1164.52,5.10594547390058,1.0986122886681098,7.0609226183457405,3,Loyal Customers,-0.1320540811058178,0.7449712500743303
12365,290,1,307.94,5.673323267171493,0.6931471805599453,5.733147083286105,2,Hibernating,-1.0229742094052021,0.5273585384784846
13410,23,4,588.34,3.1780538303479458,1.6094379124341003,6.379003266682691,3,Loyal Customers,0.4113797090082749,-0.12247060298273205
13044,290,1,391.72,5.673323267171493,0.6931471805599453,5.973096889749797,2,Hibernating,-0.9353948423519675,0.5923861926040728
16441,66,2,358.75,4.204692619390966,1.0986122886681098,5.885409345767477,1,At Risk,-0.35274088355182126,0.052357227051448095
16014,37,3,554.58,3.6375861597263857,1.3862943611198906,6.320012613112047,3,Loyal Customers,0.13219783431015067,0.0009385530030406337
17994,121,4,545.83,4.804021044733257,1.6094379124341003,6.304137968011938,3,Loyal Customers,0.008140801520928581,0.5320599052116352
13038,79,3,891.46,4.382026634673881,1.3862943611198906,6.79398169472227,3,Loyal Customers,0.13308184217293287,0.4383491416521082
17002,85,3,801.3,4.454347296253507,1.3862943611198906,6.68748260275961,3,Loyal Customers,0.07749059994476007,0.439502317245547
15722,35,4,847.4200000000001,3.58351893845611,1.6094379124341003,6.74337579619862,3,Loyal Customers,0.4506310880232621,0.14455500393619375
16349,290,1,12.65,5.673323267171493,0.6931471805599453,2.613739521630969,2,Hibernating,-2.16152790885221,-0.3180172465057314
16913,289,1,53.44,5.66988092298052,0.6931471805599453,3.9970991777832654,2,Hibernating,-1.6558191160968965,0.05545180083745964
17442,36,6,2100.79,3.6109179126442243,1.9459101490553132,7.6505446415935525,3,Loyal Customers,1.0037112497030816,0.4791610999191156
14895,7,19,8175.24,2.0794415416798357,2.995732273553991,9.008987666220095,0,Champions,2.5659345185591156,0.4531580304586583
18114,289,1,137.9,5.66988092298052,0.6931471805599453,4.933754249760298,2,Hibernating,-1.3139490410178285,0.3092902304371795
15303,289,1,444.42,5.66988092298052,0.6931471805599453,6.099017657272704,2,Hibernating,-0.888639126480874,0.6250827161476722
12845,268,2,54.79,5.594711379601839,1.0986122886681098,4.021594641857437,2,Hibernating,-1.354379227652505,0.12414822937040482
18188,14,3,1344.72,2.70805020110221,1.3862943611198906,7.204684464790581,3,Loyal Customers,0.669997631757134,-0.14509274874315467
16045,119,4,1133.4,4.787491742782046,1.6094379124341003,7.033859155777863,3,Loyal Customers,0.2783034777383463,0.7229580710517575
16573,84,2,525.96,4.442651256490317,1.0986122886681098,6.267124644332438,3,Loyal Customers,-0.2684330770344828,0.2545631996639818
13421,39,2,1556.54,3.6888794541139363,1.0986122886681098,7.350862932514812,3,Loyal Customers,0.30138844055335867,0.23542671799157333
18196,94,2,585.93,4.553876891600541,1.0986122886681098,6.374905562291304,3,Loyal Customers,-0.2548087753708153,0.3299339730333633
13285,22,4,2566.02,3.1354942159291497,1.6094379124341003,7.850500972036738,3,Loyal Customers,0.9583017168762589,0.25864961557184807
13184,14,10,1395.77,2.70805020110221,2.3978952727983707,7.241917707191459,0,Champions,1.3699897117648114,0.09766188060999809
18151,134,2,560.7,4.90527477843843,1.0986122886681098,6.330967899538387,3,Loyal Customers,-0.3520866669503223,0.46386605284869065
13804,30,7,2256.49,3.4339872044851463,2.0794415416798357,7.722008855602481,3,Loyal Customers,1.1613054631004949,0.45580904737380784
17499,289,1,460.1,5.66988092298052,0.6931471805599453,6.13361493921266,2,Hibernating,-0.8760114519737799,0.6344587607331358
15397,289,1,94.0,5.66988092298052,0.6931471805599453,4.553876891600541,2,Hibernating,-1.4526006160109532,0.2063414770265669
14276,98,3,1042.49,4.59511985013459,1.3862943611198906,6.950326143337652,3,Loyal Customers,0.1408801955042062,0.569158626101847
13453,165,2,245.57999999999998,5.111987788356544,1.0986122886681098,5.5076864844404065,2,Hibernating,-0.7003672486200082,0.32654384406935155
18172,30,15,4039.5,3.4339872044851463,2.772588722239781,8.304123725673502,0,Champions,1.8440934436582526,0.7729863472877238
16394,56,5,786.44,4.04305126783455,1.791759469228055,6.668787177320956,3,Loyal Customers,0.4408766421998731,0.3569924076538752
17711,10,2,369.8,2.3978952727983707,1.0986122886681098,5.9156628336917,1,At Risk,0.0760219768052087,-0.6893126027892944
13865,57,4,437.81,4.060443010546419,1.6094379124341003,6.0840665175671065,3,Loyal Customers,0.09972759122506938,0.1638148399493473
16940,51,3,2879.89,3.9512437185814275,1.3862943611198906,7.965854553168521,3,Loyal Customers,0.6603985497662578,0.5771465200137105
14289,8,6,508.06,2.1972245773362196,1.9459101490553132,6.232565887795969,3,Loyal Customers,0.8130000258562196,-0.4918386903906386
16208,44,2,534.06,3.8066624897703196,1.0986122886681098,6.282378890140428,3,Loyal Customers,-0.11582866446433497,-0.0052549781258391
17063,20,7,1276.7,3.044522437723423,2.0794415416798357,7.152816865597278,3,Loyal Customers,1.043597772539129,0.13991685888206934
13149,13,4,1210.68,2.6390573296152584,1.6094379124341003,7.099763105365513,3,Loyal Customers,0.7990628384734753,-0.15083871494270312
15932,3,8,1591.41,1.3862943611198906,2.1972245773362196,7.373003870935633,0,Champions,1.5872556281517027,-0.4615301824768454
17171,288,1,199.41,5.666426688112432,0.6931471805599453,5.300365268165337,2,Hibernating,-1.1793409539634558,0.4072101374758616
18231,191,5,1480.52,5.2574953720277815,1.791759469228055,7.30082386675375,3,Loyal Customers,0.39079180463495755,1.032304082194139
14004,42,7,2921.96,3.7612001156935624,2.0794415416798357,7.9803520804469645,3,Loyal Customers,1.1799486027526165,0.6616234262083766
17139,15,12,7840.87,2.772588722239781,2.5649493574615367,8.967232605311146,0,Champions,2.0981434373199974,0.6304382278569789
14513,206,2,183.75,5.332718793265369,1.0986122886681098,5.2190035598283115,2,Hibernating,-0.856765408723807,0.33991846446506124
15974,38,7,2880.81,3.6635616461296463,2.0794415416798357,7.966173847946252,3,Loyal Customers,1.1973471086946024,0.6172585038222658
17830,1,3,200.75,0.6931471805599453,1.3862943611198906,5.307029307150058,1,At Risk,0.44320518933434694,-1.4956052761361935
12565,288,1,145.92,5.666426688112432,0.6931471805599453,4.989888220951467,2,Hibernating,-1.2926620842460192,0.32306923176851543
12582,238,2,313.92,5.476463551931511,1.0986122886681098,5.752318638316266,2,Hibernating,-0.6953434640462058,0.5441075200978713
14231,183,3,793.26,5.214935757608986,1.3862943611198906,6.677410863564543,3,Loyal Customers,-0.10202894414905027,0.7524371500495108
14880,76,3,525.09,4.343805421853684,1.3862943611198906,6.265472300762916,3,Loyal Customers,-0.05098248012691994,0.279257514017562
13118,19,5,1125.96,2.995732273553991,1.791759469228055,7.027279020952052,3,Loyal Customers,0.8138565334381083,0.019480493392304447
15121,49,2,399.07,3.912023005428146,1.0986122886681098,5.991639531797269,1,At Risk,-0.24630444308401844,-0.040319466301746536
17117,287,1,73.35,5.662960480135946,0.6931471805599453,4.308783672906164,2,Hibernating,-1.540457314394956,0.13704776444475997
12945,287,1,264.25,5.662960480135946,0.6931471805599453,5.580672777494092,2,Hibernating,-1.0762300479371647,0.4817363724422942
18056,287,1,293.7,5.662960480135946,0.6931471805599453,5.685957889743649,2,Hibernating,-1.0378019965590939,0.5102691892210978
16072,287,1,138.15,5.662960480135946,0.6931471805599453,4.9355524879719,2,Hibernating,-1.3116927368312359,0.30690539560299374
16838,196,2,353.9,5.2832037287379885,1.0986122886681098,5.871836059652451,2,Hibernating,-0.6070402536694363,0.49628942937178927
15543,287,1,117.91,5.662960480135946,0.6931471805599453,4.778366904449488,2,Hibernating,-1.3690639600785828,0.2643072793158243
13751,287,1,75.6,5.662960480135946,0.6931471805599453,4.338597076746545,2,Hibernating,-1.5295757092937734,0.14512735301293064
15847,37,2,278.04,3.6375861597263857,1.0986122886681098,5.631355140720615,1,At Risk,-0.3143566334835065,-0.25185697207028274
13851,95,3,1536.08,4.564348191467836,1.3862943611198906,7.337639791631045,3,Loyal Customers,0.2893601662787767,0.6613516009114048
13501,287,1,844.72,5.662960480135946,0.6931471805599453,6.740188335556668,2,Hibernating,-0.6530180430595353,0.7959711608514304
12633,58,4,1379.94,4.07753744390572,1.6094379124341003,7.230519705687756,3,Loyal Customers,0.5142198272529324,0.4816042996423215
13345,287,1,299.70000000000005,5.662960480135946,0.6931471805599453,5.706113089994483,2,Hibernating,-1.0304455426956214,0.5157313540382282
13870,1,8,1713.04,0.6931471805599453,2.1972245773362196,7.446608436108287,0,Champions,1.7743720248851154,-0.7292573715702064
17034,15,3,585.07,2.772588722239781,1.3862943611198906,6.373439236367876,3,Loyal Customers,0.3516802176728645,-0.3435793655943878
16592,3,16,3584.33,1.3862943611198906,2.833213344056216,8.184605799006565,0,Champions,2.3150204331155924,-0.09530689813766363
15712,8,5,842.9,2.1972245773362196,1.791759469228055,6.738034004163921,3,Loyal Customers,0.8928950439709953,-0.39030823307510343
13362,8,4,2686.64,2.1972245773362196,1.6094379124341003,7.896418764102379,0,Champions,1.1919835393566351,-0.11831313690150591
14470,11,2,303.99,2.4849066497880004,1.0986122886681098,5.720278989184664,1,At Risk,-0.01540774818564064,-0.7061506251859244
16841,36,6,1692.7,3.6109179126442243,1.9459101490553132,7.434670763897076,3,Loyal Customers,0.9249193646392129,0.4206581485707464
13753,287,1,710.66,5.662960480135946,0.6931471805599453,6.5676002692692395,2,Hibernating,-0.7160110240881812,0.7491988910749129
13666,59,3,67.65,4.0943445622221,1.3862943611198906,4.229021132213981,2,Hibernating,-0.7365936887750614,-0.37616427146643716
12361,286,1,174.9,5.659482215759621,0.6931471805599453,5.169915651743512,2,Hibernating,-1.2253482868181376,0.368975468596386
14481,164,2,538.41,5.10594547390058,1.0986122886681098,6.29047594965132,2,Hibernating,-0.41325969067458546,0.5361761681676763
13792,65,2,183.05,4.189654742026425,1.0986122886681098,5.21520745982503,2,Hibernating,-0.593881447058343,-0.13551211058102688
17663,25,7,1542.3600000000001,3.258096538021482,2.0794415416798357,7.341717136880607,3,Loyal Customers,1.06316750974738,0.27974872168934284
13973,286,1,186.75,5.659482215759621,0.6931471805599453,5.2351112906442445,2,Hibernating,-1.201552506885215,0.3866438281563053
15990,43,2,604.01,3.784189633918261,1.0986122886681098,6.40524498681986,3,Loyal Customers,-0.06578813471183165,0.01871554798001908
13493,286,1,14.850000000000001,5.659482215759621,0.6931471805599453,2.76316950032329,2,Hibernating,-2.1037874391793014,-0.283265342134695
13684,285,1,65.13,5.655991810819852,0.6931471805599453,4.191622501686571,2,Hibernating,-1.5816088986148715,0.10240429142458063
13261,268,2,670.5,5.594711379601839,1.0986122886681098,6.509514015963292,2,Hibernating,-0.4463126312468939,0.7983874085388425
16598,285,1,145.04999999999998,5.655991810819852,0.6931471805599453,4.98394902883375,2,Hibernating,-1.2924173515588115,0.31712892955281075
14147,77,2,61.8,4.356708826689592,1.0986122886681098,4.139955073474153,2,Hibernating,-1.0249601012093523,-0.3575792749433769
15951,8,2,583.27,2.1972245773362196,1.0986122886681098,6.3703632047543355,1,At Risk,0.28837708268782924,-0.6493700668347879
13971,18,8,2502.56,2.9444389791664403,2.1972245773362196,7.825468997929783,0,Champions,1.3921674187968587,0.30776146141132893
17516,14,5,651.71,2.70805020110221,1.791759469228055,6.481132926498221,3,Loyal Customers,0.6810288287744629,-0.24792362671565069
13630,4,7,866.94,1.6094379124341003,2.0794415416798357,6.766122587847184,0,Champions,1.2342409582146883,-0.5604773473462628
14157,19,2,404.73,2.995732273553991,1.0986122886681098,6.005687913744225,1,At Risk,-0.029336038607421455,-0.4167971682436009
13636,36,5,720.83,3.6109179126442243,1.791759469228055,6.581789654104748,3,Loyal Customers,0.5090300051059532,0.15406885216655275
13610,11,7,850.48,2.4849066497880004,2.0794415416798357,6.7469760118644775,0,Champions,1.0248495605071433,-0.20232349003827874
14745,112,5,1085.5,4.727387818712341,1.791759469228055,6.990716799696484,3,Loyal Customers,0.4001633766509236,0.7282547885798525
12781,63,2,594.54,4.1588830833596715,1.0986122886681098,6.389468556984526,3,Loyal Customers,-0.15817324096415153,0.1699477439733252
14036,284,1,451.25,5.652489180268651,0.6931471805599453,6.114235124275405,2,Hibernating,-0.8790640318459872,0.6219886962088547
14616,284,1,10.08,5.652489180268651,0.6931471805599453,2.405141681319138,2,Hibernating,-2.2328473953869166,-0.3831950506867406
16057,15,7,1955.47,2.772588722239781,2.0794415416798357,7.578897108029202,0,Champions,1.2619823868890852,0.14252715208555167
16992,10,5,1302.16,2.3978952727983707,1.791759469228055,7.172547363139673,3,Loyal Customers,1.0050943805342016,-0.18926919153702748
15724,200,2,218.25,5.303304908059076,1.0986122886681098,5.390212631252292,2,Hibernating,-0.787475435007663,0.37410947913760173
12458,70,2,612.38,4.2626798770413155,1.0986122886681098,6.418984645996978,3,Loyal Customers,-0.17139734440832885,0.22102517317477016
12598,9,7,2103.43,2.302585092994046,2.0794415416798357,7.651799925599935,0,Champions,1.3972532118102423,-0.0327797389735334
13675,150,2,473.38,5.017279836814924,1.0986122886681098,6.1620086882788,2,Hibernating,-0.4396500435603082,0.4645622832306853
14227,25,9,2897.32,3.258096538021482,2.302585092994046,7.971886537764666,0,Champions,1.4445830251909328,0.5018500674043274
16668,14,6,286.56,2.70805020110221,1.9459101490553132,5.661431534115671,3,Loyal Customers,0.48644169306222174,-0.434612947414223
16667,67,2,469.98,4.219507705176107,1.0986122886681098,6.154815630269835,3,Loyal Customers,-0.2578353441875845,0.13151639340161136
13509,8,5,662.6800000000001,2.1972245773362196,1.791759469228055,6.497800105601108,3,Loyal Customers,0.8052119860392706,-0.4554128776472923
15874,63,7,1584.3500000000001,4.1588830833596715,2.0794415416798357,7.368560482123466,3,Loyal Customers,0.8647086658786294,0.660873648388071
16187,31,15,5428.56,3.4657359027997265,2.772588722239781,8.599613378337217,0,Champions,1.9446042121517604,0.8662421400492487
16339,283,1,30.45,5.648974238161206,0.6931471805599453,3.4483989831464497,2,Hibernating,-1.8512559003221747,-0.10192565247575083
12509,283,1,124.5,5.648974238161206,0.6931471805599453,4.832305758571839,2,Hibernating,-1.3461432634808614,0.27312033093510596
14046,283,1,44.309999999999995,5.648974238161206,0.6931471805599453,3.813527758679047,2,Hibernating,-1.717987415861421,-0.00297384219276995
13292,38,2,418.45,3.6635616461296463,1.0986122886681098,6.0389443292923035,1,At Risk,-0.17159588293586756,-0.13061765366088898
16427,262,2,166.06,5.572154032177765,1.0986122886681098,5.118353029327761,2,Hibernating,-0.9488578628540414,0.412013600142199
14056,0,23,5869.21,0.0,3.1780538303479458,8.677645687309996,0,Champions,3.0494629875833814,-0.4577273761091502
15656,44,4,569.4,3.8066624897703196,1.6094379124341003,6.346337869100086,3,Loyal Customers,0.25412663003739877,0.12956612178568558
12811,261,2,415.55,5.568344503761097,1.0986122886681098,6.032006502420918,2,Hibernating,-0.6145024097592974,0.6580374209450204
16518,60,2,376.07,4.110873864173311,1.0986122886681098,5.932430846604856,1,At Risk,-0.31388815957614663,0.026163035366250413
17165,283,1,122.88,5.648974238161206,0.6931471805599453,4.819313355105002,2,Hibernating,-1.3508853655433528,0.26959932155671573
17462,59,2,612.44,4.0943445622221,1.0986122886681098,6.41908245985728,3,Loyal Customers,-0.13244353568611256,0.151188073601623
14620,205,2,318.54,5.327876168789581,1.0986122886681098,5.766882461599425,2,Hibernating,-0.6556753037633756,0.4863866987570506
14740,196,3,1283.86,5.2832037287379885,1.3862943611198906,7.158405041977559,3,Loyal Customers,0.05774615340173253,0.9111221047920478
12428,25,8,4830.43,3.258096538021482,2.1972245773362196,8.482897769080243,0,Champions,1.5596068525681275,0.6161042835066914
16078,283,1,79.2,5.648974238161206,0.6931471805599453,4.384523514872469,2,Hibernating,-1.5095794673221097,0.15176899793760068
16915,8,5,305.63,2.1972245773362196,1.791759469228055,5.725641809009095,1,At Risk,0.5233816487821956,-0.664671819677681
15676,18,3,2787.22,2.9444389791664403,1.3862943611198906,7.93315867837984,3,Loyal Customers,0.8812320425960452,0.15043517273706586
15709,283,1,69.65,5.648974238161206,0.6931471805599453,4.257738109130536,2,Hibernating,-1.555854918634658,0.11740948902919798
15241,66,8,1347.01,4.204692619390966,2.1972245773362196,7.206384709842363,3,Loyal Customers,0.8748445930968074,0.6630249681336147
12933,23,3,465.47,3.1780538303479458,1.3862943611198906,6.145193709537835,3,Loyal Customers,0.17463171695883192,-0.2371563553792653
15092,214,2,279.61,5.3706380281276624,1.0986122886681098,5.636965804952091,2,Hibernating,-0.7129799149685151,0.46892590701066444
12679,283,1,639.86,5.648974238161206,0.6931471805599453,6.4628110243296595,2,Hibernating,-0.7510245540450894,0.7149957966179394
15319,283,1,145.0,5.648974238161206,0.6931471805599453,4.983606621708336,2,Hibernating,-1.290919906465537,0.3141236571804715
16212,18,2,552.09,2.9444389791664403,1.0986122886681098,6.315520736923973,1,At Risk,0.0956086558291567,-0.35411892435615017
15257,282,1,40.2,5.645446897643238,0.6931471805599453,3.7184382563554808,2,Hibernating,-1.7518786680542622,-0.03020753489216415
14656,168,2,240.95000000000002,5.1298987149230735,1.0986122886681098,5.488731093239328,2,Hibernating,-0.7114266817363186,0.3288403420061972
13884,6,4,670.45,1.9459101490553132,1.6094379124341003,6.5094395530271845,3,Loyal Customers,0.7438518703408707,-0.598493900753535
12866,282,1,344.92,5.645446897643238,0.6931471805599453,5.846207534450843,2,Hibernating,-0.9752633860614979,0.5464290822162311
14676,30,5,702.12,3.4339872044851463,1.791759469228055,6.55552757425639,3,Loyal Customers,0.5403499096466713,0.07352076779652825
13166,282,1,349.6,5.645446897643238,0.6931471805599453,5.859645972487134,2,Hibernating,-0.9703584856794234,0.550070969298746
16389,52,4,807.51,3.970291913552122,1.6094379124341003,6.6951930475244685,3,Loyal Customers,0.34362527434249013,0.2920182404339705
14292,7,9,1665.33,2.0794415416798357,2.302585092994046,7.418378882343379,0,Champions,1.5150559779387212,-0.13732640139762298
15416,64,4,2990.0,4.174387269895637,1.6094379124341003,8.003363058629947,3,Loyal Customers,0.7739091089306015,0.7312441347200974
15733,282,1,112.4,5.645446897643238,0.6931471805599453,4.730921391293652,2,Hibernating,-1.3823320807208939,0.24418069686793537
16678,2,12,2564.91,1.0986122886681098,2.5649493574615367,7.850068470515266,0,Champions,2.077402530107331,-0.3670635949203306
12834,282,1,201.08,5.645446897643238,0.6931471805599453,5.308663658602181,2,Hibernating,-1.171461720638158,0.4007518768407638
13722,131,3,2004.68,4.882801922586371,1.3862943611198906,7.603738434361291,3,Loyal Customers,0.31285902823184986,0.8656324472139754
14934,81,2,1246.59,4.406719247264253,1.0986122886681098,7.128968969311977,3,Loyal Customers,0.05443905972438015,0.4732147909284409
15067,77,3,1277.2,4.356708826689592,1.3862943611198906,7.153208117216181,3,Loyal Customers,0.27004934887428955,0.5251938234543645
16128,17,5,1819.27,2.8903717578961645,1.791759469228055,7.5067401207161755,3,Loyal Customers,1.013213929036021,0.10568956179506914
17770,198,3,286.57,5.293304824724492,1.3862943611198906,5.661466308862253,2,Hibernating,-0.49095737110529936,0.5096360908989487
15622,42,9,3050.79,3.7612001156935624,2.302585092994046,8.023483582697564,0,Champions,1.3471009422583355,0.7246344271819289
15104,196,2,571.49,5.2832037287379885,1.0986122886681098,6.349995268026932,2,Hibernating,-0.4325167504531531,0.6258730788749435
15643,191,3,433.95000000000005,5.2574953720277815,1.3862943611198906,6.07523108195355,3,Loyal Customers,-0.33165828714060347,0.6069066412907227
16792,281,1,87.68,5.641907070938114,0.6931471805599453,4.4850343847481104,2,Hibernating,-1.4712600820449178,0.17607490872711723
15031,3,4,468.34000000000003,1.3862943611198906,1.6094379124341003,6.151327452494449,1,At Risk,0.7425241932828702,-0.9277995076097797
15636,89,2,589.5600000000001,4.499809670330265,1.0986122886681098,6.381071239281688,3,Loyal Customers,-0.24005834783371208,0.30916557703450676
16217,234,2,288.45000000000005,5.459585514144159,1.0986122886681098,5.667982570525014,2,Hibernating,-0.7222232157255931,0.5142471720156703
17738,18,4,1351.81,2.9444389791664403,1.6094379124341003,7.2099391896327445,3,Loyal Customers,0.7686736554237962,0.005761041908103524
17426,7,6,3895.29,2.0794415416798357,1.9459101490553132,8.26778009731053,0,Champions,1.5830643258651511,0.010831943613563018
16957,238,2,376.84000000000003,5.476463551931511,1.0986122886681098,5.934470825587861,2,Hibernating,-0.6288596710241748,0.5934717167466773
16571,26,3,1249.37,3.295836866004329,1.3862943611198906,7.13119478649699,3,Loyal Customers,0.507281882197705,0.07893817481132073
14483,281,1,137.1,5.641907070938114,0.6931471805599453,4.9279780604152466,2,Hibernating,-1.3095899089079754,0.29611496444917756
15087,281,1,220.06,5.641907070938114,0.6931471805599453,5.398434157882809,2,Hibernating,-1.1378779669407357,0.42361103055675225
16709,84,5,1667.8300000000002,4.442651256490317,1.791759469228055,7.419878061074377,3,Loyal Customers,0.6226324740291658,0.7263865340570277
17856,232,2,131.0,5.4510384535657,1.0986122886681098,4.882801922586371,2,Hibernating,-1.0068305569732854,0.29791184838906914
15053,4,3,519.59,1.6094379124341003,1.3862943611198906,6.254962783770522,1,At Risk,0.5773508929775955,-0.8584254527968036
18218,210,2,299.0,5.351858133476067,1.0986122886681098,5.703782474656201,2,Hibernating,-0.6842506762492792,0.4792394214519941
16159,281,1,348.2,5.641907070938114,0.6931471805599453,5.855644823965447,2,Hibernating,-0.9710004797877543,0.5475175153950733
17995,281,1,23.6,5.641907070938114,0.6931471805599453,3.202746442938317,2,Hibernating,-1.9392828238790079,-0.1714318386143804
17374,218,2,109.07000000000001,5.389071729816501,1.0986122886681098,4.701116527035301,2,Hibernating,-1.0588176434239842,0.22295632554105418
17789,280,1,191.65,5.638354669333745,0.6931471805599453,5.260875071072166,2,Hibernating,-1.1872644142362097,0.38485745704214336
17416,29,6,4601.58,3.4011973816621555,1.9459101490553132,8.434372294813857,0,Champions,1.3382869091852614,0.6045429318354164
17652,24,12,4274.92,3.2188758248682006,2.5649493574615367,8.360754562896018,0,Champions,1.7736059148391434,0.6513004529648269
13476,178,2,697.67,5.187385805840755,1.0986122886681098,6.549178527753808,3,Loyal Customers,-0.3376642553210587,0.6400858132331911
12817,280,1,126.03999999999999,5.638354669333745,0.6931471805599453,4.844501997498826,2,Hibernating,-1.3392365736598129,0.27201817363296005
17700,16,4,2135.39,2.833213344056216,1.6094379124341003,7.6668727676832695,3,Loyal Customers,0.9611647028624102,0.08343085426539176
15393,15,2,231.86,2.772588722239781,1.0986122886681098,5.45043741460887,1,At Risk,-0.1804076793516254,-0.6598834365654818
13014,10,9,1499.03,2.3978952727983707,2.302585092994046,7.313240386890304,0,Champions,1.4030568619275194,-0.033652763644774424
17508,280,1,387.31,5.638354669333745,0.6931471805599453,5.961803989689555,2,Hibernating,-0.9314321135291543,0.5748128646259829
13931,95,2,956.13,4.564348191467836,1.0986122886681098,6.8639392233977015,3,Loyal Customers,-0.07873710295599476,0.46681052255552197
12541,29,3,721.38,3.4011973816621555,1.3862943611198906,6.5825513162267235,3,Loyal Customers,0.2826735880495276,-0.026019678294224975
13382,280,1,197.14000000000001,5.638354669333745,0.6931471805599453,5.288973851544884,2,Hibernating,-1.177008630141044,0.39247237369850324
15220,51,6,1560.45,3.9512437185814275,1.9459101490553132,7.353370155717351,3,Loyal Customers,0.8165641562318213,0.5398694681134764
14570,280,2,189.36,5.638354669333745,1.0986122886681098,5.24891701625291,2,Hibernating,-0.9165084531098886,0.4748721395777915
14447,18,5,1147.33,2.9444389791664403,1.791759469228055,7.0460639920178165,3,Loyal Customers,0.8325715665717384,0.00328324519167474
13557,27,2,524.06,3.332204510175204,1.0986122886681098,6.263512541775794,1,At Risk,-0.01302288187967146,-0.20728046693192875
16449,197,2,606.54,5.288267030694535,1.0986122886681098,6.409418016668506,2,Hibernating,-0.41199862465057435,0.6440783591649845
12755,280,1,7.6,5.638354669333745,0.6931471805599453,2.151762203259462,2,Hibernating,-2.3220606496368217,-0.4577284119993158
12547,197,2,151.79999999999998,5.288267030694535,1.0986122886681098,5.02912987673242,2,Hibernating,-0.9157904944097205,0.2700130449218713
17325,279,1,96.8,5.634789603169249,0.6931471805599453,4.582924577040772,2,Hibernating,-1.4338855896487928,0.19964972611082718
14995,38,2,203.43,3.6635616461296463,1.0986122886681098,5.320225618596917,1,At Risk,-0.4339212863178586,-0.3253941880598037
16414,21,2,31.6,3.091042453358316,1.0986122886681098,3.484312288372662,1,At Risk,-0.9716489819706331,-1.0605469214067311
15681,24,5,1358.16,3.2188758248682006,1.791759469228055,7.214622140848752,3,Loyal Customers,0.8306455261452059,0.16286193527581552
14670,279,2,384.90999999999997,5.634789603169249,1.0986122886681098,5.955604181656906,2,Hibernating,-0.6577502260607626,0.6649084654515504
15675,80,3,216.16,4.394449154672439,1.3862943611198906,5.38063440903725,2,Hibernating,-0.3856483087655611,0.06048030012605628
12584,3,8,1100.6000000000001,1.3862943611198906,2.1972245773362196,7.004518947414446,0,Champions,1.4527621820170495,-0.5613915264402767
17535,279,1,164.4,5.634789603169249,0.6931471805599453,5.108366782589591,2,Hibernating,-1.2421042481123317,0.34204731546076866
15400,127,3,208.6,4.852030263919617,1.3862943611198906,5.345200952446887,2,Hibernating,-0.5043711664474817,0.24078590989130225
14903,20,5,2386.43,3.044522437723423,1.791759469228055,7.777972752553336,3,Loyal Customers,1.0765725201822327,0.24317163439589415
14499,25,3,768.74,3.258096538021482,1.3862943611198906,6.646052795489304,3,Loyal Customers,0.33893506639125626,-0.06820107959050331
18211,25,5,515.0699999999999,3.258096538021482,1.791759469228055,6.246242415195453,3,Loyal Customers,0.46812866630629646,-0.08329640837125638
14504,46,4,522.21,3.8501476017100584,1.6094379124341003,6.259982913110182,3,Loyal Customers,0.21255440815331236,0.12421094799991253
15572,4,7,1745.99,1.6094379124341003,2.0794415416798357,7.46564958601922,0,Champions,1.4895615714689698,-0.37090186754471866
17107,32,6,7826.28,3.4965075614664802,1.9459101490553132,8.965370346769168,0,Champions,1.5100609434695669,0.788002429959162
14247,277,1,104.12,5.627621113690637,0.6931471805599453,4.655102554736301,2,Hibernating,-1.4058840118906915,0.2162352233295519
15554,277,1,130.4,5.627621113690637,0.6931471805599453,4.8782461060505105,2,Hibernating,-1.3244387660114598,0.2767082942982984
14915,90,2,281.98,4.51085950651685,1.0986122886681098,5.645376223767807,2,Hibernating,-0.5111345942369578,0.11437434938218263
16136,59,3,535.94,4.0943445622221,1.3862943611198906,6.285886356422822,3,Loyal Customers,0.014142296824814826,0.1812569757269486
18280,277,1,137.0,5.627621113690637,0.6931471805599453,4.927253685157205,2,Hibernating,-1.306551471905119,0.2899896048800794
12614,277,1,218.15,5.627621113690637,0.6931471805599453,5.389756426864818,2,Hibernating,-1.1377424281467634,0.41533026992641586
13344,67,3,1684.29,4.219507705176107,1.3862943611198906,7.429692934802707,3,Loyal Customers,0.40268371315771856,0.5431805629129628
16621,51,4,282.71000000000004,3.9512437185814275,1.6094379124341003,5.647952589695531,3,Loyal Customers,-0.03420357332587062,0.00030508746907243096
17381,151,5,632.31,5.0238805208462765,1.791759469228055,6.450960033702472,3,Loyal Customers,0.13461003734490626,0.7050301911629613
16225,44,5,1077.8700000000001,3.8066624897703196,1.791759469228055,6.983669476071894,3,Loyal Customers,0.6104573039309463,0.3442195648880207
14214,30,5,938.14,3.4339872044851463,1.791759469228055,6.844964562876423,3,Loyal Customers,0.6459916212976133,0.15195970744194637
14012,277,1,328.8,5.627621113690637,0.6931471805599453,5.7984864101254985,2,Hibernating,-0.9885599230336952,0.5260982358353806
16356,197,3,211.77,5.288267030694535,1.3862943611198906,5.360211770085627,2,Hibernating,-0.5997476671436841,0.4259037155169185
17654,276,1,80.65,5.6240175061873385,0.6931471805599453,4.402441819416474,2,Hibernating,-1.4972696132063166,0.14626724850004105
15026,79,3,343.75,4.382026634673881,1.3862943611198906,5.842819516673411,3,Loyal Customers,-0.21408318682282845,0.18057921033582117
16517,276,1,154.75,5.6240175061873385,0.6931471805599453,5.048252157667562,2,Hibernating,-1.2615550631759382,0.3212852321585333
14817,199,2,962.08,5.298317366548036,1.0986122886681098,6.870136482075628,3,Loyal Customers,-0.24616440146682234,0.7731066311720298
17092,49,4,1634.44,3.912023005428146,1.6094379124341003,7.399667160276753,3,Loyal Customers,0.6142229562085294,0.4587512762751356
16242,7,7,3221.08,2.0794415416798357,2.0794415416798357,8.07778239272725,0,Champions,1.604322147978968,-0.009946734897881507
15869,276,2,119.4,5.6240175061873385,1.0986122886681098,4.79081953287472,2,Hibernating,-1.0803949545438956,0.34477502072522054
17817,3,2,114.43,1.3862943611198906,1.0986122886681098,4.748664285626821,1,At Risk,-0.11604522921664871,-1.4254164529971296
15834,69,3,1478.98,4.248495242049359,1.3862943611198906,7.299783853153339,3,Loyal Customers,0.348566406875197,0.5200051159160356
15234,276,1,187.88,5.6240175061873385,0.6931471805599453,5.2411118927772575,2,Hibernating,-1.1911631183776108,0.3735512303449643
15764,87,6,2602.27,4.477336814478207,1.9459101490553132,7.8645236260848055,3,Loyal Customers,0.8815007023130168,0.8967372838688796
15806,45,3,671.22,3.828641396489095,1.3862943611198906,6.51058566789808,3,Loyal Customers,0.1575843465541353,0.1318778249723831
15819,48,4,1728.57,3.8918202981106265,1.6094379124341003,7.455628101683637,3,Loyal Customers,0.6393189044027431,0.46553232661270566
14586,276,1,202.44,5.6240175061873385,0.6931471805599453,5.315371121113865,2,Hibernating,-1.1640592156429956,0.3936758701063914
15944,276,1,149.9,5.6240175061873385,0.6931471805599453,5.016617365773803,2,Hibernating,-1.273101457364572,0.3127120378896161
13340,44,6,2161.56,3.8066624897703196,1.9459101490553132,7.67904798408587,3,Loyal Customers,0.9688597316084266,0.5681248313975178
16917,276,1,121.9,5.6240175061873385,0.6931471805599453,4.811371016571989,2,Hibernating,-1.348014396941383,0.2570892024177534
14407,106,5,981.53,4.672828834461906,1.791759469228055,6.890130877628398,3,Loyal Customers,0.37606419188617757,0.6783520555547475
13908,79,4,1948.9,4.382026634673881,1.6094379124341003,7.575533368191541,3,Loyal Customers,0.5697504282960787,0.7014758759993865
12758,116,2,1468.59,4.762173934797756,1.0986122886681098,7.292738729305092,3,Loyal Customers,0.03203446804161955,0.6651203496138631
13975,30,6,2224.15,3.4339872044851463,1.9459101490553132,7.70757960805834,3,Loyal Customers,1.0654337734457995,0.42118695131158534
14730,0,8,1469.07,0.0,2.1972245773362196,7.29306529768665,0,Champions,1.8785816987435762,-1.0585427778692404
12623,275,1,269.1,5.62040086571715,0.6931471805599453,5.59879226079857,2,Hibernating,-1.059777085458124,0.46898348174140875
14367,7,16,7225.1900000000005,2.0794415416798357,2.833213344056216,8.885467205300461,0,Champions,2.410576652730266,0.3823046249619634
13373,60,3,2726.17,4.110873864173311,1.3862943611198906,7.911019720469849,3,Loyal Customers,0.6034788391717306,0.6285367253773744
16712,17,10,2515.83,2.8903717578961645,2.3978952727983707,7.830755452131256,0,Champions,1.5427581720227073,0.3329082610833824
17639,275,1,60.2,5.62040086571715,0.6931471805599453,4.11414718951828,2,Hibernating,-1.6016582295094173,0.06663689260555905
16426,1,10,1640.4,0.6931471805599453,2.3978952727983707,7.403304815195611,0,Champions,1.8947278540866506,-0.69483940995977
16495,2,2,420.61,1.0986122886681098,1.0986122886681098,6.044080716110943,1,At Risk,0.4232796412768217,-1.1937474849155754
14336,16,4,1281.1100000000001,2.833213344056216,1.6094379124341003,7.156262437231849,3,Loyal Customers,0.774796852807299,-0.0549472192612958
14507,39,5,928.78,3.6888794541139363,1.791759469228055,6.83494799902299,3,Loyal Customers,0.5834061241108045,0.2550321909556047
12759,51,3,1279.09,3.9512437185814275,1.3862943611198906,7.154685666941855,3,Loyal Customers,0.3643297232229108,0.3573155039008978
17049,2,9,4300.39,1.0986122886681098,2.302585092994046,8.366693505259704,0,Champions,2.087943473304379,-0.2873982525856076
15206,9,4,420.29999999999995,2.302585092994046,1.6094379124341003,6.04334516898497,1,At Risk,0.491270819941623,-0.5767783849062961
14013,109,3,435.58,4.700480365792417,1.3862943611198906,6.078971634546217,3,Loyal Customers,-0.20151451785932725,0.37674439157746786
14645,156,2,419.42,5.056245805348308,1.0986122886681098,6.0412542116104975,2,Hibernating,-0.4927329603485284,0.4480090951648101
15071,93,2,601.82,4.543294782270004,1.0986122886681098,6.401618644702278,3,Loyal Customers,-0.24261223798080728,0.3327815030193939
14112,22,6,2505.16,3.1354942159291497,1.9459101490553132,7.826506980185653,0,Champions,1.1778508934989003,0.3295344074157894
13026,0,4,341.88,0.0,1.6094379124341003,5.837380531725267,1,At Risk,0.9484394720802793,-1.588229590639726
12881,275,1,69.0,5.62040086571715,0.6931471805599453,4.248495242049359,2,Hibernating,-1.5526224849972126,0.10304591839803984
17864,12,3,495.75,2.5649493574615367,1.3862943611198906,6.208086881431926,1,At Risk,0.3393331680179573,-0.47456654755768174
14936,33,7,5469.07,3.5263605246161616,2.0794415416798357,8.6070466924091,0,Champions,1.46297959131756,0.7339963067988268
17138,275,1,288.3,5.62040086571715,0.6931471805599453,5.6674642119820895,2,Hibernating,-1.0347124850418978,0.48759394013478485
16572,126,3,855.55,4.844187086458591,1.3862943611198906,6.752912693176468,3,Loyal Customers,0.011243348566291111,0.6190280374857914
14165,275,1,82.19,5.62040086571715,0.6931471805599453,4.421127148295796,2,Hibernating,-1.4896135028059976,0.1498300690330307
15367,56,4,1690.8500000000001,4.04305126783455,1.6094379124341003,7.433577883754036,3,Loyal Customers,0.5963071009738687,0.5223214541463331
14291,1,11,3262.5,0.6931471805599453,2.4849066497880004,8.090555518075272,0,Champions,2.2046076310310614,-0.48857859644217166
15632,15,8,2874.85,2.772588722239781,2.1972245773362196,7.964103561708872,0,Champions,1.482498439588798,0.2740097526233485
14297,17,4,1102.85,2.8903717578961645,1.6094379124341003,7.006559348040717,3,Loyal Customers,0.7069419879896486,-0.07179528697873341
13899,15,2,337.52,2.772588722239781,1.0986122886681098,5.824583174801905,1,At Risk,-0.04384808238310087,-0.5584879762191973
16471,274,1,223.95000000000002,5.616771097666572,0.6931471805599453,5.4158781552871815,2,Hibernating,-1.1256997908552475,0.4179063515215322
15838,24,5,717.84,3.2188758248682006,1.791759469228055,6.577638801663822,3,Loyal Customers,0.5981527457115063,-0.00976388541034318
18183,226,2,512.87,5.424950017481403,1.0986122886681098,6.241970315178003,2,Hibernating,-0.5047157026907008,0.6554262095614108
18173,86,4,884.98,4.465908118654584,1.6094379124341003,6.786694376986867,3,Loyal Customers,0.26243890601559594,0.5225094126544632
14854,77,7,1821.58,4.356708826689592,2.0794415416798357,7.5080083586670225,3,Loyal Customers,0.8698696805312391,0.7807676686064351
16625,274,1,300.68,5.616771097666572,0.6931471805599453,5.709366852950102,2,Hibernating,-1.0185792444484474,0.4974433255356434
14064,28,5,783.75,3.367295829986474,1.791759469228055,6.665365195722063,3,Loyal Customers,0.5958582258136187,0.07560865419895402
15308,273,1,218.25,5.6131281063880705,0.6931471805599453,5.390212631252292,2,Hibernating,-1.1342252222284765,0.4094389223749867
18086,273,1,101.34,5.6131281063880705,0.6931471805599453,4.628300603376946,2,Hibernating,-1.4123157701434048,0.202956772824679
14350,273,1,282.93,5.6131281063880705,0.6931471805599453,5.6487277289070565,2,Hibernating,-1.0398697027972277,0.4794978676364422
14930,108,3,1503.6100000000001,4.6913478822291435,1.3862943611198906,7.316289007388762,3,Loyal Customers,0.25220577468219507,0.7082736570190279
16080,81,2,217.16,4.406719247264253,1.0986122886681098,5.385228738537333,2,Hibernating,-0.5820093207397747,0.0006520567349274208
14727,273,1,116.03,5.6131281063880705,0.6931471805599453,4.762430312186675,2,Hibernating,-1.3633597189853965,0.23930662632524716
16778,73,2,228.94,4.30406509320417,1.0986122886681098,5.4378184053255945,2,Hibernating,-0.539081579026625,-0.027700057008942007
14077,40,5,354.05,3.713572066704308,1.791759469228055,5.8722586246281026,3,Loyal Customers,0.226324996708307,0.004386416338252435
16808,98,2,222.97,4.59511985013459,1.0986122886681098,5.411512114314379,2,Hibernating,-0.615973222821175,0.08596622206449919
16475,143,3,417.7,4.969813299576001,1.3862943611198906,6.037154673025098,3,Loyal Customers,-0.2790454526639038,0.47719206662959773
13265,52,5,1232.52,3.970291913552122,1.791759469228055,7.117627149863098,3,Loyal Customers,0.6215204299313328,0.4484333344011801
12520,78,5,2061.56,4.3694478524670215,1.791759469228055,7.631703208694795,3,Loyal Customers,0.7168707963037768,0.7534109096602719
15049,273,1,40.050000000000004,5.6131281063880705,0.6931471805599453,3.7147908358984374,2,Hibernating,-1.7457380321231035,-0.04460915804814913
18149,50,3,323.7,3.9318256327243257,1.3862943611198906,5.7829016791088,3,Loyal Customers,-0.13186886885521054,-0.022504159771564315
13654,42,6,2261.97,3.7612001156935624,1.9459101490553132,7.7244333888068235,3,Loyal Customers,0.9959355931458032,0.5615564261594056
16652,58,5,2879.15,4.07753744390572,1.791759469228055,7.965597655107035,3,Loyal Customers,0.9062269741950779,0.7227475134279151
16766,272,2,989.0,5.60947179518496,1.0986122886681098,6.897704943128636,3,Loyal Customers,-0.3080392025732228,0.9097151455247481
16801,162,4,884.03,5.093750200806762,1.6094379124341003,6.78562154273848,3,Loyal Customers,0.11689403624882286,0.7827897376900936
17164,32,7,2336.2,3.4965075614664802,2.0794415416798357,7.756708910680282,3,Loyal Customers,1.1595163200629852,0.49116054565117157
13226,272,1,85.51,5.60947179518496,0.6931471805599453,4.460260014192283,2,Hibernating,-1.4728036487952787,0.15589942730897932
13043,272,1,139.7,5.60947179518496,0.6931471805599453,4.946629964120343,2,Hibernating,-1.2952833040357663,0.28770823077132857
14352,156,4,821.76,5.056245805348308,1.6094379124341003,6.712664542109962,3,Loyal Customers,0.09893622368508961,0.7474526924569637
17351,35,3,253.5,3.58351893845611,1.3862943611198906,5.539300835990577,1,At Risk,-0.1402544260615791,-0.23307775379565868
16768,47,3,223.69,3.871201010907891,1.3862943611198906,5.414721674418139,1,At Risk,-0.25223497632056363,-0.14744369053820736
16693,68,2,361.86,4.23410650459726,1.0986122886681098,5.894017084942017,2,Hibernating,-0.3563994542264602,0.06689750971936367
13956,4,5,671.39,1.6094379124341003,1.791759469228055,6.510838529323929,0,Champions,0.9458636102263664,-0.6958264077627812
13708,270,1,258.46,5.602118820879701,0.6931471805599453,5.558602548142867,2,Hibernating,-1.0702192449887014,0.45050432702966015
15918,190,2,334.23,5.25227342804663,1.0986122886681098,5.814816863409831,2,Hibernating,-0.6207008122045697,0.4680000357851513
15671,25,6,1179.81,3.258096538021482,1.9459101490553132,7.073955922645036,3,Loyal Customers,0.8748320935151694,0.17647233599985193
14962,270,1,14.850000000000001,5.602118820879701,0.6931471805599453,2.76316950032329,2,Hibernating,-2.090525368906237,-0.30707266810892975
16807,142,3,934.6899999999999,4.962844630259907,1.3862943611198906,6.841284225038695,3,Loyal Customers,0.016065198964194782,0.6922232042392293
15125,60,9,2362.7,4.110873864173311,2.302585092994046,7.767983466919752,3,Loyal Customers,1.1730034044426596,0.8005164112958438
16871,21,6,2267.2400000000002,3.091042453358316,1.9459101490553132,7.726759479354911,3,Loyal Customers,1.1517209958276542,0.2840536552410419
12901,9,15,1162.35,2.302585092994046,2.772588722239781,7.059059053073302,0,Champions,1.651230167962654,-0.03399449781154409
15493,32,5,1216.8600000000001,3.4965075614664802,1.791759469228055,7.104850499134708,3,Loyal Customers,0.726393154859361,0.2483377587771307
16005,11,4,470.06,2.4849066497880004,1.6094379124341003,6.154985474438219,1,At Risk,0.4898668133591264,-0.4708550095308257
15971,52,7,268.1,3.970291913552122,2.0794415416798357,5.59508305773286,3,Loyal Customers,0.26100763519217995,0.1019816558247191
15388,269,1,140.54,5.598421958998375,0.6931471805599453,4.952582362647639,2,Hibernating,-1.2905560805775618,0.2847353876896109
16804,22,3,445.84000000000003,3.1354942159291497,1.3862943611198906,6.102200588702647,1,At Risk,0.16877916784606953,-0.2664710818377028
13499,17,5,609.09,2.8903717578961645,1.791759469228055,6.413606487267863,3,Loyal Customers,0.6142306869449639,-0.19055537741341613
15047,269,1,329.7,5.598421958998375,0.6931471805599453,5.801211619987747,2,Hibernating,-0.9808145795693118,0.5147183605473843
14193,67,2,737.15,4.219507705176107,1.0986122886681098,6.604147055980097,3,Loyal Customers,-0.09383370384124494,0.2532875628368557
17542,269,1,141.55,5.598421958998375,0.6931471805599453,4.9596928153586815,2,Hibernating,-1.287960833858789,0.28666235761046394
15181,65,3,194.99999999999997,4.189654742026425,1.3862943611198906,5.278114659230517,2,Hibernating,-0.37571979878458894,-0.05229818642839247
16392,269,1,210.24,5.598421958998375,0.6931471805599453,5.352994927838733,2,Hibernating,-1.1444093529080637,0.39324928974489715
15106,17,5,1235.45,2.8903717578961645,1.791759469228055,7.1199996494273465,3,Loyal Customers,0.8720573838880243,0.0008808687855905786
16214,170,3,653.45,5.14166355650266,1.3862943611198906,6.483795188237728,3,Loyal Customers,-0.15575670969961503,0.6695563868045298
13716,268,1,138.28,5.594711379601839,0.6931471805599453,4.936486295459933,2,Hibernating,-1.2955731264543415,0.278833280605676
15150,16,10,4592.19,2.833213344056216,2.3978952727983707,8.432330050768252,0,Champions,1.7755417832723608,0.47221587423037376
14226,29,4,1256.49,3.4011973816621555,1.6094379124341003,7.136872949655992,3,Loyal Customers,0.636405399288482,0.17552652523941145
13121,268,1,260.36,5.594711379601839,0.6931471805599453,5.565898767292815,2,Hibernating,-1.0658436396465392,0.44940735659216063
16297,268,1,277.34000000000003,5.594711379601839,0.6931471805599453,5.628843387991707,2,Hibernating,-1.0428694596650727,0.46646567843120423
12994,3,3,782.52,1.3862943611198906,1.3862943611198906,6.663796587954007,1,At Risk,0.778160732427036,-0.8402398261833894
16152,268,1,712.46,5.594711379601839,0.6931471805599453,6.570126373677542,2,Hibernating,-0.699310240679755,0.7215582968815605
14636,35,2,609.85,3.58351893845611,1.0986122886681098,6.414851429850069,3,Loyal Customers,-0.01588802335831163,-0.06196470143901308
16040,64,3,1018.86,4.174387269895637,1.3862943611198906,6.92742064195604,3,Loyal Customers,0.22979073847060275,0.3883359672930528
13358,268,1,304.71,5.594711379601839,0.6931471805599453,5.722636940170732,2,Hibernating,-1.0086357169729048,0.49188422225166295
12849,30,2,719.5,3.4339872044851463,1.0986122886681098,6.5799454154395765,3,Loyal Customers,0.07894052376914559,-0.07928299106490952
15182,153,2,605.85,5.0369526024136295,1.0986122886681098,6.40828164355237,3,Loyal Customers,-0.3543110126573425,0.5394682618092477
13299,267,1,82.80000000000001,5.5909869805108565,0.6931471805599453,4.428433007488038,2,Hibernating,-1.4801466220808441,0.1396024548591623
16383,74,2,515.89,4.31748811353631,1.0986122886681098,6.247830085913095,3,Loyal Customers,-0.24653844258107116,0.19738825875422705
15381,267,1,143.1,5.5909869805108565,0.6931471805599453,4.970507503005476,2,Hibernating,-1.2822946549849583,0.28650748189090713
12597,18,4,2544.07,2.9444389791664403,1.6094379124341003,7.841913433517961,3,Loyal Customers,0.9993381643438675,0.17702937153630982
15030,267,1,20.4,5.5909869805108565,0.6931471805599453,3.0633909220278057,2,Hibernating,-1.9783738288767951,-0.23033109878015265
12435,267,1,78.0,5.5909869805108565,0.6931471805599453,4.3694478524670215,2,Hibernating,-1.501675635245767,0.12361716895383179
12955,0,11,3260.2599999999998,0.0,2.4849066497880004,8.089868902755168,0,Champions,2.3646084628007746,-0.7764390844986043
18189,77,2,891.34,4.356708826689592,1.0986122886681098,6.793847225874017,3,Loyal Customers,-0.0563150401436516,0.36163939631228953
13946,78,3,57.33,4.3694478524670215,1.3862943611198906,4.066116540765546,2,Hibernating,-0.8596545131731664,-0.3061371276977089
17716,28,10,4455.29,3.367295829986474,2.3978952727983707,8.402071860279403,0,Champions,1.6410211918223219,0.6856741027789413
13185,267,1,71.4,5.5909869805108565,0.6931471805599453,4.282206299391671,2,Hibernating,-1.5335179614042442,0.09997425120210834
14840,267,1,62.85,5.5909869805108565,0.6931471805599453,4.156536582478548,2,Hibernating,-1.5793861970457506,0.06591709980897445
13216,267,1,10.5,5.5909869805108565,0.6931471805599453,2.4423470353692043,2,Hibernating,-2.205048862740892,-0.3986372443596337
13650,16,6,1567.29,2.833213344056216,1.9459101490553132,7.357741132788991,3,Loyal Customers,1.0766413875384802,0.07704185163013708
13533,182,3,245.23999999999998,5.209486152841421,1.3862943611198906,5.506306670090569,2,Hibernating,-0.5282107735839577,0.43280005065116295
13268,17,10,2807.06,2.8903717578961645,2.3978952727983707,7.940249132438787,0,Champions,1.5827223101855517,0.36258162184540993
13104,2,4,570.48,1.0986122886681098,1.6094379124341003,6.348229486996957,1,At Risk,0.8809018952130125,-0.99383369356132
15433,213,2,533.3,5.365976015021851,1.0986122886681098,6.2809574789637255,2,Hibernating,-0.4768513306002998,0.6415161644003144
12937,14,4,1233.1200000000001,2.70805020110221,1.6094379124341003,7.118113444469948,3,Loyal Customers,0.7898098004187676,-0.11723181061516094
16216,266,1,605.88,5.58724865840025,0.6931471805599453,6.408331077940589,2,Hibernating,-0.7566386284156648,0.6746136977775521
12514,266,1,779.68,5.58724865840025,0.6931471805599453,6.660165334763001,2,Hibernating,-0.6647215515074744,0.74286210018708
18210,1,6,1907.18,0.6931471805599453,1.9459101490553132,7.553905187181171,0,Champions,1.643009742501672,-0.7579807188838541
13631,99,5,332.5,4.605170185988092,1.791759469228055,5.809642865355678,3,Loyal Customers,-0.0026612496428518317,0.3574540174117358
14422,0,6,3462.69,0.0,1.9459101490553132,8.150089773760826,0,Champions,2.0208628111415736,-0.8840859855184494
15648,203,2,465.20000000000005,5.318119993844216,1.0986122886681098,6.144614726601657,2,Hibernating,-0.515551098406437,0.5847050500630294
17725,15,11,2946.2799999999997,2.772588722239781,2.4849066497880004,7.988637990100837,0,Champions,1.6866543962265743,0.3468244548800265
15861,11,7,2751.17,2.4849066497880004,2.0794415416798357,7.920144970401159,0,Champions,1.4530449249851376,0.11561144139973975
13072,266,1,177.15,5.58724865840025,0.6931471805599453,5.182625892051845,2,Hibernating,-1.2040092096053034,0.3424411736043624
15695,266,2,357.81,5.58724865840025,1.0986122886681098,5.882793000476306,2,Hibernating,-0.6733344263773147,0.6254455046503022
14110,36,10,2927.37,3.6109179126442243,2.3978952727983707,7.9822012332178955,0,Champions,1.431448505676747,0.6729965714743598
16716,266,1,166.8,5.58724865840025,0.6931471805599453,5.122772794033106,2,Hibernating,-1.2258550136003548,0.32622067060138804
14059,266,1,132.6,5.58724865840025,0.6931471805599453,4.894850261102546,2,Hibernating,-1.3090445417163066,0.26445247058794424
16672,1,17,4005.3,0.6931471805599453,2.8903717578961645,8.29562340109032,0,Champions,2.5545759680695874,-0.3397487482276715
16511,21,3,665.33,3.091042453358316,1.3862943611198906,6.501785043318527,3,Loyal Customers,0.32490062203864,-0.17663025917488204
16256,266,1,169.95000000000002,5.58724865840025,0.6931471805599453,5.141371116085311,2,Hibernating,-1.219066805276333,0.3312609132735989
13591,64,3,809.58,4.174387269895637,1.3862943611198906,6.697750040808155,3,Loyal Customers,0.14596318230080343,0.3260940316383957
14066,266,1,114.3,5.58724865840025,0.6931471805599453,4.747537427275013,2,Hibernating,-1.362812306464997,0.22452992116989945
15483,160,4,192.76,5.081404364984463,1.6094379124341003,5.266620279804782,2,Hibernating,-0.43467250403691415,0.36600859232039173
16626,0,16,2337.14,0.0,2.833213344056216,7.757111020478785,0,Champions,2.4794918380491002,-0.7865090452498738
15019,266,1,225.85999999999999,5.58724865840025,0.6931471805599453,5.424333087130896,2,Hibernating,-1.115788412642756,0.4079450892478406
18270,37,2,244.9,3.6375861597263857,1.0986122886681098,5.504924949222147,1,At Risk,-0.3605024350202562,-0.2861202160585135
14315,44,6,2014.03,3.8066624897703196,1.9459101490553132,7.608389362607422,3,Loyal Customers,0.9430700156793457,0.5489759749503815
17921,63,4,769.38,4.1588830833596715,1.6094379124341003,6.646883899606956,3,Loyal Customers,0.2823917620082975,0.3571965315336008
14041,265,1,141.41,5.583496308781699,0.6931471805599453,4.958710221231336,2,Hibernating,-1.2848687511057904,0.2802015298752568
17060,265,1,50.400000000000006,5.583496308781699,0.6931471805599453,3.9396381724611196,2,Hibernating,-1.6568202284929714,0.004027667961717797
16023,45,3,548.86,3.828641396489095,1.3862943611198906,6.309663700369779,3,Loyal Customers,0.08424976461571745,0.07742691958005052
17133,15,3,32.400000000000006,2.772588722239781,1.3862943611198906,3.508555899982655,1,At Risk,-0.6939745923048287,-1.1199777526329224
12878,235,2,839.09,5.4638318050256105,1.0986122886681098,6.733509028955116,3,Loyal Customers,-0.3342980432694424,0.8047727452385669
14155,265,1,118.75,5.583496308781699,0.6931471805599453,4.785406236291025,2,Hibernating,-1.3481230355437,0.233235242394671
17043,31,4,1144.98,3.4657359027997265,1.6094379124341003,7.044015445115416,3,Loyal Customers,0.5875923888564843,0.1771468483637805
13046,30,2,419.11,3.4339872044851463,1.0986122886681098,6.040516581748254,1,At Risk,-0.11794580225545567,-0.22547102988692239
14633,265,1,235.4,5.583496308781699,0.6931471805599453,5.465525285531943,2,Hibernating,-1.0998861366221742,0.4175510663999485
12948,15,7,1892.3600000000001,2.772588722239781,2.0794415416798357,7.5461083074549435,0,Champions,1.2500147906528165,0.13364121542088345
15703,264,1,211.5,5.579729825986222,0.6931471805599453,5.358941988364472,2,Hibernating,-1.1379172249221414,0.3871032447371211
14071,3,8,988.91,1.3862943611198906,2.1972245773362196,6.897614029905244,0,Champions,1.4137429173286622,-0.5903633189270724
17134,106,2,232.35000000000002,4.672828834461906,1.0986122886681098,5.4525394723958245,2,Hibernating,-0.6189644801000165,0.12933613463548618
17795,179,2,311.48,5.19295685089021,1.0986122886681098,5.744540467128369,2,Hibernating,-0.6326373854069899,0.42433681609293034
12902,264,1,87.78,5.579729825986222,0.6931471805599453,4.486161399405889,2,Hibernating,-1.4564737292338379,0.1505751345345665
16444,45,4,552.17,3.828641396489095,1.6094379124341003,6.315665368385183,3,Loyal Customers,0.23785007243183418,0.1303755410336093
14232,42,5,1630.66,3.7612001156935624,1.791759469228055,7.3973531804863155,3,Loyal Customers,0.7719584957042824,0.4374619275787127
14693,264,1,45.4,5.579729825986222,0.6931471805599453,3.8372994592322094,2,Hibernating,-1.6933020845588223,-0.025269849225637755
12407,49,5,1085.01,3.912023005428146,1.791759469228055,6.990265708554618,3,Loyal Customers,0.5885061506514822,0.38973457891887403
16728,45,4,838.78,3.828641396489095,1.6094379124341003,6.7331399527724125,3,Loyal Customers,0.3902242726876617,0.24351333964177035
16096,263,1,124.62,5.575949103146316,0.6931471805599453,4.833261477026235,2,Hibernating,-1.3289114655000287,0.2430719733023276
13985,3,15,6863.2300000000005,1.3862943611198906,2.772588722239781,8.834079148764921,0,Champions,2.510936278134144,0.06676035656316356
13592,35,3,159.51,3.58351893845611,1.3862943611198906,5.078356245925126,1,At Risk,-0.30849475948586663,-0.35799615158720965
15140,51,7,1604.01,3.9512437185814275,2.0794415416798357,7.380885266074301,3,Loyal Customers,0.9172120597096551,0.5780379015262772
12843,159,7,1395.69,5.075173815233827,2.0794415416798357,7.241860430552436,3,Loyal Customers,0.6066234875710049,1.0068221579252934
14408,10,7,1816.03,2.3978952727983707,2.0794415416798357,7.504958578991847,0,Champions,1.3216223977021802,-0.033018267583337646
15408,263,1,121.98,5.575949103146316,0.6931471805599453,4.812021740525323,2,Hibernating,-1.3366637646435113,0.2373158934819053
15445,263,1,68.1,5.575949103146316,0.6931471805599453,4.235554730773624,2,Hibernating,-1.5470686680071815,0.08109031498527194
14205,16,2,288.2,2.833213344056216,1.0986122886681098,5.66711849028461,1,At Risk,-0.11533722103853523,-0.5760009089344924
15452,29,3,492.83,3.4011973816621555,1.3862943611198906,6.202191328407103,3,Loyal Customers,0.14384585788147322,-0.12909922687010505
14223,91,3,736.5600000000001,4.5217885770490405,1.3862943611198906,6.603347440836964,3,Loyal Customers,0.031190060021622473,0.44469116292452526
16619,263,1,226.21,5.575949103146316,0.6931471805599453,5.425874699962912,2,Hibernating,-1.1126133499188235,0.40367326012690097
14762,263,1,277.12,5.575949103146316,0.6931471805599453,5.628052675230817,2,Hibernating,-1.038820337259124,0.45846455019415266
13934,263,1,818.65,5.575949103146316,0.6931471805599453,6.708877419872465,2,Hibernating,-0.6443297209663688,0.7513737160765978
15669,39,4,437.0,3.6888794541139363,1.6094379124341003,6.082218910376446,3,Loyal Customers,0.18495648144809537,0.009105426003584705
16384,89,2,502.2,4.499809670330265,1.0986122886681098,6.22098770538623,3,Loyal Customers,-0.2984872950407632,0.26578210102019767
18224,263,1,158.95000000000002,5.575949103146316,0.6931471805599453,5.074861266395527,2,Hibernating,-1.2407298705865146,0.30854678143599673
14245,219,2,1516.7,5.393627546352362,1.0986122886681098,7.324951309966,3,Loyal Customers,-0.10219650981715064,0.9359200766163516
17678,263,1,298.11,5.575949103146316,0.6931471805599453,5.700811398711247,2,Hibernating,-1.0122641043372127,0.47818254528168197
15855,136,5,712.24,4.919980925828125,1.791759469228055,6.569817969665846,3,Loyal Customers,0.20201299712841578,0.6941202344645612
17204,174,4,1091.3600000000001,5.1647859739235145,1.6094379124341003,6.996095772305198,3,Loyal Customers,0.1772920602747914,0.8693110806564524
16036,86,2,607.69,4.465908118654584,1.0986122886681098,6.411309106910847,3,Loyal Customers,-0.2211839836456041,0.30329015696699796
17763,262,1,15.0,5.572154032177765,0.6931471805599453,2.772588722239781,2,Hibernating,-2.080159765593103,-0.3169561894377533
13262,262,1,132.29,5.572154032177765,0.6931471805599453,4.892527205615926,2,Hibernating,-1.30640264821043,0.25755824129327226
17152,194,3,408.8,5.272999558563747,1.3862943611198906,6.0156692358048,2,Hibernating,-0.3569822612515484,0.5971997165239262
14632,262,1,79.94,5.572154032177765,0.6931471805599453,4.393708139447719,2,Hibernating,-1.488466800430146,0.12237566213606332
13900,192,2,553.95,5.262690188904886,1.0986122886681098,6.318878019597989,2,Hibernating,-0.4391316398098899,0.6089264800395991
14875,107,2,788.1500000000001,4.68213122712422,1.0986122886681098,6.670956416844926,3,Loyal Customers,-0.17640469377483775,0.46339424618808217
15132,17,5,791.69,2.8903717578961645,1.791759469228055,6.675432224650634,3,Loyal Customers,0.7097945579735456,-0.11959923144844678
17272,45,3,1868.67,3.828641396489095,1.3862943611198906,7.533517223687631,3,Loyal Customers,0.5309445068107563,0.40909763349970496
16135,262,1,313.7,5.572154032177765,0.6931471805599453,5.751619804070361,2,Hibernating,-0.9928421285267326,0.49037683438766133
12831,261,1,124.75,5.568344503761097,0.6931471805599453,4.8342958089798485,2,Hibernating,-1.326775806878001,0.24019617281341987
15437,261,1,183.71,5.568344503761097,0.6931471805599453,5.218787027591229,2,Hibernating,-1.1864402172820712,0.34439530656837863
14711,9,11,1786.67,2.302585092994046,2.4849066497880004,7.488668374941084,0,Champions,1.6128323037572176,0.01626613452120956
14377,190,2,155.25,5.25227342804663,1.0986122886681098,5.051457288616511,2,Hibernating,-0.8993197007950934,0.2611255934395302
16374,65,2,396.28000000000003,4.189654742026425,1.0986122886681098,5.984641321759857,1,At Risk,-0.3130455021967893,0.07300849538989054
13196,10,4,1704.03,2.3978952727983707,1.6094379124341003,7.4413379848707395,3,Loyal Customers,0.9794895881581782,-0.1583587654619417
16809,22,5,882.59,3.1354942159291497,1.791759469228055,6.783993154143759,3,Loyal Customers,0.6927474199536937,0.011553651835576413
15457,261,1,217.17,5.568344503761097,0.6931471805599453,5.385274575403933,2,Hibernating,-1.1256738667082977,0.3895143038909293
12613,56,4,2886.4,4.04305126783455,1.6094379124341003,7.968111722195714,3,Loyal Customers,0.7914068009035777,0.6671829236214838
16721,261,1,292.47,5.568344503761097,0.6931471805599453,5.681775419393111,2,Hibernating,-1.0174539159193345,0.46986758533352424
12399,118,4,729.15,4.77912349311153,1.6094379124341003,6.593249992486481,3,Loyal Customers,0.11942006787970219,0.6000776354792181
17733,38,2,471.63,3.6635616461296463,1.0986122886681098,6.158312841366986,1,At Risk,-0.12802752633805148,-0.09826816177724748
15410,83,8,2612.19,4.430816798843313,2.1972245773362196,7.86832697623342,3,Loyal Customers,1.0641685975260808,0.9362623036138497
13239,261,1,292.12,5.568344503761097,0.6931471805599453,5.680582081485765,2,Hibernating,-1.0178894727557675,0.4695441845113376
15449,25,3,903.26,3.258096538021482,1.3862943611198906,6.80711692965964,3,Loyal Customers,0.39772192324896194,-0.02455185576647522
14870,261,1,327.25,5.568344503761097,0.6931471805599453,5.793775513182905,2,Hibernating,-0.9765749609888279,0.5002201972748812
13821,144,2,321.89,4.976733742420574,1.0986122886681098,5.777311707944317,2,Hibernating,-0.5706867221815591,0.34347968546839625
17096,14,4,771.84,2.70805020110221,1.6094379124341003,6.650072041393183,3,Loyal Customers,0.6189791986346674,-0.2440734818975098
12604,78,2,236.18,4.3694478524670215,1.0986122886681098,5.468819346536649,2,Hibernating,-0.5428826330897067,0.00783693468819035
12818,261,1,267.6,5.568344503761097,0.6931471805599453,5.593223284089137,2,Hibernating,-1.0497745919616714,0.44586949293456063
18191,261,1,37.4,5.568344503761097,0.6931471805599453,3.648057459593681,2,Hibernating,-1.7597413730712546,-0.0812806319868557
14461,147,3,1467.92,4.997212273764115,1.3862943611198906,7.292282715875421,3,Loyal Customers,0.1727297105080388,0.8287096380347889
13132,261,1,60.3,5.568344503761097,0.6931471805599453,4.115779842942166,2,Hibernating,-1.5890272104137038,0.04547458327848025
16859,144,2,587.63,4.976733742420574,1.0986122886681098,6.37779780290012,3,Loyal Customers,-0.35151508418127864,0.5062145618389658
15245,133,3,1490.76,4.897839799950911,1.3862943611198906,7.307711909915838,3,Loyal Customers,0.20133553312647348,0.7916488256671378
17411,11,3,630.7,2.4849066497880004,1.3862943611198906,6.448414597904655,1,At Risk,0.445555858931993,-0.4426563184276707
17486,260,1,376.97,5.564520407322694,0.6931471805599453,5.934814827390648,2,Hibernating,-0.9242128624566802,0.5368554888642304
12564,260,1,336.15,5.564520407322694,0.6931471805599453,5.820527935180591,2,Hibernating,-0.9659264767735667,0.5058831425754307
15644,165,4,732.09,5.111987788356544,1.6094379124341003,6.597268477432645,3,Loyal Customers,0.043930562460481465,0.7393141517867412
14075,4,3,728.54,1.6094379124341003,1.3862943611198906,6.592414198536382,1,At Risk,0.700517407474803,-0.766974352222963
17250,3,2,282.62,1.3862943611198906,1.0986122886681098,5.6476353140332,1,At Risk,0.21207053310608157,-1.1817905965496072
14129,1,5,1077.06,0.6931471805599453,1.791759469228055,6.982918408547146,0,Champions,1.3300090973315755,-0.9481751753142975
15651,36,3,491.65999999999997,3.6109179126442243,1.3862943611198906,6.199819280948752,3,Loyal Customers,0.09449396390872558,-0.04270249728262953
13035,73,2,349.20000000000005,4.30406509320417,1.0986122886681098,5.8585044198517515,2,Hibernating,-0.385535237717433,0.08630805598454974
17644,0,11,2287.71,0.0,2.4849066497880004,7.735743619047359,0,Champions,2.2353561468195577,-0.8724088908737622
13341,260,1,603.55,5.564520407322694,0.6931471805599453,6.404484379620255,2,Hibernating,-0.7527880019216535,0.6641383970933235
13512,260,1,228.51000000000002,5.564520407322694,0.6931471805599453,5.435946601536075,2,Hibernating,-1.1062949574881866,0.4016595871745757
16620,3,2,144.96,1.3862943611198906,1.0986122886681098,4.983332611568247,1,At Risk,-0.03039355165840052,-1.3618201077512382
17698,260,1,154.95,5.564520407322694,0.6931471805599453,5.049535443053812,2,Hibernating,-1.2473313066352503,0.2969401396602284
14267,162,3,940.44,5.093750200806762,1.3862943611198906,6.847410617973018,3,Loyal Customers,-0.011963303554954063,0.7482127626651841
13736,4,2,563.95,1.6094379124341003,1.0986122886681098,6.336737231655255,1,At Risk,0.4119966517221676,-0.9024298928620551
12434,84,2,624.84,4.442651256490317,1.0986122886681098,6.439094747376825,3,Loyal Customers,-0.2056656466344675,0.30116799816547285
16022,259,1,532.28,5.560681631015528,0.6931471805599453,6.279046614559429,2,Hibernating,-0.7976840754862186,0.6285509121746347
14235,74,5,1505.34,4.31748811353631,1.791759469228055,7.317438146491288,3,Loyal Customers,0.6141798547233271,0.6466787662096398
16769,259,1,206.19,5.560681631015528,0.6931471805599453,5.333636246672391,2,Hibernating,-1.1427497492009457,0.37233975153339516
17754,0,5,982.55,0.0,1.791759469228055,6.8911684753777385,0,Champions,1.4567726956292277,-1.260714299390089
12408,32,5,1869.47,3.4965075614664802,1.791759469228055,7.533945015167201,3,Loyal Customers,0.8830085181887999,0.3646246197126477
16063,259,1,335.32,5.560681631015528,0.6931471805599453,5.818063087688587,2,Hibernating,-0.9659386204692546,0.5036219623049175
15178,259,1,40.5,5.560681631015528,0.6931471805599453,3.7256934272366524,2,Hibernating,-1.729633383154965,-0.06342117304068556
14348,259,1,297.87,5.560681631015528,0.6931471805599453,5.700008696236627,2,Hibernating,-1.009027335703463,0.47162860399184703
15815,63,3,522.48,4.1588830833596715,1.3862943611198906,6.2604988251872795,3,Loyal Customers,-0.010044823533595343,0.20116201494508237
13695,30,13,1616.53,3.4339872044851463,2.6390573296152584,7.3886555733437085,0,Champions,1.4193512367297385,0.4941779894500993
17979,35,4,573.03,3.58351893845611,1.6094379124341003,6.352681659762172,3,Loyal Customers,0.3080314931963678,0.03867484696707778
13139,15,7,2473.04,2.772588722239781,2.0794415416798357,7.813607720970477,0,Champions,1.3476494987947745,0.2061349573298518
12545,74,2,698.8,4.31748811353631,1.0986122886681098,6.550794579933587,3,Loyal Customers,-0.1359593218184418,0.2794932232042794
14758,144,4,711.82,4.976733742420574,1.6094379124341003,6.569228934124363,3,Loyal Customers,0.06496631749585338,0.6755812825628997
14536,259,1,76.0,5.560681631015528,0.6931471805599453,4.343805421853684,2,Hibernating,-1.5040284616325001,0.10409041444173953
13662,85,3,647.0600000000001,4.454347296253507,1.3862943611198906,6.473983284658438,3,Loyal Customers,-0.00043459374956014707,0.3816428839826462
17946,232,2,79.78,5.4510384535657,1.0986122886681098,4.391729410135267,2,Hibernating,-1.1860672917368826,0.16482862585650204
13743,2,7,805.1999999999999,1.0986122886681098,2.0794415416798357,6.692331850683066,0,Champions,1.3254078477509468,-0.7924811672980809
18078,216,2,185.98,5.37989735354046,1.0986122886681098,5.231001659263169,2,Hibernating,-0.863293616106408,0.3627503624970411
16780,99,2,386.79,4.605170185988092,1.0986122886681098,5.960463955988194,2,Hibernating,-0.41793466757193287,0.2389062011021217
17937,8,4,172.5,2.1972245773362196,1.6094379124341003,5.156177599386914,1,At Risk,0.19182192090868608,-0.8609328426889286
18273,1,2,102.0,0.6931471805599453,1.0986122886681098,4.634728988229636,1,At Risk,0.0026209249298738135,-1.7439679269594062
17625,17,4,1885.15,2.8903717578961645,1.6094379124341003,7.542292993434819,3,Loyal Customers,0.9024796058949036,0.07339133646369686
13357,256,1,491.6,5.54907608489522,0.6931471805599453,6.199697485686437,2,Hibernating,-0.8239626107316381,0.6022302741392543
16777,79,2,134.32,4.382026634673881,1.0986122886681098,4.907642343912507,2,Hibernating,-0.7506149696337339,-0.13902444451690799
14476,256,1,183.05,5.54907608489522,0.6931471805599453,5.21520745982503,2,Hibernating,-1.1832919830110484,0.33542832153382923
13481,45,5,1680.26,3.828641396489095,1.791759469228055,7.427298791287851,3,Loyal Customers,0.767296338471983,0.47356726008640776
16245,23,3,1217.76,3.1780538303479458,1.3862943611198906,7.1055892274066,3,Loyal Customers,0.5251668260106369,0.02311585938155431
13266,10,12,2290.61,2.3978952727983707,2.5649493574615367,7.737009906288211,0,Champions,1.7357508687638958,0.14153374287001677
12669,150,2,1319.92,5.017279836814924,1.0986122886681098,7.186083742506803,3,Loyal Customers,-0.06587251739311681,0.742091985823123
12792,256,1,329.59,5.54907608489522,0.6931471805599453,5.800878936895565,2,Hibernating,-0.9695275377759919,0.4941483588760049
17765,158,3,259.58,5.0689042022202315,1.3862943611198906,5.562909915774785,2,Hibernating,-0.4750494368681304,0.38979459915100134
15083,256,1,62.699999999999996,5.54907608489522,0.6931471805599453,4.154184562578117,2,Hibernating,-1.5705551158276791,0.04788555999406638
18010,256,1,61.6,5.54907608489522,0.6931471805599453,4.136765278106052,2,Hibernating,-1.5769129867968916,0.043164842680480785
15249,31,13,6298.46,3.4657359027997265,2.6390573296152584,8.74821919442023,0,Champions,1.9082387496134035,0.8758034000152547
13760,53,2,286.79,3.9889840465642745,1.0986122886681098,5.662231047497966,1,At Risk,-0.3843282931346895,-0.09765002312706111
15624,116,4,511.5,4.762173934797756,1.6094379124341003,6.239300711012564,3,Loyal Customers,-0.00584937351920925,0.49712101166318545
17749,177,2,478.95,5.181783550292085,1.0986122886681098,6.173681931809546,2,Hibernating,-0.4734216866905364,0.5359991851077757
15068,45,2,453.45,3.828641396489095,1.0986122886681098,6.119087896564779,1,At Risk,-0.18050969396954836,-0.040385864942343176
14538,64,2,334.35,4.174387269895637,1.0986122886681098,5.815174762545746,1,At Risk,-0.37136941592281913,0.020745765661407928
14851,22,2,416.55,3.1354942159291497,1.0986122886681098,6.034404297599238,1,At Risk,-0.05116695178308889,-0.35100997544376705
14021,154,3,495.7,5.043425116919247,1.3862943611198906,6.207986222113305,3,Loyal Customers,-0.23371219085019415,0.5540391620677579
13037,137,3,693.37,4.927253685157205,1.3862943611198906,6.543004959647897,3,Loyal Customers,-0.08457544705193823,0.5966167777863668
18177,30,6,1278.47,3.4339872044851463,1.9459101490553132,7.154201208666115,3,Loyal Customers,0.8634559903670855,0.2712185071332643
14128,60,2,625.0,4.110873864173311,1.0986122886681098,6.439350371100098,3,Loyal Customers,-0.12886741812813196,0.16354088115072757
17874,184,6,527.07,5.220355825078324,1.9459101490553132,6.269228850676448,3,Loyal Customers,0.12745197704912256,0.7727765856058533
17719,37,15,3669.72,3.6375861597263857,2.772588722239781,8.208143107092903,0,Champions,1.7619905946176075,0.8314740480590825
14441,0,4,1378.5900000000001,0.0,1.6094379124341003,7.229541632558596,0,Champions,1.4565648581516617,-1.2109466418169017
17931,133,2,255.0,4.897839799950911,1.0986122886681098,5.545177444479562,2,Hibernating,-0.637173688579974,0.2478270117782272
13803,254,1,277.07,5.541263545158426,0.6931471805599453,5.627872880555851,2,Hibernating,-1.0308668691664955,0.4440204009960964
17398,114,3,378.78000000000003,4.74493212836325,1.3862943611198906,5.939592137697271,3,Loyal Customers,-0.26266366996425294,0.35742047511599373
15906,19,7,1247.79,2.995732273553991,2.0794415416798357,7.12993036148178,3,Loyal Customers,1.0465244102228748,0.11346528792251853
16253,66,2,2191.18,4.204692619390966,1.0986122886681098,7.692651761484829,3,Loyal Customers,0.30688518246975605,0.5421293859139429
13439,254,1,273.27,5.541263545158426,0.6931471805599453,5.614113022658617,2,Hibernating,-1.035889084700412,0.44029140744804784
12888,213,2,187.92000000000002,5.365976015021851,1.0986122886681098,5.241323645027917,2,Hibernating,-0.8563076614267338,0.3597699510285337
13588,15,9,2331.81,2.772588722239781,2.302585092994046,7.754828828499253,0,Champions,1.477605526299162,0.24152770764740442
12456,43,3,1663.24,3.784189633918261,1.3862943611198906,7.4171238417501275,3,Loyal Customers,0.49873902294563643,0.3591057603735432
15521,39,7,1946.36,3.6888794541139363,2.0794415416798357,7.574229888126247,3,Loyal Customers,1.0484380161558196,0.5215471980687868
13720,116,4,685.8,4.762173934797756,1.6094379124341003,6.532043129023321,3,Loyal Customers,0.1009987880061676,0.5764557399834283
15674,72,4,1823.6100000000001,4.290459441148391,1.6094379124341003,7.509121544549649,3,Loyal Customers,0.5666805344931165,0.6454751170000803
17594,84,2,993.18,4.442651256490317,1.0986122886681098,6.901918276781504,3,Loyal Customers,-0.0367395184579935,0.4265955983576214
17775,254,1,56.4,5.541263545158426,0.6931471805599453,4.050044303325521,2,Hibernating,-1.6067590949151633,0.016420593762544927
13988,19,6,3170.07,2.995732273553991,1.9459101490553132,8.061824349349884,0,Champions,1.2960515821326464,0.3353017443813894
16657,9,4,756.46,2.302585092994046,1.6094379124341003,6.629970730708748,3,Loyal Customers,0.7053834968809584,-0.41779978562672215
15424,253,2,304.14,5.537334267018537,1.0986122886681098,5.720770687685056,2,Hibernating,-0.7209311035225334,0.5608208168847304
13316,36,4,580.49,3.6109179126442243,1.6094379124341003,6.365593774906293,3,Loyal Customers,0.30640981352310703,0.05354539670276683
16788,122,2,574.29,4.812184355372417,1.0986122886681098,6.354874261482819,3,Loyal Customers,-0.3218391319111268,0.43170981457893515
16584,79,2,675.38,4.382026634673881,1.0986122886681098,6.516755048284495,3,Loyal Customers,-0.16330433895172466,0.29705352500137305
15364,95,2,675.59,4.564348191467836,1.0986122886681098,6.517065476456127,3,Loyal Customers,-0.20534267789786795,0.3728059206190057
18108,253,1,201.2,5.537334267018537,0.6931471805599453,5.309257306586371,2,Hibernating,-1.1462500579239896,0.35604315757166655
14272,73,2,330.2,4.30406509320417,1.0986122886681098,5.8027224225111045,2,Hibernating,-0.40589512919664655,0.07119084258495922
15980,88,3,1250.0,4.48863636973214,1.3862943611198906,7.1316985104669115,3,Loyal Customers,0.23169769892271289,0.574118026855298
15832,253,1,821.49,5.537334267018537,0.6931471805599453,6.712336324510906,2,Hibernating,-0.6341397373261767,0.7362849191013733
14828,253,1,10.08,5.537334267018537,0.6931471805599453,2.405141681319138,2,Hibernating,-2.206224275276809,-0.43098738520632546
16092,114,3,752.5600000000001,4.74493212836325,1.3862943611198906,6.624808643297174,3,Loyal Customers,-0.012566248593966961,0.5431177364890172
15528,253,1,153.43,5.537334267018537,0.6931471805599453,5.03974091923491,2,Hibernating,-1.2446209420792431,0.283002805190633
16398,153,2,972.95,5.0369526024136295,1.0986122886681098,6.881359967622606,3,Loyal Customers,-0.18164198324953834,0.6676749650582752
17088,27,4,1651.6100000000001,3.332204510175204,1.6094379124341003,7.410111135319816,3,Loyal Customers,0.75208543895469,0.220941638120664
17438,253,1,283.05,5.537334267018537,0.6931471805599453,5.649150279003136,2,Hibernating,-1.0221923984125743,0.44815593305490015
13060,253,1,243.93,5.537334267018537,0.6931471805599453,5.50097245543491,2,Hibernating,-1.0762758760810371,0.4079989668873321
14790,16,4,554.46,2.833213344056216,1.6094379124341003,6.319796599286322,3,Loyal Customers,0.4694948826637746,-0.28163384176550055
14890,253,1,125.65,5.537334267018537,0.6931471805599453,4.841427376447684,2,Hibernating,-1.3170034741235763,0.2292587965629826
16386,28,2,273.07,3.367295829986474,1.0986122886681098,5.613383548212584,1,At Risk,-0.2584266005798108,-0.3689050030084863
14818,73,3,390.05,4.30406509320417,1.3862943611198906,5.968835429047621,3,Loyal Customers,-0.1500643558756029,0.18237408094032984
13571,12,12,2013.89,2.5649493574615367,2.5649493574615367,7.608319882319944,0,Champions,1.6501583552171601,0.17598993568999396
12909,39,5,1022.43,3.6888794541139363,1.791759469228055,6.930915009992545,3,Loyal Customers,0.6184331583167112,0.2810397534903093
12619,15,8,681.02,2.772588722239781,2.1972245773362196,6.525058982926674,3,Loyal Customers,0.9572610358645173,-0.11597886424395074
16681,77,5,939.64,4.356708826689592,1.791759469228055,6.846560494653945,3,Loyal Customers,0.4332464575869218,0.535346089895465
13573,49,2,233.96,3.912023005428146,1.0986122886681098,5.459415286890365,1,At Risk,-0.4405611636302187,-0.18455502383404793
13883,10,5,2176.33,2.3978952727983707,1.791759469228055,7.685854634496396,0,Champions,1.1924465880303432,-0.05016023290160915
14957,252,1,58.49,5.53338948872752,0.6931471805599453,4.085808231199814,2,Hibernating,-1.5918851716173923,0.022844863840447
13918,49,2,565.1,3.912023005428146,1.0986122886681098,6.338770741042614,3,Loyal Customers,-0.11960489688233628,0.05375490926737538
17212,252,1,3.95,5.53338948872752,0.6931471805599453,1.599387576580599,2,Hibernating,-2.4994047498529763,-0.6509881544985872
14886,252,1,325.0,5.53338948872752,0.6931471805599453,5.786897381366708,2,Hibernating,-0.9710040245626481,0.48384893183323147
13626,252,1,241.32999999999998,5.53338948872752,0.6931471805599453,5.490300433612623,2,Hibernating,-1.0792590522996868,0.40346960576706864
16609,14,7,4808.900000000001,2.70805020110221,2.0794415416798357,8.4784315728629,0,Champions,1.605224714185687,0.3595205096225977
16180,99,8,1928.33,4.605170185988092,2.1972245773362196,7.5649280713692635,3,Loyal Customers,0.9131214714290079,0.9264008783678055
13462,252,1,135.0,5.53338948872752,0.6931471805599453,4.912654885736052,2,Hibernating,-1.2900941107218065,0.24692463726680325
18263,25,3,1042.4,3.258096538021482,1.3862943611198906,6.950239890588293,3,Loyal Customers,0.44996042476579023,0.014235216154363312
16960,38,3,486.65000000000003,3.6635616461296463,1.3862943611198906,6.189597935418024,3,Loyal Customers,0.07859235821166136,-0.023623993774940177
17701,252,1,193.65,5.53338948872752,0.6931471805599453,5.271203074056465,2,Hibernating,-1.159227477178857,0.34409307395393174
12949,30,8,3639.92,3.4339872044851463,2.1972245773362196,8.199991675948327,0,Champions,1.4156839955824199,0.6124345291312641
14852,57,6,2228.7400000000002,4.060443010546419,1.9459101490553132,7.709640265728546,3,Loyal Customers,0.921353096688557,0.6817411278258918
12569,1,28,2704.69,0.6931471805599453,3.367295829986474,7.903112241931697,0,Champions,2.734920816373653,-0.3364306695683894
13169,63,2,355.1,4.1588830833596715,1.0986122886681098,5.875211590283732,1,At Risk,-0.3458720781090222,0.030581412926280187
16162,251,1,11.9,5.529429087511423,0.6931471805599453,2.5572273113676265,2,Hibernating,-2.1488868561667833,-0.3930522415831521
13781,250,1,68.54,5.5254529391317835,0.6931471805599453,4.241902126579715,2,Hibernating,-1.533077521712613,0.061853248942568294
17758,18,8,3081.55,2.9444389791664403,2.1972245773362196,8.03351245550711,0,Champions,1.4681012759760503,0.3641423279009083
14023,6,2,540.77,1.9459101490553132,1.0986122886681098,6.2948415571323615,1,At Risk,0.31891478630933623,-0.7741389631238946
17669,42,7,880.52,3.7612001156935624,2.0794415416798357,6.781647690179522,3,Loyal Customers,0.7424330517682435,0.3367682590468641
16142,249,1,356.04,5.521460917862246,0.6931471805599453,5.877847820321015,2,Hibernating,-0.9350501772948384,0.50354630469497
17648,60,3,1224.6000000000001,4.110873864173311,1.3862943611198906,7.111185798986327,3,Loyal Customers,0.3115471655288403,0.4117775440691229
13059,249,1,85.65,5.521460917862246,0.6931471805599453,4.4618770161616155,2,Hibernating,-1.451865875635083,0.11981080158365187
16224,56,4,1072.85,4.04305126783455,1.6094379124341003,6.979005600510304,3,Loyal Customers,0.43039259813198505,0.39912998487409124
15223,225,2,444.55,5.420534999272286,1.0986122886681098,6.099309474058729,2,Hibernating,-0.5557648093985542,0.6149320252074616
17886,31,3,468.23,3.4657359027997265,1.3862943611198906,6.15109305335426,3,Loyal Customers,0.11027456379451364,-0.11616193386899537
13294,189,2,726.39,5.247024072160486,1.0986122886681098,6.589462784864218,3,Loyal Customers,-0.33674889648383466,0.6757545156571652
15289,28,3,689.46,3.367295829986474,1.3862943611198906,6.537358042134466,3,Loyal Customers,0.2740163124108532,-0.052337332787543704
18185,248,1,214.25,5.517452896464707,0.6931471805599453,5.371800143307841,2,Hibernating,-1.1188260724852621,0.36474129926306703
15756,60,4,454.41,4.110873864173311,1.6094379124341003,6.121198112106161,3,Loyal Customers,0.10162095678278518,0.1948078345290833
14747,248,1,176.95000000000002,5.517452896464707,0.6931471805599453,5.181502611956202,2,Hibernating,-1.1882828376028927,0.3131696717128691
14719,1,5,1450.89,0.6931471805599453,1.791759469228055,7.280621434939234,0,Champions,1.4386678331126213,-0.8674960961449013
13015,52,5,2642.29,3.970291913552122,1.791759469228055,7.879779632383787,3,Loyal Customers,0.8996987414746405,0.6549806484195936
16586,248,1,361.95,5.517452896464707,0.6931471805599453,5.89426508373085,2,Hibernating,-0.9281314040289377,0.5063320341725127
16105,248,1,165.6,5.517452896464707,0.6931471805599453,5.115595729732743,2,Hibernating,-1.2123382144946262,0.29530856148783746
16906,81,4,332.58000000000004,4.406719247264253,1.6094379124341003,5.809882716649027,3,Loyal Customers,-0.08040382742955754,0.23322339031141223
14546,4,5,2366.38,1.6094379124341003,1.791759469228055,7.7695391373976,0,Champions,1.405277202549033,-0.3547119513863921
14535,59,3,2492.68,4.0943445622221,1.3862943611198906,7.82151481006876,3,Loyal Customers,0.5746318841318947,0.5974203284746818
16170,50,6,1598.52,3.9318256327243257,1.9459101490553132,7.3774588632188705,3,Loyal Customers,0.8298456464507973,0.5383386148106281
15244,64,2,565.17,4.174387269895637,1.0986122886681098,6.338894386463034,3,Loyal Customers,-0.18021680008199595,0.16267652636835464
16696,134,4,462.3,4.90527477843843,1.6094379124341003,6.138374792422603,3,Loyal Customers,-0.07577041157018939,0.5291601939166941
15145,3,4,921.73,1.3862943611198906,1.6094379124341003,6.8273366673322196,0,Champions,0.989261042252175,-0.7445974702502179
17492,247,1,288.62,5.5134287461649825,0.6931471805599453,5.668569718900456,2,Hibernating,-1.0095776780176822,0.44349727957574686
17409,184,2,111.55000000000001,5.220355825078324,1.0986122886681098,4.723397567352741,2,Hibernating,-1.011679180726803,0.15897304162546114
17783,71,2,274.97,4.276666119016055,1.0986122886681098,5.620292164157176,2,Hibernating,-0.4661459382123936,0.010379988303422329
13863,247,1,264.88,5.5134287461649825,0.6931471805599453,5.583045079173381,2,Hibernating,-1.040793347349287,0.420319654332572
13515,72,4,833.82,4.290459441148391,1.6094379124341003,6.727216132750273,3,Loyal Customers,0.2812925941146365,0.4335746557046092
15917,247,1,60.550000000000004,5.5134287461649825,0.6931471805599453,4.1198498526304625,2,Hibernating,-1.5748455047755239,0.023786085449524205
17440,247,2,22.62,5.5134287461649825,1.0986122886681098,3.1620938107692163,2,Hibernating,-1.6492966946201475,-0.14251543947695072
17140,246,1,115.42,5.5093883366279774,0.6931471805599453,4.75720434184359,2,Hibernating,-1.3412831398877267,0.1948356129217426
15201,86,5,1116.54,4.465908118654584,1.791759469228055,7.018885120030572,3,Loyal Customers,0.4708970687654733,0.6273675599825337
14964,246,1,81.75,5.5093883366279774,0.6931471805599453,4.415824014257172,2,Hibernating,-1.4658836697029831,0.10231975639852181
16031,91,2,434.05,4.5217885770490405,1.0986122886681098,6.075460967012034,2,Hibernating,-0.356684542584891,0.23546542039149262
14403,216,2,283.95000000000005,5.37989735354046,1.0986122886681098,5.652313726281009,2,Hibernating,-0.7095187716707841,0.47692813899430303
17042,2,5,959.68,1.0986122886681098,1.791759469228055,6.867641367045562,0,Champions,1.1941930051276366,-0.8111371139795485
13771,63,4,2188.72,4.1588830833596715,1.6094379124341003,7.691528960755264,3,Loyal Customers,0.6636771424759824,0.6403008137228634
17906,246,1,55.95,5.5093883366279774,0.6931471805599453,4.0421736898931915,2,Hibernating,-1.6022624373682315,0.0010585617564193676
18272,2,6,2794.96,1.0986122886681098,1.9459101490553132,7.935930797099722,0,Champions,1.6887043257475214,-0.4861710347298146
13731,218,2,511.59000000000003,5.389071729816501,1.0986122886681098,6.239476305351072,2,Hibernating,-0.49733114893316355,0.6398598815777676
13748,95,4,328.7,4.564348191467836,1.6094379124341003,5.798183150077685,3,Loyal Customers,-0.12111691589739454,0.29547292718495916
12580,246,1,379.7,5.5093883366279774,0.6931471805599453,5.942011663388452,2,Hibernating,-0.9088398850662723,0.5159246016829893
14912,16,2,323.77,2.833213344056216,1.0986122886681098,5.783117239489637,1,At Risk,-0.07299879541500641,-0.5445646404353689
15530,21,4,1067.92,3.091042453358316,1.6094379124341003,6.974404071929067,3,Loyal Customers,0.6488117698560236,0.0027741105910498746
13950,10,4,437.65999999999997,2.3978952727983707,1.6094379124341003,6.0837246255332795,1,At Risk,0.48397379480920044,-0.5262790954190844
13752,123,6,712.84,4.820281565605037,1.9459101490553132,6.570658847591896,3,Loyal Customers,0.329965772463399,0.6884242947938949
13892,26,4,410.01,3.295836866004329,1.6094379124341003,6.018617545100486,3,Loyal Customers,0.25261166740260377,-0.17125394598206828
14446,0,4,899.22,0.0,1.6094379124341003,6.80263917789708,0,Champions,1.3007495760985588,-1.3266394426414532
16209,88,4,744.28,4.48863636973214,1.6094379124341003,6.613759986695976,3,Loyal Customers,0.194064885751332,0.48507611255432276
15754,50,3,458.57,3.9318256327243257,1.3862943611198906,6.130291269692714,3,Loyal Customers,-0.005075015954874668,0.07164023849340617
13712,246,1,88.2,5.5093883366279774,0.6931471805599453,4.490881039585964,2,Hibernating,-1.4384885787542898,0.12266060332275017
15800,106,2,588.69,4.672828834461906,1.0986122886681098,6.379596975087534,3,Loyal Customers,-0.280597425321927,0.3805735726981413
16469,23,4,523.17,3.1780538303479458,1.6094379124341003,6.261816059186742,3,Loyal Customers,0.36860750756128524,-0.15422894990243738
13005,173,2,323.3,5.159055299214529,1.0986122886681098,5.781669013313272,2,Hibernating,-0.6112479899489122,0.4203288059992709
14981,245,1,102.12,5.5053315359323625,0.6931471805599453,4.635893358630932,2,Hibernating,-1.3846225719247756,0.16027602160778803
17928,44,2,155.56,3.8066624897703196,1.0986122886681098,5.0534393230878205,1,At Risk,-0.5643797636102693,-0.3383040365323074
16261,16,4,597.09,2.833213344056216,1.6094379124341003,6.393741244298632,3,Loyal Customers,0.4964839655165426,-0.2615944557323741
17883,2,4,493.34,1.0986122886681098,1.6094379124341003,6.2032235395555535,1,At Risk,0.8279761217646628,-1.0331310646879754
14619,245,1,263.74,5.5053315359323625,0.6931471805599453,5.578748212285625,2,Hibernating,-1.0404896362783254,0.4157946245092939
13995,14,5,1308.99,2.70805020110221,1.791759469228055,7.177774782578275,3,Loyal Customers,0.9352963929681999,-0.0591300355300032
16643,245,1,401.31,5.5053315359323625,0.6931471805599453,5.997222935718647,2,Hibernating,-0.8877503949087471,0.529203466036413
14246,110,3,1293.0,4.709530201312334,1.3862943611198906,7.165493475060845,3,Loyal Customers,0.19296321623848953,0.6749534213593988
18040,18,2,340.20000000000005,2.9444389791664403,1.0986122886681098,5.832468815617524,1,At Risk,-0.08070064045806075,-0.4850285246861242
16837,30,9,2083.25,3.4339872044851463,2.302585092994046,7.6421643572907225,0,Champions,1.283572747474406,0.4854929081917912
15119,245,1,162.8,5.5053315359323625,0.6931471805599453,5.098646171418969,2,Hibernating,-1.2157222546319064,0.2856844572264965
16325,46,3,560.74,3.8501476017100584,1.3862943611198906,6.331039109393861,3,Loyal Customers,0.08707947822871262,0.09214541130956436
14924,245,1,168.05,5.5053315359323625,0.6931471805599453,5.130194529153895,2,Hibernating,-1.204207408078313,0.29423422738572985
15109,245,1,327.15000000000003,5.5053315359323625,0.6931471805599453,5.793470820919731,2,Hibernating,-0.9621179533278749,0.47398557591277213
16623,245,1,129.45,5.5053315359323625,0.6931471805599453,4.870990011582737,2,Hibernating,-1.2988145591353655,0.22398844571656373
12999,204,2,273.78,5.3230099791384085,1.0986122886681098,5.615970777495802,2,Hibernating,-0.709631580539085,0.44346924466550564
12717,150,2,774.03,5.017279836814924,1.0986122886681098,6.6529017382815665,3,Loyal Customers,-0.2604788108609421,0.5975968704999405
13962,21,2,82.1,3.091042453358316,1.0986122886681098,4.420044701861403,1,At Risk,-0.6301156683484788,-0.8069585370891345
18036,31,3,403.12,3.4657359027997265,1.3862943611198906,6.001711863559532,3,Loyal Customers,0.05575186904976501,-0.15664501858575794
14958,146,3,213.88,4.990432586778736,1.3862943611198906,5.3700797327749275,2,Hibernating,-0.5272884321124603,0.30496881398125225
14264,154,2,177.17000000000002,5.043425116919247,1.0986122886681098,5.1827381506958785,2,Hibernating,-0.8031189836913655,0.21002582199403444
13562,81,3,1459.6100000000001,4.406719247264253,1.3862943611198906,7.28660943566401,3,Loyal Customers,0.3071774375247698,0.5821019265246493
15775,244,1,87.9,5.501258210544727,0.6931471805599453,4.487512142519859,2,Hibernating,-1.437838557695153,0.11837339723220794
17054,27,5,795.28,3.332204510175204,1.791759469228055,6.679950882785732,3,Loyal Customers,0.6092947621331718,0.0649976259882849
13548,95,2,508.59000000000003,4.564348191467836,1.0986122886681098,6.233606480831506,3,Loyal Customers,-0.30880247971315394,0.29598704838101725
13508,243,1,66.42,5.497168225293202,0.6931471805599453,4.2109417098059145,2,Hibernating,-1.5378385205544611,0.04172390956928575
13606,28,2,148.43,3.367295829986474,1.0986122886681098,5.006828055753302,1,At Risk,-0.47981351018036045,-0.5332847178868402
12447,242,1,379.78999999999996,5.493061443340548,0.6931471805599453,5.942248042068195,2,Hibernating,-0.9049789300546406,0.5092125690287775
13570,242,1,211.64,5.493061443340548,0.6931471805599453,5.3596005949649355,2,Hibernating,-1.1176396334930812,0.35131205964403367
13232,12,7,969.3100000000001,2.5649493574615367,2.0794415416798357,6.877615608069046,0,Champions,1.054026363847891,-0.13369963474372742
18129,242,1,99.80000000000001,5.493061443340548,0.6931471805599453,4.613138355637268,2,Hibernating,-1.3900911574719064,0.14901688369790747
13632,24,5,1764.3700000000001,3.2188758248682006,1.791759469228055,7.476115579125782,3,Loyal Customers,0.9260881112024342,0.23372802644293866
15665,167,2,1887.45,5.123963979403259,1.0986122886681098,7.54351166576283,3,Loyal Customers,0.03992050107845205,0.8832335654782686
17550,196,3,198.41,5.2832037287379885,1.3862943611198906,5.2953630067216,2,Hibernating,-0.6222462360314954,0.4062279568220309
15655,242,1,465.57,5.493061443340548,0.6931471805599453,6.145408062621053,2,Hibernating,-0.8308274803295347,0.5642699985110456
14286,23,3,3926.34,3.1780538303479458,1.3862943611198906,8.27571763091675,3,Loyal Customers,0.952252417204632,0.3402267844845435
16188,44,4,910.87,3.8066624897703196,1.6094379124341003,6.815497436054341,3,Loyal Customers,0.4253653508614579,0.25671082133445694
15214,1,8,1497.14,0.6931471805599453,2.1972245773362196,7.311979617654169,0,Champions,1.7252338035166368,-0.7657424863981513
17574,242,1,155.8,5.493061443340548,0.6931471805599453,5.054971107916307,2,Hibernating,-1.2288264606660686,0.26875587336408774
15737,14,7,948.85,2.70805020110221,2.0794415416798357,6.856304077391058,0,Champions,1.0131638101708764,-0.08008453643986133
14311,242,1,198.97,5.493061443340548,0.6931471805599453,5.298167355296911,2,Hibernating,-1.1400621739628911,0.3346633299791855
14339,242,1,309.52,5.493061443340548,0.6931471805599453,5.73824831153748,2,Hibernating,-0.9794368658296956,0.4539275737451
12982,242,1,376.5,5.493061443340548,0.6931471805599453,5.933570568689079,2,Hibernating,-0.9081461242164716,0.5068609283006716
12701,79,2,652.45,4.382026634673881,1.0986122886681098,6.482266019043045,3,Loyal Customers,-0.17589250226705455,0.28770681746410437
12596,50,2,288.27,3.9318256327243257,1.0986122886681098,5.667360508022234,1,At Risk,-0.36924140957877505,-0.119982165884403
14273,50,4,559.97,3.9318256327243257,1.6094379124341003,6.329667428156979,3,Loyal Customers,0.2191051173978613,0.1769943595259908
12363,109,2,484.5,4.700480365792417,1.0986122886681098,6.18517928773138,2,Hibernating,-0.35795087463370556,0.3393614781009293
13549,25,7,793.85,3.258096538021482,2.0794415416798357,6.678153417606881,3,Loyal Customers,0.8209731467263925,0.09991947880245614
15414,9,3,675.45,2.302585092994046,1.3862943611198906,6.516858535049369,1,At Risk,0.5126888786586499,-0.49977592099034335
13203,9,4,798.68,2.302585092994046,1.6094379124341003,6.684211647646587,3,Loyal Customers,0.7251809088639593,-0.40310021308665306
14628,90,2,411.71000000000004,4.51085950651685,1.0986122886681098,6.022745167141014,2,Hibernating,-0.3733985664682741,0.21664330924952377
14326,241,1,123.85000000000001,5.488937726156687,0.6931471805599453,4.827113016725782,2,Hibernating,-1.3110390896729098,0.20529368570773948
13655,113,2,753.22,4.736198448394496,1.0986122886681098,6.625684102637599,3,Loyal Customers,-0.2054286670401745,0.4735645387067304
12910,22,8,2297.02,3.1354942159291497,2.1972245773362196,7.73980316159102,0,Champions,1.3167293977905625,0.3638385472725224
13577,24,4,1353.5,3.2188758248682006,1.6094379124341003,7.21118766152515,3,Loyal Customers,0.7056811952151135,0.11999793337125292
15251,90,7,1307.12,4.51085950651685,2.0794415416798357,7.176346270928267,3,Loyal Customers,0.7131775089018384,0.7548621149511062
14111,95,2,63.3,4.564348191467836,1.0986122886681098,4.163559631243574,2,Hibernating,-1.0643496315500338,-0.26500648831990054
17160,30,6,3356.97,3.4339872044851463,1.9459101490553132,8.119091903708359,3,Loyal Customers,1.2156317957688787,0.53270893844853
16172,94,5,1091.31,4.553876891600541,1.791759469228055,6.99604999880164,3,Loyal Customers,0.44222462082404335,0.6576884898431445
17972,241,1,96.54,5.488937726156687,0.6931471805599453,4.5802625502819065,2,Hibernating,-1.401137131119847,0.13839591659000794
12463,52,4,1155.38,3.970291913552122,1.6094379124341003,7.053049714939015,3,Loyal Customers,0.4742395094187253,0.38899927133423895
14844,63,4,1986.51,4.1588830833596715,1.6094379124341003,7.59463787796237,3,Loyal Customers,0.6283128309594896,0.6140428228848362
17278,240,1,206.09,5.484796933490655,0.6931471805599453,5.333153481383494,2,Hibernating,-1.1253818703511287,0.3407147632041448
15212,240,1,62.0,5.484796933490655,0.6931471805599453,4.143134726391533,2,Hibernating,-1.5597272481601507,0.018213448687395595
16729,37,21,6348.52,3.6375861597263857,3.091042453358316,8.756134498478447,0,Champions,2.1780828144167197,1.053225688841613
14998,169,2,341.87,5.135798437050262,1.0986122886681098,5.837351366577616,2,Hibernating,-0.5855476215964981,0.4257668024561646
13484,240,1,202.5,5.484796933490655,0.6931471805599453,5.31566600488265,2,Hibernating,-1.1317646307537048,0.33597556549365065
16697,240,1,50.85,5.484796933490655,0.6931471805599453,3.948354934675536,2,Hibernating,-1.630819995116915,-0.03457289489433374
14931,4,4,790.88,1.6094379124341003,1.6094379124341003,6.67440986518333,3,Loyal Customers,0.8818547924658582,-0.6934309591733695
18236,29,6,818.64,3.4011973816621555,1.9459101490553132,6.708865219468632,3,Loyal Customers,0.708493454746785,0.13692147824702705
13740,240,1,234.71,5.484796933490655,0.6931471805599453,5.46260223585584,2,Hibernating,-1.0781343224176694,0.3757960535659673
15230,238,2,429.6,5.476463551931511,1.0986122886681098,6.065179584930263,2,Hibernating,-0.581152233455338,0.6288944750267036
15134,14,8,1299.55,2.70805020110221,2.1972245773362196,7.1705425309008985,0,Champions,1.20777722670052,0.03216536440527441
16309,105,2,666.77,4.663439094112067,1.0986122886681098,6.503943802870628,3,Loyal Customers,-0.23304118023411508,0.41037522363212653
13544,39,2,205.91,3.6888794541139363,1.0986122886681098,5.33228391611131,1,At Risk,-0.4353734481473499,-0.31161876638858976
14262,7,8,2337.11,2.0794415416798357,2.1972245773362196,7.757098189684879,0,Champions,1.5671949133778307,-0.06976419895401414
13134,85,4,1392.14,4.454347296253507,1.6094379124341003,7.239315471242329,3,Loyal Customers,0.4303140359615153,0.6403740524454545
17589,59,4,2085.62,4.0943445622221,1.6094379124341003,7.643300810958699,3,Loyal Customers,0.6609952486642968,0.6004455394329634
16097,239,1,110.4,5.480638923341991,0.6931471805599453,4.713127327493184,2,Hibernating,-1.3507241347410652,0.17095874435528535
13122,239,1,821.1,5.480638923341991,0.6931471805599453,6.711862042158088,2,Hibernating,-0.6212052249428748,0.7126263190432535
16966,44,2,116.05,3.8066624897703196,1.0986122886681098,4.76260119393692,1,At Risk,-0.6705328780527138,-0.41712269259911117
17746,239,1,74.8,5.480638923341991,0.6931471805599453,4.328098292648326,2,Hibernating,-1.4912560220794817,0.06661385958460732
16175,93,4,885.09,4.543294782270004,1.6094379124341003,6.786818525581609,3,Loyal Customers,0.24459289004388926,0.5546605696319058
14834,17,6,1249.42,2.8903717578961645,1.9459101490553132,7.131234773860988,3,Loyal Customers,0.9807540693910877,0.03937969560911389
16348,31,7,1125.71,3.4657359027997265,2.0794415416798357,7.02705716060779,3,Loyal Customers,0.9003146842093375,0.28065004815692063
15147,239,1,382.0,5.480638923341991,0.6931471805599453,5.948034989180646,2,Hibernating,-0.8999947385656916,0.5056251876616361
16131,51,5,1984.6399999999999,3.9512437185814275,1.791759469228055,7.593696559291753,3,Loyal Customers,0.7996850042478886,0.569545132762555
15813,207,2,728.86,5.337538079701318,1.0986122886681098,6.5928527349282255,3,Loyal Customers,-0.35643788898302675,0.7142389168452464
17058,81,3,965.54,4.406719247264253,1.3862943611198906,6.873722684237929,3,Loyal Customers,0.15647775208854134,0.47020745467461467
17704,168,2,729.99,5.1298987149230735,1.0986122886681098,6.594399779765647,3,Loyal Customers,-0.3078682660673797,0.6284823462426381
13772,33,3,1017.9300000000001,3.5263605246161616,1.3862943611198906,6.926508336064307,3,Loyal Customers,0.3792776233637747,0.1191404898587197
15935,238,1,91.04,5.476463551931511,0.6931471805599453,4.522223265167165,2,Hibernating,-1.4194369571793661,0.11748985417265834
16933,0,2,452.36,0.0,1.0986122886681098,6.116686511861364,1,At Risk,0.7037725797332254,-1.6300240890195234
16249,52,5,1103.39,3.970291913552122,1.791759469228055,7.007048425324676,3,Loyal Customers,0.5811602610803764,0.41846592097039986
14198,17,4,504.6,2.8903717578961645,1.6094379124341003,6.225745842832648,3,Loyal Customers,0.4219525829947025,-0.28339983586984224
13989,65,2,462.21,4.189654742026425,1.0986122886681098,6.138180514972207,3,Loyal Customers,-0.25700517627372327,0.11461842080754384
17930,35,5,707.4,3.58351893845611,1.791759469228055,6.563008905908679,3,Loyal Customers,0.5085096902690622,0.1376078721408115
14154,238,2,682.92,5.476463551931511,1.0986122886681098,6.5278409517179785,2,Hibernating,-0.4122852930713553,0.7542781283004387
14206,238,1,302.65999999999997,5.476463551931511,0.6931471805599453,5.715908654454042,2,Hibernating,-0.9837532931866751,0.4409848457848331
14482,17,6,1041.28,2.8903717578961645,1.9459101490553132,6.949165900227685,3,Loyal Customers,0.9143006850441711,-0.009961922607416351
14163,86,4,1051.6100000000001,4.465908118654584,1.6094379124341003,6.95902807315956,3,Loyal Customers,0.3253390444036327,0.5692127467977969
14105,238,1,1089.14,5.476463551931511,0.6931471805599453,6.994061407342405,2,Hibernating,-0.5172398554596475,0.7873709352733833
17601,238,1,108.45,5.476463551931511,0.6931471805599453,4.695467823968872,2,Hibernating,-1.3562043627093798,0.16444003685847833
17142,238,1,119.7,5.476463551931511,0.6931471805599453,4.793308128103486,2,Hibernating,-1.3204935945504481,0.19095527165101292
12457,85,2,958.93,4.454347296253507,1.0986122886681098,6.866860365136666,3,Loyal Customers,-0.052239372087392516,0.421948886538697
15135,238,1,139.05,5.476463551931511,0.6931471805599453,4.941999501706118,2,Hibernating,-1.2662226760683155,0.23125141256727416
16806,102,4,607.16,4.634728988229636,1.6094379124341003,6.410438005240938,3,Loyal Customers,0.08607859123808956,0.49060709123119267
13952,217,2,2300.811,5.384495062789089,1.0986122886681098,7.741451483391684,3,Loyal Customers,0.05193341484376762,1.045003582544077
13120,238,1,30.599999999999998,5.476463551931511,0.6931471805599453,3.4531571205928664,2,Hibernating,-1.809635797760744,-0.1722326695138639
12769,238,1,869.4,5.476463551931511,0.6931471805599453,6.768952876101678,2,Hibernating,-0.5994023000762854,0.7263653444543047
13516,72,2,607.91,4.290459441148391,1.0986122886681098,6.411670473537645,3,Loyal Customers,-0.18048941423324336,0.23057224793038955
14323,114,2,517.66,4.74493212836325,1.0986122886681098,6.251248562517183,3,Loyal Customers,-0.34411320492446784,0.3757152546506932
18079,44,3,571.69,3.8066624897703196,1.3862943611198906,6.350344558098421,3,Loyal Customers,0.1041792760845254,0.07932981749481341
12639,238,1,325.3,5.476463551931511,0.6931471805599453,5.787817203599275,2,Hibernating,-0.9575073657043005,0.46047243917531416
14700,31,3,1344.33,3.4657359027997265,1.3862943611198906,7.204394615101626,3,Loyal Customers,0.49471948356141526,0.1692883053151468
15027,30,4,516.35,3.4339872044851463,1.6094379124341003,6.24871962805096,3,Loyal Customers,0.30465718680067955,-0.05155903234522595
17367,237,1,148.60999999999999,5.472270673671475,0.6931471805599453,5.00803190822614,2,Hibernating,-1.2411521159000685,0.24740638516637184
18213,236,1,232.48000000000002,5.4680601411351315,0.6931471805599453,5.453096420335591,2,Hibernating,-1.077734408219481,0.36627371631151406
13220,77,4,506.04,4.356708826689592,1.6094379124341003,6.22858989594261,3,Loyal Customers,0.0839823651336942,0.3259395814218319
15985,122,2,569.1800000000001,4.812184355372417,1.0986122886681098,6.345952100451279,3,Loyal Customers,-0.3250956347081297,0.4292918622156371
16193,236,1,280.63,5.4680601411351315,0.6931471805599453,5.6405941527004435,2,Hibernating,-1.009299542751418,0.41708658367424994
15172,8,5,1385.88,2.1972245773362196,1.791759469228055,7.23481189890794,0,Champions,1.0742141882908838,-0.2556788220630966
13692,24,2,749.64,3.2188758248682006,1.0986122886681098,6.620926175981794,3,Loyal Customers,0.14363055758958557,-0.1574539019759069
15745,18,4,928.5400000000001,2.9444389791664403,1.6094379124341003,6.8346898401247556,3,Loyal Customers,0.6317112589901885,-0.09593349692183195
17582,235,1,99.37,5.4638318050256105,0.6931471805599453,4.608863357825709,2,Hibernating,-1.3848937747207322,0.1357272639618663
13474,235,1,185.24,5.4638318050256105,0.6931471805599453,5.227036164543073,2,Hibernating,-1.1592666573676693,0.30325533184194353
17697,235,1,298.25,5.4638318050256105,0.6931471805599453,5.701279344438083,2,Hibernating,-0.9861724668091,0.431777717119625
16639,30,3,974.01,3.4339872044851463,1.3862943611198906,6.882447727355507,3,Loyal Customers,0.3845520792212508,0.06886246329451443
16947,235,1,339.48,5.4638318050256105,0.6931471805599453,5.830356386713225,2,Hibernating,-0.9390605902455692,0.4667582715294154
15491,94,6,2358.59,4.553876891600541,1.9459101490553132,7.766243154113498,3,Loyal Customers,0.8279336738046408,0.9018689175612034
16617,235,1,79.1,5.4638318050256105,0.6931471805599453,4.383275854074314,2,Hibernating,-1.4672310396880863,0.07459186908410359
15265,150,2,1076.52,5.017279836814924,1.0986122886681098,6.982417383290559,3,Loyal Customers,-0.14020877585096342,0.686897335911473
16226,202,3,181.20000000000002,5.313205979041787,1.3862943611198906,5.205104984825858,2,Hibernating,-0.6621258832199395,0.39421928757376473
18009,234,1,182.29,5.459585514144159,0.6931471805599453,5.211069597983756,2,Hibernating,-1.1641125835048058,0.2971659856721841
16399,18,2,324.2,2.9444389791664403,1.0986122886681098,5.784440377673656,1,At Risk,-0.09823055747558503,-0.49804448288519326
14623,31,5,683.62,3.4657359027997265,1.791759469228055,6.528863939809004,3,Loyal Customers,0.5232778328146579,0.07947133269219211
15769,234,1,122.03999999999999,5.459585514144159,0.6931471805599453,4.812509505757334,2,Hibernating,-1.3095831763937835,0.1891541134913914
15625,103,4,1161.42,4.6443908991413725,1.6094379124341003,7.058259317889198,3,Loyal Customers,0.32029335212455345,0.6701800080409349
15508,188,6,771.13,5.241747015059643,1.9459101490553132,6.649152929630518,3,Loyal Customers,0.2611750908163377,0.8846159101749331
16628,29,5,1963.05,3.4011973816621555,1.791759469228055,7.582763946838828,3,Loyal Customers,0.9228620954501892,0.3382985605489352
13647,9,4,1134.52,2.302585092994046,1.6094379124341003,7.0348459747766725,3,Loyal Customers,0.8531590593353422,-0.3080764742255692
15594,15,5,1648.5,2.772588722239781,1.791759469228055,7.4082274906686365,3,Loyal Customers,1.004488494527608,0.030109048334713406
13479,200,2,261.15,5.303304908059076,1.0986122886681098,5.568916859018541,2,Hibernating,-0.7222501139783946,0.4225392607041159
13376,98,3,834.3100000000001,4.59511985013459,1.3862943611198906,6.727802913436878,3,Loyal Customers,0.05966136096307437,0.5088536654846528
15717,233,1,150.3,5.455321115357702,0.6931471805599453,5.01926462079431,2,Hibernating,-1.2331336485951094,0.24341599412808748
13735,24,4,1969.29,3.2188758248682006,1.6094379124341003,7.585936019019809,3,Loyal Customers,0.8424607343917274,0.22155670074197104
13719,14,5,855.41,2.70805020110221,1.791759469228055,6.752749233433903,3,Loyal Customers,0.7801661633418219,-0.17431418513039262
16633,16,6,2259.55,2.833213344056216,1.9459101490553132,7.72336342549026,0,Champions,1.2100900010099596,0.17612740765028845
13101,233,1,65.5,5.455321115357702,0.6931471805599453,4.197201947661808,2,Hibernating,-1.5331786023797604,0.020632704714993014
15225,233,1,344.70000000000005,5.455321115357702,0.6931471805599453,5.845571346927579,2,Hibernating,-0.9315396563635205,0.4673494441297311
14152,74,2,602.57,4.31748811353631,1.0986122886681098,6.402862023869255,3,Loyal Customers,-0.18995327921153415,0.23940272581468816
12733,233,1,276.85,5.455321115357702,0.6931471805599453,5.62708139972593,2,Hibernating,-1.0112863815866995,0.40813752424557537
15436,11,3,911.15,2.4849066497880004,1.3862943611198906,6.8158044502342285,3,Loyal Customers,0.5796496146344964,-0.34309174449185736
17217,233,1,97.6,5.455321115357702,0.6931471805599453,4.591071261608589,2,Hibernating,-1.389420098359586,0.12737335141724196
12656,16,5,1873.35,2.833213344056216,1.791759469228055,7.536017211635064,3,Loyal Customers,1.0371144649843427,0.08990155333146177
17734,53,3,567.91,3.9889840465642745,1.3862943611198906,6.343722249383799,3,Loyal Customers,0.05961055498307685,0.1532034051107767
14905,157,2,371.35,5.062595033026967,1.0986122886681098,5.919834272156654,2,Hibernating,-0.538517971244464,0.41773875312416464
17548,233,1,103.3,5.455321115357702,0.6931471805599453,4.647271362006727,2,Hibernating,-1.3689076032934901,0.14260387293494278
14148,233,1,29.700000000000003,5.455321115357702,0.6931471805599453,3.4242626545931514,2,Hibernating,-1.815293995824641,-0.18883789145050392
16103,79,4,644.6,4.382026634673881,1.6094379124341003,6.470180116955739,3,Loyal Customers,0.1663071434684472,0.4019193563785536
14626,23,4,2035.8200000000002,3.1780538303479458,1.6094379124341003,7.619145047079363,3,Loyal Customers,0.8640195080732773,0.21361431390395186
14868,2,8,2629.2400000000002,1.0986122886681098,2.1972245773362196,7.8748303757612,0,Champions,1.836927823307357,-0.44492824013629456
18246,232,1,29.5,5.4510384535657,0.6931471805599453,3.417726683613366,2,Hibernating,-1.8166894367196054,-0.19238659172166508
13485,232,1,394.44,5.4510384535657,0.6931471805599453,5.979999068998704,2,Hibernating,-0.8814847077089801,0.5020026428768434
15517,232,1,246.72,5.4510384535657,0.6931471805599453,5.51229907606986,2,Hibernating,-1.05219069807913,0.37525349553248466
17115,7,3,563.7,2.0794415416798357,1.3862943611198906,6.336294616678791,1,At Risk,0.498374229179972,-0.6413201637588178
17120,232,1,222.96,5.4510384535657,0.6931471805599453,5.411467464480692,2,Hibernating,-1.0889932646328695,0.3479276007548275
15912,177,2,254.67000000000002,5.181783550292085,1.0986122886681098,5.543887550423803,2,Hibernating,-0.7032905668048146,0.36532160963247406
12506,232,1,57.6,5.4510384535657,0.6931471805599453,4.070734696582967,2,Hibernating,-1.578347804778253,-0.01541800052152937
12670,9,5,2087.47,2.302585092994046,1.791759469228055,7.644187019457715,0,Champions,1.1992734477272788,-0.10100862008556571
17588,99,2,428.5,4.605170185988092,1.0986122886681098,6.06262174142431,2,Hibernating,-0.38064806034389587,0.26659149593723547
14759,4,3,1073.07,1.6094379124341003,1.3862943611198906,6.97921044985364,1,At Risk,0.8416943117956452,-0.6621505425336701
16185,16,2,473.26,2.833213344056216,1.0986122886681098,6.1617556945179635,1,At Risk,0.0652005918739896,-0.44195163626128664
13505,72,4,3042.26,4.290459441148391,1.6094379124341003,8.02068458824504,3,Loyal Customers,0.7533961157013375,0.7841113808050714
13389,10,3,700.66,2.3978952727983707,1.3862943611198906,6.553448956215587,1,At Risk,0.5040088921252724,-0.45030347993417424
12354,231,1,682.69,5.44673737166631,0.6931471805599453,6.527504598514699,2,Hibernating,-0.6806560813949654,0.6485944458238821
17631,1,3,445.29,0.6931471805599453,1.3862943611198906,6.100968964931138,1,At Risk,0.7329855135266475,-1.2804434711585018
17061,73,7,1653.0,4.30406509320417,2.0794415416798357,7.4109518755836366,3,Loyal Customers,0.8466159125802271,0.7326163117496506
17718,231,1,113.85,5.44673737166631,0.6931471805599453,4.743626929135107,2,Hibernating,-1.3317542401605305,0.16515425557588967
17630,169,2,219.39999999999998,5.135798437050262,1.0986122886681098,5.39544407727876,2,Hibernating,-0.746839523696284,0.3060076128672768
16146,203,2,557.13,5.318119993844216,1.0986122886681098,6.324591910157265,2,Hibernating,-0.44986116078104865,0.6334798093147002
17109,28,6,812.95,3.367295829986474,1.9459101490553132,6.701898939054519,3,Loyal Customers,0.7137886634214768,0.1209635392283678
16587,231,1,127.85000000000001,5.44673737166631,0.6931471805599453,4.8586489370983745,2,Hibernating,-1.289772315677756,0.1963258220834782
12622,231,1,123.85,5.44673737166631,0.6931471805599453,4.827113016725782,2,Hibernating,-1.3012826227139518,0.18777942251456953
16750,44,5,414.13,3.8066624897703196,1.791759469228055,6.0285917241892655,3,Loyal Customers,0.2618631282187712,0.08538849255762715
13482,231,1,184.64,5.44673737166631,0.6931471805599453,5.223809314372975,2,Hibernating,-1.1564922968857057,0.2952861966040345
14512,187,2,175.63,5.236441962829949,1.0986122886681098,5.174057149167352,2,Hibernating,-0.8509117940476426,0.2877803209199333
17670,227,1,173.9,5.429345628954441,0.6931471805599453,5.164214382024556,2,Hibernating,-1.1742230070750301,0.27191762466199987
16834,227,1,413.46,5.429345628954441,0.6931471805599453,6.026976468109342,2,Hibernating,-0.8593231597677266,0.50573066812066
15108,141,3,983.5500000000001,4.955827057601261,1.3862943611198906,6.89218468399118,3,Loyal Customers,0.036265796367679626,0.7031050169236626
16942,12,9,1504.19,2.5649493574615367,2.302585092994046,7.316674415061816,0,Champions,1.3656883541820188,0.036609739214951656
14640,23,6,1651.76,3.1780538303479458,1.9459101490553132,7.410201896717241,3,Loyal Customers,1.0160640241248509,0.23437691524596355
16823,226,1,269.68,5.424950017481403,0.6931471805599453,5.600937311364024,2,Hibernating,-1.0138071075889827,0.38844753053956904
15237,1,4,1252.38,0.6931471805599453,1.6094379124341003,7.133599181065214,0,Champions,1.26129534817299,-0.9492731368959462
12573,226,1,150.59,5.424950017481403,0.6931471805599453,5.021179507971927,2,Hibernating,-1.2254131189192583,0.23133012973309397
17854,184,2,120.01,5.220355825078324,1.0986122886681098,4.7958731868099616,2,Hibernating,-0.9852262780451961,0.17861431404013597
17436,1,2,216.29999999999998,0.6931471805599453,1.0986122886681098,5.381278887262384,1,At Risk,0.27510444385630994,-1.541648994774145
16965,226,1,117.4,5.424950017481403,0.6931471805599453,4.774068722449905,2,Hibernating,-1.3156061743211218,0.16436181278194065
12840,143,4,2726.77,4.969813299576001,1.6094379124341003,7.911239704558553,3,Loyal Customers,0.5563872808197204,1.0364010624127284
15891,226,1,391.77,5.424950017481403,0.6931471805599453,5.973224198818194,2,Hibernating,-0.8779259812568869,0.4893392266390391
17187,226,1,114.35,5.424950017481403,0.6931471805599453,4.747970984619762,2,Hibernating,-1.3251315971350428,0.15728918916081847
13637,51,3,733.8,3.9512437185814275,1.3862943611198906,6.59959835334097,3,Loyal Customers,0.16172820292619908,0.20688393502275382
17991,224,2,67.85,5.41610040220442,1.0986122886681098,4.231930225174664,2,Hibernating,-1.2363149879642825,0.10702199456534431
16418,44,3,490.12,3.8066624897703196,1.3862943611198906,6.196688497119241,3,Loyal Customers,0.04809629455277739,0.03768822030033391
16099,49,3,731.9,3.912023005428146,1.3862943611198906,6.597009266931805,3,Loyal Customers,0.169850803223462,0.18990464581207606
15768,115,3,331.03,4.7535901911063645,1.3862943611198906,5.805225326279922,2,Hibernating,-0.3137079530783041,0.32459969058668803
16637,31,4,921.76,3.4657359027997265,1.6094379124341003,6.8273691790228845,3,Loyal Customers,0.5085185894712718,0.11843457571522134
14240,29,2,745.14,3.4011973816621555,1.0986122886681098,6.614913250156729,3,Loyal Customers,0.09928425537043148,-0.08341516840564533
15143,225,1,239.55,5.420534999272286,0.6931471805599453,5.482927968145463,2,Hibernating,-1.0558586551202875,0.35463403121216813
13229,225,1,123.15,5.420534999272286,0.6931471805599453,4.821490511954176,2,Hibernating,-1.2972769526061818,0.17538101675547957
14973,106,3,465.4,4.672828834461906,1.3862943611198906,6.1450436350362825,3,Loyal Customers,-0.1710060074345715,0.3831741329107197
14271,225,1,92.42,5.420534999272286,0.6931471805599453,4.537105455073962,2,Hibernating,-1.4010747578556553,0.0983111770676093
15952,33,4,670.0400000000001,3.5263605246161616,1.6094379124341003,6.508828747713555,3,Loyal Customers,0.37823835546311857,0.05726927209460489
16227,224,1,314.22,5.41610040220442,0.6931471805599453,5.753270807747395,2,Hibernating,-0.9561608718121593,0.4260578814153839
17893,224,1,66.31,5.41610040220442,0.6931471805599453,4.209308814022622,2,Hibernating,-1.5196921209408232,0.007636095665037805
14022,224,1,396.8,5.41610040220442,0.6931471805599453,5.985949366419872,2,Hibernating,-0.8712354401324389,0.48911498931133746
15210,224,1,211.2,5.41610040220442,0.6931471805599453,5.357529226179882,2,Hibernating,-1.1006027354715622,0.31880984038318844
16370,81,4,977.21,4.406719247264253,1.6094379124341003,6.885724370911315,3,Loyal Customers,0.3122680088948986,0.5247821126055037
14304,222,1,224.4,5.407171771460119,0.6931471805599453,5.417876601605676,2,Hibernating,-1.0765122795100264,0.3314586772560768
15376,39,3,1081.01,3.6888794541139363,1.3862943611198906,6.9865757015078955,3,Loyal Customers,0.36362823843859615,0.2028687143621412
14655,7,4,939.2800000000001,2.0794415416798357,1.6094379124341003,6.846177703249317,3,Loyal Customers,0.8358863990530432,-0.4518170391405685
17615,129,3,195.05,4.867534450455582,1.3862943611198906,5.27836972873834,2,Hibernating,-0.5323483933154954,0.2291089457373799
16055,220,1,78.0,5.3981627015177525,0.6931471805599453,4.3694478524670215,2,Hibernating,-1.4570958270996033,0.0435899935165125
14149,220,1,421.12,5.3981627015177525,0.6931471805599453,6.04528963380289,2,Hibernating,-0.8454297263687883,0.4977518923401648
17501,220,2,259.35,5.3981627015177525,1.0986122886681098,5.562026879608908,2,Hibernating,-0.7466954387281641,0.4600405332074219
14191,1,13,4273.1,0.6931471805599453,2.6390573296152584,8.360328832891296,0,Champions,2.4076682645884184,-0.38001456610707557
12643,220,2,71.28,5.3981627015177525,1.0986122886681098,4.280547465724028,2,Hibernating,-1.2144230756611403,0.11275290116769088
13282,17,3,726.94,2.8903717578961645,1.3862943611198906,6.5902186272177525,3,Loyal Customers,0.4035718801818502,-0.23594794061486898
15582,24,3,663.01,3.2188758248682006,1.3862943611198906,6.498297209603994,3,Loyal Customers,0.2940732932946687,-0.12452125037003323
16230,189,2,516.53,5.247024072160486,1.0986122886681098,6.2490674944737625,2,Hibernating,-0.46098989721499783,0.5835056093725125
18146,140,2,160.35000000000002,4.948759890378168,1.0986122886681098,5.083575918497971,2,Hibernating,-0.8174262145008301,0.14386376513240204
15976,164,2,375.78000000000003,5.10594547390058,1.0986122886681098,5.931661462737228,2,Hibernating,-0.5442235206380085,0.43893556316710286
12886,67,2,1059.3600000000001,4.219507705176107,1.0986122886681098,6.966363752088908,3,Loyal Customers,0.0383718996924404,0.3514501843459548
17974,24,3,651.1,3.2188758248682006,1.3862943611198906,6.480197924399157,3,Loyal Customers,0.28746722861090557,-0.12942625144324144
13524,40,5,580.94,3.713572066704308,1.791759469228055,6.3663673496335065,3,Loyal Customers,0.4066699197953856,0.13829246837313328
17955,219,2,55.599999999999994,5.393627546352362,1.0986122886681098,4.036008985209137,2,Hibernating,-1.3026287640535577,0.04459948300854231
15128,59,4,1307.74,4.0943445622221,1.6094379124341003,7.176820121276854,3,Loyal Customers,0.4907342922293345,0.4740268296538127
16610,218,1,75.66,5.389071729816501,0.6931471805599453,4.339380059952409,2,Hibernating,-1.4659685038910697,0.03166847059900553
17394,218,1,38.4,5.389071729816501,0.6931471805599453,3.673765816303888,2,Hibernating,-1.708911288548725,-0.14871647513167732
16094,11,4,847.93,2.4849066497880004,1.6094379124341003,6.743976732971057,3,Loyal Customers,0.7048429468364386,-0.31123529402726813
14173,10,4,222.34,2.3978952727983707,1.6094379124341003,5.408695274017646,1,At Risk,0.2375945865099013,-0.7092155846869792
16258,44,5,3245.31,3.8066624897703196,1.791759469228055,8.085274245670997,3,Loyal Customers,1.0125324290838897,0.6427602263551848
14948,22,6,927.11,3.1354942159291497,1.9459101490553132,6.833150260244302,3,Loyal Customers,0.8152852633253058,0.06032953428141952
17384,18,2,122.2,2.9444389791664403,1.0986122886681098,4.81380905109942,1,At Risk,-0.4525016380662491,-0.7610906554082824
13762,218,1,133.2,5.389071729816501,0.6931471805599453,4.8993312245375815,2,Hibernating,-1.261591724856195,0.18341816856500323
12593,108,3,382.09999999999997,4.6913478822291435,1.3862943611198906,5.9482960517066035,3,Loyal Customers,-0.24709847130833268,0.3375404020963949
14340,218,1,134.7,5.389071729816501,0.6931471805599453,4.9104465668408235,2,Hibernating,-1.2575347320298838,0.1864304845382279
17429,127,3,401.72,4.852030263919617,1.3862943611198906,5.998241531387006,3,Loyal Customers,-0.26601764824071666,0.4177633266399902
13711,218,2,232.16000000000003,5.389071729816501,1.0986122886681098,5.451724913177349,2,Hibernating,-0.7848528158127666,0.426375128986502
16027,136,3,64.75,4.919980925828125,1.3862943611198906,4.185859671057874,2,Hibernating,-0.9432293444543152,-0.04520032683236489
14515,17,6,1542.51,2.8903717578961645,1.9459101490553132,7.3418143227032155,3,Loyal Customers,1.057613575442611,0.09644785611253484
16457,217,1,161.56,5.384495062789089,0.6931471805599453,5.091047164390117,2,Hibernating,-1.1905591565425668,0.23347475439065832
17527,53,4,712.4200000000001,3.9889840465642745,1.6094379124341003,6.570070307294931,3,Loyal Customers,0.2936351717158716,0.2658670521404429
14199,217,1,10.2,5.384495062789089,0.6931471805599453,2.4159137783010487,2,Hibernating,-2.1669570632110493,-0.4915004024312983
13888,119,2,496.02,4.787491742782046,1.0986122886681098,6.208630266735655,2,Hibernating,-0.36950799787179245,0.38182883887442826
14423,217,1,20.4,5.384495062789089,0.6931471805599453,3.0633909220278057,2,Hibernating,-1.9306341452444291,-0.3160307057601398
14697,217,2,96.56,5.384495062789089,1.0986122886681098,4.580467573347719,2,Hibernating,-1.1017952511095348,0.18836038941863906
17522,1,5,645.2,0.6931471805599453,1.791759469228055,6.471109053390398,0,Champions,1.1432036148135698,-1.0868781908152054
13867,30,3,709.54,3.4339872044851463,1.3862943611198906,6.566025244333883,3,Loyal Customers,0.2690609221627851,-0.01688968665190975
17624,14,2,747.43,2.70805020110221,1.0986122886681098,6.617977679112299,1,At Risk,0.2606541821533632,-0.37025910381982713
14393,217,1,67.95,5.384495062789089,0.6931471805599453,4.233381604239311,2,Hibernating,-1.503598820997271,0.0010428961496951345
17578,217,1,96.3,5.384495062789089,0.6931471805599453,4.577798989191959,2,Hibernating,-1.3778897945103197,0.09438181112368696
13450,26,6,1272.48,3.295836866004329,1.9459101490553132,7.149508589545504,3,Loyal Customers,0.8936827530807081,0.21261073862308622
17423,45,2,425.29,3.828641396489095,1.0986122886681098,6.055119865837104,1,At Risk,-0.20385740874930328,-0.05772153625860114
18241,9,17,1786.64,2.302585092994046,2.8903717578961645,7.488651593179502,0,Champions,1.8879467144760336,0.10951696458978419
16319,217,1,404.40000000000003,5.384495062789089,0.6931471805599453,6.004874234017899,2,Hibernating,-0.8570210823361046,0.4811266758075937
15757,65,2,672.88,4.189654742026425,1.0986122886681098,6.513052053518003,3,Loyal Customers,-0.1201806772004939,0.2162105708881971
17174,217,1,59.9,5.384495062789089,0.6931471805599453,4.109233174715851,2,Hibernating,-1.5489118014016243,-0.032601978394131814
13365,33,2,1718.8700000000001,3.5263605246161616,1.0986122886681098,7.450003985555733,3,Loyal Customers,0.3751473639937499,0.1948448086432719
18227,217,1,30.0,5.384495062789089,0.6931471805599453,3.4339872044851463,2,Hibernating,-1.7953700734444513,-0.2155971724682042
18235,71,3,1477.78,4.276666119016055,1.3862943611198906,7.298972702491713,3,Loyal Customers,0.3417574081706679,0.5314769488198454
13741,71,3,405.63,4.276666119016055,1.3862943611198906,6.007903681059754,3,Loyal Customers,-0.1294703431055516,0.1815904829158082
12394,216,1,331.18,5.37989735354046,0.6931471805599453,5.805676990670853,2,Hibernating,-0.9286631939726472,0.4252350087659031
16832,216,1,39.0,5.37989735354046,0.6931471805599453,3.6888794541139363,2,Hibernating,-1.7012738960344242,-0.14842820892853859
15258,168,2,386.76,5.1298987149230735,1.0986122886681098,5.96038659153712,2,Hibernating,-0.5392769700242196,0.4566614520198104
15552,216,1,90.12,5.37989735354046,0.6931471805599453,4.512177319138927,2,Hibernating,-1.400778109112094,0.07468982395589796
18170,32,3,490.51,3.4965075614664802,1.3862943611198906,6.197482285260206,3,Loyal Customers,0.12009196486120907,-0.09081915692064779
13723,216,1,150.10000000000002,5.37989735354046,0.6931471805599453,5.017941869278694,2,Hibernating,-1.2161789221737749,0.21175466564164844
14005,9,5,1242.9,2.302585092994046,1.791759469228055,7.126006884215919,3,Loyal Customers,1.0101426918710419,-0.24143815035214947
15561,11,4,520.19,2.4849066497880004,1.6094379124341003,6.256114658573918,3,Loyal Customers,0.5267779910247549,-0.4434484710347248
16121,56,2,817.51,4.04305126783455,1.0986122886681098,6.70748561420754,3,Loyal Customers,-0.01532046386264091,0.2080587650129662
18142,215,1,134.4,5.375278407684165,0.6931471805599453,4.9082333604781745,2,Hibernating,-1.255153598294735,0.1801061005446256
13642,215,1,226.03,5.375278407684165,0.6931471805599453,5.425082167339534,2,Hibernating,-1.0665087644678464,0.3201748338481841
15117,14,5,1146.73,2.70805020110221,1.791759469228055,7.045541357579991,3,Loyal Customers,0.8870324671275951,-0.09496598618717322
13561,215,1,39.01,5.375278407684165,0.6931471805599453,3.6891294228691436,2,Hibernating,-1.7001147874760247,-0.15027745077521326
15704,139,4,1778.3700000000001,4.941642422609304,1.6094379124341003,7.484014648052941,3,Loyal Customers,0.4069671887321046,0.9089291758180585
16007,47,4,1592.6200000000001,3.871201010907891,1.6094379124341003,7.373763436952384,3,Loyal Customers,0.6142061452822939,0.43478902424923904
16232,43,4,795.88,3.784189633918261,1.6094379124341003,6.68070410283691,3,Loyal Customers,0.38136267166859783,0.21085429262222874
17410,15,5,900.27,2.772588722239781,1.791759469228055,6.803804879753765,3,Loyal Customers,0.783880066136991,-0.13369264447558882
13835,24,4,692.37,3.2188758248682006,1.6094379124341003,6.541563767244297,3,Loyal Customers,0.46127492671615145,-0.0614736486786104
13427,18,3,445.34,2.9444389791664403,1.3862943611198906,6.101080993431305,1,At Risk,0.21254134263323202,-0.34606747414491246
14353,214,1,90.6,5.3706380281276624,0.6931471805599453,4.517431271680085,2,Hibernating,-1.396719766979755,0.07227080767935357
12700,7,4,3888.64,2.0794415416798357,1.6094379124341003,8.266071887342793,0,Champions,1.3541340932610895,-0.06701827952108139
13003,150,2,89.05000000000001,5.017279836814924,1.0986122886681098,4.500365071621966,2,Hibernating,-1.0461339510056475,0.014248161388282667
16756,214,1,213.9,5.3706380281276624,0.6931471805599453,5.370172803648464,2,Hibernating,-1.0854773253606296,0.3033682284966301
13492,135,3,729.24,4.912654885736052,1.3862943611198906,6.593373247233656,3,Loyal Customers,-0.06281635325168619,0.60420795963515
16440,7,5,3503.27,2.0794415416798357,1.791759469228055,8.161737503882234,0,Champions,1.43976382780295,-0.05336020379715432
18120,213,1,75.35,5.365976015021851,0.6931471805599453,4.335328031664641,2,Hibernating,-1.4621078654655228,0.020985017257359267
12355,213,1,219.0,5.365976015021851,0.6931471805599453,5.393627546352362,2,Hibernating,-1.075838741038784,0.30778972786171704
17723,172,2,163.9,5.153291594497779,1.0986122886681098,5.105339229565553,2,Hibernating,-0.8567693097783078,0.23464780289526094
14699,213,1,109.13000000000001,5.365976015021851,0.6931471805599453,4.701661486176853,2,Hibernating,-1.328399684786248,0.12026330185250264
12821,213,1,75.72,5.365976015021851,0.6931471805599453,4.340162430575183,2,Hibernating,-1.4603433564504587,0.022295164678992604
13055,77,3,1104.06,4.356708826689592,1.3862943611198906,7.0076549111202695,3,Loyal Customers,0.21692383129077034,0.4857481423664425
13320,77,4,1532.2,4.356708826689592,1.6094379124341003,7.3351123335064,3,Loyal Customers,0.4878523917040324,0.6258129566603677
16357,32,3,538.6800000000001,3.4965075614664802,1.3862943611198906,6.290976371313341,3,Loyal Customers,0.15421640530326955,-0.06548176998855545
18242,71,4,1629.92,4.276666119016055,1.6094379124341003,7.396899551755256,3,Loyal Customers,0.528909521293967,0.6093377757872707
15865,40,3,460.18,3.713572066704308,1.3862943611198906,6.133788422320177,3,Loyal Customers,0.0466603167015702,-0.01799301691658618
17597,213,1,1093.74,5.365976015021851,0.6931471805599453,6.998272171134193,2,Hibernating,-0.49015891634998,0.7426568244125374
14397,2,16,994.8199999999999,1.0986122886681098,2.833213344056216,6.903566518360682,0,Champions,1.9139637973810084,-0.5618709202069454
13242,111,3,270.40000000000003,4.718498871295094,1.3862943611198906,5.603593747400769,2,Hibernating,-0.3791886352234326,0.25539265101462744
12684,7,6,1646.19,2.0794415416798357,1.9459101490553132,7.406826084786944,0,Champions,1.2688244079839608,-0.22249110244145612
14288,212,1,306.0,5.3612921657094255,0.6931471805599453,5.726847747587197,2,Hibernating,-0.9531337010473111,0.3961502260713627
15063,212,1,70.19999999999999,5.3612921657094255,0.6931471805599453,4.26549281841793,2,Hibernating,-1.4865141676664186,0.00011538741388036726
12592,91,2,350.6,4.5217885770490405,1.0986122886681098,5.862494165811022,2,Hibernating,-0.4344153727423176,0.17775030199723044
14591,14,4,876.86,2.70805020110221,1.6094379124341003,6.777487127618126,3,Loyal Customers,0.6654844772555205,-0.20954332628068795
13990,212,1,292.58,5.3612921657094255,0.6931471805599453,5.682150174529087,2,Hibernating,-0.9694478844798252,0.3840369496994737
12749,3,5,2737.73,1.3862943611198906,1.791759469228055,7.91524958828146,0,Champions,1.5100495536648764,-0.4078341314467956
16320,171,2,922.64,5.147494476813453,1.0986122886681098,6.828322385334227,3,Loyal Customers,-0.22655680308416754,0.6991793039047794
14691,30,5,1861.94,3.4339872044851463,1.791759469228055,7.5299111639637974,3,Loyal Customers,0.8959905301217947,0.3375838232786332
16229,86,2,836.6,4.465908118654584,1.0986122886681098,6.730540659556327,3,Loyal Customers,-0.10466754324437841,0.38980357949207867
14920,212,2,780.25,5.3612921657094255,1.0986122886681098,6.660895201050611,3,Loyal Customers,-0.33709484569700116,0.7425373554121097
17489,58,2,361.52,4.07753744390572,1.0986122886681098,5.893079645186581,1,At Risk,-0.32054378995336974,0.001663157641943424
13404,0,2,252.49,0.0,1.0986122886681098,5.5353243745214,1,At Risk,0.49158100197234134,-1.7875762727274782
15729,212,1,85.0,5.3612921657094255,0.6931471805599453,4.454347296253507,2,Hibernating,-1.4175841031759866,0.05129593990421437
13136,55,5,2408.51,4.02535169073515,1.791759469228055,7.787178686310414,3,Loyal Customers,0.8531708007369914,0.652736570805101
16644,177,2,813.88,5.181783550292085,1.0986122886681098,6.7030408631362945,3,Loyal Customers,-0.2802107779891439,0.6794582276547237
14731,46,3,346.13,3.8501476017100584,1.3862943611198906,5.849699349556356,3,Loyal Customers,-0.08860489562179641,-0.03830018429604467
14277,14,3,2830.32,2.70805020110221,1.3862943611198906,7.94849831298752,3,Loyal Customers,0.9414825184947924,0.05648469933739664
15187,1,12,1994.24,0.6931471805599453,2.5649493574615367,7.598519622840288,0,Champions,2.079330707724915,-0.6035133932230534
13052,211,1,197.65,5.356586274672012,0.6931471805599453,5.291544482260608,2,Hibernating,-1.1109272244656092,0.2762276923250489
17664,18,2,547.94,2.9444389791664403,1.0986122886681098,6.307989145919499,1,At Risk,0.09285969769163274,-0.3561600249599484
14649,4,4,964.26,1.6094379124341003,1.6094379124341003,6.872397495101041,0,Champions,0.9541183694535185,-0.6397752746401044
12649,106,3,513.0500000000001,4.672828834461906,1.3862943611198906,6.242320536988728,3,Loyal Customers,-0.13550087564283653,0.4095366827614508
13235,211,1,870.57,5.356586274672012,0.6931471805599453,6.770296183019634,2,Hibernating,-0.5711971038623824,0.6769771471871161
14883,18,6,727.75,2.9444389791664403,1.9459101490553132,6.591330737664702,3,Loyal Customers,0.7711942841795998,-0.08449779882850339
12976,211,1,303.6,5.356586274672012,0.6931471805599453,5.718999440461062,2,Hibernating,-0.9549102839450626,0.392070224502014
14681,70,3,120.0,4.2626798770413155,1.3862943611198906,4.795790545596741,2,Hibernating,-0.5686464222397671,-0.1527031847288293
14421,56,2,728.61,4.04305126783455,1.0986122886681098,6.592510144806544,3,Loyal Customers,-0.057285402218660714,0.17689981069946728
16116,211,1,446.98,5.356586274672012,0.6931471805599453,6.10474858856132,2,Hibernating,-0.8141155622078854,0.4966102637360091
14988,211,1,305.29,5.356586274672012,0.6931471805599453,5.724532365574798,2,Hibernating,-0.9528908195972666,0.393569676182769
15489,22,3,746.39,3.1354942159291497,1.3862943611198906,6.616587137245524,3,Loyal Customers,0.35652530111456904,-0.12706963343285643
14364,108,8,1022.95,4.6913478822291435,2.1972245773362196,6.931422976282321,3,Loyal Customers,0.6619744539376432,0.790483703142775
16006,210,1,101.4,5.351858133476067,0.6931471805599453,4.628886712605407,2,Hibernating,-1.3516978069318215,0.09468166288683827
16184,63,6,722.58,4.1588830833596715,1.9459101490553132,6.584211113559282,3,Loyal Customers,0.48782355148217216,0.41759916759638627
17932,28,3,1188.92,3.367295829986474,1.3862943611198906,7.08164135695499,3,Loyal Customers,0.472674477266805,0.09516629584252648
18221,21,5,913.82,3.091042453358316,1.791759469228055,6.818727324611871,3,Loyal Customers,0.7157020363572566,0.0025181368391142414
12590,210,1,877.26,5.351858133476067,0.6931471805599453,6.777942677360646,2,Hibernating,-0.5673130894399935,0.6770870835546049
14853,23,2,88.5,3.1780538303479458,1.0986122886681098,4.4942386252808095,1,At Risk,-0.623152105865708,-0.7507395726474723
17658,25,2,200.22,3.258096538021482,1.0986122886681098,5.304398836863904,1,At Risk,-0.34595682619632573,-0.4979620720582421
17764,50,2,679.35,3.9318256327243257,1.0986122886681098,6.522607371636868,3,Loyal Customers,-0.05708454605170507,0.11179421292897929
14651,66,2,560.3,4.204692619390966,1.0986122886681098,6.330255521948153,3,Loyal Customers,-0.1903763160611183,0.1729128703757305
14000,210,1,262.2,5.351858133476067,0.6931471805599453,5.572914199451162,2,Hibernating,-1.0071368714708584,0.35051805552399096
13601,44,2,663.08,3.8066624897703196,1.0986122886681098,6.49840262414678,3,Loyal Customers,-0.036982083291470486,0.05328858506727698
12757,15,7,3179.0,2.772588722239781,2.0794415416798357,8.064636475774222,0,Champions,1.439272575228471,0.2741650644740516
17970,210,1,279.33,5.351858133476067,0.6931471805599453,5.635967480627723,2,Hibernating,-0.9841230314621628,0.3676058249215183
15826,55,3,1331.97,4.02535169073515,1.3862943611198906,7.195164814299047,3,Loyal Customers,0.361970906567731,0.399042333206133
15907,3,3,756.47,1.3862943611198906,1.3862943611198906,6.62998393263887,1,At Risk,0.7658194390768497,-0.8494032328445785
12695,6,4,342.56,1.9459101490553132,1.6094379124341003,5.839361768898024,1,At Risk,0.49927993642124224,-0.780088489329229
14342,20,4,322.8,3.044522437723423,1.6094379124341003,5.780126041243535,1,At Risk,0.22366694397753736,-0.34018852675464434
14873,209,1,346.93,5.3471075307174685,0.6931471805599453,5.852001310115928,2,Hibernating,-0.9041744548838403,0.4241804982582996
14689,208,1,104.85,5.342334251964811,0.6931471805599453,4.662022997580874,2,Hibernating,-1.3374015183811467,0.0997091069371272
13094,205,2,106.2,5.327876168789581,1.0986122886681098,4.674696248636701,2,Hibernating,-1.0543127465071278,0.19039851546163028
15440,54,3,307.18,4.007333185232471,1.3862943611198906,5.730684027853707,3,Loyal Customers,-0.16838469824055946,-0.005317785464684494
16076,2,9,2002.96,1.0986122886681098,2.302585092994046,7.60288050192571,0,Champions,1.8091590876660295,-0.49439557644027515
15333,207,1,238.0,5.337538079701318,0.6931471805599453,5.476463551931511,2,Hibernating,-1.0390297184543427,0.31843622391017234
16283,5,5,1320.41,1.791759469228055,1.791759469228055,7.186454627298344,0,Champions,1.1503053330915565,-0.43706263917440685
17263,207,1,63.440000000000005,5.337538079701318,0.6931471805599453,4.165734558308774,2,Hibernating,-1.5174331701244408,-0.03677819741329987
16877,11,6,772.77,2.4849066497880004,1.9459101490553132,6.651274671806913,3,Loyal Customers,0.8993143402736288,-0.2589707487789523
12674,38,4,1289.54,3.6635616461296463,1.6094379124341003,7.162816014416396,3,Loyal Customers,0.585217335335886,0.2914453401931761
16642,4,2,428.73,1.6094379124341003,1.0986122886681098,6.063157104494718,1,At Risk,0.31214254169733313,-0.9765715400124217
12871,83,2,120.53999999999999,4.430816798843313,1.0986122886681098,4.800243426707209,2,Hibernating,-0.8010945305879795,-0.14788090501658324
14038,77,3,1560.38,4.356708826689592,1.3862943611198906,7.353325324586606,3,Loyal Customers,0.3430902011102537,0.5794266346295287
14489,206,1,433.5,5.332718793265369,0.6931471805599453,6.074195944705447,2,Hibernating,-0.8197489653110072,0.47842470124143954
14888,206,1,369.2,5.332718793265369,0.6931471805599453,5.914043400139397,2,Hibernating,-0.8782031007477945,0.4350225229740035
13456,17,5,1180.1200000000001,2.8903717578961645,1.791759469228055,7.074218419841634,3,Loyal Customers,0.8553476762657253,-0.01152608418019294
17898,84,2,138.14,4.442651256490317,1.0986122886681098,4.935480620495495,2,Hibernating,-0.7544703131824881,-0.10631930437578718
13976,206,1,227.96,5.332718793265369,0.6931471805599453,5.43354731580814,2,Hibernating,-1.0535795411687063,0.3048055678487646
16139,18,3,635.41,2.9444389791664403,1.3862943611198906,6.455843009727984,3,Loyal Customers,0.3420260598734344,-0.24992510990371655
15730,65,3,943.91,4.189654742026425,1.3862943611198906,6.851089684863069,3,Loyal Customers,0.19840092740274098,0.3739862829049854
16266,73,7,607.99,4.30406509320417,2.0794415416798357,6.411801847213834,3,Loyal Customers,0.4819357806581813,0.461841421692657
15123,6,2,1818.6299999999999,1.9459101490553132,1.0986122886681098,7.506388462699968,3,Loyal Customers,0.7611177316197808,-0.44580340706209776
17702,29,4,1016.99,3.4011973816621555,1.6094379124341003,6.9255853738795095,3,Loyal Customers,0.5592874702289449,0.11826648572899778
17505,161,2,1006.94,5.087596335232384,1.0986122886681098,6.915663923050178,3,Loyal Customers,-0.18082989510143735,0.6979900051256359
12690,205,1,265.11,5.327876168789581,0.6931471805599453,5.583909757134735,2,Hibernating,-0.9975791135539449,0.3435447596381685
16446,205,1,2.9,5.327876168789581,0.6931471805599453,1.3609765531356006,2,Hibernating,-2.5389090381950554,-0.8008922533863427
17556,205,1,67.95,5.327876168789581,0.6931471805599453,4.233381604239311,2,Hibernating,-1.4905088748290485,-0.0224554422692321
14583,5,5,799.4,1.791759469228055,1.791759469228055,6.685111602709578,0,Champions,0.9673199603707743,-0.5729292242811029
16818,10,11,3091.15,2.3978952727983707,2.4849066497880004,8.03662192082041,0,Champions,1.7907949299300725,0.2043206602912316
13572,205,1,590.9300000000001,5.327876168789581,0.6931471805599453,6.383388384649479,2,Hibernating,-0.7057771187858239,0.5602076544202708
14009,197,2,646.8100000000001,5.288267030694535,1.0986122886681098,6.473597443481311,2,Hibernating,-0.38857375233689173,0.6614713199273557
13258,11,3,483.73,2.4849066497880004,1.3862943611198906,6.183592034891002,1,At Risk,0.3488981754274202,-0.5144246198324454
14463,204,1,39.599999999999994,5.3230099791384085,0.6931471805599453,3.7037680666076866,2,Hibernating,-1.6826876787351877,-0.16800308186027754
13192,94,2,859.14,4.553876891600541,1.0986122886681098,6.75709516669626,3,Loyal Customers,-0.11531325278044025,0.4335093572852419
16987,2,6,879.6,1.0986122886681098,1.9459101490553132,6.780603493321654,0,Champions,1.2670209933231062,-0.7992707842947157
13417,4,2,290.48,1.6094379124341003,1.0986122886681098,5.674971392802082,1,At Risk,0.17045849772918473,-1.0817719007397961
17047,84,3,882.9,4.442651256490317,1.3862943611198906,6.784343934066902,3,Loyal Customers,0.11554810617465047,0.4608980794463759
15116,17,4,1092.68,2.8903717578961645,1.6094379124341003,6.997303435623737,3,Loyal Customers,0.7035636691531965,-0.07430368771528173
17469,15,5,1695.97,2.772588722239781,1.791759469228055,7.4365995868222186,3,Loyal Customers,1.0148440362124487,0.0377980349718926
16647,169,2,142.42000000000002,5.135798437050262,1.0986122886681098,4.965777388454429,2,Hibernating,-0.9036637245809299,0.1895656901088058
15630,44,2,977.75,3.8066624897703196,1.0986122886681098,6.8862762473050125,3,Loyal Customers,0.10458805136910024,0.15840436816747624
17245,204,1,171.45,5.3230099791384085,0.6931471805599453,5.15010733938285,2,Hibernating,-1.1547877819996963,0.22396243528011414
16008,23,3,428.26,3.1780538303479458,1.3862943611198906,6.062062795953518,1,At Risk,0.14428973460189595,-0.25968526830223976
17871,204,1,131.42000000000002,5.3230099791384085,0.6931471805599453,4.8859786894967,2,Hibernating,-1.25119219389971,0.15238218796679098
13529,78,2,206.06,4.3694478524670215,1.0986122886681098,5.333008606337967,2,Hibernating,-0.5924522445052159,-0.02896848712204285
12620,14,3,1100.1399999999999,2.70805020110221,1.3862943611198906,7.004101285768779,3,Loyal Customers,0.5967867043588108,-0.19945184067605176
15599,26,2,653.6899999999999,3.295836866004329,1.0986122886681098,6.484161841159018,1,At Risk,0.07591996565865303,-0.16257688545036225
16813,7,10,1385.57,2.0794415416798357,2.3978952727983707,7.234588350618775,0,Champions,1.5126450908834066,-0.1652136319798283
14859,12,4,1190.54,2.5649493574615367,1.6094379124341003,7.083001867104128,3,Loyal Customers,0.8100784633880576,-0.1861378666765555
16463,20,4,1295.48,3.044522437723423,1.6094379124341003,7.1674081787124155,3,Loyal Customers,0.7300115554376306,0.03577219744616186
15791,43,2,1297.17,3.784189633918261,1.0986122886681098,7.16871085941231,3,Loyal Customers,0.21286955155102252,0.22561879758586686
13658,9,5,1735.85,2.302585092994046,1.791759469228055,7.459828406726392,0,Champions,1.1319843306749393,-0.15097076958861078
13887,203,1,293.95,5.318119993844216,0.6931471805599453,5.686805850449084,2,Hibernating,-0.9577674623702933,0.36738106914919116
12353,203,1,29.300000000000004,5.318119993844216,0.6931471805599453,3.411147712515324,2,Hibernating,-1.7883607530547678,-0.2493342034427378
14551,17,2,148.23,2.8903717578961645,1.0986122886681098,5.0054887399433765,1,At Risk,-0.3700403839313316,-0.7315837826913469
17166,38,2,206.34,3.6635616461296463,1.0986122886681098,5.334359957894966,1,At Risk,-0.42876238868138083,-0.3215637080910426
17926,132,2,309.23,4.890349128221754,1.0986122886681098,5.737313957864994,2,Hibernating,-0.5653139147008245,0.2967881862153825
17455,203,1,111.8,5.318119993844216,0.6931471805599453,4.725616339063959,2,Hibernating,-1.3085923714041527,0.10689367798743696
13308,22,3,1092.43,3.1354942159291497,1.3862943611198906,6.997074823435883,3,Loyal Customers,0.4953996399573617,-0.02395547792977297
13856,168,3,120.3,5.1298987149230735,1.3862943611198906,4.798266815950004,2,Hibernating,-0.7682383624986759,0.20788665070377782
13243,202,1,480.02000000000004,5.313205979041787,0.6931471805599453,6.175908849282916,2,Hibernating,-0.7781134905685678,0.4978910970727297
15095,103,4,796.74,4.6443908991413725,1.6094379124341003,6.68178272982438,3,Loyal Customers,0.18288302544413934,0.5681528811352714
18048,202,2,95.97,5.313205979041787,1.0986122886681098,4.574401652316455,2,Hibernating,-1.0875276484388992,0.15712963790386578
17867,29,3,201.54000000000002,3.4011973816621555,1.3862943611198906,5.310937397904139,1,At Risk,-0.1814532380732799,-0.37063370937275014
18287,42,3,960.76,3.7612001156935624,1.3862943611198906,6.868764939290852,3,Loyal Customers,0.303908345573884,0.2009563680794619
18150,31,3,566.58,3.4657359027997265,1.3862943611198906,6.341381708583334,3,Loyal Customers,0.179728089212944,-0.06459271179449497
16690,71,2,156.43,4.276666119016055,1.0986122886681098,5.058980915026537,2,Hibernating,-0.6710191349997402,-0.14173829969691448
13555,73,4,2159.94,4.30406509320417,1.6094379124341003,7.678298591197787,3,Loyal Customers,0.6252829816821435,0.6969696880255035
16038,7,3,431.98,2.0794415416798357,1.3862943611198906,6.070691537559284,1,At Risk,0.4014316648183027,-0.7132999891157012
13972,70,2,174.35,4.2626798770413155,1.0986122886681098,5.166783976586187,2,Hibernating,-0.6284385217565079,-0.11832776578497026
13227,201,1,257.7,5.308267697401205,0.6931471805599453,5.5556690891919835,2,Hibernating,-1.0033533251092137,0.3277533565197709
13657,10,2,321.0,2.3978952727983707,1.0986122886681098,5.7745515455444085,1,At Risk,0.02451771646784362,-0.7275545008516158
17176,201,1,208.03,5.308267697401205,0.6931471805599453,5.342477782333691,2,Hibernating,-1.0811660976680713,0.26997739591668996
14837,89,4,1613.5,4.499809670330265,1.6094379124341003,7.38678059019833,3,Loyal Customers,0.47362675713828284,0.6992059595234865
14921,29,2,1255.23,3.4011973816621555,1.0986122886681098,7.135870451282645,3,Loyal Customers,0.28942861351283333,0.05776696125852897
16341,24,4,1040.37,3.2188758248682006,1.6094379124341003,6.94829243293917,3,Loyal Customers,0.6097269702036447,0.04875194968948105
14647,200,1,236.04000000000002,5.303304908059076,0.6931471805599453,5.4682289032653095,2,Hibernating,-1.0341207834364488,0.30199691939645074
12710,96,3,909.8199999999999,4.574710978503383,1.3862943611198906,6.814345292666106,3,Loyal Customers,0.0959669032041914,0.5238368819789194
15292,200,1,111.69,5.303304908059076,0.6931471805599453,4.724640685964258,2,Hibernating,-1.3055233170714282,0.10048061847027318
15705,200,1,19.5,5.303304908059076,0.6931471805599453,3.0204248861443626,2,Hibernating,-1.9275456611191717,-0.3613707879521759
13339,200,1,664.42,5.303304908059076,0.6931471805599453,6.500418420241177,2,Hibernating,-0.6573815565623112,0.58172568388754
13885,188,2,390.2,5.241747015059643,1.0986122886681098,5.969218938160663,2,Hibernating,-0.5619118997593737,0.5054750668351261
12360,51,3,1843.16,3.9512437185814275,1.3862943611198906,7.519779168248301,3,Loyal Customers,0.4975853329310437,0.4562577546838669
13546,11,3,547.39,2.4849066497880004,1.3862943611198906,6.30698671265684,1,At Risk,0.39393604370386404,-0.480984015962196
13223,199,1,62.4,5.298317366548036,0.6931471805599453,4.14946386144318,2,Hibernating,-1.5143042257992414,-0.05746527470579998
13831,15,4,522.63,2.772588722239781,1.6094379124341003,6.260785328039943,3,Loyal Customers,0.4619723835628129,-0.32278702670775977
18160,56,2,499.06,4.04305126783455,1.0986122886681098,6.214728091222768,3,Loyal Customers,-0.1951722112332144,0.07451889580167825
15434,7,5,833.86,2.0794415416798357,1.791759469228055,6.7272640461229045,3,Loyal Customers,0.9161948392018426,-0.44211002292911855
15734,114,2,376.35,4.74493212836325,1.0986122886681098,5.9331731387308775,2,Hibernating,-0.46020766943327396,0.28951514910088727
13737,199,1,185.65,5.298317366548036,0.6931471805599453,5.229235205360593,2,Hibernating,-1.1201980906196054,0.2351584140639075
13213,56,5,1197.28,4.04305126783455,1.791759469228055,7.088642474237912,3,Loyal Customers,0.5941197795870197,0.47077539182495487
18018,107,2,53.589999999999996,4.68213122712422,1.0986122886681098,3.999850715793666,2,Hibernating,-1.1513325342178056,-0.2604893868963671
15314,198,1,314.05,5.293304824724492,0.6931471805599453,5.752731356388065,2,Hibernating,-0.9279681708491458,0.3749482750231443
17521,29,3,684.59,3.4011973816621555,1.3862943611198906,6.5302797814129026,3,Loyal Customers,0.26359498156359873,-0.0401855379653855
15042,198,1,46.68,5.293304824724492,0.6931471805599453,3.8645120227570944,2,Hibernating,-1.6171500315651004,-0.13676905265547826
16091,154,2,315.06,5.043425116919247,1.0986122886681098,5.755932068980957,2,Hibernating,-0.5939087271714605,0.3653643755626232
15804,0,13,3350.18,0.0,2.6390573296152584,8.117067801603557,0,Champions,2.4791317721283326,-0.7336139912092723
14593,21,3,450.95,3.091042453358316,1.3862943611198906,6.11357155424442,1,At Risk,0.18320643959393476,-0.2818381477181001
14287,7,2,159.35,2.0794415416798357,1.0986122886681098,5.077358926139164,1,At Risk,-0.1563262926811332,-1.048664072394638
16763,198,1,287.45,5.293304824724492,0.6931471805599453,5.664521760702899,2,Hibernating,-0.9601638232315433,0.351043012654696
12562,7,7,2701.7400000000002,2.0794415416798357,2.0794415416798357,7.9020213522307845,0,Champions,1.540171061940782,-0.05757889730134277
12815,147,2,687.66,4.997212273764115,1.0986122886681098,6.534747680422507,3,Loyal Customers,-0.29896440405589675,0.5572479326724092
14522,71,3,405.26,4.276666119016055,1.3862943611198906,6.006993348725609,3,Loyal Customers,-0.1298026056349844,0.18134377808600832
16448,197,1,157.49,5.288267030694535,0.6931471805599453,5.065691499844334,2,Hibernating,-1.177566390204553,0.18666605823798996
14584,168,4,825.76,5.1298987149230735,1.6094379124341003,6.7175144473436355,3,Loyal Customers,0.08367828471892827,0.779334947557419
12974,197,1,77.15,5.288267030694535,0.6931471805599453,4.358630056867486,2,Hibernating,-1.435637003205981,-0.00495129556218901
12987,73,2,392.45,4.30406509320417,1.0986122886681098,5.974953994980992,2,Hibernating,-0.34303226497600614,0.11786650067002921
14816,196,1,11.9,5.2832037287379885,0.6931471805599453,2.5572273113676265,2,Hibernating,-2.091961041055956,-0.4952422774363822
15852,186,2,109.71000000000001,5.231108616854587,1.0986122886681098,4.706914169871376,2,Hibernating,-1.0201814424472178,0.158968647555415
16624,80,2,439.49,4.394449154672439,1.0986122886681098,6.0878877436429555,3,Loyal Customers,-0.3227087838725535,0.18598391388248517
12493,165,2,332.91,5.111987788356544,1.0986122886681098,5.810871495587697,2,Hibernating,-0.5897076412311383,0.40870856981557463
18232,81,4,533.57,4.406719247264253,1.6094379124341003,6.281462685407433,3,Loyal Customers,0.09171831672851524,0.361024031424317
18073,113,11,707.6,4.736198448394496,2.4849066497880004,6.563291192431372,3,Loyal Customers,0.7124418471992345,0.7754979766882446
16369,17,3,1306.96,2.8903717578961645,1.3862943611198906,7.17622395050978,3,Loyal Customers,0.6174581760706012,-0.07713742919837632
14280,196,1,92.63999999999999,5.2832037287379885,0.6931471805599453,4.53945764262271,2,Hibernating,-1.368466072155816,0.041952522917040755
17345,14,4,375.74,2.70805020110221,1.6094379124341003,5.931555294354073,1,At Risk,0.3567275100409698,-0.43879528308792615
16275,196,1,322.12,5.2832037287379885,0.6931471805599453,5.778023771255158,2,Hibernating,-0.9164013708007922,0.3776104299242152
14338,195,1,443.2,5.278114659230517,0.6931471805599453,6.096274911460327,2,Hibernating,-0.7990662093734203,0.4617460571066757
15402,148,2,396.39,5.003946305945459,1.0986122886681098,5.984918166237948,2,Hibernating,-0.5012037457824512,0.41103605642154456
12876,57,2,1100.82,4.060443010546419,1.0986122886681098,7.004718636988589,3,Loyal Customers,0.08914585930571858,0.2958285039301306
12426,194,1,446.08,5.272999558563747,0.6931471805599453,6.1027375495174105,2,Hibernating,-0.7955248283948683,0.4613745638072052
14451,59,2,626.9,4.0943445622221,1.0986122886681098,6.4423809181200635,3,Loyal Customers,-0.12393982293867362,0.15750207780066786
14823,179,3,217.18,5.19295685089021,1.3862943611198906,5.38532041016961,2,Hibernating,-0.5685481178246247,0.3931520431664272
15897,193,2,90.53,5.267858159063328,1.0986122886681098,4.516666787396688,2,Hibernating,-1.0981161758044657,0.12266264255126036
17051,193,1,230.94,5.267858159063328,0.6931471805599453,5.446478717528557,2,Hibernating,-1.0338643174541728,0.28139116686079296
15925,193,1,168.9,5.267858159063328,0.6931471805599453,5.135210028677887,2,Hibernating,-1.1474743893054158,0.1970357221241893
12787,9,3,356.26,2.302585092994046,1.3862943611198906,5.878463808020738,1,At Risk,0.27968095526301284,-0.672784235173329
15863,25,2,42.44,3.258096538021482,1.0986122886681098,3.77138067562568,1,At Risk,-0.9054936819289957,-0.9134180218938535
16483,191,1,95.7,5.2574953720277815,0.6931471805599453,4.571613402459248,2,Hibernating,-1.3507859129619633,0.039997254278824196
13398,191,1,383.57,5.2574953720277815,0.6931471805599453,5.952125826992153,2,Hibernating,-0.8469121814863247,0.4141233508222132
13070,191,1,228.8,5.2574953720277815,0.6931471805599453,5.437209365414655,2,Hibernating,-1.0348517279058884,0.2745782932099255
14819,63,2,176.07,4.1588830833596715,1.0986122886681098,5.1765451346181255,2,Hibernating,-0.6008786016411813,-0.15876085534951542
12790,191,1,199.42000000000002,5.2574953720277815,0.6931471805599453,5.3004151646301825,2,Hibernating,-1.0847802929579713,0.2375063484307371
15163,17,2,278.77,2.8903717578961645,1.0986122886681098,5.633967837040506,1,At Risk,-0.14065156990749722,-0.5612626561461664
18204,70,3,1655.2,4.2626798770413155,1.3862943611198906,7.4122811005996,3,Loyal Customers,0.38634741620114976,0.5563794577668182
16810,191,1,289.64,5.2574953720277815,0.6931471805599453,5.672085387912946,2,Hibernating,-0.949124243105878,0.33823092531039695
15124,22,2,126.5,3.1354942159291497,1.0986122886681098,4.848116364598481,1,At Risk,-0.4841506155178492,-0.6725002176632567
12473,53,3,2218.95,3.9889840465642745,1.3862943611198906,7.705239952090166,3,Loyal Customers,0.5565513960370179,0.5221818325672366
16969,38,3,522.2,3.6635616461296463,1.3862943611198906,6.259963800142989,3,Loyal Customers,0.10427522074690768,-0.004554475941112154
13917,49,2,252.14000000000001,3.912023005428146,1.0986122886681098,5.533942695364303,1,At Risk,-0.4133593777298288,-0.16435770585099305
16424,190,1,70.56,5.25227342804663,0.6931471805599453,4.270536258640519,2,Hibernating,-1.4594688871942298,-0.043763473240620084
13062,190,1,65.69999999999999,5.25227342804663,0.6931471805599453,4.2002049529215775,2,Hibernating,-1.4851391360253094,-0.06282362540283629
16484,173,2,376.8,5.159055299214529,1.0986122886681098,5.93436495506741,2,Hibernating,-0.5555154426819968,0.4617102058557924
14389,64,2,792.94,4.174387269895637,1.0986122886681098,6.677007891641195,3,Loyal Customers,-0.05680862896461447,0.2543070569111773
15184,28,2,283.45,3.367295829986474,1.0986122886681098,5.650557491196657,1,At Risk,-0.2448584696219274,-0.3588306697865571
18135,28,4,206.25,3.367295829986474,1.6094379124341003,5.333925794015404,1,At Risk,-0.013815104302462494,-0.3271516361940555
14453,189,1,109.98,5.247024072160486,0.6931471805599453,4.709350004897755,2,Hibernating,-1.298092479132126,0.0729787284603392
17900,189,2,97.19999999999999,5.247024072160486,1.0986122886681098,4.58700621536042,2,Hibernating,-1.0676262474321065,0.1330782988171731
13437,13,7,2384.36,2.6390573296152584,2.0794415416798357,7.777105335327859,0,Champions,1.3651981308950139,0.14082356019856787
12517,27,4,2176.85,3.332204510175204,1.6094379124341003,7.686093430597807,3,Loyal Customers,0.8528163171936045,0.29573428541058233
16529,189,1,391.65000000000003,5.247024072160486,0.6931471805599453,5.972918629820883,2,Hibernating,-0.8369021075706543,0.415412442895859
17531,189,1,233.1,5.247024072160486,0.6931471805599453,5.455748374496865,2,Hibernating,-1.0256642669887355,0.27525659537555225
16239,56,2,363.2,4.04305126783455,1.0986122886681098,5.897703167293508,1,At Risk,-0.3108832534174707,-0.011396518785589695
14500,87,2,218.10000000000002,4.477336814478207,1.0986122886681098,5.389528246601421,2,Hibernating,-0.5967663965563578,0.031125403964162524
16117,189,1,195.31,5.247024072160486,0.6931471805599453,5.279695042419942,2,Hibernating,-1.0899220366370845,0.22754522042310862
16593,50,2,104.47999999999999,3.9318256327243257,1.0986122886681098,4.658521361485086,2,Hibernating,-0.737457976261515,-0.3933828577049141
13248,124,2,434.21,4.8283137373023015,1.0986122886681098,6.07582867321892,2,Hibernating,-0.4274170982091282,0.3627811189252206
16967,188,1,305.09999999999997,5.241747015059643,0.6931471805599453,5.723911845951367,2,Hibernating,-0.9265671603836803,0.3457401822034922
15405,188,1,128.84,5.241747015059643,0.6931471805599453,4.8663029232063355,2,Hibernating,-1.2395861527310699,0.11332367299609394
16659,188,1,20.4,5.241747015059643,0.6931471805599453,3.0633909220278057,2,Hibernating,-1.8976316591765532,-0.375274920848779
16880,30,7,809.37,3.4339872044851463,2.0794415416798357,6.697490933493093,3,Loyal Customers,0.7873662944243488,0.1781593252662953
13435,4,7,1894.06,1.6094379124341003,2.0794415416798357,7.547005779284417,0,Champions,1.5192557980117394,-0.34885391312211633
13131,22,3,604.3,3.1354942159291497,1.3862943611198906,6.405724202897641,3,Loyal Customers,0.27956236208436114,-0.18421459289234887
14891,147,2,468.1,4.997212273764115,1.0986122886681098,6.150815965334412,2,Hibernating,-0.43909578025755236,0.45320042730227994
16682,4,5,363.42,1.6094379124341003,1.791759469228055,5.898307048621732,1,At Risk,0.7222955225055031,-0.8618256467501395
15453,1,7,1160.12,0.6931471805599453,2.0794415416798357,7.057140335529827,0,Champions,1.552300512135232,-0.8618949007350528
16963,186,1,110.55000000000001,5.231108616854587,0.6931471805599453,4.714472920878541,2,Hibernating,-1.2925431070705162,0.06776173064832823
13682,186,1,34.0,5.231108616854587,0.6931471805599453,3.5553480614894135,2,Hibernating,-1.715612510697353,-0.24636717637428487
15152,9,13,3794.9900000000002,2.302585092994046,2.6390573296152584,8.2417005253744,0,Champions,1.9922777553312947,0.25579584004809086
15462,93,3,144.6,4.543294782270004,1.3862943611198906,4.980863135762585,2,Hibernating,-0.5659731807536935,0.01391506353605125
12449,21,4,2733.84,3.091042453358316,1.6094379124341003,7.91382821223076,3,Loyal Customers,0.9916925281891229,0.2573629722078648
15349,157,2,357.46,5.062595033026967,1.0986122886681098,5.8818170778034515,2,Hibernating,-0.5523938808259836,0.4074358943652458
16849,186,1,84.77,5.231108616854587,0.6931471805599453,4.45166929500233,2,Hibernating,-1.3884638979756603,-0.003459428219389436
12802,186,1,397.58,5.231108616854587,0.6931471805599453,5.987908230905205,2,Hibernating,-0.8277514905277863,0.41286936841695926
15073,9,3,1043.41,2.302585092994046,1.3862943611198906,6.951207411654662,3,Loyal Customers,0.6712220329628644,-0.3820651008234576
16298,22,3,385.2,3.1354942159291497,1.3862943611198906,5.956355369994414,1,At Risk,0.11554706847306848,-0.30599589987278136
12535,91,2,577.85,4.5217885770490405,1.0986122886681098,6.361043376651738,3,Loyal Customers,-0.2524497151166415,0.3128597489475055
18248,122,2,599.84,4.812184355372417,1.0986122886681098,6.398328676129854,3,Loyal Customers,-0.30597868931880506,0.44348618851122595
15386,185,1,370.74,5.225746673713202,0.6931471805599453,5.9181946851802065,2,Hibernating,-0.8519566140599051,0.3917512842363389
16611,185,1,129.49,5.225746673713202,0.6931471805599453,4.871296595474155,2,Hibernating,-1.2340643282395776,0.10803641950922319
17252,116,2,294.31,4.762173934797756,1.0986122886681098,5.688025652043763,2,Hibernating,-0.5536703411425505,0.23023470208262548
14542,185,1,103.25,5.225746673713202,0.6931471805599453,4.646791860678911,2,Hibernating,-1.316006392972174,0.04719446068884339
16825,38,2,521.48,3.6635616461296463,1.0986122886681098,6.258586705594402,1,At Risk,-0.09142853219655027,-0.0710934194554477
12380,21,4,1738.25,3.091042453358316,1.6094379124341003,7.461209264803751,3,Loyal Customers,0.8264909740967807,0.13470086717122293
18072,185,1,247.44,5.225746673713202,0.6931471805599453,5.515201367691102,2,Hibernating,-0.999045291448438,0.2825379847933568
13643,30,3,468.44,3.4339872044851463,1.3862943611198906,6.151540494954617,3,Loyal Customers,0.11777798287294908,-0.1292172243156851
15969,2,3,272.7,1.0986122886681098,1.3862943611198906,5.612032616046633,1,At Risk,0.4607873749421135,-1.24466903891103
13283,59,2,93.66,4.0943445622221,1.0986122886681098,4.5502915244781015,2,Hibernating,-0.8145342182643278,-0.35526405640774095
17015,28,3,1743.84,3.367295829986474,1.3862943611198906,7.46441813988828,3,Loyal Customers,0.6123843143616033,0.19890080855053174
14375,184,1,219.66,5.220355825078324,0.6931471805599453,5.39662305533216,2,Hibernating,-1.041078901135142,0.24816529641468696
17124,184,1,262.44,5.220355825078324,0.6931471805599453,5.573825638068109,2,Hibernating,-0.9764016660711451,0.2961881243141451
17987,184,1,123.92999999999999,5.220355825078324,0.6931471805599453,4.827753580443738,2,Hibernating,-1.2487107774883015,0.09399868965292354
13395,184,1,251.28,5.220355825078324,0.6931471805599453,5.53053958179545,2,Hibernating,-0.9922006594792259,0.2844573763829726
17828,22,4,902.02,3.1354942159291497,1.6094379124341003,6.8057447015659545,3,Loyal Customers,0.5769757460775529,-0.024484804926188437
15743,15,4,565.76,2.772588722239781,1.6094379124341003,6.339935933696026,3,Loyal Customers,0.49086159188267375,-0.3013367980774925
17414,184,1,28.0,5.220355825078324,0.6931471805599453,3.367295829986474,2,Hibernating,-1.7817637825233017,-0.30179300887524263
14622,184,1,288.78000000000003,5.220355825078324,0.6931471805599453,5.669122014392577,2,Hibernating,-0.9416194070480414,0.32201394134803824
15609,183,1,268.78000000000003,5.214935757608986,0.6931471805599453,5.597606812041533,2,Hibernating,-0.9664686798933777,0.3003834756534843
14561,75,3,957.37,4.330733340286331,1.3862943611198906,6.865233924700978,3,Loyal Customers,0.1709469192025513,0.436370795378473
16358,0,4,2027.5,0.0,1.6094379124341003,7.615051882646502,0,Champions,1.5972723844165004,-1.1064713451953203
15238,28,3,747.23,3.367295829986474,1.3862943611198906,6.617710417341168,3,Loyal Customers,0.3033441550356889,-0.030561418315608033
13115,11,4,2029.06,2.4849066497880004,1.6094379124341003,7.61582062824929,3,Loyal Customers,1.023057566981372,-0.07496103271738444
13466,183,1,197.70000000000002,5.214935757608986,0.6931471805599453,5.291796149557771,2,Hibernating,-1.078086624717646,0.21750718464501406
17360,16,3,486.79,2.833213344056216,1.3862943611198906,6.189884985366686,1,At Risk,0.27066863866614566,-0.36816270745317975
13510,0,4,1565.02,0.0,1.6094379124341003,7.3562926478612765,0,Champions,1.5028277572852906,-1.176596452897633
12406,21,2,2871.78,3.091042453358316,1.0986122886681098,7.963035481038572,3,Loyal Customers,0.6630418235819607,0.15321051807258604
16892,0,5,367.99,0.0,1.791759469228055,5.9107695434023055,0,Champions,1.0989365331938656,-1.526407544128093
14241,183,1,213.70000000000002,5.214935757608986,0.6931471805599453,5.369241704884735,2,Hibernating,-1.049819743336985,0.23849533570704856
14132,1,11,2714.17,0.6931471805599453,2.4849066497880004,7.906609845509081,0,Champions,2.1374692331596457,-0.5384288369979725
14963,9,5,983.63,2.302585092994046,1.791759469228055,6.892265936086004,3,Loyal Customers,0.9248294982772041,-0.30478317135461097
17169,57,2,751.76,4.060443010546419,1.0986122886681098,6.623746451896652,3,Loyal Customers,-0.04990531696721667,0.19258304668748577
15252,35,2,740.78,3.58351893845611,1.0986122886681098,6.60905270324689,3,Loyal Customers,0.05499356998691704,-0.009335139351376483
17731,78,4,871.06,4.3694478524670215,1.6094379124341003,6.770858228881313,3,Loyal Customers,0.278959895237304,0.4781841720185585
16113,182,1,110.15,5.209486152841421,0.6931471805599453,4.710880640410205,2,Hibernating,-1.2888552717997301,0.05781430941098439
12694,69,2,447.62,4.248495242049359,1.0986122886681098,6.106176204239879,3,Loyal Customers,-0.2822900093341171,0.13036544867209698
16107,28,6,577.9000000000001,3.367295829986474,1.9459101490553132,6.361129751084959,3,Loyal Customers,0.5894111936770506,0.028613304741743374
17483,64,3,381.64,4.174387269895637,1.3862943611198906,5.947094599372042,3,Loyal Customers,-0.12801882003929357,0.12266247596183619
15679,23,4,690.98,3.1780538303479458,1.6094379124341003,6.539557053465902,3,Loyal Customers,0.4699802939877059,-0.07895968597321212
13686,182,1,72.0,5.209486152841421,0.6931471805599453,4.290459441148391,2,Hibernating,-1.442304958089362,-0.05612203725908061
16581,182,1,105.84,5.209486152841421,0.6931471805599453,4.67133238824176,2,Hibernating,-1.3032900027295848,0.047096525966260794
17234,182,1,114.04,5.209486152841421,0.6931471805599453,4.745279893972737,2,Hibernating,-1.2762998757420712,0.06713668726912692
17797,21,3,644.63,3.091042453358316,1.3862943611198906,6.470226584277603,3,Loyal Customers,0.31338208860569994,-0.18518276684093954
16614,182,1,305.79,5.209486152841421,0.6931471805599453,5.726163474437768,2,Hibernating,-0.9182868212783808,0.3329612742858289
12409,78,3,1646.79,4.3694478524670215,1.3862943611198906,7.4071902751654175,3,Loyal Customers,0.35980520321215637,0.5993113509261605
15411,25,4,1022.2,3.258096538021482,1.6094379124341003,6.930690250264633,3,Loyal Customers,0.5942347512664944,0.060259299240435236
14178,8,7,1446.49,2.1972245773362196,2.0794415416798357,7.27758630096042,0,Champions,1.285027559542984,-0.17792099142496143
18281,180,1,46.92,5.198497031265826,0.6931471805599453,3.869532953807194,2,Hibernating,-1.593398451153118,-0.17475609572972503
14984,18,2,89.57000000000001,2.9444389791664403,1.0986122886681098,4.506123032386857,1,At Risk,-0.5648040698419268,-0.8444751777756603
12516,77,2,270.48,4.356708826689592,1.0986122886681098,5.603888471835558,2,Hibernating,-0.49063851818285187,0.03915434236815374
17265,138,2,497.21,4.9344739331306915,1.0986122886681098,6.211021674886771,2,Hibernating,-0.4026165511980053,0.4434784192634225
13617,39,3,444.04,3.6888794541139363,1.3862943611198906,6.098164165767038,3,Loyal Customers,0.039366589180923006,-0.03789546427486339
17242,107,2,915.04,4.68213122712422,1.0986122886681098,6.820060031842976,3,Loyal Customers,-0.12198331115599283,0.5038021066813357
17289,31,3,877.57,3.4657359027997265,1.3862943611198906,6.778295585727668,3,Loyal Customers,0.3391974439959635,0.05381323695091694
16018,38,2,332.46,3.6635616461296463,1.0986122886681098,5.809522918132313,1,At Risk,-0.2553324871614357,-0.19279205752386375
14704,19,7,1288.44,2.995732273553991,2.0794415416798357,7.161963294576201,3,Loyal Customers,1.058216122113013,0.12214638054180876
16794,0,10,1114.82,0.0,2.3978952727983707,7.017344839609993,0,Champions,1.9141076220938802,-1.087110996255367
13761,49,2,974.65,3.912023005428146,1.0986122886681098,6.883103915541008,3,Loyal Customers,0.07907146627555875,0.20127205013125424
13517,59,3,1839.49,4.0943445622221,1.3862943611198906,7.5177871194981485,3,Loyal Customers,0.46377420398310987,0.5151085337628243
13936,179,1,369.74,5.19295685089021,0.6931471805599453,5.915501008300943,2,Hibernating,-0.8453589712614924,0.37741264002642
16342,74,4,193.96,4.31748811353631,1.6094379124341003,5.272794409316951,2,Hibernating,-0.2558061849565907,0.050636365982214826
14177,85,4,450.77,4.454347296253507,1.6094379124341003,6.113173200766838,3,Loyal Customers,0.019282959447354503,0.33518359974231554
12732,179,1,178.26000000000002,5.19295685089021,0.6931471805599453,5.188837265929216,2,Hibernating,-1.1105842346420665,0.18048296043651693
16205,30,4,603.3299999999999,3.4339872044851463,1.6094379124341003,6.404120406351728,3,Loyal Customers,0.3613769733416229,-0.009444607619825601
15036,71,3,341.11,4.276666119016055,1.3862943611198906,5.835132322775277,3,Loyal Customers,-0.1925302239468043,0.13476854004822342
13589,14,2,256.05,2.70805020110221,1.0986122886681098,5.549270618501514,1,At Risk,-0.1294135962416893,-0.659884313871779
17579,4,3,427.65000000000003,1.6094379124341003,1.3862943611198906,6.060640735124765,1,At Risk,0.5064252178303708,-0.9110877456093801
15069,178,1,825.48,5.187385805840755,0.6931471805599453,6.71717571854119,2,Hibernating,-0.5514674355094635,0.5923585536937613
17349,178,1,35.05,5.187385805840755,0.6931471805599453,3.584906863730958,2,Hibernating,-1.6947153830186379,-0.25650270908776185
13080,178,1,58.08,5.187385805840755,0.6931471805599453,4.078892457663179,2,Hibernating,-1.5144154015867033,-0.12263002621852875
13663,178,1,91.07,5.187385805840755,0.6931471805599453,4.522549157299754,2,Hibernating,-1.3524849815720592,-0.0023967372667722878
14503,2,6,2664.66,1.0986122886681098,1.9459101490553132,7.888206960722801,0,Champions,1.6712855853666022,-0.49910444430909745
16774,67,4,590.12,4.219507705176107,1.6094379124341003,6.382019042480392,3,Loyal Customers,0.17170259532553842,0.3105775896058304
13384,30,7,2877.66,3.4339872044851463,2.0794415416798357,7.9650801870769214,0,Champions,1.2500241567016903,0.5216826511241732
17101,29,3,1067.18,3.4011973816621555,1.3862943611198906,6.973711544644826,3,Loyal Customers,0.42544330195817237,0.07998679204275894
14997,45,3,234.32,3.828641396489095,1.3862943611198906,5.460946289996255,1,At Risk,-0.22552391140023148,-0.1525799432114199
17155,17,2,78.2,2.8903717578961645,1.0986122886681098,4.37197629882038,1,At Risk,-0.6012663200201643,-0.9032689718262535
12809,177,1,343.41,5.181783550292085,0.6931471805599453,5.841832808136685,2,Hibernating,-0.8696639548260453,0.35281095674448076
16461,177,1,76.67,5.181783550292085,0.6931471805599453,4.352469082431556,2,Hibernating,-1.4132673622705074,-0.0508144124512439
13343,177,1,290.93,5.181783550292085,0.6931471805599453,5.676514047502008,2,Hibernating,-0.9300037093430009,0.30800870686790355
12624,105,2,492.78,4.663439094112067,1.0986122886681098,6.202090073863219,3,Loyal Customers,-0.34321488247099374,0.328571282317496
18165,176,1,177.66,5.176149732573829,0.6931471805599453,5.185484558273693,2,Hibernating,-1.1079222364312389,0.17259896050244405
16324,127,3,369.89,4.852030263919617,1.3862943611198906,5.915905522686946,3,Loyal Customers,-0.2960694979750984,0.3954498371034231
17651,11,10,3623.63,2.4849066497880004,2.3978952727983707,8.195507493113867,0,Champions,1.769630234940506,0.2634792310636399
14222,176,1,576.5,5.176149732573829,0.6931471805599453,6.358708442395948,2,Hibernating,-0.6797068246438073,0.49054877706178845
15585,176,1,439.4,5.176149732573829,0.6931471805599453,6.087683404848525,2,Hibernating,-0.7786283515822926,0.41709957257711977
17490,0,7,1169.33,0.0,2.0794415416798357,7.065041039304868,0,Champions,1.7154356326219098,-1.1474281803464574
16739,176,1,238.75,5.176149732573829,0.6931471805599453,5.479596713763548,2,Hibernating,-1.000574133925636,0.25230489485259083
16276,176,1,177.0,5.176149732573829,0.6931471805599453,5.181783550292085,2,Hibernating,-1.1092730686793042,0.17159596795791598
17193,35,7,1088.8600000000001,3.58351893845611,2.0794415416798357,6.993804526607047,3,Loyal Customers,0.8609470671124055,0.3205214850292316
16279,20,3,1393.0,3.044522437723423,1.3862943611198906,7.2399325913204695,3,Loyal Customers,0.6050725103227795,0.004104555068503915
14285,20,4,368.78000000000003,3.044522437723423,1.6094379124341003,5.912908234202207,3,Loyal Customers,0.2721311648354132,-0.3042038571064104
17642,119,2,635.49,4.787491742782046,1.0986122886681098,6.4559687069549545,3,Loyal Customers,-0.2792318506992452,0.4488588514407304
12816,95,2,265.90000000000003,4.564348191467836,1.0986122886681098,5.586874056410479,2,Hibernating,-0.5448535823097626,0.12071917454167233
13826,175,1,102.30000000000001,5.170483995038151,0.6931471805599453,4.637637376125593,2,Hibernating,-1.3065712942355574,0.02177807424327774
13575,22,5,674.5699999999999,3.1354942159291497,1.791759469228055,6.515556778974358,3,Loyal Customers,0.5947707298372212,-0.06119401158828935
17157,7,2,319.0,2.0794415416798357,1.0986122886681098,5.768320995793772,1,At Risk,0.09586820420128092,-0.8614097330743052
16852,9,2,70.96000000000001,2.302585092994046,1.0986122886681098,4.2761104090823325,1,At Risk,-0.500363720776388,-1.1731961412019163
15219,175,1,152.8,5.170483995038151,0.6931471805599453,5.035653057071544,2,Hibernating,-1.1612994062176647,0.12964240811607908
15014,42,2,175.17000000000002,3.7612001156935624,1.0986122886681098,5.1714494379390485,1,At Risk,-0.5107965827323518,-0.32519076500258604
14765,28,3,159.76,3.367295829986474,1.3862943611198906,5.079912569581,1,At Risk,-0.25793724021744946,-0.44731268822902354
16869,22,4,690.79,3.1354942159291497,1.6094379124341003,6.539282441353783,3,Loyal Customers,0.4797195888966659,-0.09669747285856053
15909,173,1,191.94,5.159055299214529,0.6931471805599453,5.262379259742407,2,Hibernating,-1.0759042817023592,0.1863431853407916
13618,173,1,154.54,5.159055299214529,0.6931471805599453,5.046902933266797,2,Hibernating,-1.1545510644016632,0.12794797245518144
16050,173,1,77.48,5.159055299214529,0.6931471805599453,4.362843815257108,2,Hibernating,-1.4042260504548298,-0.05743563081986367
17879,173,1,154.67,5.159055299214529,0.6931471805599453,5.047738382047758,2,Hibernating,-1.1542461336475183,0.1281743834499165
17562,13,7,1078.82,2.6390573296152584,2.0794415416798357,6.984549639561166,0,Champions,1.0759229395012428,-0.0739631838256655
15334,156,3,337.92,5.056245805348308,1.3862943611198906,5.825764091330264,2,Hibernating,-0.3761836509498287,0.4557758877659833
12450,155,2,131.88,5.049856007249537,1.0986122886681098,4.889446465305039,2,Hibernating,-0.9116544055025526,0.13321122890325177
13568,172,1,169.20000000000002,5.153291594497779,0.6931471805599453,5.136974216139274,2,Hibernating,-1.120343380433438,0.1499656719096209
14820,20,4,423.79,3.044522437723423,1.6094379124341003,6.051594929161006,3,Loyal Customers,0.32275047202387086,-0.2666190364953284
16744,10,7,1034.02,2.3978952727983707,2.0794415416798357,6.942176029184267,0,Champions,1.1162121903461213,-0.18553528577206208
15700,171,2,551.43,5.147494476813453,1.0986122886681098,6.314326728532607,2,Hibernating,-0.41416026463398486,0.5598837892088434
17299,11,4,532.25,2.4849066497880004,1.6094379124341003,6.27899035735146,3,Loyal Customers,0.5351274006340545,-0.43724903687009586
12837,172,1,58.75,5.153291594497779,0.6931471805599453,4.09016919081162,2,Hibernating,-1.5024171270118218,-0.1337239718835878
15076,172,1,771.3,5.153291594497779,0.6931471805599453,6.649373075575218,2,Hibernating,-0.5683323711581459,0.5598336829772438
17444,151,2,1789.94,5.0238805208462765,1.0986122886681098,7.490495900662025,3,Loyal Customers,0.04370894856523824,0.8273287332772227
15921,172,1,151.06,5.153291594497779,0.6931471805599453,5.0242751798002905,2,Hibernating,-1.1614774426589523,0.11942364287719731
15747,12,3,631.09,2.5649493574615367,1.3862943611198906,6.44903178907151,1,At Risk,0.4272757374109766,-0.40926921580226133
15840,58,2,317.8,4.07753744390572,1.0986122886681098,5.76456394691606,1,At Risk,-0.3674507813646746,-0.03316526960293709
15016,172,1,100.24000000000001,5.153291594497779,0.6931471805599453,4.617493935676923,2,Hibernating,-1.3099486767661672,0.009183795479640306
14808,39,7,1361.85,3.6888794541139363,2.0794415416798357,7.217333374283138,3,Loyal Customers,0.9181742278805203,0.42482637381452915
12904,17,2,338.21,2.8903717578961645,1.0986122886681098,5.826619384615263,1,At Risk,-0.07033561155319738,-0.5090530778719444
15825,171,1,199.44,5.147494476813453,0.6931471805599453,5.300514950091524,2,Hibernating,-1.0593123299423521,0.19188011008774172
12432,42,4,1909.68,3.7612001156935624,1.6094379124341003,7.555214478622666,3,Loyal Customers,0.7058655692003464,0.43830992604273844
15280,171,1,87.62,5.147494476813453,0.6931471805599453,4.484357565771344,2,Hibernating,-1.3572019102175528,-0.02930281513227962
17159,21,3,1436.45,3.091042453358316,1.3862943611198906,7.270625989457881,3,Loyal Customers,0.6055201583485524,0.03172966351046889
15329,38,3,830.95,3.6635616461296463,1.3862943611198906,6.723772342861516,3,Loyal Customers,0.27356086929073375,0.12114006801742674
15507,171,1,296.76,5.147494476813453,0.6931471805599453,5.696287792893941,2,Hibernating,-0.9148590562334623,0.2991366230783056
18252,50,2,377.27,3.9318256327243257,1.0986122886681098,5.935608226353245,1,At Risk,-0.2713335773902998,-0.04728562945170269
16526,171,1,237.66,5.147494476813453,0.6931471805599453,5.47503994494151,2,Hibernating,-0.9956123886538247,0.23917729764805826
17695,131,2,607.94,4.882801922586371,1.0986122886681098,6.411719740688782,3,Loyal Customers,-0.317417434626681,0.4764233951614069
12930,77,2,389.61,4.356708826689592,1.0986122886681098,5.967709619753367,2,Hibernating,-0.3578473052003805,0.13775177871971672
14960,7,2,188.12,2.0794415416798357,1.0986122886681098,5.242381734217734,1,At Risk,-0.09609455799517327,-1.0039420272106163
12444,20,5,2382.56,3.044522437723423,1.791759469228055,7.776350447392865,3,Loyal Customers,1.075980394432205,0.2427319812016864
17960,170,1,73.78,5.14166355650266,0.6931471805599453,4.314550469548967,2,Hibernating,-1.4178317904295916,-0.07774141359800868
15412,170,1,49.79,5.14166355650266,0.6931471805599453,3.9276994848131537,2,Hibernating,-1.5590286719207613,-0.18258005633035918
13849,51,2,1325.55,3.9512437185814275,1.0986122886681098,7.19033686604496,3,Loyal Customers,0.18214094063458489,0.3008114218766767
16114,170,1,135.75000000000003,5.14166355650266,0.6931471805599453,4.918154441302091,2,Hibernating,-1.197522157444095,0.08583842371239411
13420,149,2,87.6,5.0106352940962555,1.0986122886681098,4.484131857611035,2,Hibernating,-1.0505227395599168,0.007091214423348547
13780,6,2,247.31,1.9459101490553132,1.0986122886681098,5.514677965565414,1,At Risk,0.03416259353042628,-0.9855673820147788
17877,169,1,158.01,5.135798437050262,0.6931471805599453,5.068967093324305,2,Hibernating,-1.1411210126038638,0.12427526250059853
16247,169,1,56.28,5.135798437050262,0.6931471805599453,4.04795152265239,2,Hibernating,-1.5137818567561754,-0.15242530402617505
15041,169,1,151.48,5.135798437050262,0.6931471805599453,5.027033439905892,2,Hibernating,-1.1564263920027427,0.11291102282521659
12379,81,2,736.44,4.406719247264253,1.0986122886681098,6.603184728972198,3,Loyal Customers,-0.13746712121472074,0.33072450835897454
16287,169,1,125.22000000000001,5.135798437050262,0.6931471805599453,4.838026416156094,2,Hibernating,-1.2254121342818374,0.0616891295932734
12919,7,6,1159.21,2.0794415416798357,1.9459101490553132,7.056356302198404,0,Champions,1.140906314684588,-0.3174702488700912
15130,169,1,330.11,5.135798437050262,0.6931471805599453,5.802450646452902,2,Hibernating,-0.8734065840169829,0.3230531465197341
12704,6,8,1180.98,1.9459101490553132,2.1972245773362196,7.074946277349118,0,Champions,1.349087690116661,-0.3100499989694461
17370,72,4,398.21999999999997,4.290459441148391,1.6094379124341003,5.989512643382737,3,Loyal Customers,0.012037929466480662,0.23365314686567473
17709,169,1,58.25,5.135798437050262,0.6931471805599453,4.081765780015241,2,Hibernating,-1.5014399786740118,-0.14326146320166583
15253,15,5,847.29,2.772588722239781,1.791759469228055,6.74322255846176,3,Loyal Customers,0.7617681026744475,-0.15011077080442958
13300,168,1,371.89,5.1298987149230735,0.6931471805599453,5.921283469984221,2,Hibernating,-0.8286697684690305,0.35280892328912217
17759,16,3,664.21,2.833213344056216,1.3862943611198906,6.500102780278537,3,Loyal Customers,0.38389514435678895,-0.28409206047733865
12465,16,2,621.49,2.833213344056216,1.0986122886681098,6.433727563952803,1,At Risk,0.164467703327119,-0.3682458353767402
12412,74,3,1115.04,4.31748811353631,1.3862943611198906,7.017541984592843,3,Loyal Customers,0.22960010971680908,0.4721499578191188
12697,28,3,676.71,3.367295829986474,1.3862943611198906,6.51871946782485,3,Loyal Customers,0.2672134124007719,-0.05738848403230697
13937,168,1,128.25,5.1298987149230735,0.6931471805599453,4.861748513388538,2,Hibernating,-1.2153898172866866,0.06566940145791993
12615,1,4,1552.99,0.6931471805599453,1.6094379124341003,7.348581095900453,0,Champions,1.3397616753880177,-0.8910119121540211
15850,18,2,202.97,2.9444389791664403,1.0986122886681098,5.317972924206478,1,At Risk,-0.2684866828197461,-0.6244596055808533
15186,13,2,349.85,2.6390573296152584,1.0986122886681098,5.860358781698298,1,At Risk,8.13204780550636e-05,-0.6042116588655778
14795,165,1,4.25,5.111987788356544,0.6931471805599453,1.6582280766035324,2,Hibernating,-2.3805030075980733,-0.8099349213887794
17768,7,3,1360.91,2.0794415416798357,1.3862943611198906,7.216643405230971,3,Loyal Customers,0.819693053411439,-0.40274103183310017
18112,11,2,198.52,2.4849066497880004,1.0986122886681098,5.295914481931726,1,At Risk,-0.1702967038918572,-0.8211556289719779
12548,165,1,67.19999999999999,5.111987788356544,0.6931471805599453,4.222444564849416,2,Hibernating,-1.4445886997779367,-0.11501882473414654
17386,7,3,154.70000000000002,2.0794415416798357,1.3862943611198906,5.0479310788399525,1,At Risk,0.02813395334351365,-0.9904734294409893
14104,165,1,69.71,5.111987788356544,0.6931471805599453,4.25858700561615,2,Hibernating,-1.4313970571891834,-0.10522403401490782
17110,164,1,76.1,5.10594547390058,0.6931471805599453,4.345103280569283,2,Hibernating,-1.3984225039650613,-0.08428539073375765
18193,164,1,208.91,5.10594547390058,0.6931471805599453,5.346678867425915,2,Hibernating,-1.0328570665695176,0.18714683837537952
13895,27,4,2144.67,3.332204510175204,1.6094379124341003,7.671207136902019,3,Loyal Customers,0.8473829634482539,0.29170002186218447
16545,164,1,101.7,5.10594547390058,0.6931471805599453,4.631812116934513,2,Hibernating,-1.2937765415969456,-0.0065857946362333775
14351,164,1,51.0,5.10594547390058,0.6931471805599453,3.9512437185814275,2,Hibernating,-1.542177448614204,-0.19102339460406847
16824,15,2,402.74,2.772588722239781,1.0986122886681098,6.000771106428282,1,At Risk,0.02045881480371331,-0.5107401240839784
17750,4,9,1101.16,1.6094379124341003,2.302585092994046,7.005027169736343,0,Champions,1.4728485851969657,-0.44441081656229625
16200,3,2,854.4200000000001,1.3862943611198906,1.0986122886681098,6.751592576393925,1,At Risk,0.6150042954469297,-0.8826123972244623
17997,73,8,1264.1,4.30406509320417,2.1972245773362196,7.142906449420623,3,Loyal Customers,0.8287013242799659,0.6870642318876197
14383,37,3,903.67,3.6375861597263857,1.3862943611198906,6.807570236318296,3,Loyal Customers,0.31015166837104124,0.13306922214341005
13461,38,3,329.8,3.6635616461296463,1.3862943611198906,5.801513963149536,1,At Risk,-0.06305455184709738,-0.12879678258557906
15537,162,1,86.02,5.093750200806762,0.6931471805599453,4.466137977292534,2,Hibernating,-1.3514265325785926,-0.05654571494915784
14327,162,1,311.65,5.093750200806762,0.6931471805599453,5.745084354013307,2,Hibernating,-0.8846234298005894,0.29005545075404066
17837,41,8,1080.68,3.7376696182833684,2.1972245773362196,6.986270667050502,3,Loyal Customers,0.9024779844640256,0.40954601294622006
17949,7,4,258.29999999999995,2.0794415416798357,1.6094379124341003,5.5579856925446185,1,At Risk,0.3657087289676034,-0.800923820071131
12424,162,2,703.72,5.093750200806762,1.0986122886681098,6.557800560801541,3,Loyal Customers,-0.31286931026314235,0.6035611768559237
15578,161,1,119.15,5.087596335232384,0.6931471805599453,4.788740962182478,2,Hibernating,-1.2322568153618192,0.028327366404101877
15584,23,4,567.46,3.1780538303479458,1.6094379124341003,6.342930950117102,3,Loyal Customers,0.39821366107717904,-0.13224638967623273
13745,161,1,241.35999999999999,5.087596335232384,0.6931471805599453,5.490424224076788,2,Hibernating,-0.9761491866280102,0.21848720496634697
16498,160,2,93.02,5.081404364984463,1.0986122886681098,4.5435075255959845,2,Hibernating,-1.0452125744876324,0.052553367446726486
17891,161,1,203.85999999999999,5.087596335232384,0.6931471805599453,5.3223268190083886,2,Hibernating,-1.0375031195865236,0.1729319278969704
17123,161,1,263.7,5.087596335232384,0.6931471805599453,5.578597109233056,2,Hibernating,-0.9439669332348952,0.2423825185892173
16866,140,3,108.24000000000001,4.948759890378168,1.3862943611198906,4.693547296605504,2,Hibernating,-0.7645817762287185,0.10432970976995729
13730,135,2,522.55,4.912654885736052,1.0986122886681098,6.260632536733471,2,Hibernating,-0.379464632790973,0.4478677409063448
16589,70,3,459.24,4.2626798770413155,1.3862943611198906,6.131748092555038,3,Loyal Customers,-0.08103479172026708,0.20934830666597043
12922,160,1,377.3,5.081404364984463,0.6931471805599453,5.935687531638983,2,Hibernating,-0.8122008240969767,0.33658606166652794
16009,21,4,665.1600000000001,3.091042453358316,1.6094379124341003,6.501529881927564,3,Loyal Customers,0.4762172474161438,-0.12537727125633766
14053,159,1,41.75,5.075173815233827,0.6931471805599453,3.755369195382769,2,Hibernating,-1.6065555404692253,-0.2568774683202934
17939,159,1,99.14,5.075173815233827,0.6931471805599453,4.606569206901798,2,Hibernating,-1.29587573895906,-0.026197807617455666
17312,154,2,96.35000000000001,5.043425116919247,1.0986122886681098,4.578312731818209,2,Hibernating,-1.0237284369613446,0.046223368211109124
13833,158,1,225.45,5.0689042022202315,0.6931471805599453,5.422524170002223,2,Hibernating,-0.9966105438343379,0.1923282051778477
17899,158,1,94.34,5.0689042022202315,0.6931471805599453,4.55744944977668,2,Hibernating,-1.3123544803170328,-0.04211157424380624
15007,158,1,146.96,5.0689042022202315,0.6931471805599453,4.996941966964253,2,Hibernating,-1.151943946767615,0.07699319945719713
17781,158,1,62.17,5.0689042022202315,0.6931471805599453,4.145829504910609,2,Hibernating,-1.4625917935665957,-0.15366273488204024
17464,157,1,248.20000000000002,5.062595033026967,0.6931471805599453,5.518255786913298,2,Hibernating,-0.960210784397579,0.21565350261515556
18265,71,2,609.11,4.276666119016055,1.0986122886681098,6.413639268779094,3,Loyal Customers,-0.17658189021297496,0.22538120827188726
16861,59,2,112.80000000000001,4.0943445622221,1.0986122886681098,4.73444252169223,2,Hibernating,-0.7473208788750513,-0.30535817179710056
16344,157,1,101.10000000000001,5.062595033026967,0.6931471805599453,4.62595272517062,2,Hibernating,-1.2858928031447445,-0.02616529994756319
13338,157,1,316.47,5.062595033026967,0.6931471805599453,5.76038332567948,2,Hibernating,-0.8718365660399228,0.28127133359911033
17024,44,3,95.85,3.8066624897703196,1.3862943611198906,4.573163389853005,1,At Risk,-0.5444747242987277,-0.40229558587744696
13414,133,2,568.5,4.897839799950911,1.0986122886681098,6.3447587828872365,3,Loyal Customers,-0.34533420532572,0.4645177417501917
14034,21,3,343.84,3.091042453358316,1.3862943611198906,5.843080541341724,1,At Risk,0.08447982650458055,-0.3551426287274566
18203,156,1,126.07,5.056245805348308,0.6931471805599453,4.844738115716443,2,Hibernating,-1.2045703408744584,0.030491589224343026
16616,14,2,420.52,2.70805020110221,1.0986122886681098,6.04386722590103,1,At Risk,0.05110939921770116,-0.5258460431531415
16338,156,1,199.85,5.056245805348308,0.6931471805599453,5.302558360805291,2,Hibernating,-1.037470363258494,0.15456327316560245
17046,156,1,248.6,5.056245805348308,0.6931471805599453,5.519859636495273,2,Hibernating,-0.9581574916822934,0.21345305684523785
13109,59,2,763.2,4.0943445622221,1.0986122886681098,6.6388295350128,3,Loyal Customers,-0.052237970874239814,0.2107406817446306
16829,156,1,181.32,5.056245805348308,0.6931471805599453,5.205763384937429,2,Hibernating,-1.0727995966734967,0.1283313278075535
14002,133,2,368.59999999999997,4.897839799950911,1.0986122886681098,5.912421339767529,2,Hibernating,-0.503133205791124,0.3473520305914144
17045,112,2,210.24,4.727387818712341,1.0986122886681098,5.352994927838733,2,Hibernating,-0.6679109870714449,0.12500246315795258
12977,155,1,10.74,5.049856007249537,0.6931471805599453,2.4630018143999504,2,Hibernating,-2.072403856248738,-0.6176233563595692
13291,155,1,338.41,5.049856007249537,0.6931471805599453,5.827208816125654,2,Hibernating,-0.8445007202160809,0.2940943588543558
13583,155,1,691.05,5.049856007249537,0.6931471805599453,6.539658207342711,2,Hibernating,-0.5844635580286069,0.48717187484334606
16929,3,7,1211.81,1.3862943611198906,2.0794415416798357,7.1006952602367,0,Champions,1.4079462001859198,-0.5624168763411888
17892,56,2,121.1,4.04305126783455,1.0986122886681098,4.804840381116659,2,Hibernating,-0.709767638864497,-0.30756805696513007
15505,52,5,1903.86,3.970291913552122,1.791759469228055,7.552163794046571,3,Loyal Customers,0.7801221175921379,0.5661950405650579
14459,154,1,1274.16,5.043425116919247,0.6931471805599453,7.150826939915369,3,Loyal Customers,-0.3599060772575709,0.6501328123852561
18013,154,2,129.81,5.043425116919247,1.0986122886681098,4.873745888700135,2,Hibernating,-0.9158981816776292,0.12628730085635365
13681,17,4,796.0300000000001,2.8903717578961645,1.6094379124341003,6.680892319236134,3,Loyal Customers,0.5880766608066127,-0.16005275724436108
13699,154,1,70.08000000000001,5.043425116919247,0.6931471805599453,4.263806003286451,2,Hibernating,-1.4136408979924882,-0.13226498024994635
14493,6,5,2047.03,1.9459101490553132,1.791759469228055,7.624633634489611,0,Champions,1.2745977424426047,-0.2543372245845142
13486,77,3,999.55,4.356708826689592,1.3862943611198906,6.908305127787573,3,Loyal Customers,0.18066211777082156,0.4588238308063568
16012,34,3,984.87,3.5553480614894135,1.3862943611198906,6.893524500068423,3,Loyal Customers,0.3605370977126472,0.12223229201394453
12635,89,2,1357.69,4.499809670330265,1.0986122886681098,7.214276279226745,3,Loyal Customers,0.06405346246272439,0.5349685062043722
17031,11,2,317.95,2.4849066497880004,1.0986122886681098,5.765034350687964,1,At Risk,0.0009275274724823424,-0.6940216878427614
12461,154,1,419.08,5.043425116919247,0.6931471805599453,6.040445169329604,2,Hibernating,-0.7651847231899896,0.3492135376871328
12648,154,1,255.3,5.043425116919247,0.6931471805599453,5.546348633370026,2,Hibernating,-0.945525197392803,0.21531078894750266
18121,148,2,615.8,5.003946305945459,1.0986122886681098,6.4245448222491195,3,Loyal Customers,-0.3407442528550654,0.5301771824462039
15901,16,3,270.78,2.833213344056216,1.3862943611198906,5.6049929154923515,1,At Risk,0.057188669546848175,-0.5266715213635701
14918,115,2,1308.89,4.7535901911063645,1.0986122886681098,7.177698443203916,3,Loyal Customers,-0.00796961811190064,0.6303813489875838
15920,153,3,154.6,5.0369526024136295,1.3862943611198906,5.047288611744291,2,Hibernating,-0.6558592271856987,0.23679776659390311
18024,152,1,67.63,5.030437921392435,0.6931471805599453,4.2287297569205435,2,Hibernating,-1.4234408287698848,-0.14716085632119988
15467,8,3,499.93,2.1972245773362196,1.3862943611198906,6.216466370764156,1,At Risk,0.42740734803107083,-0.624911171096061
16174,125,2,313.0,4.836281906951478,1.0986122886681098,5.749392985908253,2,Hibernating,-0.5484051710141612,0.27762233931900976
13678,151,1,72.56,5.0238805208462765,0.6931471805599453,4.298101399736121,2,Hibernating,-1.396604816267999,-0.1310822724826757
15045,151,1,60.06,5.0238805208462765,0.6931471805599453,4.111856987306732,2,Hibernating,-1.4645822320373902,-0.18155548357949006
14690,43,2,299.4,3.784189633918261,1.0986122886681098,5.705114919889979,1,At Risk,-0.3213288622511797,-0.17102336661306342
13058,24,3,261.45000000000005,3.2188758248682006,1.3862943611198906,5.570060587698309,1,At Risk,-0.04472412863379352,-0.3760782359145107
14552,151,1,156.27,5.0238805208462765,0.6931471805599453,5.057964073502634,2,Hibernating,-1.11926226285394,0.07484449137203994
12556,49,2,513.66,3.912023005428146,1.0986122886681098,6.24350648846484,3,Loyal Customers,-0.15437543104746115,0.02793779793706255
13224,59,2,1804.92,4.0943445622221,1.0986122886681098,7.498825436207317,3,Loyal Customers,0.2616522456047988,0.4438040746120157
17966,150,2,155.43,5.017279836814924,1.0986122886681098,5.052608625573679,2,Hibernating,-0.8445703755766414,0.163909056509244
12358,1,2,878.22,0.6931471805599453,1.0986122886681098,6.779035150783365,1,At Risk,0.7852720103902077,-1.1628497275621075
13207,14,2,250.26000000000002,2.70805020110221,1.0986122886681098,5.526488259576272,1,At Risk,-0.13772893770438055,-0.6660584524476307
18122,7,6,1608.4,2.0794415416798357,1.9459101490553132,7.383616717712033,0,Champions,1.260353212661557,-0.22878096246203306
12722,114,2,726.1,4.74493212836325,1.0986122886681098,6.5890640196560115,3,Loyal Customers,-0.22081381846926623,0.46726501261403264
17268,149,1,35.0,5.0106352940962555,0.6931471805599453,3.58351893845611,2,Hibernating,-1.6543583120836571,-0.33023498102916266
17405,0,3,754.26,0.0,1.3862943611198906,6.6270620608279165,1,At Risk,1.0852558635126262,-1.4255438988246711
13311,3,2,408.82000000000005,1.3862943611198906,1.0986122886681098,6.015718038908687,1,At Risk,0.34641718061089144,-1.0820382505254025
15051,22,3,1186.13,3.1354942159291497,1.3862943611198906,7.079293908410622,3,Loyal Customers,0.5254088136587514,-0.0016736753350761278
15895,149,1,21.85,5.0106352940962555,0.6931471805599453,3.128951117340214,2,Hibernating,-1.8202711862918803,-0.45342524104139353
15795,149,1,495.52,5.0106352940962555,0.6931471805599453,6.207623764647747,2,Hibernating,-0.6965853380347029,0.3809111688332108
13669,50,2,160.2,3.9318256327243257,1.0986122886681098,5.0826458300725275,1,At Risk,-0.5826566323550424,-0.2784429056542495
16450,149,1,311.92,5.0106352940962555,0.6931471805599453,5.74594756681688,2,Hibernating,-0.8650927012431385,0.25579450150593397
13667,148,1,252.20000000000002,5.003946305945459,0.6931471805599453,5.5341796902700215,2,Hibernating,-0.9408394818136983,0.19562819098415798
14400,148,1,326.48,5.003946305945459,0.6931471805599453,5.791426984508248,2,Hibernating,-0.846946698412141,0.26534355488047345
12405,148,1,1104.8700000000001,5.003946305945459,0.6931471805599453,7.008387634486671,3,Loyal Customers,-0.4027677885619666,0.5951462640284063
14265,108,2,333.43,4.6913478822291435,1.0986122886681098,5.812427590105243,2,Hibernating,-0.49189027718334555,0.2345535938036872
14847,148,1,218.4,5.003946305945459,0.6931471805599453,5.3908965478411295,2,Hibernating,-0.993136448034505,0.156797709037913
14862,25,2,727.62,3.258096538021482,1.0986122886681098,6.591152334101647,3,Loyal Customers,0.12369580033608804,-0.14924513581046062
16488,32,3,290.3,3.4965075614664802,1.3862943611198906,5.674353663965389,1,At Risk,-0.07084494071768212,-0.23258975282193048
15256,148,1,98.45,5.003946305945459,0.6931471805599453,4.599655005299981,2,Hibernating,-1.2819319861649523,-0.05763289258021386
14716,42,2,213.85,3.7612001156935624,1.0986122886681098,5.3699401102210045,1,At Risk,-0.43834940012937235,-0.2713987533542684
13933,108,2,576.99,4.6913478822291435,1.0986122886681098,6.359556567484651,3,Loyal Customers,-0.29219347291598097,0.38282841188943706
14857,59,2,931.17,4.0943445622221,1.0986122886681098,6.837515201485584,3,Loyal Customers,0.020280382729306212,0.26458553783981203
15306,63,3,854.02,4.1588830833596715,1.3862943611198906,6.751124860476041,3,Loyal Customers,0.16902895136827953,0.3341242398285343
15839,32,3,1022.21,3.4965075614664802,1.3862943611198906,6.930700023477234,3,Loyal Customers,0.3877093735669258,0.10788668986542804
13994,3,6,2002.19,1.3862943611198906,1.9459101490553132,7.60249618888054,0,Champions,1.5004935501238412,-0.45713789125199555
17554,0,5,1220.91,0.0,1.791759469228055,7.108170487264764,0,Champions,1.5359763388012422,-1.2019056177682454
14332,22,3,559.05,3.1354942159291497,1.3862943611198906,6.328026065457748,3,Loyal Customers,0.2512032906665198,-0.2052711950297142
17266,1,3,226.03,0.6931471805599453,1.3862943611198906,5.425082167339534,1,At Risk,0.4862933456725047,-1.463612332803275
15004,146,1,823.21,4.990432586778736,0.6931471805599453,6.714425351808545,2,Hibernating,-0.5069368987220026,0.5098723951413683
14722,146,1,154.57,4.990432586778736,0.6931471805599453,5.04709579109903,2,Hibernating,-1.1154961209532666,0.05801735268442418
13507,2,4,1991.61,1.0986122886681098,1.6094379124341003,7.597200616166867,0,Champions,1.3367643214951341,-0.6553559769193792
13967,145,1,35.7,4.983606621708336,0.6931471805599453,3.6027767550605247,2,Hibernating,-1.6410805288703352,-0.3362336257523455
16054,144,1,608.5600000000001,4.976733742420574,0.6931471805599453,6.41273738542166,2,Hibernating,-0.6138830091606028,0.4224279936607587
12833,144,1,307.03000000000003,4.976733742420574,0.6931471805599453,5.730197180827652,2,Hibernating,-0.8630036064542429,0.23745602387563938
16474,6,6,1681.0900000000001,1.9459101490553132,1.9459101490553132,7.4277923468303,0,Champions,1.3073485426858429,-0.2722281950968819
17984,144,1,131.68,4.976733742420574,0.6931471805599453,4.887940214078852,2,Hibernating,-1.1704192828040327,0.009199975138648871
12589,28,2,417.28,3.367295829986474,1.0986122886681098,6.0361510647303875,1,At Risk,-0.10412053110231934,-0.25433279207480713
16762,19,3,1110.3400000000001,2.995732273553991,1.3862943611198906,7.013321773424877,3,Loyal Customers,0.5336417366913593,-0.07755737179299815
13940,16,4,648.5600000000001,2.833213344056216,1.6094379124341003,6.476295210596887,3,Loyal Customers,0.52661536767389,-0.23922189854529147
14029,62,2,315.66,4.143134726391533,1.0986122886681098,5.757828643073288,1,At Risk,-0.3850747976952803,-0.007765965122252062
14117,143,1,90.0,4.969813299576001,0.6931471805599453,4.51085950651685,2,Hibernating,-1.3064501427109432,-0.09586303812099597
13167,18,4,470.15999999999997,2.9444389791664403,1.6094379124341003,6.155197739090584,3,Loyal Customers,0.3837031901224611,-0.28007941467986636
17779,20,3,494.86,3.044522437723423,1.3862943611198906,6.2062936288181065,1,At Risk,0.2278042497992325,-0.27601701675075085
13991,11,6,720.84,2.4849066497880004,1.9459101490553132,6.581803507686245,3,Loyal Customers,0.8739580348370577,-0.27779779806362986
18101,10,2,162.7,2.3978952727983707,1.0986122886681098,5.098035484377089,1,At Risk,-0.22240412652745922,-0.9108938962207482
13827,57,3,237.65,4.060443010546419,1.3862943611198906,5.474998043451905,1,At Risk,-0.27398628928954305,-0.05256804410952289
12560,4,2,1746.16,1.6094379124341003,1.0986122886681098,7.465746891515626,3,Loyal Customers,0.8240742977298565,-0.596462362619612
16764,3,13,2538.85,1.3862943611198906,2.6390573296152584,7.83986030315065,0,Champions,2.0574508270476004,-0.2333898515577539
13629,142,1,281.01,4.962844630259907,0.6931471805599453,5.641942531302295,2,Hibernating,-0.8920046242487337,0.20777420280626718
18180,4,6,1637.38,1.6094379124341003,1.9459101490553132,7.401463227739432,0,Champions,1.3755290158863207,-0.41900840118533017
12521,142,1,499.03,4.962844630259907,0.6931471805599453,6.214668096622264,2,Hibernating,-0.6829653120477526,0.36298583026863085
17866,142,1,170.8,4.962844630259907,0.6931471805599453,5.146331009550155,2,Hibernating,-1.072898053666484,0.07346088498314507
18102,0,13,5344.04,0.0,2.6390573296152584,8.583924307060704,0,Champions,2.6495298976996846,-0.6070934333869357
17229,95,2,308.81,4.564348191467836,1.0986122886681098,5.735959206351422,2,Hibernating,-0.49043893925882065,0.16112203090775182
14456,4,9,2662.98,1.6094379124341003,2.302585092994046,7.887576524124591,0,Champions,1.7949705947525725,-0.205235319771037
16464,19,3,1087.25,2.995732273553991,1.3862943611198906,6.992326180432407,3,Loyal Customers,0.5259785475757385,-0.08324728744409735
17962,141,1,82.02,4.955827057601261,0.6931471805599453,4.419081542624893,2,Hibernating,-1.3367146804702896,-0.1265400072763279
16149,4,2,251.24,1.6094379124341003,1.0986122886681098,5.530381015236806,1,At Risk,0.11768440328093113,-1.120956650253756
14259,141,1,104.1,4.955827057601261,0.6931471805599453,4.6549122778829055,2,Hibernating,-1.2506387347131884,-0.062628643018313
18143,116,2,895.8100000000001,4.762173934797756,1.0986122886681098,6.798844022454032,3,Loyal Customers,-0.1482323404815358,0.5312722976195842
17935,137,2,134.39,4.927253685157205,1.0986122886681098,4.9081595025070195,2,Hibernating,-0.8764794112215003,0.08739935382985198
14517,32,2,192.55,3.4965075614664802,1.0986122886681098,5.265535877023657,1,At Risk,-0.415260620031969,-0.4095472576683446
17694,141,1,251.92000000000002,4.955827057601261,0.6931471805599453,5.533073233190413,2,Hibernating,-0.930118448532701,0.17535757464080978
17660,140,1,168.8,4.948759890378168,0.6931471805599453,5.134621273877247,2,Hibernating,-1.0739156875923541,0.06444194574167367
14866,10,4,316.72,2.3978952727983707,1.6094379124341003,5.761170491764932,1,At Risk,0.3662446443165923,-0.6136929548282213
15380,8,4,268.54,2.1972245773362196,1.6094379124341003,5.596716802341013,1,At Risk,0.352614484676369,-0.7415444116638917
15623,140,1,229.43,4.948759890378168,0.6931471805599453,5.439947128678701,2,Hibernating,-0.9624746929002195,0.14718685132938772
15829,98,2,517.8199999999999,4.59511985013459,1.0986122886681098,6.251557002200394,3,Loyal Customers,-0.30936493393933023,0.3136227858454161
15232,112,2,358.06,4.727387818712341,1.0986122886681098,5.883489505442683,2,Hibernating,-0.4742855784226695,0.2687692717931974
12438,13,2,1753.1200000000001,2.6390573296152584,1.0986122886681098,7.469722585643237,3,Loyal Customers,0.5874836000844393,-0.16806564004806385
12627,10,6,3675.3,2.3978952727983707,1.9459101490553132,8.209662090591763,0,Champions,1.4882272351232118,0.12724838005124164
16711,2,3,273.03000000000003,1.0986122886681098,1.3862943611198906,5.613237589445677,1,At Risk,0.461227178620889,-1.2443424848096605
13079,3,5,220.10000000000002,1.3862943611198906,1.791759469228055,5.3986150878634005,1,At Risk,0.59150221287218,-1.0898552602217864
18262,139,1,149.48,4.941642422609304,0.6931471805599453,5.013830184992774,2,Hibernating,-1.1163577554766466,0.02875299073188982
13563,83,2,375.13,4.430816798843313,1.0986122886681098,5.929934828314827,2,Hibernating,-0.38876805541223425,0.1582713808095225
13029,30,2,116.5,3.4339872044851463,1.0986122886681098,4.7664383335842135,1,At Risk,-0.582972085022575,-0.5707529072577338
15506,22,3,738.21,3.1354942159291497,1.3862943611198906,6.605582048374498,3,Loyal Customers,0.35250854972854584,-0.13005207014857317
16305,138,1,361.21999999999997,4.9344739331306915,0.6931471805599453,5.8922517620363895,2,Hibernating,-0.7940850334227431,0.26383472552649145
12864,137,1,10.2,4.927253685157205,0.6931471805599453,2.4159137783010487,2,Hibernating,-2.0612456196223192,-0.6812676668858797
17724,70,3,820.2,4.2626798770413155,1.3862943611198906,6.710766685144779,3,Loyal Customers,0.13030141479064447,0.3662653774738929
17703,34,3,798.74,3.5553480614894135,1.3862943611198906,6.684286674843982,3,Loyal Customers,0.28416730785193023,0.06552774563730862
13116,137,1,291.29,4.927253685157205,0.6931471805599453,5.67774646010536,2,Hibernating,-0.8707081238181634,0.20270607151346964
14019,46,3,991.01,3.8501476017100584,1.3862943611198906,6.8997331878792245,3,Loyal Customers,0.2946473365849849,0.24626448472757956
17649,137,1,781.49,4.927253685157205,0.6931471805599453,6.662481142779933,2,Hibernating,-0.5112894541596132,0.46957432739648636
16178,137,1,150.1,4.927253685157205,0.6931471805599453,5.017941869278694,2,Hibernating,-1.1115304411812805,0.023895572121615104
17040,137,1,159.78,4.927253685157205,0.6931471805599453,5.0800369708998145,2,Hibernating,-1.088866327476705,0.04072366984180419
14100,137,1,144.25,4.927253685157205,0.6931471805599453,4.978456395732021,2,Hibernating,-1.1259422585191623,0.013194802012152106
16557,23,2,174.1,3.1780538303479458,1.0986122886681098,5.165357239291806,1,At Risk,-0.37820027906929543,-0.5688629137231621
13296,136,1,53.4,4.919980925828125,0.6931471805599453,3.996364153861897,2,Hibernating,-1.4827150447376776,-0.2559757260402936
13814,91,2,1334.22,4.5217885770490405,1.0986122886681098,7.1968513512648,3,Loyal Customers,0.0526121412501149,0.5393680870435006
16364,11,2,467.64,2.4849066497880004,1.0986122886681098,6.149834883079423,1,At Risk,0.14137601361740046,-0.5897387284335807
17693,136,1,166.47,4.919980925828125,0.6931471805599453,5.120804230746387,2,Hibernating,-1.072305252480833,0.048753423285602705
15618,32,4,739.951,3.4965075614664802,1.6094379124341003,6.60793449625401,3,Loyal Customers,0.4213128233267177,0.07173767971471959
13930,57,2,337.34,4.060443010546419,1.0986122886681098,5.824051307047146,1,At Risk,-0.34178633847602957,-0.02413852542619916
13379,25,3,521.36,3.258096538021482,1.3862943611198906,6.258357005352207,3,Loyal Customers,0.19742983906969,-0.17326866901069532
13194,135,1,60.7,4.912654885736052,0.6931471805599453,4.122283930911342,2,Hibernating,-1.4350618033550797,-0.2248913074318847
16447,135,1,116.56,4.912654885736052,0.6931471805599453,4.766948841550716,2,Hibernating,-1.1997653233649221,-0.05018374065456514
14305,70,3,1811.16,4.2626798770413155,1.3862943611198906,7.50227478292544,3,Loyal Customers,0.41919424301482144,0.5807682169578295
12397,35,2,1720.01,3.58351893845611,1.0986122886681098,7.450666606769905,3,Loyal Customers,0.3621745344562537,0.21874663588382004
14331,123,2,395.76,4.820281565605037,1.0986122886681098,5.983331563877793,2,Hibernating,-0.4593206621974657,0.3343803542205492
15261,134,1,254.82,4.90527477843843,0.6931471805599453,5.544474072171247,2,Hibernating,-0.9142698706942757,0.157466728891803
17870,1,11,1296.07,0.6931471805599453,2.4849066497880004,7.167863153561697,0,Champions,1.8678338096227967,-0.7386330591991096
15105,17,7,1728.99,2.8903717578961645,2.0794415416798357,7.455870907128298,0,Champions,1.189848282987685,0.15806948219991518
13813,39,4,1050.26,3.6888794541139363,1.6094379124341003,6.9577447237270516,3,Loyal Customers,0.5045149662081854,0.24637750639262318
14855,134,1,91.85,4.90527477843843,0.6931471805599453,4.530985287798715,2,Hibernating,-1.2841835103801202,-0.11719403913141321
13925,92,4,411.1,4.532599493153256,1.6094379124341003,6.021266038344772,3,Loyal Customers,-0.03235370423964451,0.34275300868669645
18237,2,5,819.5699999999999,1.0986122886681098,1.791759469228055,6.709999220724156,0,Champions,1.136655140858381,-0.8538589611761823
12453,133,1,707.09,4.897839799950911,0.6931471805599453,6.562571204258897,2,Hibernating,-0.5409553064014992,0.43029067057249354
15639,133,1,178.02,4.897839799950911,0.6931471805599453,5.187497531442793,2,Hibernating,-1.0428439459117098,0.05763850422612088
15746,133,1,182.96,4.897839799950911,0.6931471805599453,5.214718342671723,2,Hibernating,-1.0329086121298674,0.06501548661964755
12743,133,2,418.93,4.897839799950911,1.0986122886681098,6.040088030720315,2,Hibernating,-0.4565360938692281,0.3819503724070904
15942,133,1,255.54,4.897839799950911,0.6931471805599453,5.5472845978717045,2,Hibernating,-0.9115251337977606,0.15514268336843415
14143,133,1,64.8,4.897839799950911,0.6931471805599453,4.186619838331271,2,Hibernating,-1.4081546588156277,-0.2136045920233476
15120,133,1,244.4,4.897839799950911,0.6931471805599453,5.502889532276811,2,Hibernating,-0.9277289049213516,0.14311138810325386
16147,133,1,243.08,4.897839799950911,0.6931471805599453,5.497496040408414,2,Hibernating,-0.9296974774782643,0.14164972356217273
13277,15,3,159.4,2.772588722239781,1.3862943611198906,5.077670695432414,1,At Risk,-0.12126281293463226,-0.6947394258944115
18127,18,3,257.09000000000003,2.9444389791664403,1.3862943611198906,5.553308361301367,1,At Risk,0.012609610584582542,-0.4945167260387601
15149,133,1,327.45000000000005,4.897839799950911,0.6931471805599453,5.794384619338482,2,Hibernating,-0.821336007172332,0.22210808320424677
18081,35,3,290.58000000000004,3.58351893845611,1.3862943611198906,5.675314410676676,1,At Risk,-0.09061078201280248,-0.19621736277712787
14511,10,5,1173.41,2.3978952727983707,1.791759469228055,7.0685211728103745,3,Loyal Customers,0.9671258235252682,-0.2174608338826936
12716,3,2,912.91,1.3862943611198906,1.0986122886681098,6.8177320983344964,1,At Risk,0.6391445835935476,-0.864688240417801
15776,132,1,164.13,4.890349128221754,0.6931471805599453,5.106733042474897,2,Hibernating,-1.0705904080472337,0.03264207789211755
12981,29,2,372.21999999999997,3.4011973816621555,1.0986122886681098,5.922168058105325,1,At Risk,-0.1535610640035333,-0.2711527432334006
13106,132,1,76.5,4.890349128221754,0.6931471805599453,4.350277936359301,2,Hibernating,-1.346689232106155,-0.1723612172843811
13928,10,4,336.47,2.3978952727983707,1.6094379124341003,5.821476617472844,1,At Risk,0.3882557990525347,-0.5973496789490563
18064,132,1,48.0,4.890349128221754,0.6931471805599453,3.8918202981106265,2,Hibernating,-1.5140218520831383,-0.29660563810986684
14885,131,1,102.0,4.882801922586371,0.6931471805599453,4.634728988229636,2,Hibernating,-1.2411224709829851,-0.09840578254944762
17388,77,2,128.48,4.356708826689592,1.0986122886681098,4.8635264290580436,2,Hibernating,-0.7608635292061705,-0.16148764836725016
13388,130,2,505.45,4.875197323201151,1.0986122886681098,6.227425602132806,2,Hibernating,-0.38292488179990575,0.42332260863257326
15438,130,1,137.13,4.875197323201151,0.6931471805599453,4.928195270711869,2,Hibernating,-1.1322519684747026,-0.022030993031634312
17173,4,8,3226.9,1.6094379124341003,2.1972245773362196,8.079587049975657,0,Champions,1.7935622387250079,-0.1774319653988057
14947,71,2,275.82,4.276666119016055,1.0986122886681098,5.623367475468556,2,Hibernating,-0.46502347921935794,0.011213413773657909
17053,130,1,373.08000000000004,4.875197323201151,0.6931471805599453,5.924469678283704,2,Hibernating,-0.7686214104326391,0.24796458873000174
12534,130,1,828.73,4.875197323201151,0.6931471805599453,6.72110034666391,2,Hibernating,-0.4778588933039142,0.4638556716723948
12844,28,2,325.96000000000004,3.367295829986474,1.0986122886681098,5.789837839256022,1,At Risk,-0.19402248477257442,-0.3210849660763671
14567,56,2,1257.96,4.04305126783455,1.0986122886681098,7.138041262292609,3,Loyal Customers,0.1418281985856085,0.32474160038641675
14937,56,2,1158.68,4.04305126783455,1.0986122886681098,7.055899383974505,3,Loyal Customers,0.11184720456987898,0.3024807211999853
12828,2,6,961.96,1.0986122886681098,1.9459101490553132,6.870011874071479,0,Champions,1.2996541907018637,-0.7750406448959233
16984,87,2,2944.9,4.477336814478207,1.0986122886681098,7.9881696521151575,3,Loyal Customers,0.35171267432656805,0.735370833475476
13023,63,2,439.86,4.1588830833596715,1.0986122886681098,6.088727364728192,3,Loyal Customers,-0.2679408780079857,0.08844530594439076
13075,129,1,477.21,4.867534450455582,0.6931471805599453,6.170049966557982,2,Hibernating,-0.6772153619021581,0.3113378380614204
15342,129,1,391.14,4.867534450455582,0.6931471805599453,5.971618918887276,2,Hibernating,-0.7496407820966112,0.2575619849949949
12644,129,1,417.12,4.867534450455582,0.6931471805599453,6.035768472664507,2,Hibernating,-0.726226813153038,0.27494685000828584
12378,129,1,3396.64,4.867534450455582,0.6931471805599453,8.130836351946007,3,Loyal Customers,0.0384527734037442,0.8427212167867876
17788,129,1,3.25,4.867534450455582,0.6931471805599453,1.4469189829363254,2,Hibernating,-2.4011126558876668,-0.9686553926864933
13850,128,1,1478.98,4.859812404361672,0.6931471805599453,7.299783853153339,3,Loyal Customers,-0.26308808971950554,0.6142967841865035
14076,128,1,101.72,4.859812404361672,0.6931471805599453,4.632006839941651,2,Hibernating,-1.2368009911783417,-0.10868475706168293
17887,128,1,47.05,4.859812404361672,0.6931471805599453,3.8722421354163012,2,Hibernating,-1.5141077867634687,-0.3145849707389959
13186,39,3,1362.02,3.6888794541139363,1.3862943611198906,7.2174581051031845,3,Loyal Customers,0.44789809082401366,0.2654390548260361
12750,128,1,184.98,4.859812404361672,0.6931471805599453,5.225639141050051,2,Hibernating,-1.0201309218849308,0.052192705284156204
15374,128,1,25.200000000000003,4.859812404361672,0.6931471805599453,3.265759410767051,2,Hibernating,-1.735468136814593,-0.47894496515975954
17656,72,5,1177.25,4.290459441148391,1.791759469228055,7.07178556580384,3,Loyal Customers,0.530767895766956,0.5688880165323155
16102,41,3,1562.74,3.7376696182833684,1.3862943611198906,7.354835666876581,3,Loyal Customers,0.48675958587815127,0.32291830197992943
15089,9,6,1906.6100000000001,2.302585092994046,1.9459101490553132,7.553606428599467,0,Champions,1.2708083783085469,-0.09010238529671083
14972,127,1,53.47,4.852030263919617,0.6931471805599453,3.9976500913955832,2,Hibernating,-1.4665359074943625,-0.2838285520287192
17514,127,1,200.15,4.852030263919617,0.6931471805599453,5.304050898395797,2,Hibernating,-0.9897122022323793,0.07021290805411529
12689,25,2,1020.21,3.258096538021482,1.0986122886681098,6.92874347772048,3,Loyal Customers,0.24691331451811652,-0.05775616798572936
14768,16,2,192.60000000000002,2.833213344056216,1.0986122886681098,5.265794174842477,1,At Risk,-0.2618167287634683,-0.684761900082482
17584,6,2,771.7,1.9459101490553132,1.0986122886681098,6.649890874939539,1,At Risk,0.4485043658322535,-0.6779187386688077
15254,126,1,253.32,4.844187086458591,0.6931471805599453,5.538593316602547,2,Hibernating,-0.9022931845480375,0.1305200055684334
18099,126,1,160.35999999999999,4.844187086458591,0.6931471805599453,5.083637893645956,2,Hibernating,-1.0683475296929417,0.007224703427573018
15205,84,2,425.25,4.442651256490317,1.0986122886681098,6.055026028597727,2,Hibernating,-0.3458470278630864,0.197083364077618
13218,126,1,56.76,4.844187086458591,0.6931471805599453,4.05629649458457,2,Hibernating,-1.4433172402477816,-0.27119019571997116
17267,126,2,209.35,4.844187086458591,1.0986122886681098,5.34877281003653,2,Hibernating,-0.6964553043157506,0.17233303224707802
13145,39,3,297.6,3.6888794541139363,1.3862943611198906,5.69910488510509,1,At Risk,-0.10628620267653077,-0.14604261913584368
16302,126,1,233.22,4.844187086458591,0.6931471805599453,5.4562608446139915,2,Hibernating,-0.9323437434168023,0.10820747449920493
13513,126,1,132.6,4.844187086458591,0.6931471805599453,4.894850261102546,2,Hibernating,-1.1372531962958954,-0.043937733638526884
14720,5,3,443.16,1.791759469228055,1.3862943611198906,6.096184857878385,1,At Risk,0.4772468378727941,-0.8257868342475145
18282,7,2,113.13000000000001,2.0794415416798357,1.0986122886681098,4.737338149565509,1,At Risk,-0.28043059947821297,-1.1408114834736764
12610,22,4,1479.6399999999999,3.1354942159291497,1.6094379124341003,7.3002297057186345,3,Loyal Customers,0.7574580074273267,0.10952322072811038
13200,21,3,607.27,3.091042453358316,1.3862943611198906,6.410618862339661,3,Loyal Customers,0.2916258445155423,-0.20133677164102778
14079,124,1,147.25,4.8283137373023015,0.6931471805599453,4.998900037877835,2,Hibernating,-1.0956062080525917,-0.022327558947395527
17298,100,2,270.68,4.61512051684126,1.0986122886681098,5.604624903122983,2,Hibernating,-0.5501129491481883,0.14660160477269615
14024,121,2,298.45,4.804021044733257,1.0986122886681098,5.701947458710471,2,Hibernating,-0.5582638148207959,0.25137524195587785
16066,16,5,1085.74,2.833213344056216,1.791759469228055,6.990937668078233,3,Loyal Customers,0.8381656843125957,-0.057817857455854
15198,91,2,193.64,4.5217885770490405,1.0986122886681098,5.2711516984752675,2,Hibernating,-0.6502496747749796,0.017493396595225412
12865,25,2,1355.82,3.258096538021482,1.0986122886681098,7.212899005495035,3,Loyal Customers,0.3506273438559103,0.01925146811250475
12885,62,3,977.22,4.143134726391533,1.3862943611198906,6.885734593612868,3,Loyal Customers,0.22180113175011731,0.3640681977944021
13016,72,3,709.34,4.290459441148391,1.3862943611198906,6.5657437286516,3,Loyal Customers,0.07094696584112045,0.33849265060023587
13500,22,3,1010.8,3.1354942159291497,1.3862943611198906,6.919486201857835,3,Loyal Customers,0.46708054077373085,-0.04498240069506322
15247,121,1,111.19999999999999,4.804021044733257,0.6931471805599453,4.7202829930885954,2,Hibernating,-1.191682420741712,-0.10791634704153039
13355,121,1,516.0,4.804021044733257,0.6931471805599453,6.248042874508429,2,Hibernating,-0.6340647864706903,0.30611458142663256
16053,32,2,1075.45,3.4965075614664802,1.0986122886681098,6.981423868907338,3,Loyal Customers,0.2110219616385323,0.055467373928558286
13217,121,1,52.02,4.804021044733257,0.6931471805599453,3.9706692008608795,2,Hibernating,-1.4652842311587255,-0.3110656103276848
13919,58,2,331.86,4.07753744390572,1.0986122886681098,5.80772198115858,1,At Risk,-0.35169851476389424,-0.021469216312360533
12384,28,2,286.32,3.367295829986474,1.0986122886681098,5.660596577206601,1,At Risk,-0.2411942999711929,-0.3561100249049767
16292,121,1,282.35,4.804021044733257,0.6931471805599453,5.646682882615628,2,Hibernating,-0.853555388431559,0.14314287440969567
12571,39,2,489.37,3.6888794541139363,1.0986122886681098,6.1951602081993755,1,At Risk,-0.1204319167494094,-0.07777477250496445
14116,19,5,1091.04,2.995732273553991,1.791759469228055,6.995802785670617,3,Loyal Customers,0.8023680108850223,0.010950268795659511
14495,50,2,123.8,3.9318256327243257,1.0986122886681098,4.826712455935327,2,Hibernating,-0.6760698475814788,-0.34780219032242393
15494,20,2,1040.08,3.044522437723423,1.0986122886681098,6.948013914845699,3,Loyal Customers,0.303323879816185,-0.14117267866177258
15608,59,3,800.16,4.0943445622221,1.3862943611198906,6.686060677433032,3,Loyal Customers,0.16020206766415993,0.2897063123615734
17248,119,1,277.85,4.787491742782046,0.6931471805599453,5.630674002835563,2,Hibernating,-0.8555770005483184,0.13194428669077807
17653,37,3,531.22,3.6375861597263857,1.3862943611198906,6.27705693769468,3,Loyal Customers,0.1165194267304955,-0.010702659986202633
17633,30,4,1243.34,3.4339872044851463,1.6094379124341003,7.126360547853338,3,Loyal Customers,0.6249876650331813,0.1862862529686745
13645,119,1,30.599999999999998,4.787491742782046,0.6931471805599453,3.4531571205928664,2,Hibernating,-1.6503496786559138,-0.4581741916607892
15469,49,2,282.1,3.912023005428146,1.0986122886681098,5.6458001921178536,1,At Risk,-0.37253246934339695,-0.134043738453213
13307,119,1,15.0,4.787491742782046,0.6931471805599453,2.772588722239781,2,Hibernating,-1.8987505856731723,-0.6426117916286244
12381,4,3,1242.96,1.6094379124341003,1.3862943611198906,7.126055118441327,3,Loyal Customers,0.8952912007433245,-0.6223548683473206
16013,7,7,869.9,2.0794415416798357,2.0794415416798357,6.7695271596986935,0,Champions,1.1268215950870455,-0.36449075414569226
17122,118,1,138.32,4.77912349311153,0.6931471805599453,4.9367734454978,2,Hibernating,-1.106909328360018,-0.05957944310974964
14406,118,1,106.25,4.77912349311153,0.6931471805599453,4.675162557808126,2,Hibernating,-1.2023947813210452,-0.1304773636827606
15683,116,1,152.95,4.762173934797756,0.6931471805599453,5.0366278743705095,2,Hibernating,-1.0665447886180415,-0.03955288493353396
14301,116,1,128.7,4.762173934797756,0.6931471805599453,4.865224091322398,2,Hibernating,-1.1291055176768288,-0.0860042077503185
14658,4,2,110.60000000000001,1.6094379124341003,1.0986122886681098,4.71492104994721,1,At Risk,-0.17995062576887058,-1.341950571264231
13621,116,1,209.85,4.762173934797756,0.6931471805599453,5.351146980192569,2,Hibernating,-0.951748345895287,0.04568343982416439
16272,116,1,411.7,4.762173934797756,0.6931471805599453,6.022720936758536,2,Hibernating,-0.706630323454275,0.2276834989654186
17958,116,1,136.16,4.762173934797756,0.6931471805599453,4.921148127594719,2,Hibernating,-1.10869378335633,-0.07084850105641197
16836,39,2,175.55,3.6888794541139363,1.0986122886681098,5.173604122374395,1,At Risk,-0.49329004372384855,-0.35462182146879917
16961,115,1,234.17,4.7535901911063645,0.6931471805599453,5.46030865686874,2,Hibernating,-0.9099208761850435,0.07170434521585212
16902,115,1,1094.69,4.7535901911063645,0.6931471805599453,6.999139580783956,3,Loyal Customers,-0.3482624180906788,0.48873558417731944
15706,64,3,714.16,4.174387269895637,1.3862943611198906,6.572506293883619,3,Loyal Customers,0.10025042160021894,0.29215232034289706
15480,115,1,579.25,4.7535901911063645,0.6931471805599453,6.3634590451545465,2,Hibernating,-0.5802796877812412,0.3164628300772545
15315,63,2,475.21999999999997,4.1588830833596715,1.0986122886681098,6.1658799323308395,3,Loyal Customers,-0.23978093432328776,0.10935405579881152
15653,115,1,48.0,4.7535901911063645,0.6931471805599453,3.8918202981106265,2,Hibernating,-1.482404012199524,-0.35336421389868644
13953,6,2,265.68,1.9459101490553132,1.0986122886681098,5.5860494377498595,1,At Risk,0.06021249309772217,-0.9662253392932464
13159,8,4,1215.79,2.1972245773362196,1.6094379124341003,7.103971522633864,3,Loyal Customers,0.9027479327365657,-0.33307048924297755
13189,18,2,167.28,2.9444389791664403,1.0986122886681098,5.12562925872232,1,At Risk,-0.33869026717792117,-0.6765857461961999
17637,30,2,464.51,3.4339872044851463,1.0986122886681098,6.143133578763503,1,At Risk,-0.0804915872262846,-0.19766128630905544
12641,114,1,128.9,4.74493212836325,0.6931471805599453,4.866764923676554,2,Hibernating,-1.124556927253402,-0.09274243978046995
13470,98,2,165.0,4.59511985013459,1.0986122886681098,5.111987788356544,2,Hibernating,-0.7252967153925399,0.004793561174967448
15786,45,3,4164.45,3.828641396489095,1.3862943611198906,8.334579591981981,3,Loyal Customers,0.8233245517015193,0.6261897303268458
15541,113,1,85.13000000000001,4.736198448394496,0.6931471805599453,4.455857782801083,2,Hibernating,-1.272514899880645,-0.20772513497251827
16734,51,3,462.16,3.9512437185814275,1.3862943611198906,6.138072566744072,3,Loyal Customers,-0.0067242616312942205,0.0818080299275592
16706,36,3,398.1,3.6109179126442243,1.3862943611198906,5.989212012054688,3,Loyal Customers,0.017624340305409852,-0.09977817006526302
17070,113,1,284.34,4.736198448394496,0.6931471805599453,5.653681451686668,2,Hibernating,-0.8353208037134691,0.11689135208233165
12688,113,1,2770.04,4.736198448394496,0.6931471805599453,7.926977979980733,3,Loyal Customers,-0.005589477789539887,0.7329666160945787
12729,113,1,360.71000000000004,4.736198448394496,0.6931471805599453,5.89084278579733,2,Hibernating,-0.7487592021976319,0.18116331559752086
12962,6,2,240.89000000000001,1.9459101490553132,1.0986122886681098,5.48848307736504,1,At Risk,0.024601711767572587,-0.9926663338949925
13273,112,1,128.54,4.727387818712341,0.6931471805599453,4.863989713754771,2,Hibernating,-1.1215137137528859,-0.10077588870489623
17736,8,2,215.59,2.1972245773362196,1.0986122886681098,5.3780061654494045,1,At Risk,-0.07382367368701828,-0.9183040212815407
15472,112,1,335.15999999999997,4.727387818712341,0.6931471805599453,5.81758723709669,2,Hibernating,-0.773459807193664,0.15765403393927488
12680,0,4,736.97,0.0,1.6094379124341003,6.603903173367718,0,Champions,1.2282128495894507,-1.3804979406135787
16582,112,1,50.099999999999994,4.727387818712341,0.6931471805599453,3.9337844972096585,2,Hibernating,-1.4610296537541334,-0.3528663737058343
17747,112,1,71.4,4.727387818712341,0.6931471805599453,4.282206299391671,2,Hibernating,-1.3338590535675263,-0.25844224069227284
12513,112,1,520.04,4.727387818712341,0.6931471805599453,6.255826814238146,2,Hibernating,-0.6135065846869672,0.276419254326359
15396,112,1,204.28,4.727387818712341,0.6931471805599453,5.324374900867326,2,Hibernating,-0.9534775570156495,0.023990907956927432
12418,112,1,418.16,4.727387818712341,0.6931471805599453,6.038252708606741,2,Hibernating,-0.6929190365626277,0.2174555323038367
16828,111,1,113.5,4.718498871295094,0.6931471805599453,4.740574822994295,2,Hibernating,-1.164503888646938,-0.13791111866814498
14712,28,3,851.73,3.367295829986474,1.3862943611198906,6.7484429674910285,3,Loyal Customers,0.35106027601998535,0.004867787397827789
12991,22,2,461.26,3.1354942159291497,1.0986122886681098,6.136127503348543,1,At Risk,-0.014038961952856838,-0.3234424539795946
14772,111,1,126.50999999999999,4.718498871295094,0.6931471805599453,4.84819479289545,2,Hibernating,-1.1252236367261783,-0.10874554323852911
12364,7,3,1106.28,2.0794415416798357,1.3862943611198906,7.009661836588447,3,Loyal Customers,0.7441467754604261,-0.458834120860427
12968,111,1,126.0,4.718498871295094,0.6931471805599453,4.844187086458591,2,Hibernating,-1.1266864109548727,-0.10983165267055478
16330,17,3,122.66,2.8903717578961645,1.3862943611198906,4.817535864130423,1,At Risk,-0.24344024566813977,-0.7163542526319503
15701,1,4,1175.66,0.6931471805599453,1.6094379124341003,7.070435195520803,0,Champions,1.2382411021368458,-0.9663909077568995
12518,0,5,1750.09,0.0,1.791759469228055,7.467993730165415,0,Champions,1.6673083549787573,-1.104391634612641
14529,59,3,542.96,4.0943445622221,1.3862943611198906,6.298875714740758,3,Loyal Customers,0.01888328743730225,0.1847771598540398
16536,109,1,356.17,4.700480365792417,0.6931471805599453,5.878211858913125,2,Hibernating,-0.7451115639228155,0.16291631934418815
15313,109,1,52.0,4.700480365792417,0.6931471805599453,3.970291913552122,2,Hibernating,-1.4414839580728482,-0.35413997728182933
15801,45,3,997.85,3.828641396489095,1.3862943611198906,6.906604617224741,3,Loyal Customers,0.30212744677273873,0.239201034119833
16201,2,4,1739.92,1.0986122886681098,1.6094379124341003,7.462168988109326,0,Champions,1.2874790785031311,-0.6919502552592931
16555,34,2,269.39,3.5553480614894135,1.0986122886681098,5.599865361236428,1,At Risk,-0.30683714815836455,-0.29452185294955324
16952,108,2,101.75999999999999,4.6913478822291435,1.0986122886681098,4.632396172241683,2,Hibernating,-0.9225903731847117,-0.08524110004937918
14387,32,3,1458.25,3.4965075614664802,1.3862943611198906,7.2856778840839,3,Loyal Customers,0.5172728719002626,0.20408754904496793
17073,17,4,1141.77,2.8903717578961645,1.6094379124341003,7.041210418699481,3,Loyal Customers,0.7195892948607654,-0.062404665368791266
18147,45,2,147.83999999999997,3.828641396489095,1.0986122886681098,5.002871903478422,1,At Risk,-0.5879177748924761,-0.34288624449089966
14523,107,1,160.91,4.68213122712422,0.6931471805599453,5.087040625298661,2,Hibernating,-1.0296392299887018,-0.05911060601657927
14418,3,3,1517.64,1.3862943611198906,1.3862943611198906,7.325570476482286,0,Champions,1.0197018244738607,-0.6608956368015403
12642,24,3,743.77,3.2188758248682006,1.3862943611198906,6.613075445882023,3,Loyal Customers,0.3359662434614672,-0.09341574726573251
16968,3,2,370.73,1.3862943611198906,1.0986122886681098,5.918167784296512,1,At Risk,0.3108122777325518,-1.1084748803784188
16723,107,1,246.99,4.68213122712422,0.6931471805599453,5.51338842277136,2,Hibernating,-0.8740263924644941,0.05643187980516317
13411,106,1,203.60000000000002,4.672828834461906,0.6931471805599453,5.321056853517526,2,Hibernating,-0.9420749048421364,0.00044827835482255836
16340,106,1,465.44,4.672828834461906,0.6931471805599453,6.145129394652132,2,Hibernating,-0.6412963686050592,0.22377625252180403
13236,24,2,592.33,3.2188758248682006,1.0986122886681098,6.385750736624712,1,At Risk,0.05779378852148412,-0.22118767761310293
14196,106,1,73.72,4.672828834461906,0.6931471805599453,4.313747793920587,2,Hibernating,-1.3097330045365725,-0.2725377518921022
15263,106,1,139.51,4.672828834461906,0.6931471805599453,4.945278660618249,2,Hibernating,-1.0792303240172996,-0.10138957980360966
14314,106,1,93.47999999999999,4.672828834461906,0.6931471805599453,4.548388171889107,2,Hibernating,-1.2240915277191111,-0.20894898069322682
16093,106,1,17.0,4.672828834461906,0.6931471805599453,2.8903717578961645,2,Hibernating,-1.8292515411461172,-0.6582801116187074
17844,106,1,51.559999999999995,4.672828834461906,0.6931471805599453,3.961955374176355,2,Hibernating,-1.4381338476520162,-0.3678753399163424
14687,106,1,217.01999999999998,4.672828834461906,0.6931471805599453,5.3845868017002125,2,Hibernating,-0.918887085969666,0.01766522700722899
14050,31,2,746.36,3.4657359027997265,1.0986122886681098,6.616546996753798,3,Loyal Customers,0.08495964102703571,-0.05618722138930763
16429,105,1,4.95,4.663439094112067,0.6931471805599453,1.7833912195575383,2,Hibernating,-2.2311179188541446,-0.9621746251433938
14055,105,1,149.14,4.663439094112067,0.6931471805599453,5.011568192144856,2,Hibernating,-1.0528644325867833,-0.08732176019073842
12715,105,1,263.36,4.663439094112067,0.6931471805599453,5.577311810602252,2,Hibernating,-0.846373463708246,0.0659977231086696
15663,105,1,124.1,4.663439094112067,0.6931471805599453,4.829113417472866,2,Hibernating,-1.1194586670940376,-0.1367679596096473
18200,105,1,150.35,4.663439094112067,0.6931471805599453,5.019595035467727,2,Hibernating,-1.0499347121256046,-0.08514644361510731
18167,22,3,1259.46,3.1354942159291497,1.3862943611198906,7.139232012685347,3,Loyal Customers,0.5472856441180644,0.014569864808433041
13644,15,4,1979.0900000000001,2.772588722239781,1.6094379124341003,7.590897577201009,3,Loyal Customers,0.9474505367152593,0.03768035837321834
17451,0,7,1638.8,0.0,2.0794415416798357,7.402329562162078,0,Champions,1.8385426931421882,-1.0560212243328966
16641,105,1,123.38,4.663439094112067,0.6931471805599453,4.823341395675743,2,Hibernating,-1.1215653994271848,-0.13833220774370628
13812,41,3,452.1,3.7376696182833684,1.3862943611198906,6.116112851673092,3,Loyal Customers,0.034637695434627,-0.012782067908536577
14141,2,4,902.38,1.0986122886681098,1.6094379124341003,6.8061432843878835,0,Champions,1.0480360185177073,-0.8697366564562807
15074,104,1,735.67,4.653960350157523,0.6931471805599453,6.60214003072033,2,Hibernating,-0.4701296109229762,0.33979760817448745
12492,62,2,227.21,4.143134726391533,1.0986122886681098,5.43026625767732,2,Hibernating,-0.5046319117693331,-0.096537086949786
17183,7,6,2326.41,2.0794415416798357,1.9459101490553132,7.752511340304773,0,Champions,1.3949961950092113,-0.12880858790469057
15325,103,1,161.74,4.6443908991413725,0.6931471805599453,5.092153835268511,2,Hibernating,-1.0190476218432822,-0.0733881335752862
13778,102,1,178.7,4.634728988229636,0.6931471805599453,5.191288793789513,2,Hibernating,-0.9806305418895376,-0.0505319892226742
14869,8,2,599.02,2.1972245773362196,1.0986122886681098,6.396962987993937,1,At Risk,0.2980857472381797,-0.6421613862785811
14096,3,17,36019.84,1.3862943611198906,2.8903717578961645,10.4918529388356,0,Champions,3.1959271453639073,0.543115369468907
14108,30,2,544.36,3.4339872044851463,1.0986122886681098,6.30144612705453,1,At Risk,-0.02270903269852864,-0.15475775666787972
15866,100,1,161.49,4.61512051684126,0.6931471805599453,5.090616461414685,2,Hibernating,-1.012841612965814,-0.08595275271374836
14660,86,2,256.24,4.465908118654584,1.0986122886681098,5.550009501266662,2,Hibernating,-0.5355500396854623,0.0698734533664873
13726,38,2,429.11999999999995,3.6635616461296463,1.0986122886681098,6.064064239522326,1,At Risk,-0.162427357773034,-0.12381002644010658
15690,3,2,201.48,1.3862943611198906,1.0986122886681098,5.3106411162368685,1,At Risk,0.08907089839672397,-1.2731177889303427
17777,24,3,629.11,3.2188758248682006,1.3862943611198906,6.445894407318821,3,Loyal Customers,0.2749467754466719,-0.13872268421335407
16278,99,1,211.03,4.605170185988092,0.6931471805599453,5.356727774094459,2,Hibernating,-0.9134130918847675,-0.017964843862593942
13276,63,2,462.98,4.1588830833596715,1.0986122886681098,6.139841447848999,3,Loyal Customers,-0.24928473023608044,0.10229749014537848
12436,99,1,429.01000000000005,4.605170185988092,0.6931471805599453,6.063808464231149,2,Hibernating,-0.6553354538554749,0.17365772601869606
13147,42,2,237.60000000000002,3.7612001156935624,1.0986122886681098,5.474788509663816,1,At Risk,-0.40008074471732635,-0.242984288033079
13045,98,1,305.28000000000003,4.59511985013459,0.6931471805599453,5.724499716244923,2,Hibernating,-0.7768563001603711,0.07753212323354017
12739,98,1,516.0,4.59511985013459,0.6931471805599453,6.248042874508429,2,Hibernating,-0.5857680925826448,0.21941506082419335
14420,98,1,387.52,4.59511985013459,0.6931471805599453,5.962344648534129,2,Hibernating,-0.6900451918969434,0.14198934543499572
14436,98,1,76.56,4.59511985013459,0.6931471805599453,4.351051830374451,2,Hibernating,-1.278151543102523,-0.29467944633661275
18027,98,1,115.31,4.59511985013459,0.6931471805599453,4.7562590403509475,2,Hibernating,-1.1302548162905413,-0.18486617043579112
12794,52,2,795.51,3.970291913552122,1.0986122886681098,6.6802396841991,3,Loyal Customers,-0.00844344270140912,0.17047791899292292
12832,31,2,366.53,3.4657359027997265,1.0986122886681098,5.906804947974189,1,At Risk,-0.1740893672604102,-0.24853103339988455
16989,6,3,110.54999999999998,1.9459101490553132,1.3862943611198906,4.714472920878541,1,At Risk,-0.0627034098015469,-1.1362613959745715
16674,54,2,293.84,4.007333185232471,1.0986122886681098,5.686432836321088,1,At Risk,-0.379737083421646,-0.08347583378561801
12375,10,2,283.3,2.3978952727983707,1.0986122886681098,5.650030018656954,1,At Risk,-0.020931440878968893,-0.761300486734929
16173,15,6,1216.6200000000001,2.772588722239781,1.9459101490553132,7.104653412728105,3,Loyal Customers,0.9982828548619469,-0.016707067284267765
14171,97,1,308.44,4.584967478670572,0.6931471805599453,5.734764212264929,2,Hibernating,-0.770762691092239,0.07610035274928673
13434,73,2,179.04000000000002,4.30406509320417,1.0986122886681098,5.193179048424732,2,Hibernating,-0.6283725867979931,-0.09399860386133432
16761,96,1,195.9,4.574710978503383,0.6931471805599453,5.28269598564508,2,Hibernating,-0.9333919965341742,-0.05066922288930701
14067,63,2,275.04,4.1588830833596715,1.0986122886681098,5.6205457827524015,2,Hibernating,-0.4388226437393788,-0.038434354553685636
13808,5,5,1115.66,1.791759469228055,1.791759469228055,7.018097365983928,0,Champions,1.0888565551073839,-0.4826883386472744
15215,46,3,494.24,3.8501476017100584,1.3862943611198906,6.205042493552491,3,Loyal Customers,0.041091927628598285,0.05799966859496483
12851,96,1,104.91,4.574710978503383,0.6931471805599453,4.6625896768555775,2,Hibernating,-1.1597248235111355,-0.21872127995633578
14335,15,2,409.2,2.772588722239781,1.0986122886681098,6.016644845638281,1,At Risk,0.026252576646110054,-0.5064382576301548
14965,95,1,461.64,4.564348191467836,0.6931471805599453,6.136949213849963,2,Hibernating,-0.6192019866117728,0.17653704483847096
15136,2,4,1234.5,1.0986122886681098,1.6094379124341003,7.119231025428665,0,Champions,1.1623100268888191,-0.7848882390501084
16629,73,2,328.95,4.30406509320417,1.0986122886681098,5.798941127829431,2,Hibernating,-0.40727526531654323,0.07016609192426632
18261,42,2,314.29,3.7612001156935624,1.0986122886681098,5.7534928502218605,1,At Risk,-0.29835634618251855,-0.1674539522174051
15307,95,1,119.20000000000002,4.564348191467836,0.6931471805599453,4.789157022101107,2,Hibernating,-1.1111331484338074,-0.1887216972704739
16820,95,1,415.94,4.564348191467836,0.6931471805599453,6.032942326554291,2,Hibernating,-0.6571634981994486,0.1483506337160042
17309,94,1,82.75,4.553876891600541,0.6931471805599453,4.427836170705175,2,Hibernating,-1.2405908760246083,-0.29098740655210986
13949,2,6,2119.84,1.0986122886681098,1.9459101490553132,7.659567515604196,0,Champions,1.5878343912106272,-0.5610669312798413
14360,31,4,1722.63,3.4657359027997265,1.6094379124341003,7.452187811020704,3,Loyal Customers,0.736571369008383,0.2877636970492922
16400,94,1,271.08,4.553876891600541,0.6931471805599453,5.60609614069894,2,Hibernating,-0.8105373414249409,0.02832721565148834
14208,94,1,101.14,4.553876891600541,0.6931471805599453,4.626344421219498,2,Hibernating,-1.1681372775362098,-0.23719063111076677
12526,0,3,1074.46,0.0,1.3862943611198906,6.980503756012426,0,Champions,1.2142586762703242,-1.3297593485191574
13130,93,1,64.0,4.543294782270004,0.6931471805599453,4.174387269895637,2,Hibernating,-1.330650762694455,-0.36406524117669414
13210,93,1,293.0,4.543294782270004,0.6931471805599453,5.683579767338681,2,Hibernating,-0.7798100446480669,0.044933828999712655
17481,3,4,1091.96,1.3862943611198906,1.6094379124341003,6.996644890983539,0,Champions,1.051056912325251,-0.6987140550040313
12685,27,6,2437.65,3.332204510175204,1.9459101490553132,7.79919988648359,3,Loyal Customers,1.1224058360547666,0.4037740165615714
17573,28,3,336.44,3.367295829986474,1.3862943611198906,5.821387716730465,1,At Risk,0.012694043175062925,-0.24636904037969395
14452,10,2,191.5,2.3978952727983707,1.0986122886681098,5.260096153727839,1,At Risk,-0.16325354393213692,-0.8669746061441526
15885,92,1,258.55,4.532599493153256,0.6931471805599453,5.558949362273238,2,Hibernating,-0.822826255264026,0.006719508716481666
13249,92,1,82.23,4.532599493153256,0.6931471805599453,4.421607859758004,2,Hibernating,-1.2379449435499068,-0.301505994517789
13889,92,1,416.90000000000003,4.532599493153256,0.6931471805599453,6.03524216945387,2,Hibernating,-0.6489839704976917,0.13579735372209575
18222,92,1,333.87,4.532599493153256,0.6931471805599453,5.813742396808923,2,Hibernating,-0.729829253003119,0.07576975538089234
13244,92,1,94.79,4.532599493153256,0.6931471805599453,4.5621582953948,2,Hibernating,-1.186645388974148,-0.26341609042289543
17004,45,2,665.64,3.828641396489095,1.0986122886681098,6.5022501700739515,3,Loyal Customers,-0.040659156529380514,0.06345311773047102
13441,91,1,195.36,4.5217885770490405,0.6931471805599453,5.279949709189852,2,Hibernating,-0.9221590215473496,-0.07337767444137083
13823,18,2,683.36,2.9444389791664403,1.0986122886681098,6.528484094956448,1,At Risk,0.17333822926324785,-0.2964047390785927
12879,44,3,220.66,3.8066624897703196,1.3862943611198906,5.401144676347507,1,At Risk,-0.2422695336723968,-0.17790832124853792
16603,74,2,465.97,4.31748811353631,1.0986122886681098,6.146265015776738,3,Loyal Customers,-0.28360871443647045,0.16986359286929129
14824,9,4,711.71,2.302585092994046,1.6094379124341003,6.569074605558541,3,Loyal Customers,0.6831569980341811,-0.43430295444446987
16910,3,8,1136.41,1.3862943611198906,2.1972245773362196,7.036509026815763,0,Champions,1.46443825272217,-0.5527220473962345
15652,90,1,293.09000000000003,4.51085950651685,0.6931471805599453,5.683885842941745,2,Hibernating,-0.7721994902412567,0.03155527983241445
16362,31,5,659.3000000000001,3.4657359027997265,1.791759469228055,6.492694277200526,3,Loyal Customers,0.5100762545159945,0.06966916471128463
15035,89,1,227.29000000000002,4.499809670330265,0.6931471805599453,5.430616750561521,2,Hibernating,-0.8620856129443105,-0.04166794478150957
14508,21,2,196.0,3.091042453358316,1.0986122886681098,5.2832037287379885,1,At Risk,-0.3150709414773372,-0.573037920597189
13272,30,2,205.66000000000003,3.4339872044851463,1.0986122886681098,5.331074930786209,1,At Risk,-0.37688516823431145,-0.41773343251581024
13372,89,1,290.04,4.499809670330265,0.6931471805599453,5.673460714769813,2,Hibernating,-0.7734499062042067,0.02414404124904795
18255,88,1,103.3,4.48863636973214,0.6931471805599453,4.647271362006727,2,Hibernating,-1.1454159313793328,-0.2585958625689248
14250,6,3,1823.13,1.9459101490553132,1.3862943611198906,7.508858440024378,3,Loyal Customers,0.9572203762447136,-0.3789682865922841
16796,88,1,305.62,4.48863636973214,0.6931471805599453,5.725609195882308,2,Hibernating,-0.7518330135507684,0.033639337472412406
14432,9,6,2025.91,2.302585092994046,1.9459101490553132,7.614267744874256,0,Champions,1.2929491741785615,-0.07366285091385322
15782,9,3,1351.38,2.302585092994046,1.3862943611198906,7.209621282200274,3,Loyal Customers,0.7655406054747607,-0.3120335886386904
12883,24,4,527.87,3.2188758248682006,1.6094379124341003,6.270742654965762,3,Loyal Customers,0.3624278305356595,-0.13486758834749027
12965,88,1,595.61,4.48863636973214,0.6931471805599453,6.39126363358952,2,Hibernating,-0.5088755584490259,0.21403517600348954
15533,18,3,504.42,2.9444389791664403,1.3862943611198906,6.2253897667868685,1,At Risk,0.25791284699113026,-0.3123791455828935
18215,88,1,266.34000000000003,4.48863636973214,0.6931471805599453,5.588521256543327,2,Hibernating,-0.801868790344599,-0.003512211993303699
18158,8,2,453.4,2.1972245773362196,1.0986122886681098,6.118977867406942,1,At Risk,0.1966238570619527,-0.7174968097156751
13375,88,1,607.1800000000001,4.48863636973214,0.6931471805599453,6.410470890782813,2,Hibernating,-0.5018650946665855,0.21924044328781916
13431,66,2,814.8,4.204692619390966,1.0986122886681098,6.704169226883458,3,Loyal Customers,-0.05390141702543613,0.2742454425319384
16211,88,1,329.22,4.48863636973214,0.6931471805599453,5.799759099003687,2,Hibernating,-0.7247690134661855,0.05373434952799619
12884,87,1,107.25,4.477336814478207,0.6931471805599453,4.684443366882599,2,Hibernating,-1.1292361189160767,-0.25321166885603197
16141,87,1,430.70000000000005,4.477336814478207,0.6931471805599453,6.067730902561432,2,Hibernating,-0.6243494986148763,0.12166649734066101
17919,87,1,615.48,4.477336814478207,0.6931471805599453,6.424025880877847,2,Hibernating,-0.49430526501004857,0.21822430231705137
16360,4,6,2929.14,1.6094379124341003,1.9459101490553132,7.982805482439576,0,Champions,1.587713336675272,-0.2614616057768884
17433,87,1,283.26,4.477336814478207,0.6931471805599453,5.649889312310866,2,Hibernating,-0.7768576524741241,0.00842923822159224
13704,4,9,1817.8,1.6094379124341003,2.302585092994046,7.5059322219508555,0,Champions,1.6556741022217205,-0.30866292426260533
14020,16,2,573.86,2.833213344056216,1.0986122886681098,6.354126532890837,1,At Risk,0.1354140940746911,-0.3898181316507984
14359,18,3,799.08,2.9444389791664403,1.3862943611198906,6.68471172266826,3,Loyal Customers,0.42556093457495137,-0.18790049015266555
16451,87,1,266.97,4.477336814478207,0.6931471805599453,5.590875033946567,2,Hibernating,-0.7983972953786944,-0.0075639402622816355
12940,54,2,515.62,4.007333185232471,1.0986122886681098,6.247307594585208,3,Loyal Customers,-0.17502320159428045,0.06852416290406818
15216,87,1,33.0,4.477336814478207,0.6931471805599453,3.5263605246161616,2,Hibernating,-1.5519251963346588,-0.56705818378154
15522,32,2,326.65,3.4965075614664802,1.0986122886681098,5.791945965485506,1,At Risk,-0.2231260105593755,-0.2668873669803435
17037,87,1,1182.32,4.477336814478207,0.6931471805599453,7.076079326132238,3,Loyal Customers,-0.2563120410859385,0.39493420066746554
12822,70,2,743.28,4.2626798770413155,1.0986122886681098,6.612417308119441,3,Loyal Customers,-0.1007962867714232,0.27344643758197684
15343,86,1,153.7,4.465908118654584,0.6931471805599453,5.04148775757902,2,Hibernating,-0.9962761115987933,-0.16119398022350998
14753,86,1,526.75,4.465908118654584,0.6931471805599453,6.26862268672843,2,Hibernating,-0.5483836878969093,0.17136601186062822
16959,86,1,117.35000000000001,4.465908118654584,0.6931471805599453,4.773646335959993,2,Hibernating,-1.0940356494027226,-0.2337804081195597
13032,51,2,735.93,3.9512437185814275,1.0986122886681098,6.602492908031266,3,Loyal Customers,-0.0324164392093432,0.14150263082201345
12895,41,2,335.05,3.7376696182833684,1.0986122886681098,5.817259958415975,1,At Risk,-0.26964185737508584,-0.1599385107000737
17640,86,1,114.3,4.465908118654584,0.6931471805599453,4.747537427275013,2,Hibernating,-1.10356514947101,-0.24085605910084265
13860,0,5,1106.93,0.0,1.791759469228055,7.010248688416178,0,Champions,1.5002358258570445,-1.2284429380550395
12756,86,1,50.879999999999995,4.465908118654584,0.6931471805599453,3.948933359448243,2,Hibernating,-1.395047938380823,-0.45728194362759217
18001,11,2,272.93,2.4849066497880004,1.0986122886681098,5.612872599296359,1,At Risk,-0.054610045459900336,-0.735258319313578
17728,3,3,2549.93,1.3862943611198906,1.3862943611198906,7.8442132775458,0,Champions,1.2090014488964882,-0.5203407216743735
15933,20,3,1035.05,3.044522437723423,1.3862943611198906,6.943170684203092,3,Loyal Customers,0.4967572740077906,-0.0763194758489737
14284,30,2,505.3,3.4339872044851463,1.0986122886681098,6.227129378975864,1,At Risk,-0.049833929584699344,-0.1748979845806254
15103,30,2,573.46,3.4339872044851463,1.0986122886681098,6.353430469103293,1,At Risk,-0.0037352488042775023,-0.14066972774002678
15707,34,4,793.76,3.5553480614894135,1.6094379124341003,6.678040182284889,3,Loyal Customers,0.4332971550892709,0.11515705143376728
13430,18,2,574.25,2.9444389791664403,1.0986122886681098,6.354804728915475,1,At Risk,0.10994693434100336,-0.34347275680326095
12566,85,1,222.13,4.454347296253507,0.6931471805599453,5.407754561246412,2,Hibernating,-0.8599194655537086,-0.0667318054037552
13321,85,1,259.04,4.454347296253507,0.6931471805599453,5.560835465336268,2,Hibernating,-0.804046410743993,-0.02524607873827541
13877,85,1,17.4,4.454347296253507,0.6931471805599453,2.91235066461494,2,Hibernating,-1.7707178405556419,-0.7429993293717315
15272,56,2,502.26,4.04305126783455,1.0986122886681098,6.221106935162021,3,Loyal Customers,-0.19284399466590618,0.07624759591407296
15322,85,1,606.66,4.454347296253507,0.6931471805599453,6.4096155150233285,2,Hibernating,-0.4942498719822346,0.20477775963519435
17333,85,1,479.13,4.454347296253507,0.6931471805599453,6.174056900566543,2,Hibernating,-0.5802264962692134,0.1409401415393598
13518,85,1,535.4399999999999,4.454347296253507,0.6931471805599453,6.284954719842739,2,Hibernating,-0.5397498609139653,0.17099403131511853
14306,50,2,697.88,3.9318256327243257,1.0986122886681098,6.549479053676431,3,Loyal Customers,-0.04727664105955484,0.11907657948386088
17679,52,2,892.86,3.970291913552122,1.0986122886681098,6.7955491633579514,3,Loyal Customers,0.033643405997501596,0.20172739169994963
14608,3,3,1017.1500000000001,1.3862943611198906,1.3862943611198906,6.925742533996524,1,At Risk,0.8737684784580195,-0.7692511030421177
15573,31,2,414.3,3.4657359027997265,1.0986122886681098,6.029001150636708,1,At Risk,-0.12948893084742444,-0.21541522255883314
14894,84,1,614.95,4.442651256490317,0.6931471805599453,6.423165791407984,2,Hibernating,-0.4866000979618127,0.2035957896669964
17434,1,7,2021.72,0.6931471805599453,2.0794415416798357,7.612198419283934,0,Champions,1.7548913638195471,-0.711471253298457
15466,84,1,324.58,4.442651256490317,0.6931471805599453,5.785608207180363,2,Hibernating,-0.7193024723023109,0.030814345567050698
15511,11,5,530.93,2.4849066497880004,1.791759469228055,6.276511901737007,3,Loyal Customers,0.6579335672924866,-0.39598747129872147
16189,15,2,125.57999999999998,2.772588722239781,1.0986122886681098,4.840874519347159,1,At Risk,-0.4028922619938523,-0.825078173352521
15417,84,1,508.8,4.442651256490317,0.6931471805599453,6.234018491942015,2,Hibernating,-0.5556370395255256,0.15233588098137224
14557,84,1,287.44,4.442651256490317,0.6931471805599453,5.664487092048558,2,Hibernating,-0.7635105121268003,-0.0020101109231375567
16108,84,1,811.58,4.442651256490317,0.6931471805599453,6.700214370895335,3,Loyal Customers,-0.38548003626186134,0.2786774055615899
17144,0,2,537.1800000000001,0.0,1.0986122886681098,6.288193076695596,1,At Risk,0.7663708231534776,-1.5835449118004503
16924,20,3,681.39,3.044522437723423,1.3862943611198906,6.525601341908314,3,Loyal Customers,0.3443484880288543,-0.18948295434631038
15099,83,1,238.70000000000002,4.430816798843313,0.6931471805599453,5.479388141440339,2,Hibernating,-0.8283337902725755,-0.05708450877917729
13323,2,5,583.85,1.0986122886681098,1.791759469228055,6.371355404096716,0,Champions,1.0130534111724248,-0.945633208898905
15975,83,1,371.01,4.430816798843313,0.6931471805599453,5.91892073563227,2,Hibernating,-0.667908629002774,0.062031125999883086
15523,83,1,88.51,4.430816798843313,0.6931471805599453,4.494350350882848,2,Hibernating,-1.187863091387454,-0.3240349084857861
16878,83,1,13.3,4.430816798843313,0.6931471805599453,2.6602595372658615,2,Hibernating,-1.8572885639144878,-0.8210831237793068
15947,82,1,349.64,4.418840607796598,0.6931471805599453,5.859760056110554,2,Hibernating,-0.686732883916137,0.04102783601500659
13247,17,4,474.72,2.8903717578961645,1.6094379124341003,6.164829445859045,3,Loyal Customers,0.39971868512773756,-0.29990849845789014
13566,40,2,846.89,3.713572066704308,1.0986122886681098,6.742750910396796,3,Loyal Customers,0.07372462980337127,0.08087326269899672
16689,75,2,293.52,4.330733340286331,1.0986122886681098,5.685346912500516,2,Hibernating,-0.4549015968271326,0.05044949253626057
16438,5,5,748.6,1.791759469228055,1.791759469228055,6.619539730924212,0,Champions,0.9433868590605752,-0.5906995449230218
13067,81,1,91.61,4.406719247264253,0.6931471805599453,4.528397127182178,2,Hibernating,-1.1698651378205913,-0.3248091750290211
16460,27,3,726.0,3.332204510175204,1.3862943611198906,6.588926477533519,3,Loyal Customers,0.3009511954839891,-0.052925842527330395
13325,81,1,471.3,4.406719247264253,0.6931471805599453,6.157614376902071,2,Hibernating,-0.5752165418265366,0.11671723156242592
12640,23,3,609.53,3.1780538303479458,1.3862943611198906,6.414327432392566,3,Loyal Customers,0.27286293226037284,-0.16421970708079062
13774,81,1,314.15000000000003,4.406719247264253,0.6931471805599453,5.753048715959119,2,Hibernating,-0.7228791094236414,0.007077818809371677
12497,81,1,20.4,4.406719247264253,0.6931471805599453,3.0633909220278057,2,Hibernating,-1.7045782849882893,-0.7218335285995418
12752,80,1,854.12,4.394449154672439,0.6931471805599453,6.75124180996569,3,Loyal Customers,-0.3557114780584054,0.2725009617078919
15504,80,1,52.83,4.394449154672439,0.6931471805599453,3.985830932572866,2,Hibernating,-1.3650597990825384,-0.47693986802434785
15500,7,4,837.13,2.0794415416798357,1.6094379124341003,6.731173219715389,3,Loyal Customers,0.7939108708181012,-0.4829838564360339
17557,13,3,525.01,2.6390573296152584,1.3862943611198906,6.2653202239638395,1,At Risk,0.3430894711476752,-0.4282992436213941
14356,79,2,480.93,4.382026634673881,1.0986122886681098,6.177798875288194,3,Loyal Customers,-0.28702007570225446,0.20519462706693486
13416,43,2,576.5,3.784189633918261,1.0986122886681098,6.358708442395948,3,Loyal Customers,-0.08277352497138842,0.006103900737635875
17628,80,1,75.75,4.394449154672439,0.6931471805599453,4.340553386467307,2,Hibernating,-1.2355895217379051,-0.3808082254013398
16527,80,1,219.81,4.394449154672439,0.6931471805599453,5.3973026032324585,2,Hibernating,-0.8498862411132664,-0.09442365365262936
15341,80,1,732.96,4.394449154672439,0.6931471805599453,6.598454531216753,2,Hibernating,-0.4114773624482426,0.2310948090474641
16215,80,1,186.9,4.394449154672439,0.6931471805599453,5.23590990641942,2,Hibernating,-0.908793020169324,-0.13816191967345332
14164,80,1,374.4,4.394449154672439,0.6931471805599453,5.927992124152408,2,Hibernating,-0.6561896800327468,0.04939598564213425
15888,80,1,86.14,4.394449154672439,0.6931471805599453,4.467516020689296,2,Hibernating,-1.1892493837380205,-0.3464006866467281
17564,23,3,409.36,3.1780538303479458,1.3862943611198906,6.017034823219512,1,At Risk,0.12785495847161685,-0.2718880847165403
13356,79,1,548.59,4.382026634673881,0.6931471805599453,6.309172545691662,2,Hibernating,-0.5141904879037001,0.14754220171268304
12390,79,1,407.74,4.382026634673881,0.6931471805599453,6.01307925708039,2,Hibernating,-0.6222616849071855,0.06729936991179486
18228,56,2,760.0,4.04305126783455,1.0986122886681098,6.634633357861686,3,Loyal Customers,-0.041910835379091016,0.18831542202909213
17415,79,1,138.44,4.382026634673881,0.6931471805599453,4.937634401211765,2,Hibernating,-1.0147886936417516,-0.22415181793965228
13350,15,2,652.77,2.772588722239781,1.0986122886681098,6.4827556076454105,1,At Risk,0.19637851304465495,-0.3801198001880968
12550,78,1,748.88,4.3694478524670215,0.6931471805599453,6.619913193728991,2,Hibernating,-0.3978650074229275,0.22653401733466333
16627,78,1,162.38,4.3694478524670215,0.6931471805599453,5.096078775913723,2,Hibernating,-0.9540498853064987,-0.18643308993971625
17475,78,1,194.37,4.3694478524670215,0.6931471805599453,5.274895196603544,2,Hibernating,-0.8887836149412875,-0.1379729035033799
14951,78,1,259.52,4.3694478524670215,0.6931471805599453,5.562679633678201,2,Hibernating,-0.7837450686793903,-0.059981813980873676
14780,54,2,400.88,4.007333185232471,1.0986122886681098,5.996153536594114,1,At Risk,-0.2666920124838599,0.0004600979399064335
15399,0,3,768.97,0.0,1.3862943611198906,6.646351553049768,1,At Risk,1.0922963422880223,-1.4203163454169523
17466,9,2,531.88,2.302585092994046,1.0986122886681098,6.278296258104924,1,At Risk,0.23041481980507492,-0.6305932910300455
16379,3,4,2006.68,1.3862943611198906,1.6094379124341003,7.604735105562258,0,Champions,1.2730039807098557,-0.5339184223942463
17172,78,1,224.28,4.3694478524670215,0.6931471805599453,5.417344072969677,2,Hibernating,-0.8367911477938796,-0.09936851202904368
15239,9,2,749.67,2.302585092994046,1.0986122886681098,6.620966141078948,1,At Risk,0.3554860249098475,-0.5377279582436142
16213,78,1,82.5,4.3694478524670215,0.6931471805599453,4.42484663185681,2,Hibernating,-1.1990431494756244,-0.3683405161010062
14261,78,1,633.79,4.3694478524670215,0.6931471805599453,6.453294235535106,2,Hibernating,-0.4586793215194792,0.18137940711064032
12657,10,3,623.0,2.3978952727983707,1.3862943611198906,6.436150368369428,1,At Risk,0.4611960379237865,-0.48209201151206543
15571,11,4,558.05,2.4849066497880004,1.6094379124341003,6.326238914593377,3,Loyal Customers,0.5523726687107836,-0.4244444304253503
15484,0,4,2513.27,0.0,1.6094379124341003,7.8297377819513985,0,Champions,1.6756306688155431,-1.0482903422122982
12936,16,3,911.9,2.833213344056216,1.3862943611198906,6.816626345571035,3,Loyal Customers,0.49942319547003167,-0.19831251670615804
16236,77,1,416.3,4.356708826689592,0.6931471805599453,6.033805387597507,2,Hibernating,-0.6088435227773922,0.06240869992326626
16669,23,2,1101.78,3.1780538303479458,1.0986122886681098,7.005589543330491,3,Loyal Customers,0.29346677827842593,-0.07015032236348151
17603,77,1,144.72,4.356708826689592,0.6931471805599453,4.981686972140363,2,Hibernating,-0.9928566055498984,-0.22272090042030168
15398,15,2,1283.63,2.772588722239781,1.0986122886681098,7.158226018124099,3,Loyal Customers,0.4429187036151496,-0.19706378163146776
12906,11,5,1108.02,2.4849066497880004,1.791759469228055,7.011232021452855,3,Loyal Customers,0.9260993307673873,-0.19687447125876414
17079,77,1,118.80000000000001,4.356708826689592,0.6931471805599453,4.785823685681349,2,Hibernating,-1.0643448176466328,-0.27580087675145565
14125,10,3,2376.73,2.3978952727983707,1.3862943611198906,7.773901530013903,3,Loyal Customers,0.9494623205193518,-0.11955444114447422
17163,21,2,293.1,3.091042453358316,1.0986122886681098,5.68391984555995,1,At Risk,-0.16881342038778546,-0.4644417544602927
12952,5,4,1058.26,1.791759469228055,1.6094379124341003,6.96532583010407,3,Loyal Customers,0.9458846739769109,-0.5389229412478632
12579,77,1,329.12,4.356708826689592,0.6931471805599453,5.799456224724484,2,Hibernating,-0.6943787088913278,-0.0011011504596887042
13279,77,1,137.75,4.356708826689592,0.6931471805599453,4.932673752626544,2,Hibernating,-1.0107459583504852,-0.2360037395819512
12425,77,1,538.14,4.356708826689592,0.6931471805599453,6.2899752774420765,2,Hibernating,-0.5153439815969789,0.131832081586728
16715,77,1,99.39999999999999,4.356708826689592,0.6931471805599453,4.609162207257628,2,Hibernating,-1.1288245548510853,-0.32367706254863415
13519,77,1,78.95,4.356708826689592,0.6931471805599453,4.381401439279963,2,Hibernating,-1.211955040318098,-0.38540142341270944
12546,46,2,969.58,3.8501476017100584,1.0986122886681098,6.877893830947975,3,Loyal Customers,0.09147505505897965,0.17418016095035913
15744,77,1,6.959999999999999,4.356708826689592,0.6931471805599453,2.0744289998562917,2,Hibernating,-2.0539777492822475,-1.0106030356957623
13127,77,1,259.17,4.356708826689592,0.6931471805599453,5.561335263505108,2,Hibernating,-0.7812905650542803,-0.06563317794673382
15714,11,2,254.53,2.4849066497880004,1.0986122886681098,5.543339819580688,1,At Risk,-0.0799888399948809,-0.754102066747171
17480,77,1,511.82,4.356708826689592,0.6931471805599453,6.239924906405982,2,Hibernating,-0.5336118847085574,0.11826816893116596
15763,31,2,602.87,3.4657359027997265,1.0986122886681098,6.4033589429810505,1,At Risk,0.007148055813053333,-0.11396230038917007
15075,77,1,496.78,4.356708826689592,0.6931471805599453,6.210158212348561,2,Hibernating,-0.5444764411890839,0.11020123895878836
16978,77,1,294.43,4.356708826689592,0.6931471805599453,5.688431922151257,2,Hibernating,-0.7349015094311201,-0.031189317871312974
14014,76,1,304.42,4.343805421853684,0.6931471805599453,5.721687878525035,2,Hibernating,-0.7197802166016865,-0.027532033803919713
16240,23,2,2055.47,3.1780538303479458,1.0986122886681098,7.628746199672025,3,Loyal Customers,0.520912952716827,0.09872839486426868
13336,76,1,752.8000000000001,4.343805421853684,0.6931471805599453,6.625127080833035,2,Hibernating,-0.39003361386297547,0.2173047211699643
14652,76,1,94.28,4.343805421853684,0.6931471805599453,4.556819925047044,2,Hibernating,-1.1449457942269214,-0.34321734940016435
15807,49,2,798.1,3.912023005428146,1.0986122886681098,6.6834860943804175,3,Loyal Customers,0.006212885193787487,0.147174575234151
15762,64,2,482.95000000000005,4.174387269895637,1.0986122886681098,6.181981595595098,3,Loyal Customers,-0.2374884566392592,0.12015233831911429
15475,76,1,406.31,4.343805421853684,0.6931471805599453,6.0095745662803,2,Hibernating,-0.6147043498267187,0.05048676618849964
15978,76,1,942.58,4.343805421853684,0.6931471805599453,6.849681151887105,3,Loyal Customers,-0.3080735418713431,0.27816005037485075
16485,76,1,279.35,4.343805421853684,0.6931471805599453,5.636038822569682,2,Hibernating,-0.7510412966576604,-0.05074337649650329
12488,9,3,952.1600000000001,2.302585092994046,1.3862943611198906,6.859782780433041,3,Loyal Customers,0.637852923591749,-0.40684165465884725
13083,3,2,235.8,1.3862943611198906,1.0986122886681098,5.46721590300985,1,At Risk,0.14621918671654735,-1.2306852017609013
16169,7,4,1651.8200000000002,2.0794415416798357,1.6094379124341003,7.410238198969799,3,Loyal Customers,1.0417630443522277,-0.29895369091707474
17506,75,1,302.2,4.330733340286331,0.6931471805599453,5.714392653768217,2,Hibernating,-0.7194207170673772,-0.034934337486722394
16480,75,1,416.57,4.330733340286331,0.6931471805599453,6.034452194907419,2,Hibernating,-0.6026020688449564,0.05180347425618378
17006,4,4,703.9300000000001,1.6094379124341003,1.6094379124341003,6.558098507102471,1,At Risk,0.8394022676151449,-0.7249519463149198
17498,75,1,235.74,4.330733340286331,0.6931471805599453,5.466962492525748,2,Hibernating,-0.8097303415295003,-0.10198920693062993
17131,4,4,1839.1200000000001,1.6094379124341003,1.6094379124341003,7.517586065867774,0,Champions,1.1896059803438461,-0.46492579322595706
13536,0,7,2451.61,0.0,2.0794415416798357,7.80490804262533,0,Champions,1.9854799590139136,-0.946920347896347
15429,26,2,321.68,3.295836866004329,1.0986122886681098,5.776661120068773,1,At Risk,-0.18231097962100662,-0.35431328591969197
17154,74,1,299.1,4.31748811353631,0.6931471805599453,5.704115752446321,2,Hibernating,-0.7201094706260373,-0.043216550963170244
16594,74,1,123.44,4.31748811353631,0.6931471805599453,4.8238236720294365,2,Hibernating,-1.0414075969345966,-0.2817803146872528
16049,39,3,973.99,3.6888794541139363,1.3862943611198906,6.882427214534993,3,Loyal Customers,0.32561504433327393,0.17464392898561293
14757,74,1,395.5,4.31748811353631,0.6931471805599453,5.982676041074902,2,Hibernating,-0.6184376496573092,0.03227474602524513
16198,74,1,286.281,4.31748811353631,0.6931471805599453,5.6604608308363025,2,Hibernating,-0.7360430963276379,-0.0550472633324486
13670,74,1,333.2,4.31748811353631,0.6931471805599453,5.811739616161293,2,Hibernating,-0.6808277975007578,-0.014049920289618958
18066,74,1,318.0,4.31748811353631,0.6931471805599453,5.765191102784844,2,Hibernating,-0.6978175563126502,-0.026664811180818843
14806,74,1,66.0,4.31748811353631,0.6931471805599453,4.204692619390966,2,Hibernating,-1.267384464814608,-0.4495680722301112
12783,1,4,1011.3000000000001,0.6931471805599453,1.6094379124341003,6.919980248604706,0,Champions,1.1833264963901913,-1.0071649862766257
13429,10,4,816.69,2.3978952727983707,1.6094379124341003,6.706483291669158,3,Loyal Customers,0.711274706657819,-0.3575082356212699
15154,74,1,170.08,4.31748811353631,0.6931471805599453,5.142131283358708,2,Hibernating,-0.9252283862101119,-0.19551728509737878
13390,74,1,304.68,4.31748811353631,0.6931471805599453,5.722538803138645,2,Hibernating,-0.7133852346593477,-0.03822380774735162
12925,4,2,636.13,1.6094379124341003,1.0986122886681098,6.456973716382993,1,At Risk,0.4558818099740226,-0.8698451758440193
13927,74,1,348.99,4.31748811353631,0.6931471805599453,5.857904582646717,2,Hibernating,-0.6639780296079923,-0.0015389726144526498
18205,35,2,408.86,3.58351893845611,1.0986122886681098,6.015815637971813,1,At Risk,-0.16153224203607028,-0.17010549071660622
14908,73,1,135.3,4.30406509320417,0.6931471805599453,4.914858338702487,2,Hibernating,-1.0050774996747143,-0.2626803517253476
13639,73,1,646.34,4.30406509320417,0.6931471805599453,6.472871658791304,2,Hibernating,-0.4364176518305205,0.15954941705392026
15958,73,1,87.85,4.30406509320417,0.6931471805599453,4.486949554600661,2,Hibernating,-1.1612600822759125,-0.37864587309818937
15492,27,2,504.73999999999995,3.332204510175204,1.0986122886681098,6.2260227032374456,1,At Risk,-0.026706311670698896,-0.21744040950335475
15243,73,1,316.68,4.30406509320417,0.6931471805599453,5.7610445868229965,2,Hibernating,-0.6962276734892571,-0.03335944715968486
15344,31,2,187.79000000000002,3.4657359027997265,1.0986122886681098,5.240635286206952,1,At Risk,-0.41723487417904165,-0.4290665003493643
13866,73,1,145.67000000000002,4.30406509320417,0.6931471805599453,4.988185165258664,2,Hibernating,-0.9783139146047508,-0.2428083977292372
14473,73,1,95.28,4.30406509320417,0.6931471805599453,4.567260612914871,2,Hibernating,-1.131947319918681,-0.35688115572048795
12612,73,1,654.0,4.30406509320417,0.6931471805599453,6.484635235635252,2,Hibernating,-0.432124059643644,0.16273740798236375
16999,22,2,289.92,3.1354942159291497,1.0986122886681098,5.67304831528634,1,At Risk,-0.18305840307564122,-0.4489393390067708
13514,73,1,152.20000000000002,4.30406509320417,0.6931471805599453,5.031744257306491,2,Hibernating,-0.9624152657698766,-0.23100365567315487
13314,1,3,666.69,0.6931471805599453,1.3862943611198906,6.503823993965688,1,At Risk,0.8800237169619021,-1.1712676486108955
17805,73,1,211.83,4.30406509320417,0.6931471805599453,5.360493724974712,2,Hibernating,-0.8424248781059168,-0.14191082833330432
18278,73,1,173.9,4.30406509320417,0.6931471805599453,5.164214382024556,2,Hibernating,-0.9140649468125381,-0.19510355815237065
13979,72,1,869.87,4.290459441148391,0.6931471805599453,6.769492711981713,3,Loyal Customers,-0.32500828129952763,0.23428857038551365
16181,72,1,163.94,4.290459441148391,0.6931471805599453,5.105581771405209,2,Hibernating,-0.9323197401261987,-0.2166400081126865
15568,2,3,724.39,1.0986122886681098,1.3862943611198906,6.586709441256125,1,At Risk,0.8165350235496973,-0.9805265150722388
16354,62,2,361.40000000000003,4.143134726391533,1.0986122886681098,5.892748574168825,1,At Risk,-0.33583032301802707,0.028798042756021852
14412,42,2,562.33,3.7612001156935624,1.0986122886681098,6.333865602071739,3,Loyal Customers,-0.08652588459117981,-0.010169897158496952
16119,7,2,363.96000000000004,2.0794415416798357,1.0986122886681098,5.899787758536078,1,At Risk,0.1438523057064894,-0.8257815519033775
14109,72,1,144.2,4.290459441148391,0.6931471805599453,4.978112102390695,2,Hibernating,-0.9788449409392512,-0.25118495595132223
16157,15,3,369.95000000000005,2.772588722239781,1.3862943611198906,5.916067282635535,1,At Risk,0.18474386208201002,-0.4675295602304126
15348,71,1,158.04,4.276666119016055,0.6931471805599453,5.069155742908264,2,Hibernating,-0.9424259567739723,-0.23223624607107154
16182,71,1,72.8,4.276666119016055,0.6931471805599453,4.301358731606427,2,Hibernating,-1.2226644669281987,-0.44031325694855694
16281,71,1,121.5,4.276666119016055,0.6931471805599453,4.808111029984782,2,Hibernating,-1.0377047614013528,-0.3029807303174893
13924,1,6,1544.05,0.6931471805599453,1.9459101490553132,7.342811551267739,0,Champions,1.565962599623223,-0.8151881996757528
14434,21,6,964.8000000000001,3.091042453358316,1.9459101490553132,6.872956773439442,3,Loyal Customers,0.8400912359439752,0.0526686507269272
13061,71,1,200.31,4.276666119016055,0.6931471805599453,5.304846008510737,2,Hibernating,-0.8564012810874899,-0.1683629498253222
17513,71,1,140.39999999999998,4.276666119016055,0.6931471805599453,4.951592753462473,2,Hibernating,-0.9853353150113854,-0.2640964318670867
16909,71,1,213.72,4.276666119016055,0.6931471805599453,5.369334853783317,2,Hibernating,-0.8328634740177389,-0.1508861350399832
16650,71,1,430.38,4.276666119016055,0.6931471805599453,6.066989372194228,2,Hibernating,-0.5782262978318852,0.03818189294045657
18192,71,1,698.82,4.276666119016055,0.6931471805599453,6.550823159119369,2,Hibernating,-0.40163162812838993,0.16930338294758562
17447,39,2,541.53,3.6888794541139363,1.0986122886681098,6.296243383424822,3,Loyal Customers,-0.08353753189265244,-0.05038070266448228
17427,71,1,100.8,4.276666119016055,0.6931471805599453,4.623010104116422,2,Hibernating,-1.1052648155953186,-0.3531440505680316
15175,71,1,212.5,4.276666119016055,0.6931471805599453,5.363636832668679,2,Hibernating,-0.8349431968148958,-0.15243032860156056
13960,20,2,230.22,3.044522437723423,1.0986122886681098,5.443369638247176,1,At Risk,-0.24585678145144602,-0.5489391571711006
17528,0,8,2755.06,0.0,2.1972245773362196,7.92155740257872,0,Champions,2.107975260487212,-0.8882181261435117
16361,9,4,711.36,2.302585092994046,1.6094379124341003,6.568583401607805,3,Loyal Customers,0.6829777133257102,-0.43443607328746586
13886,70,1,218.56,4.2626798770413155,0.6931471805599453,5.3916255436816884,2,Hibernating,-0.821494052380318,-0.15064990166113712
13354,70,1,684.91,4.2626798770413155,0.6931471805599453,6.530746423783747,2,Hibernating,-0.4057259084224385,0.15805782221744308
15050,24,3,982.29,3.2188758248682006,1.3862943611198906,6.890904091898132,3,Loyal Customers,0.43737102192720734,-0.018122729256777832
13503,70,1,192.95,4.2626798770413155,0.6931471805599453,5.267600393885976,2,Hibernating,-0.866762036872044,-0.18426136675315083
16653,15,2,1043.31,2.772588722239781,1.0986122886681098,6.951111659232052,3,Loyal Customers,0.3673239585027106,-0.25319285751181386
16574,70,1,409.14,4.2626798770413155,0.6931471805599453,6.016498564827623,2,Hibernating,-0.5934214213282727,0.01869395941689912
17306,10,3,109.92,2.3978952727983707,1.3862943611198906,4.708809220747577,1,At Risk,-0.1692668352213939,-0.9502105082921266
13759,32,2,439.59000000000003,3.4965075614664802,1.0986122886681098,6.088114737787482,1,At Risk,-0.11502726273619106,-0.18662407870397993
17813,13,5,1156.17,2.6390573296152584,1.791759469228055,7.053732648120234,3,Loyal Customers,0.9059729442309108,-0.12137996988727257
12718,70,1,182.35,4.2626798770413155,0.6931471805599453,5.211396894517335,2,Hibernating,-0.8872757725296192,-0.19949280940965805
15949,16,2,349.6,2.833213344056216,1.0986122886681098,5.859645972487134,1,At Risk,-0.04506654534952892,-0.5238249530258533
12703,70,1,265.55,4.2626798770413155,0.6931471805599453,5.58556184326877,2,Hibernating,-0.7507091719221916,-0.09809214886356019
13364,70,1,134.95999999999998,4.2626798770413155,0.6931471805599453,4.9123607248279155,2,Hibernating,-0.9964210927671905,-0.28053317739406247
16268,70,2,495.2,4.2626798770413155,1.0986122886681098,6.206979071257701,3,Loyal Customers,-0.24877733617019998,0.163570552185408
18053,70,1,283.02,4.2626798770413155,0.6931471805599453,5.649044658216867,2,Hibernating,-0.7275385562261409,-0.08088797356455565
16101,70,1,1261.7,4.2626798770413155,0.6931471805599453,7.141007564444634,3,Loyal Customers,-0.18298647293824047,0.32344178716424443
15565,49,2,123.66000000000001,3.912023005428146,1.0986122886681098,4.825590031380704,2,Hibernating,-0.6719012739557094,-0.3563249873058931
18217,28,2,515.67,3.367295829986474,1.0986122886681098,6.247404372837274,1,At Risk,-0.027015109411960087,-0.19708203928230758
13954,1,2,307.82,0.6931471805599453,1.0986122886681098,5.732758582892719,1,At Risk,0.40339114568378587,-1.4463961566224508
15593,70,1,199.8,4.2626798770413155,0.6931471805599453,5.302309387817574,2,Hibernating,-0.8540935885645276,-0.17485504763293686
13095,70,1,60.48,4.2626798770413155,0.6931471805599453,4.118711918670395,2,Hibernating,-1.2860952589197199,-0.49561616005863224
15287,21,2,414.69,3.091042453358316,1.0986122886681098,6.029939790159768,1,At Risk,-0.04251947507288123,-0.3706685374296013
13347,69,1,148.79999999999998,4.248495242049359,0.6931471805599453,5.009301071083119,2,Hibernating,-0.9577593986634065,-0.2601488345647843
15185,69,1,139.92000000000002,4.248495242049359,0.6931471805599453,4.948192353473037,2,Hibernating,-0.9800634917093645,-0.27670961705246644
16404,69,1,296.45,4.248495242049359,0.6931471805599453,5.695246143633915,2,Hibernating,-0.7073960573769703,-0.07425412773269505
16613,69,1,586.79,4.248495242049359,0.6931471805599453,6.376369741250785,2,Hibernating,-0.4587925079786769,0.11033393414310436
16591,68,1,213.5,4.23410650459726,0.6931471805599453,5.368309738368072,2,Hibernating,-0.823398105582102,-0.16882731225072933
15774,68,1,189.75,4.23410650459726,0.6931471805599453,5.250963670164566,2,Hibernating,-0.866228289656469,-0.20062871125410742
13558,5,4,550.57,1.791759469228055,1.6094379124341003,6.312768757202979,1,At Risk,0.7077076308150251,-0.7157693253279407
16930,25,3,292.17,3.258096538021482,1.3862943611198906,5.68075264554151,1,At Risk,-0.01339018610529985,-0.3298024753294146
16533,18,3,896.97,2.9444389791664403,1.3862943611198906,6.800136660171771,3,Loyal Customers,0.46768992445703406,-0.15661972762960166
18059,22,3,290.56,3.1354942159291497,1.3862943611198906,5.675245816514012,1,At Risk,0.012944790399732259,-0.38217806098608115
14488,67,1,706.18,4.219507705176107,0.6931471805599453,6.561285230380545,1,At Risk,-0.38459839304186744,0.14841640562586822
16747,37,2,590.73,3.6375861597263857,1.0986122886681098,6.383050449766315,3,Loyal Customers,-0.039995089486723395,-0.04814360682592588
14333,67,1,188.20000000000002,4.219507705176107,0.6931471805599453,5.242804656617778,2,Hibernating,-0.8658310967640144,-0.20889873450918123
13635,67,1,1031.43,4.219507705176107,0.6931471805599453,6.939670525926724,3,Loyal Customers,-0.24649140652425253,0.25096080225453793
17330,22,2,273.9,3.1354942159291497,1.0986122886681098,5.6164073951712,1,At Risk,-0.20373179309042888,-0.4642893249762726
17321,67,1,411.74,4.219507705176107,0.6931471805599453,6.022817854765978,2,Hibernating,-0.5811337961336628,0.0024889269776388603
14815,36,2,737.22,3.6109179126442243,1.0986122886681098,6.604241883157637,3,Loyal Customers,0.04690318974273355,0.0007324021242475255
15091,67,1,446.71,4.219507705176107,0.6931471805599453,6.104145701383439,2,Hibernating,-0.5514499158441508,0.02452919931025855
15088,20,2,825.52,3.044522437723423,1.0986122886681098,6.717224115395404,3,Loyal Customers,0.21908782705129895,-0.20371792291742283
15930,66,1,393.63,4.204692619390966,0.6931471805599453,5.977948617054461,2,Hibernating,-0.5940854771982891,-0.015819523832125836
16183,66,1,338.71000000000004,4.204692619390966,0.6931471805599453,5.828092312472438,2,Hibernating,-0.6487815842618979,-0.05643136714433592
13297,7,4,1641.59,2.0794415416798357,1.6094379124341003,7.404029543378148,3,Loyal Customers,1.039496944891753,-0.3006362690960236
13801,66,1,247.1,4.204692619390966,0.6931471805599453,5.513831890697755,2,Hibernating,-0.7634836098002006,-0.1415975871705134
17014,7,3,484.98,2.0794415416798357,1.3862943611198906,6.186167470790342,1,At Risk,0.4435792676495135,-0.6820054064834166
15255,66,1,865.35,4.204692619390966,0.6931471805599453,6.764288983956856,3,Loyal Customers,-0.30707882094520106,0.19728283352132459
14184,66,1,245.59,4.204692619390966,0.6931471805599453,5.507727038407604,2,Hibernating,-0.7657118220559409,-0.14325203411115647
13351,65,1,323.94,4.189654742026425,0.6931471805599453,5.783640549901604,2,Hibernating,-0.6615293828563058,-0.07471914440238939
15739,65,1,77.6,4.189654742026425,0.6931471805599453,4.364371699435161,2,Hibernating,-1.17954883631659,-0.45934843533419106
12512,65,2,124.23,4.189654742026425,1.0986122886681098,4.830152046575941,2,Hibernating,-0.7344229622601048,-0.23986414403739034
17957,65,1,95.28999999999999,4.189654742026425,0.6931471805599453,4.567364471252192,2,Hibernating,-1.1054584307683475,-0.4043363311351834
15276,65,1,95.38,4.189654742026425,0.6931471805599453,4.5682987112121864,2,Hibernating,-1.1051174421858687,-0.4040831472135786
15127,65,1,346.53,4.189654742026425,0.6931471805599453,5.850850992213798,2,Hibernating,-0.6369982190941025,-0.056504762566801515
16106,65,1,108.38,4.189654742026425,0.6931471805599453,4.694828057918627,2,Hibernating,-1.0589354499537305,-0.3697930316447293
17666,3,2,110.58,1.3862943611198906,1.0986122886681098,4.714741822417382,1,At Risk,-0.12842660139007778,-1.4346096181727188
13483,65,1,140.34,4.189654742026425,0.6931471805599453,4.951168335262708,2,Hibernating,-0.9653737189779554,-0.3003234740766111
16478,24,2,251.26000000000002,3.2188758248682006,1.0986122886681098,5.530460301659047,1,At Risk,-0.2543789781288315,-0.45297586449079
17382,64,1,50.400000000000006,4.174387269895637,0.6931471805599453,3.9396381724611196,2,Hibernating,-1.3310427333632604,-0.5807898501127579
16020,16,3,707.01,2.833213344056216,1.3862943611198906,6.562458217887758,3,Loyal Customers,0.40665427818826116,-0.2671934103410416
17222,64,1,273.0,4.174387269895637,0.6931471805599453,5.6131281063880705,2,Hibernating,-0.7202350342728316,-0.12726531425312348
16160,64,1,173.09999999999997,4.174387269895637,0.6931471805599453,5.159629846774143,2,Hibernating,-0.8857575288397982,-0.2501657174972199
16803,64,1,332.3,4.174387269895637,0.6931471805599453,5.8090429853136945,2,Hibernating,-0.6487279914229618,-0.07417135609333778
13947,64,1,90.6,4.174387269895637,0.6931471805599453,4.517431271680085,2,Hibernating,-1.1201538201230634,-0.4242048944260037
16758,64,1,207.86,4.174387269895637,0.6931471805599453,5.341664171051403,2,Hibernating,-0.8193167546748981,-0.20083346233710594
12719,4,2,498.55,1.6094379124341003,1.0986122886681098,6.213707693179027,1,At Risk,0.36709205576772164,-0.9357715420726513
17647,64,1,82.11,4.174387269895637,0.6931471805599453,4.420165031564935,2,Hibernating,-1.1556550604469298,-0.45056455486299374
14054,64,1,92.46,4.174387269895637,0.6931471805599453,4.53753353727228,2,Hibernating,-1.112816686899883,-0.41875707517857386
12723,3,4,580.33,1.3862943611198906,1.6094379124341003,6.365318581839422,1,At Risk,0.8206288933417778,-0.869806790924282
18033,64,1,71.82,4.174387269895637,0.6931471805599453,4.287990642747287,2,Hibernating,-1.2038974386505115,-0.48638450640604913
13845,64,1,157.86,4.174387269895637,0.6931471805599453,5.068023311204986,2,Hibernating,-0.9191930315448205,-0.27499156836339206
15837,64,1,300.23,4.174387269895637,0.6931471805599453,5.707874092559455,2,Hibernating,-0.6856536623517007,-0.10158865583301016
12628,3,3,665.46,1.3862943611198906,1.3862943611198906,6.50198012281404,1,At Risk,0.7190992820153457,-0.8840929356400092
13177,64,1,282.45,4.174387269895637,0.6931471805599453,5.6470357407703125,2,Hibernating,-0.7078590744784294,-0.11807616776736057
14317,64,1,375.58,4.174387269895637,0.6931471805599453,5.931130508068282,2,Hibernating,-0.6041672221290635,-0.04108499807647273
16295,9,4,967.26,2.302585092994046,1.6094379124341003,6.875500646252709,3,Loyal Customers,0.794999549975079,-0.3512598927183548
13602,64,1,398.65000000000003,4.174387269895637,0.6931471805599453,5.990589164072028,2,Hibernating,-0.5824653856683951,-0.024971390925183128
16895,64,1,175.12,4.174387269895637,0.6931471805599453,5.171165580887553,2,Hibernating,-0.8815470970539332,-0.2470394731419234
17295,28,3,400.12,3.367295829986474,1.3862943611198906,5.994260634409983,1,At Risk,0.07579099221681598,-0.19951957438420473
13504,63,1,260.48,4.1588830833596715,0.6931471805599453,5.566357798744529,2,Hibernating,-0.7337212716131104,-0.14637496000637984
13422,63,1,2292.0,4.1588830833596715,0.6931471805599453,7.737616282857904,3,Loyal Customers,0.05876715148711106,0.4420474596780373
15264,63,1,393.74,4.1588830833596715,0.6931471805599453,5.978227320325962,2,Hibernating,-0.5833928652675172,-0.034756162771294376
16432,63,1,111.0,4.1588830833596715,0.6931471805599453,4.718498871295094,2,Hibernating,-1.043181609634644,-0.37614916942970184
13816,23,2,420.42,3.1780538303479458,1.0986122886681098,6.043629961088661,1,At Risk,-0.057639199197247554,-0.33084640676012506
14518,63,1,112.44,4.1588830833596715,0.6931471805599453,4.731274062783817,2,Hibernating,-1.0385187878509743,-0.37268702563488054
13882,2,5,686.34,1.0986122886681098,1.791759469228055,6.532829075182805,0,Champions,1.071989745057827,-0.9018729984260367
15937,63,1,145.35,4.1588830833596715,0.6931471805599453,4.986001013137895,2,Hibernating,-0.9455459056795255,-0.3036546881297563
12923,63,1,151.67,4.1588830833596715,0.6931471805599453,5.028278729268851,2,Hibernating,-0.9301149467061716,-0.2921972056574811
16454,63,1,5.9,4.1588830833596715,0.6931471805599453,1.9315214116032138,2,Hibernating,-2.0604015253688925,-1.1314346559052937
17453,17,2,457.46999999999997,2.8903717578961645,1.0986122886681098,6.127894858803381,1,At Risk,0.0396270332470639,-0.42740584664155834
15766,63,1,273.65999999999997,4.1588830833596715,0.6931471805599453,5.6155339691021355,2,Hibernating,-0.7157724433248371,-0.13304796031271973
15300,63,1,454.44,4.1588830833596715,0.6931471805599453,6.121263984642827,2,Hibernating,-0.5311858611823835,0.00400752231582978
13348,63,1,233.76,4.1588830833596715,0.6931471805599453,5.458563715690134,2,Hibernating,-0.7730650731569396,-0.17558772101232298
14592,34,3,516.29,3.5553480614894135,1.3862943611198906,6.2486036456801495,3,Loyal Customers,0.12514720072057475,-0.05254463685965818
17030,63,1,115.95,4.1588830833596715,0.6931471805599453,4.761746493030188,2,Hibernating,-1.0273966444623954,-0.36442883745948423
12420,63,1,380.3,4.1588830833596715,0.6931471805599453,5.943586466863518,2,Hibernating,-0.5960364429604366,-0.044144015467528185
14427,49,2,287.74,3.912023005428146,1.0986122886681098,5.665526629201668,1,At Risk,-0.3653325099040574,-0.1286977706997004
14792,63,1,6.2,4.1588830833596715,0.6931471805599453,1.9740810260220096,2,Hibernating,-2.044867676237025,-1.1199007775207632
12519,63,1,242.84,4.1588830833596715,0.6931471805599453,5.496512272498282,2,Hibernating,-0.7592142156179309,-0.16530346338755642
13359,63,1,307.06,4.1588830833596715,0.6931471805599453,5.730294569196311,2,Hibernating,-0.673885930195192,-0.10194723670660091
14138,1,2,965.8800000000001,0.6931471805599453,1.0986122886681098,6.874074392613249,1,At Risk,0.8199604178006965,-1.1370935953228136
15297,9,3,624.94,2.302585092994046,1.3862943611198906,6.439254519861148,1,At Risk,0.48436416095564794,-0.5208070155046043
13876,63,1,98.80000000000001,4.1588830833596715,0.6931471805599453,4.603168183317418,2,Hibernating,-1.0852761993480444,-0.40740438983769683
12740,63,1,344.8,4.1588830833596715,0.6931471805599453,5.84586057324919,2,Hibernating,-0.6317054523819949,-0.07062824440991794
17086,6,6,1307.9,1.9459101490553132,1.9459101490553132,7.176942368797674,0,Champions,1.2157907180508003,-0.3402098527998868
13806,63,1,218.13000000000002,4.1588830833596715,0.6931471805599453,5.389665161007312,2,Hibernating,-0.7982123816667184,-0.19425959014069155
18096,11,3,724.54,2.4849066497880004,1.3862943611198906,6.586916205194473,3,Loyal Customers,0.49610761090489297,-0.40512165754415325
13587,63,1,168.0,4.1588830833596715,0.6931471805599453,5.1298987149230735,2,Hibernating,-0.8930246312159515,-0.26465765737962105
12856,7,6,1960.03,2.0794415416798357,1.9459101490553132,7.581225124396513,0,Champions,1.3324783768235198,-0.17522804941089729
13419,63,1,221.06,4.1588830833596715,0.6931471805599453,5.40294761562612,2,Hibernating,-0.7933644137288717,-0.19065997538117166
17509,57,8,6083.64,4.060443010546419,2.1972245773362196,8.713522841798035,0,Champions,1.4582851254618288,1.0115998918411637
16900,19,2,748.95,2.995732273553991,1.0986122886681098,6.620006537641369,1,At Risk,0.19488433915757078,-0.2503136040914649
13689,62,1,15.0,4.143134726391533,0.6931471805599453,2.772588722239781,2,Hibernating,-1.7497791370655469,-0.910036994845878
13763,62,1,308.40000000000003,4.143134726391533,0.6931471805599453,5.734634938138966,2,Hibernating,-0.668660812387373,-0.1073069586345558
13755,3,9,1626.66,1.3862943611198906,2.302585092994046,7.394898679542443,0,Champions,1.6667373699311578,-0.4313640710272744
16104,61,1,239.41,4.127134385045092,0.6931471805599453,5.482345799133678,2,Hibernating,-0.7570447346729055,-0.18231920132019133
13259,61,1,249.18,4.127134385045092,0.6931471805599453,5.522180658786596,2,Hibernating,-0.7425053947731467,-0.1715237457462639
16248,61,1,152.94,4.127134385045092,0.6931471805599453,5.036562916106171,2,Hibernating,-0.91975119113601,-0.3031286971053298
15612,35,2,180.15,3.58351893845611,1.0986122886681098,5.199325417341086,1,At Risk,-0.4595433043572019,-0.3913786163197895
15787,25,3,752.56,3.258096538021482,1.3862943611198906,6.624808643297174,3,Loyal Customers,0.33118115556303107,-0.07395835608637011
16595,60,1,341.96,4.110873864173311,0.6931471805599453,5.837613822289722,2,Hibernating,-0.6236159956352524,-0.09278825277667949
13260,60,1,82.32000000000001,4.110873864173311,0.6931471805599453,4.422688616392771,2,Hibernating,-1.1400500606857402,-0.4762403932832641
15821,43,2,396.86,3.784189633918261,1.0986122886681098,5.986100184608831,1,At Risk,-0.21877194837808525,-0.09487488840502167
18088,60,1,132.03,4.110873864173311,0.6931471805599453,4.890574666695814,2,Hibernating,-0.9692761611669726,-0.3494408234161485
16685,60,1,227.82,4.110873864173311,0.6931471805599453,5.432935668272798,2,Hibernating,-0.7713196221203037,-0.20245815174188622
13193,60,1,95.13,4.110873864173311,0.6931471805599453,4.565701442077724,2,Hibernating,-1.0878517574715305,-0.43748316859022673
13212,19,3,527.48,2.995732273553991,1.3862943611198906,6.27000496164248,3,Loyal Customers,0.26233826345525535,-0.27900012040231875
14801,60,1,180.84,4.110873864173311,0.6931471805599453,5.203127179544288,2,Hibernating,-0.8551975059282602,-0.26473745565298507
16380,60,1,142.79,4.110873864173311,0.6931471805599453,4.96835390183965,2,Hibernating,-0.9408874898687003,-0.32836224337632075
16921,60,1,145.93,4.110873864173311,0.6931471805599453,4.989956282887855,2,Hibernating,-0.9330028289601245,-0.32250788498447763
15193,60,1,336.95,4.110873864173311,0.6931471805599453,5.822897955546363,2,Hibernating,-0.6289871451853067,-0.09677632972847386
14027,60,1,104.82,4.110873864173311,0.6931471805599453,4.661739537475985,2,Hibernating,-1.0527987781341601,-0.41145634180308643
16179,60,1,177.58,4.110873864173311,0.6931471805599453,5.185036680089071,2,Hibernating,-0.8618003638980772,-0.2696400757420371
17425,60,1,655.97,4.110873864173311,0.6931471805599453,6.487638355341608,1,At Risk,-0.3863633051131926,0.08337179974180833
18169,60,1,151.65,4.110873864173311,0.6931471805599453,5.028147719180887,2,Hibernating,-0.9190633227496713,-0.3121578057473913
18126,60,1,190.33,4.110873864173311,0.6931471805599453,5.253999685896911,2,Hibernating,-0.8366295313487577,-0.2509507400212693
16688,0,4,1000.88,0.0,1.6094379124341003,6.909633513993909,0,Champions,1.3398014777097367,-1.2976434172491416
16982,60,1,384.06,4.110873864173311,0.6931471805599453,5.95339916630119,2,Hibernating,-0.5813554608508671,-0.06140981820257508
16776,59,1,356.59000000000003,4.0943445622221,0.6931471805599453,5.879387078702537,2,Hibernating,-0.6045476848663186,-0.08832757899268429
13980,59,1,116.78,4.0943445622221,0.6931471805599453,4.768818477516425,2,Hibernating,-1.009894522167448,-0.3892974857618998
13352,59,1,316.17999999999995,4.0943445622221,0.6931471805599453,5.759469436070455,2,Hibernating,-0.6483164688258211,-0.12082588813307901
15553,59,1,382.63,4.0943445622221,0.6931471805599453,5.949678546416385,2,Hibernating,-0.5788919765231942,-0.06927822313847296
15886,59,1,104.5,4.0943445622221,0.6931471805599453,4.658710952916121,2,Hibernating,-1.0500827075817678,-0.4191372015418609
17203,35,6,899.04,3.58351893845611,1.9459101490553132,6.80243920678113,3,Loyal Customers,0.7004954161412253,0.2379487867962991
12607,59,1,1490.26,4.0943445622221,0.6931471805599453,7.30737667917338,3,Loyal Customers,-0.08334524169301549,0.298665080859307
17459,42,2,551.99,3.7612001156935624,1.0986122886681098,6.315339918176192,3,Loyal Customers,-0.09328758068800856,-0.015190454509860916
12772,59,1,615.3199999999999,4.0943445622221,0.6931471805599453,6.423766309169706,1,At Risk,-0.40585451172364456,0.05920204327991956
16561,5,2,494.12,1.791759469228055,1.0986122886681098,6.204800157431106,1,At Risk,0.32168924882099204,-0.8625172629500345
14121,3,4,2370.56,1.3862943611198906,1.6094379124341003,7.771303245440343,0,Champions,1.3337997466108573,-0.4887775841999315
12371,59,1,1300.46,4.0943445622221,0.6931471805599453,7.171241990193599,3,Loyal Customers,-0.1330330912918532,0.26177186723293455
17119,2,2,477.79,1.0986122886681098,1.0986122886681098,6.17126208791851,1,At Risk,0.46969961638755064,-1.1592806671297826
17620,59,1,47.44,4.0943445622221,0.6931471805599453,3.8803259186848913,2,Hibernating,-1.3341857440724287,-0.630083622080781
12824,59,1,316.42,4.0943445622221,0.6931471805599453,5.760225818079412,2,Hibernating,-0.6480403966815204,-0.12062090464761507
14710,13,4,541.63,2.6390573296152584,1.6094379124341003,6.296427688044018,3,Loyal Customers,0.5058531525923228,-0.3685468199597485
16120,58,3,588.1,4.07753744390572,1.3862943611198906,6.378595948527642,3,Loyal Customers,0.05186610873192443,0.1994063620888946
14624,56,2,225.85,4.04305126783455,1.0986122886681098,5.424289006109973,1,At Risk,-0.48367486013529315,-0.13969423565103986
16171,58,1,73.2,4.07753744390572,0.6931471805599453,4.3067641501733345,2,Hibernating,-1.1746541948076423,-0.5214920267690849
12536,58,1,3659.97,4.07753744390572,0.6931471805599453,8.20548341860428,3,Loyal Customers,0.24834076767880317,0.5350813118664492
13690,58,1,81.60000000000001,4.07753744390572,0.6931471805599453,4.414009680526933,2,Hibernating,-1.135510609713408,-0.49242792641772953
17934,58,1,307.68,4.07753744390572,0.6931471805599453,5.732305141589403,2,Hibernating,-0.6543454703430077,-0.1351629527938622
14642,58,1,19.8,4.07753744390572,0.6931471805599453,3.0349529867072724,2,Hibernating,-1.6388530135070418,-0.8661595123144297
12602,58,1,129.22,4.07753744390572,0.6931471805599453,4.869225327808716,2,Hibernating,-0.9693612851974928,-0.36906210212199414
17190,58,1,228.74,4.07753744390572,0.6931471805599453,5.436948234717258,2,Hibernating,-0.7621478951079453,-0.21520622128714834
16753,57,1,198.92000000000002,4.060443010546419,0.6931471805599453,5.297917286526697,2,Hibernating,-0.8089407217104491,-0.2599789782702094
17737,8,2,137.64000000000001,2.1972245773362196,1.0986122886681098,4.931880645407351,1,At Risk,-0.23665518935856836,-1.0392063734919497
13464,57,1,606.73,4.060443010546419,0.6931471805599453,6.409730704386542,1,At Risk,-0.4031395383192373,0.041328280336468494
18277,57,1,110.38,4.060443010546419,0.6931471805599453,4.7129477781615225,2,Hibernating,-1.0224489551326574,-0.4185087784171487
12667,57,1,410.23,4.060443010546419,0.6931471805599453,6.019152668678152,1,At Risk,-0.5456967574992091,-0.06452041272734488
12498,20,3,349.70000000000005,3.044522437723423,1.3862943611198906,5.859931157146132,1,At Risk,0.10138528540379602,-0.36988306041174895
14537,57,1,355.56,4.060443010546419,0.6931471805599453,5.876502528638301,2,Hibernating,-0.5977626839480219,-0.10317934771124032
17279,57,1,25.43,4.060443010546419,0.6931471805599453,3.2744997286161976,2,Hibernating,-1.5474686314340074,-0.808335732737339
14251,1,5,1796.8200000000002,0.6931471805599453,1.791759469228055,7.4943300987853965,0,Champions,1.5166694359864767,-0.8095799290888022
12446,57,1,734.36,4.060443010546419,0.6931471805599453,6.600360175220336,1,At Risk,-0.33356161848939586,0.09298986522463801
12631,56,1,396.0,4.04305126783455,0.6931471805599453,5.983936280687191,1,At Risk,-0.5545295339249223,-0.08128227148246164
14234,21,4,706.92,3.091042453358316,1.6094379124341003,6.562331092959095,3,Loyal Customers,0.4984091035242558,-0.10889982466179948
14975,56,1,38.65,4.04305126783455,0.6931471805599453,3.680090948080857,2,Hibernating,-1.3954108790354955,-0.7056364214419207
13853,56,1,547.3000000000001,4.04305126783455,0.6931471805599453,6.306822582410003,1,At Risk,-0.43667914532991214,0.006221607181839025
16773,56,1,106.89,4.04305126783455,0.6931471805599453,4.681112189563248,2,Hibernating,-1.0300477723595318,-0.4343544228322096
16430,56,1,200.05,4.04305126783455,0.6931471805599453,5.303553633343283,2,Hibernating,-0.8028626436138436,-0.2656695319540652
17181,56,1,44.6,4.04305126783455,0.6931471805599453,3.8199077165203406,2,Hibernating,-1.3443791059166807,-0.6677453449995817
16793,56,1,226.84,4.04305126783455,0.6931471805599453,5.428643628223611,2,Hibernating,-0.7572060009277443,-0.2317694882677185
18130,14,3,941.16,2.70805020110221,1.3862943611198906,6.848175111533293,3,Loyal Customers,0.5398751533647385,-0.2417086504511645
17614,56,1,346.72,4.04305126783455,0.6931471805599453,5.851397558210864,2,Hibernating,-0.6029048904029758,-0.11720095935496899
13858,56,1,182.67,4.04305126783455,0.6931471805599453,5.213140669140444,2,Hibernating,-0.8358625042721582,-0.290171918729447
14856,35,3,899.09,3.58351893845611,1.3862943611198906,6.802494758324644,3,Loyal Customers,0.32079918266575314,0.10925441427597549
14089,56,1,111.05,4.04305126783455,0.6931471805599453,4.718945200246936,2,Hibernating,-1.0162390880424765,-0.42410147881226606
15478,39,2,862.19,3.6888794541139363,1.0986122886681098,6.760634829076079,3,Loyal Customers,0.08596087060440386,0.07547181104138415
16413,56,1,247.25,4.04305126783455,0.6931471805599453,5.514436302925282,2,Hibernating,-0.7258925014133643,-0.20851922414277732
13810,28,2,609.16,3.367295829986474,1.0986122886681098,6.413721217855983,1,At Risk,0.03368893628700326,-0.1520093033108697
16416,26,3,752.3,3.295836866004329,1.3862943611198906,6.624463554831649,3,Loyal Customers,0.3223298658180972,-0.05838864263019752
13006,55,1,11.52,4.02535169073515,0.6931471805599453,2.5273273656719524,2,Hibernating,-1.8120664425915967,-1.0253871816898872
17986,55,1,20.8,4.02535169073515,0.6931471805599453,3.0819099697950434,2,Hibernating,-1.6096491363905845,-0.875092391723298
12454,55,1,66.4,4.02535169073515,0.6931471805599453,4.210645017918261,2,Hibernating,-1.1976717210206265,-0.5691992826997156
14910,2,4,374.65,1.0986122886681098,1.6094379124341003,5.9286578588151695,1,At Risk,0.7277622941805935,-1.1075398020196472
16243,33,2,227.4,3.5263605246161616,1.0986122886681098,5.431098477781855,1,At Risk,-0.36173369091087104,-0.3522891566080393
13878,54,1,1021.98,4.007333185232471,0.6931471805599453,6.930475215418385,3,Loyal Customers,-0.20079413931959178,0.1604107877618218
16934,54,2,786.38,4.007333185232471,1.0986122886681098,6.66871097813625,3,Loyal Customers,-0.021215027504020822,0.1827266866600362
15994,54,1,342.37,4.007333185232471,0.6931471805599453,5.838808582969778,1,At Risk,-0.5992419401826934,-0.13543658649332338
14547,3,8,3315.76,1.3862943611198906,2.1972245773362196,8.106743681792103,0,Champions,1.8550635883397983,-0.26268285127148033
16052,53,1,303.54,3.9889840465642745,0.6931471805599453,5.718802441412587,2,Hibernating,-0.6388008154131674,-0.17557425713584246
15113,9,3,1589.8,2.302585092994046,1.3862943611198906,7.371992313333536,3,Loyal Customers,0.8248044671298598,-0.2680301888937254
12475,53,1,561.9399999999999,3.9889840465642745,0.6931471805599453,6.333173050524441,1,At Risk,-0.4145614635457676,-0.00907660471828263
13685,2,4,20.92,1.0986122886681098,1.6094379124341003,3.087399462079815,1,At Risk,-0.30926964048955385,-1.8775357066935132
16542,53,1,119.62,3.9889840465642745,0.6931471805599453,4.792645108022841,2,Hibernating,-0.9768393170706332,-0.4265677446036411
18042,53,1,93.35,3.9889840465642745,0.6931471805599453,4.547011271814559,2,Hibernating,-1.0664933002057866,-0.4931358005562532
16563,53,1,324.5,3.9889840465642745,0.6931471805599453,5.785362461648624,1,At Risk,-0.6145070494408881,-0.15753614308903605
17201,53,1,155.07999999999998,3.9889840465642745,0.6931471805599453,5.050368696314855,2,Hibernating,-0.8827726909293099,-0.35672330252448275
17520,53,1,441.29,3.9889840465642745,0.6931471805599453,6.091965775529838,1,At Risk,-0.5025997944950336,-0.07444503940088393
13923,53,1,317.63,3.9889840465642745,0.6931471805599453,5.764030555001558,1,At Risk,-0.6222929897995083,-0.16331720150174492
16412,53,1,135.99,3.9889840465642745,0.6931471805599453,4.919907930463299,2,Hibernating,-0.9303896132638082,-0.3920788532697927
17205,53,1,20.5,3.9889840465642745,0.6931471805599453,3.068052935133617,2,Hibernating,-1.6062988409292398,-0.8939412548352746
17534,53,1,223.36,3.9889840465642745,0.6931471805599453,5.413251904640136,2,Hibernating,-0.7503238168595404,-0.2583800527143158
15335,53,1,161.72,3.9889840465642745,0.6931471805599453,5.09203093230025,2,Hibernating,-0.8675663762779352,-0.3454326183948133
15066,52,1,701.79,3.970291913552122,0.6931471805599453,6.5550581274126225,1,At Risk,-0.3292540405009794,0.04329768353667014
17206,52,1,204.24,3.970291913552122,0.6931471805599453,5.324180026073764,2,Hibernating,-0.77851268598047,-0.2902767278131273
17785,52,1,123.44,3.970291913552122,0.6931471805599453,4.8238236720294365,2,Hibernating,-0.9611379334607049,-0.4258759200352646
16932,52,1,133.73000000000002,3.970291913552122,0.6931471805599453,4.903272775767756,2,Hibernating,-0.9321397762173413,-0.40434479686153046
16363,52,1,75.36,3.970291913552122,0.6931471805599453,4.335458998857547,2,Hibernating,-1.1393863329818172,-0.5582253039426979
14830,52,1,179.78,3.970291913552122,0.6931471805599453,5.1972808223702645,2,Hibernating,-0.8248296724523619,-0.32466707656505406
17244,52,1,532.53,3.970291913552122,0.6931471805599453,6.279515301588191,1,At Risk,-0.42982451662434673,-0.0313758652299114
15355,28,2,189.3,3.367295829986474,1.0986122886681098,5.248601774302104,1,At Risk,-0.3915684327924155,-0.4677627740346882
15598,52,1,223.68,3.970291913552122,0.6931471805599453,5.414677167664232,2,Hibernating,-0.7454821013868564,-0.2657515285248761
15637,52,1,223.36,3.970291913552122,0.6931471805599453,5.413251904640136,2,Hibernating,-0.746002308655928,-0.26613778226825197
16848,52,1,281.42,3.970291913552122,0.6931471805599453,5.643395324641106,2,Hibernating,-0.66200217816113,-0.20376771022834153
15678,52,1,290.3,3.970291913552122,0.6931471805599453,5.674353663965389,2,Hibernating,-0.6507026826416359,-0.19537783814821252
14015,52,1,607.62,3.970291913552122,0.6931471805599453,6.411194099229851,1,At Risk,-0.3817630244241746,0.0043097785091297585
13594,52,1,396.97,3.970291913552122,0.6931471805599453,5.986376625559036,1,At Risk,-0.5368173085078495,-0.11081798154827197
15327,52,1,125.1,3.970291913552122,0.6931471805599453,4.837075242970874,2,Hibernating,-0.956301237767484,-0.42228467491404426
14861,51,1,83.37,3.9512437185814275,0.6931471805599453,4.435211888177536,2,Hibernating,-1.098573662084195,-0.5390972532326224
14554,9,4,1863.18,2.302585092994046,1.6094379124341003,7.530576557106895,3,Loyal Customers,1.0340959447167506,-0.1737308903622878
12611,51,1,924.52,3.9512437185814275,0.6931471805599453,6.830355741720633,3,Loyal Customers,-0.22436923664120195,0.10999927401461324
14179,40,2,548.67,3.713572066704308,1.0986122886681098,6.309318098154484,3,Loyal Customers,-0.08447416983612331,-0.036589299228257356
12863,51,1,109.2,3.9512437185814275,0.6931471805599453,4.702296896718814,2,Hibernating,-1.0010902077643755,-0.4667158172418414
15604,51,1,216.39,3.9512437185814275,0.6931471805599453,5.381692975469088,2,Hibernating,-0.7531171861049403,-0.2825959220255949
14381,51,1,202.68,3.9512437185814275,0.6931471805599453,5.316550134809097,2,Hibernating,-0.776893695188789,-0.3002499729857785
12572,8,2,650.87,2.1972245773362196,1.0986122886681098,6.479845155543454,1,At Risk,0.32833693968948596,-0.6196998848336754
16123,51,1,254.88,3.9512437185814275,0.6931471805599453,5.544708584581937,2,Hibernating,-0.6936180596988473,-0.23841783827262295
16851,3,3,322.28999999999996,1.3862943611198906,1.3862943611198906,5.778549753229196,1,At Risk,0.4550541685431869,-1.0801463542720762
17148,51,1,124.88,3.9512437185814275,0.6931471805599453,4.835329072196206,2,Hibernating,-0.9525347456961543,-0.430663401021921
17549,23,2,16.439999999999998,3.1780538303479458,1.0986122886681098,2.8587664184808332,1,At Risk,-1.2200837009173249,-1.1939611053637058
17973,51,1,299.48,3.9512437185814275,0.6931471805599453,5.705381196019898,1,At Risk,-0.634974104865501,-0.19487471915940235
15610,51,1,112.46000000000001,3.9512437185814275,0.6931471805599453,4.731450351898421,2,Hibernating,-0.9904494775646986,-0.458815078216773
15853,51,1,110.8,3.9512437185814275,0.6931471805599453,4.716711560720999,2,Hibernating,-0.9958289943122721,-0.46280936781024984
18019,51,1,28.5,3.9512437185814275,0.6931471805599453,3.3843902633457743,2,Hibernating,-1.4821134287751199,-0.8238754165256525
14698,1,5,1049.07,0.6931471805599453,1.791759469228055,6.956612107596112,0,Champions,1.3204075509883737,-0.9553043206333887
15468,50,1,377.91,3.9318256327243257,0.6931471805599453,5.9372987098642,1,At Risk,-0.5458371030994289,-0.14008287758132265
16826,50,1,279.45,3.9318256327243257,0.6931471805599453,5.636395455954346,1,At Risk,-0.6556638910850707,-0.22162923516704872
17824,50,1,235.84,3.9318256327243257,0.6931471805599453,5.467384807663575,2,Hibernating,-0.7173511490191681,-0.26743200593217814
12522,38,2,152.72,3.6635616461296463,1.0986122886681098,5.035132765696643,1,At Risk,-0.5379774302938901,-0.4026558441757105
15803,50,1,154.86,3.9318256327243257,0.6931471805599453,5.048958168415415,2,Hibernating,-0.8700728401246407,-0.38082781639339125
15006,50,1,430.03000000000003,3.9318256327243257,0.6931471805599453,6.066177693249839,1,At Risk,-0.4987975161219479,-0.10515599816778634
17350,7,4,952.0,2.0794415416798357,1.6094379124341003,6.859614903654202,3,Loyal Customers,0.8407908477115809,-0.44817548746264596
14799,50,1,32.720000000000006,3.9318256327243257,0.6931471805599453,3.518091133133655,2,Hibernating,-1.4288245556127928,-0.7957007998297414
15814,16,4,994.09,2.833213344056216,1.6094379124341003,6.9028331853293405,3,Loyal Customers,0.6822976180652413,-0.1236278736902316
16260,50,1,427.45000000000005,3.9318256327243257,0.6931471805599453,6.060174045115128,1,At Risk,-0.500988789836219,-0.1067830182523172
14638,50,1,269.6,3.9318256327243257,0.6931471805599453,5.600641715736688,1,At Risk,-0.6687136617191722,-0.2313186860019331
17354,50,1,56.690000000000005,3.9318256327243257,0.6931471805599453,4.055083848268798,2,Hibernating,-1.2328273893852388,-0.6501729618939673
15664,50,1,311.43,3.9318256327243257,0.6931471805599453,5.744380444084709,1,At Risk,-0.6162504110281936,-0.19236473788578276
13245,50,1,259.85,3.9318256327243257,0.6931471805599453,5.563945529468402,1,At Risk,-0.6821074160797551,-0.24126354465195807
14923,50,1,629.6,3.9318256327243257,0.6931471805599453,6.446671747110961,1,At Risk,-0.35992085314068933,-0.0020401169925794733
14477,50,1,83.2,3.9318256327243257,0.6931471805599453,4.4331949212482815,2,Hibernating,-1.0948204914618882,-0.5477028810169263
16177,49,1,179.35,3.912023005428146,0.6931471805599453,5.194899407349548,2,Hibernating,-0.8122274465226733,-0.3494955904254842
16284,30,2,759.84,3.4339872044851463,1.0986122886681098,6.634423086084641,3,Loyal Customers,0.09882434857377717,-0.064519257030346
16846,49,1,197.82,3.912023005428146,0.6931471805599453,5.292399892783999,2,Hibernating,-0.7766407089145961,-0.32307244828026316
14484,49,1,301.76,3.912023005428146,0.6931471805599453,5.712940412440966,1,At Risk,-0.6231474718305792,-0.20910376515825227
13897,49,1,311.16,3.912023005428146,0.6931471805599453,5.743515876874802,1,At Risk,-0.6119877219564772,-0.20081765417848157
14585,49,1,148.55,3.912023005428146,0.6931471805599453,5.007630785075957,2,Hibernating,-0.8805786890152738,-0.40024636775367994
17125,49,1,158.78,3.912023005428146,0.6931471805599453,5.073797869053896,2,Hibernating,-0.8564283409906215,-0.3823147414905546
15836,49,1,49.97,3.912023005428146,0.6931471805599453,3.93123722435195,2,Hibernating,-1.2734519658797425,-0.6919546595891319
16313,2,2,203.57,1.0986122886681098,1.0986122886681098,5.320910215200671,1,At Risk,0.15932937736662514,-1.3897304777759476
13460,28,2,183.44,3.367295829986474,1.0986122886681098,5.217324207338505,1,At Risk,-0.40298444332398325,-0.4762391584768094
12403,49,1,92.9,3.912023005428146,0.6931471805599453,4.542230386214217,2,Hibernating,-1.0504453497112538,-0.5263723130632934
14967,49,1,139.8,3.912023005428146,0.6931471805599453,4.9473404437239425,2,Hibernating,-0.9025840826134213,-0.4165853659897367
15286,49,1,240.55,3.912023005428146,0.6931471805599453,5.4870764910004155,2,Hibernating,-0.7055856265907418,-0.2703140706773258
17832,49,1,148.53,3.912023005428146,0.6931471805599453,5.0074970415957525,2,Hibernating,-0.8806275040967129,-0.4002826129372059
12646,4,2,838.16,1.6094379124341003,1.0986122886681098,6.7324013915037755,1,At Risk,0.5564102572002221,-0.7952028335211501
16015,3,3,566.56,1.3862943611198906,1.3862943611198906,6.341346470639112,1,At Risk,0.6604695469375708,-0.9276254965889252
16311,17,2,568.89,2.8903717578961645,1.0986122886681098,6.345443359748945,1,At Risk,0.11903013965913525,-0.368449063622986
15740,48,1,126.80000000000001,3.8918202981106265,0.6931471805599453,4.850466541943435,2,Hibernating,-0.9332713793707201,-0.45122335852450207
13974,48,1,413.59000000000003,3.8918202981106265,0.6931471805599453,6.027290080077415,1,At Risk,-0.5037421285575208,-0.1322980168772405
15677,48,1,580.93,3.8918202981106265,0.6931471805599453,6.366350165583741,1,At Risk,-0.3799884647421976,-0.040410958108414385
15000,47,1,443.42,3.871201010907891,0.6931471805599453,6.0967700612532525,1,At Risk,-0.47361555037329683,-0.1220261276352281
16017,46,1,172.03,3.8501476017100584,0.6931471805599453,5.153464989868557,2,Hibernating,-0.813045390163089,-0.3864044635193241
13471,0,4,2210.64,0.0,1.6094379124341003,7.701489600753466,0,Champions,1.6288213185577718,-1.0830462709295685
13598,46,1,113.94,3.8501476017100584,0.6931471805599453,4.744410253079596,2,Hibernating,-0.9623464271844524,-0.4972604393351289
18005,3,2,163.02,1.3862943611198906,1.0986122886681098,5.099988371608265,1,At Risk,0.012184676588533727,-1.3302057858751846
15427,32,3,1254.35,3.4965075614664802,1.3862943611198906,7.135169697146993,3,Loyal Customers,0.4623388340590663,0.16329904220079383
15022,11,3,737.67,2.4849066497880004,1.3862943611198906,6.604851271824262,3,Loyal Customers,0.502653737391276,-0.40026116056476635
17111,46,1,183.39000000000001,3.8501476017100584,0.6931471805599453,5.217053079717074,2,Hibernating,-0.7898363501428798,-0.3691717581710003
17836,46,1,109.83,3.8501476017100584,0.6931471805599453,4.707997495787562,2,Hibernating,-0.9756367327000016,-0.5071284872483229
14629,3,2,564.91,1.3862943611198906,1.0986122886681098,6.33843505495895,1,At Risk,0.4642057815667634,-0.9945802491648811
15592,46,1,314.66,3.8501476017100584,0.6931471805599453,5.754665684970771,1,At Risk,-0.5936129299957016,-0.22347592676684505
14607,18,3,450.9,2.9444389791664403,1.3862943611198906,6.1134609164172335,1,At Risk,0.21705989522243566,-0.34271245018429836
15277,46,1,241.98,3.8501476017100584,0.6931471805599453,5.492979135426596,1,At Risk,-0.6891259988044967,-0.2943943520986533
16491,46,1,617.84,3.8501476017100584,0.6931471805599453,6.427846757850868,1,At Risk,-0.3479083255872074,-0.04104033068828295
15516,44,3,53.93,3.8066624897703196,1.3862943611198906,4.006059647354529,2,Hibernating,-0.7514621253452556,-0.5559836699147124
14764,46,1,79.8,3.8501476017100584,0.6931471805599453,4.39197696552705,2,Hibernating,-1.0909811808741288,-0.5927717058915314
15142,45,1,430.52,3.828641396489095,0.6931471805599453,6.06731385939142,1,At Risk,-0.4745272545109803,-0.14767227816147951
17344,45,1,132.62,3.828641396489095,0.6931471805599453,4.894999950497331,2,Hibernating,-0.9024105341092199,-0.4653754866686144
18240,45,1,125.58000000000001,3.828641396489095,0.6931471805599453,4.840874519347159,2,Hibernating,-0.9221657948926152,-0.48004376195544723
17081,24,2,210.51,3.2188758248682006,1.0986122886681098,5.354272278692483,1,At Risk,-0.3186859086539337,-0.5007237413796779
14474,45,1,240.06,3.828641396489095,0.6931471805599453,5.485045865160197,1,At Risk,-0.6870494613077717,-0.3054699538307749
14139,45,1,278.28,3.828641396489095,0.6931471805599453,5.63221486279678,1,At Risk,-0.6333341953826827,-0.2655863847737217
15844,45,1,108.83999999999999,3.828641396489095,0.6931471805599453,4.699024761459715,2,Hibernating,-0.9739395895687808,-0.518485789184583
13176,45,1,337.43,3.828641396489095,0.6931471805599453,5.824317276284939,1,At Risk,-0.5632186656781925,-0.21352562471268408
12398,45,1,1349.44,3.828641396489095,0.6931471805599453,7.208185744256085,3,Loyal Customers,-0.05812001068852371,0.16150997717746354
15345,45,1,230.39000000000001,3.828641396489095,0.6931471805599453,5.444104598614017,1,At Risk,-0.7019926290615441,-0.31656525146683007
16708,45,1,571.03,3.828641396489095,0.6931471805599453,6.349191437556921,1,At Risk,-0.37164465482874787,-0.07128197833651093
15963,19,2,434.36,2.995732273553991,1.0986122886681098,6.076173275034936,1,At Risk,-0.003609560977221399,-0.3976952662146738
18045,44,1,145.09,3.8066624897703196,0.6931471805599453,4.984222870144423,2,Hibernating,-0.8647636378217662,-0.45031743576791444
13182,44,1,121.18,3.8066624897703196,0.6931471805599453,4.805495367221621,2,Hibernating,-0.9299974540588827,-0.49875352502374243
15158,44,1,119.76,3.8066624897703196,0.6931471805599453,4.793805104838638,2,Hibernating,-0.9342642871740108,-0.5019216473493295
13028,22,2,613.4399999999999,3.1354942159291497,1.0986122886681098,6.420711283880944,1,At Risk,0.08983137551464002,-0.2463187591413016
13978,14,2,132.53,2.70805020110221,1.0986122886681098,4.894326171695873,1,At Risk,-0.36846200787251154,-0.8373776887822367
16056,44,1,485.85,3.8066624897703196,0.6931471805599453,6.187956067424765,1,At Risk,-0.4254126207384062,-0.12409943557094949
12812,44,1,229.64000000000001,3.8066624897703196,0.6931471805599453,5.440858053330147,1,At Risk,-0.6980961963804463,-0.3265669098083574
16071,44,1,299.29,3.8066624897703196,0.6931471805599453,5.704748674401526,1,At Risk,-0.6017786627040297,-0.2550511695503511
14539,15,2,500.32,2.772588722239781,1.0986122886681098,6.2172446197433215,1,At Risk,0.09946956108989477,-0.45207466834279475
14550,10,2,650.77,2.3978952727983707,1.0986122886681098,6.479691738955752,1,At Risk,0.2818870918922213,-0.5364578157449268
17712,44,1,403.21,3.8066624897703196,0.6931471805599453,6.001934544891096,1,At Risk,-0.493308683843766,-0.1745122423387895
14102,4,5,563.48,1.6094379124341003,1.791759469228055,6.335904953378372,0,Champions,0.8820145407752975,-0.7432343229396633
14598,43,1,221.97,3.784189633918261,0.6931471805599453,5.40703723326228,1,At Risk,-0.7052448813078381,-0.3450593586821851
15320,43,1,189.03,3.784189633918261,0.6931471805599453,5.247181954433266,1,At Risk,-0.7635905176152453,-0.38838097637815716
16415,43,1,181.62,3.784189633918261,0.6931471805599453,5.207407491188194,1,At Risk,-0.7781078134081578,-0.39916006420927325
12448,43,1,283.95,3.784189633918261,0.6931471805599453,5.652313726281008,1,At Risk,-0.6157213249932898,-0.27858814460528386
12827,5,3,430.15000000000003,1.791759469228055,1.3862943611198906,6.066456057398334,1,At Risk,0.46639611218284116,-0.8338434948619833
16345,43,1,421.76,3.784189633918261,0.6931471805599453,6.046804642141146,1,At Risk,-0.4717359422648837,-0.17167904052929783
15993,8,6,2239.98,2.1972245773362196,1.9459101490553132,7.714668549173865,0,Champions,1.353953214793387,-0.09018110765248033
17895,43,1,80.36,3.784189633918261,0.6931471805599453,4.398883751740304,2,Hibernating,-1.073211186867536,-0.6182742316928801
15948,7,2,931.84,2.0794415416798357,1.0986122886681098,6.838233696323492,1,At Risk,0.4863760295484465,-0.5714577882906027
15659,43,1,77.85,3.784189633918261,0.6931471805599453,4.367547313409047,2,Hibernating,-1.0846486848809778,-0.6267665705839355
18154,2,2,360.94,1.0986122886681098,1.0986122886681098,5.891478452232055,1,At Risk,0.36758128553163383,-1.23510349757733
12630,9,2,905.08,2.302585092994046,1.0986122886681098,6.8091276023654945,1,At Risk,0.42416314503822294,-0.4867352168672704
13363,17,2,834.89,2.8903717578961645,1.0986122886681098,6.728497025480064,3,Loyal Customers,0.2588410363069261,-0.2646395142267835
18276,43,1,213.46,3.784189633918261,0.6931471805599453,5.368123240791999,1,At Risk,-0.7194481135599848,-0.3556052544272022
17684,43,1,201.01,3.784189633918261,0.6931471805599453,5.30831720112637,1,At Risk,-0.7412767417096349,-0.37181300437004783
17878,43,1,244.83,3.784189633918261,0.6931471805599453,5.504640240131903,1,At Risk,-0.6696207243638834,-0.318608432691146
14752,43,1,129.0,3.784189633918261,0.6931471805599453,4.867534450455582,2,Hibernating,-0.9021581980469315,-0.49126743810172285
16847,42,1,176.94,3.7612001156935624,0.6931471805599453,5.181446414816621,1,At Risk,-0.782268318409217,-0.41573690993024254
14971,34,3,808.7,3.5553480614894135,1.3862943611198906,6.696663808692069,3,Loyal Customers,0.28868484243269954,0.06888201372696137
17545,42,3,409.94,3.7612001156935624,1.3862943611198906,6.018447218437869,3,Loyal Customers,-0.006449428345477681,-0.029484187232479912
16026,42,1,236.09,3.7612001156935624,0.6931471805599453,5.468439815884993,1,At Risk,-0.6775184926666973,-0.33796019530795257
16513,4,4,874.59,1.6094379124341003,1.6094379124341003,6.774897944843427,3,Loyal Customers,0.9185319731759745,-0.6661981633475055
12430,42,1,168.6,3.7612001156935624,0.6931471805599453,5.133442723357803,1,At Risk,-0.7997892031981707,-0.4287461617022703
14357,42,1,215.17000000000002,3.7612001156935624,0.6931471805599453,5.376065135169961,1,At Risk,-0.7112343609476383,-0.36299421753129485
16855,23,2,285.8,3.1780538303479458,1.0986122886681098,5.658785108725465,1,At Risk,-0.19810386170475475,-0.43514137711374223
16680,42,1,149.7,3.7612001156935624,0.6931471805599453,5.01529110563245,1,At Risk,-0.8429134050852344,-0.46076586884458687
18035,35,3,240.92999999999998,3.58351893845611,1.3862943611198906,5.488648428115696,1,At Risk,-0.15874206681771194,-0.24680482158729025
16648,42,1,267.26,3.7612001156935624,0.6931471805599453,5.5919566594739445,1,At Risk,-0.6324360350420833,-0.3044864838598792
16164,16,3,678.54,2.833213344056216,1.3862943611198906,6.521416098672449,3,Loyal Customers,0.3916743001821359,-0.278316039578578
14218,42,1,169.48000000000002,3.7612001156935624,0.6931471805599453,5.1386179877903615,1,At Risk,-0.797900281552363,-0.42734363793911895
15096,42,1,206.89000000000001,3.7612001156935624,0.6931471805599453,5.337009093659023,1,At Risk,-0.725489439730752,-0.3735786093102155
18030,3,2,35.45,1.3862943611198906,1.0986122886681098,3.5959414584546674,1,At Risk,-0.536777952778266,-1.7378103757626528
14416,21,2,189.5,3.091042453358316,1.0986122886681098,5.249652194566756,1,At Risk,-0.3273169281263248,-0.5821305620609357
17839,41,1,318.15,3.7376696182833684,0.6931471805599453,5.765661211702066,1,At Risk,-0.5635954385880264,-0.26717741928673433
16601,40,1,159.74,3.713572066704308,0.6931471805599453,5.079788152784572,1,At Risk,-0.8083612872786939,-0.46305373126426647
12912,7,4,735.66,2.0794415416798357,1.6094379124341003,6.602126456028984,3,Loyal Customers,0.7468100456476761,-0.5179562051897131
13278,40,1,459.86,3.713572066704308,0.6931471805599453,6.133094309238645,1,At Risk,-0.42391469048812197,-0.17760224689054518
14582,40,1,94.21000000000001,3.713572066704308,0.6931471805599453,4.5560849782976005,2,Hibernating,-0.9995078992359689,-0.6049800340894549
15748,39,1,134.41,3.6888794541139363,0.6931471805599453,4.908307212994733,1,At Risk,-0.8652413949809913,-0.5197740512366752
16079,16,3,98.34,2.833213344056216,1.3862943611198906,4.598548309679204,1,At Risk,-0.3101539128469198,-0.7994232801080985
17590,1,3,1198.94,0.6931471805599453,1.3862943611198906,7.09002683452605,0,Champions,1.0939821047501956,-1.0124036089803217
15054,11,2,277.95,2.4849066497880004,1.0986122886681098,5.631032554291537,1,At Risk,-0.04798183688731439,-0.7303368764094704
14158,39,1,397.38,3.6888794541139363,0.6931471805599453,5.987406323647128,1,At Risk,-0.47138061846502766,-0.2273325412021522
15385,39,1,142.46,3.6888794541139363,0.6931471805599453,4.966056250698289,1,At Risk,-0.8441635527249438,-0.5041237595977003
16506,19,2,90.30000000000001,2.995732273553991,1.0986122886681098,4.514150787600923,1,At Risk,-0.5737327162675745,-0.8210115403397772
14295,39,1,166.20000000000002,3.6888794541139363,0.6931471805599453,5.119190700650601,1,At Risk,-0.7882709541914331,-0.46262352172308485
13822,5,2,454.8,1.791759469228055,1.0986122886681098,6.122054116811584,1,At Risk,0.2914877413873299,-0.8849418732840393
18067,39,1,319.03,3.6888794541139363,0.6931471805599453,5.768414741399516,1,At Risk,-0.5513104356459149,-0.2866804068107364
16190,39,1,94.99000000000001,3.6888794541139363,0.6931471805599453,4.564244019375446,2,Hibernating,-0.9908211450444745,-0.61301697850449
15444,8,2,1253.81,2.1972245773362196,1.0986122886681098,7.134739445682281,3,Loyal Customers,0.5673670446202621,-0.4422201026425858
13607,39,1,563.0600000000001,3.6888794541139363,0.6931471805599453,6.335160628818515,1,At Risk,-0.34445364825488145,-0.1330893033740319
12581,39,1,169.76,3.6888794541139363,0.6931471805599453,5.140259061889761,1,At Risk,-0.7805812053670109,-0.4569138854960586
15360,39,1,427.93,3.6888794541139363,0.6931471805599453,6.061293735451147,1,At Risk,-0.44441242518175095,-0.2073086656681926
13103,39,1,141.94,3.6888794541139363,0.6931471805599453,4.962424961791832,1,At Risk,-0.8454889381824353,-0.505107857907756
15667,39,1,301.32,3.6888794541139363,0.6931471805599453,5.711486059041233,1,At Risk,-0.5720888561063935,-0.30210837785508915
15793,14,2,133.92000000000002,2.70805020110221,1.0986122886681098,4.90468201019345,1,At Risk,-0.36468222661621563,-0.834571202317732
13651,39,1,63.3,3.6888794541139363,0.6931471805599453,4.163559631243574,2,Hibernating,-1.137067085467901,-0.7216045460002146
12552,39,1,165.47,3.6888794541139363,0.6931471805599453,5.114815113005919,1,At Risk,-0.78986800151585,-0.4638093288889582
16127,38,1,656.25,3.6635616461296463,0.6931471805599453,6.488064463609991,1,At Risk,-0.28279189781175623,-0.10215912331337393
12588,38,1,79.65,3.6635616461296463,0.6931471805599453,4.390118804571218,2,Hibernating,-1.048521846247862,-0.6707133834765108
15977,16,2,633.32,2.833213344056216,1.0986122886681098,6.452553558964143,1,At Risk,0.17133901008722693,-0.3631438921403211
13697,38,1,151.29999999999998,3.6635616461296463,0.6931471805599453,5.025852259901116,1,At Risk,-0.8164852613765884,-0.49842628786048243
14345,38,1,108.97999999999999,3.6635616461296463,0.6931471805599453,4.700298531079668,1,At Risk,-0.9353092351576091,-0.5866530532373485
17503,2,2,478.91,1.0986122886681098,1.0986122886681098,6.1735985863216145,1,At Risk,0.47055241578872764,-1.15864746382672
16830,38,1,325.91,3.6635616461296463,0.6931471805599453,5.789684903656904,1,At Risk,-0.5376937071735516,-0.2914236413486554
17495,7,2,432.26,2.0794415416798357,1.0986122886681098,6.071338009691146,1,At Risk,0.20646649421285765,-0.7792905354625809
12491,38,1,350.75,3.6635616461296463,0.6931471805599453,5.862920695994498,1,At Risk,-0.5109633487161084,-0.27157635810251085
14485,38,1,144.35,3.6635616461296463,0.6931471805599453,4.979144627004885,1,At Risk,-0.8335330972798264,-0.5110843009748235
13868,38,1,428.37,3.6635616461296463,0.6931471805599453,6.062319018076207,1,At Risk,-0.4381848826828989,-0.21753836860526168
15423,37,1,7.5,3.6375861597263857,0.6931471805599453,2.1400661634962708,2,Hibernating,-1.8637640018320534,-1.2912699461636072
17668,0,2,145.25,0.0,1.0986122886681098,4.985317486111966,1,At Risk,0.29083378791236314,-1.936631019773467
16971,37,1,116.21,3.6375861597263857,0.6931471805599453,4.763967197735089,1,At Risk,-0.9060654098820117,-0.5801790249876695
16352,17,2,494.44,2.8903717578961645,1.0986122886681098,6.205446256629806,1,At Risk,0.0679325461200638,-0.4063890117078918
16884,37,2,399.96,3.6375861597263857,1.0986122886681098,5.993861671707704,1,At Risk,-0.18204524301227937,-0.15361580379135714
15830,37,1,459.5,3.6375861597263857,0.6931471805599453,6.132312855695361,1,At Risk,-0.4066324309588315,-0.20935018590062932
14216,2,4,1082.66,1.0986122886681098,1.6094379124341003,6.988099479663627,0,Champions,1.1144482763499537,-0.8204255746647253
15275,37,1,473.29,3.6375861597263857,0.6931471805599453,6.161818948958974,1,At Risk,-0.39586299125673324,-0.20135388010809321
16790,3,6,1485.38,1.3862943611198906,1.9459101490553132,7.3040989126407405,0,Champions,1.3915814198386052,-0.538005115765783
15576,37,1,576.33,3.6375861597263857,0.6931471805599453,6.358414026765548,1,At Risk,-0.32410768237013743,-0.148075584489491
18105,37,1,103.53,3.6375861597263857,0.6931471805599453,4.649474111544616,1,At Risk,-0.9478542830147363,-0.6112072509249628
18164,36,1,337.40000000000003,3.6109179126442243,0.6931471805599453,5.824228627732069,1,At Risk,-0.5129146676933797,-0.3039106528988859
14974,36,1,79.99000000000001,3.6109179126442243,0.6931471805599453,4.3943256902608985,2,Hibernating,-1.0348154604336934,-0.6914218370977672
17947,36,1,136.68,3.6109179126442243,0.6931471805599453,4.924932151903284,1,At Risk,-0.8411492151890737,-0.5476247073021899
13318,0,3,379.53999999999996,0.0,1.3862943611198906,5.941591296612255,1,At Risk,0.835065640197783,-1.6113100656140718
18104,36,1,424.64,3.6109179126442243,0.6931471805599453,6.05359391857353,1,At Risk,-0.42919854684326436,-0.24175145793612454
13271,36,1,211.49,3.6109179126442243,0.6931471805599453,5.358894928433641,1,At Risk,-0.6827569836915092,-0.4300185222775481
17595,11,2,302.84000000000003,2.4849066497880004,1.0986122886681098,5.7165012470639756,1,At Risk,-0.01678658765501248,-0.7071744130839863
14528,36,1,234.83999999999997,3.6109179126442243,0.6931471805599453,5.463153609000972,1,At Risk,-0.644703569986115,-0.40176387385986584
17432,17,2,349.36,2.8903717578961645,1.0986122886681098,5.858961197294888,1,At Risk,-0.058531161591015846,-0.500288277267517
16337,36,1,133.15,3.6109179126442243,0.6931471805599453,4.8989585768716335,1,At Risk,-0.850629319778055,-0.5546636821547024
14098,36,1,147.35,3.6109179126442243,0.6931471805599453,4.999574346736831,1,At Risk,-0.8139055333735793,-0.5273962816145654
15551,36,1,270.87,3.6109179126442243,0.6931471805599453,5.605324010869238,1,At Risk,-0.5928127433468744,-0.36323495043277226
16347,10,2,620.58,2.3978952727983707,1.0986122886681098,6.432264623503635,1,At Risk,0.2645766517894679,-0.5493108123997136
13721,35,1,470.94,3.58351893845611,0.6931471805599453,6.156851858861228,1,At Risk,-0.3851759164245092,-0.2251393142881295
16500,4,5,235.86,1.6094379124341003,1.791759469228055,5.467469249293349,1,At Risk,0.5650438775724294,-0.9785849465881036
16322,0,2,306.85,0.0,1.0986122886681098,5.729612651357219,1,At Risk,0.5624943507343849,-1.7349231322522518
17403,35,1,238.17000000000002,3.58351893845611,0.6931471805599453,5.477174596150774,1,At Risk,-0.6332515675197462,-0.4093354118300947
16914,35,1,113.86,3.58351893845611,0.6931471805599453,4.74371399543615,1,At Risk,-0.9009576186967106,-0.608107075624846
16602,35,1,497.21,3.58351893845611,0.6931471805599453,6.211021674886771,1,At Risk,-0.3654044555893238,-0.21045901046763543
12544,35,1,284.9,3.58351893845611,0.6931471805599453,5.655642099328266,1,At Risk,-0.5681126486841483,-0.3609697838668177
13914,11,2,604.83,2.4849066497880004,1.0986122886681098,6.406599418661155,1,At Risk,0.2350925947615006,-0.5201541946612954
13467,10,2,860.01,2.3978952727983707,1.0986122886681098,6.758106118762142,1,At Risk,0.38350565754691823,-0.4610060608114234
17221,6,2,245.66,1.9459101490553132,1.0986122886681098,5.508010870137842,1,At Risk,0.031729167947652986,-0.9873741997900288
17078,35,2,259.94,3.58351893845611,1.0986122886681098,5.564290495837602,1,At Risk,-0.3263345677371313,-0.2924711687908386
16671,35,1,81.75,3.58351893845611,0.6931471805599453,4.415824014257172,1,At Risk,-1.0206343020746447,-0.6969669776251357
13447,22,3,1026.69,3.1354942159291497,1.3862943611198906,6.9350688441175965,3,Loyal Customers,0.4727680550344826,-0.04075942303917648
15010,35,1,263.19,3.58351893845611,0.6931471805599453,5.576668541258341,1,At Risk,-0.5969372363412025,-0.38237203167406986
18022,35,1,542.25,3.58351893845611,0.6931471805599453,6.297569619136539,1,At Risk,-0.33381528996813703,-0.18700406433994946
16318,34,1,304.75,3.5553480614894135,0.6931471805599453,5.722767774567282,1,At Risk,-0.537099487556997,-0.3544700333329313
17274,34,1,81.25999999999999,3.5553480614894135,0.6931471805599453,4.409884962802278,1,At Risk,-1.016289062093487,-0.7102681506521155
15597,34,1,324.57,3.5553480614894135,0.6931471805599453,5.785577492291319,1,At Risk,-0.5141745458613434,-0.33744827090653595
17233,34,1,131.07,3.5553480614894135,0.6931471805599453,4.883332085055713,1,At Risk,-0.8434854249027844,-0.5819615011641112
16887,34,1,167.58,3.5553480614894135,0.6931471805599453,5.127410414569336,1,At Risk,-0.7543991867213484,-0.5158149956716599
13938,34,1,71.66,3.5553480614894135,0.6931471805599453,4.2857910267930555,2,Hibernating,-1.0615821528902774,-0.7438982571682115
17084,34,2,2101.58,3.5553480614894135,1.0986122886681098,7.65092044106377,3,Loyal Customers,0.4417781907324402,0.26132481468976626
14882,26,2,510.20000000000005,3.295836866004329,1.0986122886681098,6.236760903063325,1,At Risk,-0.014378992636509547,-0.2296238352684573
15017,33,1,115.63,3.5263605246161616,0.6931471805599453,4.759006530702958,1,At Risk,-0.8821613107974967,-0.6276849719047668
12882,8,2,995.4,2.1972245773362196,1.0986122886681098,6.904148783388026,1,At Risk,0.48320367499832084,-0.5047113796861038
17387,19,2,591.82,2.995732273553991,1.0986122886681098,6.38489081160439,1,At Risk,0.1090693648758724,-0.3140311971062049
13727,28,2,285.78000000000003,3.367295829986474,1.0986122886681098,5.658715371286894,1,At Risk,-0.2418809220034123,-0.35661984156075394
13532,33,1,210.31,3.5263605246161616,0.6931471805599453,5.353326249578836,1,At Risk,-0.6652403406433427,-0.4666212157440583
16445,33,1,208.06,3.5263605246161616,0.6931471805599453,5.342621292104561,1,At Risk,-0.6691475469618051,-0.46952231527952126
15156,0,3,762.39,0.0,1.3862943611198906,6.637769040932695,1,At Risk,1.0891638080717312,-1.4226422511457495
16372,32,2,271.48,3.4965075614664802,1.0986122886681098,5.607565216914378,1,At Risk,-0.2904232069799292,-0.31685551541189705
17608,32,2,191.99,3.4965075614664802,1.0986122886681098,5.2626383740910185,1,At Risk,-0.4163181806802364,-0.4103324961367908
12638,32,1,498.25,3.4965075614664802,0.6931471805599453,6.2131069722959245,1,At Risk,-0.344526837543824,-0.24600590660421426
14174,32,1,124.51,3.4965075614664802,0.6931471805599453,4.832385436672355,1,At Risk,-0.8484768925524305,-0.6201886733482507
14039,32,1,82.6,3.4965075614664802,0.6931471805599453,4.426043520090656,1,At Risk,-0.9967877763405708,-0.7303094606813363
13040,8,2,676.99,2.1972245773362196,1.0986122886681098,6.519132538569087,1,At Risk,0.3426764558961122,-0.6090527982927786
15883,1,2,348.28,0.6931471805599453,1.0986122886681098,5.855873892801633,1,At Risk,0.4483270473846156,-1.4130312629044268
14664,19,2,566.59,2.995732273553991,1.0986122886681098,6.341399327089814,1,At Risk,0.09319539213912628,-0.3258176171667278
15526,32,1,9.14,3.4965075614664802,0.6931471805599453,2.316487998163037,2,Hibernating,-1.7667552128512245,-1.3020100544861117
17831,32,1,35.400000000000006,3.4965075614664802,0.6931471805599453,3.594568774642695,2,Hibernating,-1.3002680458197644,-0.955643470981248
15025,32,1,342.06,3.4965075614664802,0.6931471805599453,5.837905358981679,1,At Risk,-0.48147181072673095,-0.34768750867565934
12357,32,1,3315.41,3.4965075614664802,0.6931471805599453,8.106638151555332,3,Loyal Customers,0.3465937956382522,0.2671509590568939
17761,32,1,285.64,3.4965075614664802,0.6931471805599453,5.658227072996699,1,At Risk,-0.5470526536192037,-0.39638126512041727
15870,32,1,334.69,3.4965075614664802,0.6931471805599453,5.8161881150406645,1,At Risk,-0.48939839548429176,-0.3535729955129701
14080,32,1,45.599999999999994,3.4965075614664802,0.6931471805599453,3.8416005411316,2,Hibernating,-1.2101038316035118,-0.8886965686018778
17623,32,1,455.45,3.4965075614664802,0.6931471805599453,6.12347916501109,1,At Risk,-0.3772401234933288,-0.2702955117430915
13673,18,2,297.79,2.9444389791664403,1.0986122886681098,5.699740985496481,1,At Risk,-0.12914501940407624,-0.5209984617206722
14073,31,1,151.04,3.4657359027997265,0.6931471805599453,5.024143644121048,1,At Risk,-0.7713727731919623,-0.5809922470962356
16070,21,2,852.15,3.091042453358316,1.0986122886681098,6.748935381973274,3,Loyal Customers,0.21990698724902388,-0.17581696679769995
13066,23,2,372.75,3.1780538303479458,1.0986122886681098,5.923587124704897,1,At Risk,-0.10145367766966884,-0.36337864406284276
14929,31,1,172.88,3.4657359027997265,0.6931471805599453,5.158365406120591,1,At Risk,-0.7223831235067536,-0.5446174466991617
15330,31,1,29.759999999999998,3.4657359027997265,0.6931471805599453,3.4262151446374434,2,Hibernating,-1.3546012768676863,-1.0140392385200978
13710,31,1,94.56,3.4657359027997265,0.6931471805599453,4.559754322457609,1,At Risk,-0.9408704004539329,-0.7068441851902802
16732,31,1,540.33,3.4657359027997265,0.6931471805599453,6.294029074399087,1,At Risk,-0.3078768285486249,-0.23684664532956284
14140,3,2,913.18,1.3862943611198906,1.0986122886681098,6.818027488607364,1,At Risk,0.6392523981965794,-0.8646081881069483
17219,31,1,105.98,3.4657359027997265,0.6931471805599453,4.672641901103104,1,At Risk,-0.8996675221034531,-0.67625106020543
15957,31,1,399.04,3.4657359027997265,0.6931471805599453,5.991564542108315,1,At Risk,-0.41827346809784943,-0.3188161175326515
18123,23,2,374.16,3.1780538303479458,1.0986122886681098,5.927352601640738,1,At Risk,-0.1000793148745713,-0.3623581800941051
17313,30,1,210.60000000000002,3.4339872044851463,0.6931471805599453,5.354697699984144,1,At Risk,-0.6433836210208788,-0.5045869163688278
18216,30,1,360.85,3.4339872044851463,0.6931471805599453,5.891229761312137,1,At Risk,-0.4475545889937873,-0.3591839180271525
17022,30,1,71.0,3.4339872044851463,0.6931471805599453,4.276666119016055,1,At Risk,-1.0368547594894526,-0.7967391202684432
15153,30,1,251.82,3.4339872044851463,0.6931471805599453,5.5326777730674115,1,At Risk,-0.5784226094724925,-0.45635338451366936
16759,7,3,643.1,2.0794415416798357,1.3862943611198906,6.467853993552845,1,At Risk,0.5463921339507808,-0.6056668836731831
16751,30,1,216.01999999999998,3.4339872044851463,0.6931471805599453,5.379989515192062,1,At Risk,-0.6341523521976971,-0.49773270199880043
12893,30,1,176.55,3.4339872044851463,0.6931471805599453,5.179252259389097,1,At Risk,-0.7074195161363644,-0.5521335495462647
14836,9,3,102.44999999999999,2.302585092994046,1.3862943611198906,4.639088404191552,1,At Risk,-0.17267912374013977,-1.0086614599968482
17011,29,1,270.9,3.4011973816621555,0.6931471805599453,5.605434351638425,1,At Risk,-0.5442863505204554,-0.45024461437716207
12532,29,1,297.33000000000004,3.4011973816621555,0.6931471805599453,5.698200256359968,1,At Risk,-0.5104276892472164,-0.4251045683992857
17038,29,1,88.25,3.4011973816621555,0.6931471805599453,4.491441420659749,1,At Risk,-0.9508830351968924,-0.7521425324527607
14968,29,1,139.09,3.4011973816621555,0.6931471805599453,4.942285073208023,1,At Risk,-0.7863294466274398,-0.6299615416251557
12504,29,1,60.0,3.4011973816621555,0.6931471805599453,4.110873864173311,1,At Risk,-1.089786525928074,-0.8552783332243481
16516,29,1,101.69999999999999,3.4011973816621555,0.6931471805599453,4.631812116934513,1,At Risk,-0.8996490837561947,-0.7141013386662406
13522,29,1,125.80000000000001,3.4011973816621555,0.6931471805599453,4.842611042003125,1,At Risk,-0.8227095074960872,-0.6569737260566356
15986,29,1,126.11999999999999,3.4011973816621555,0.6931471805599453,4.845131522228461,1,At Risk,-0.8217895565027594,-0.6562906627162686
13992,29,1,76.8,3.4011973816621555,0.6931471805599453,4.354141431184346,1,At Risk,-1.0009962082470696,-0.7893515486159155
14354,5,2,126.17999999999999,1.791759469228055,1.0986122886681098,4.845603405839261,1,At Risk,-0.17440446744228075,-1.2308667005000558
16986,29,1,20.8,3.4011973816621555,0.6931471805599453,3.0819099697950434,2,Hibernating,-1.465348431638199,-1.1341329370994833
16953,29,1,20.8,3.4011973816621555,0.6931471805599453,3.0819099697950434,2,Hibernating,-1.465348431638199,-1.1341329370994833
18274,29,1,163.17,3.4011973816621555,0.6931471805599453,5.100902476306427,1,At Risk,-0.7284356230327624,-0.5869753947347112
15450,29,1,388.94,3.4011973816621555,0.6931471805599453,5.965992881134312,1,At Risk,-0.4126859618213592,-0.3525313647036851
15531,7,2,1677.6000000000001,2.0794415416798357,1.0986122886681098,7.425715391648727,3,Loyal Customers,0.7008011870020765,-0.4122471723216162
17197,29,1,463.81,3.4011973816621555,0.6931471805599453,6.141628719936214,1,At Risk,-0.3485805731951676,-0.30493313261510957
16025,29,1,423.15999999999997,3.4011973816621555,0.6931471805599453,6.050110742540715,1,At Risk,-0.38198375302020643,-0.3297349837524572
12659,29,1,45.6,3.4011973816621555,0.6931471805599453,3.8416005411316,1,At Risk,-1.188068693952588,-0.9282528139045553
17461,22,3,612.01,3.1354942159291497,1.3862943611198906,6.418381249016855,3,Loyal Customers,0.2841820619466825,-0.18078446711137053
17791,29,1,106.1,3.4011973816621555,0.6931471805599453,4.673762977453703,1,At Risk,-0.8843374239313507,-0.7027324357764378
15463,28,1,119.3,3.367295829986474,0.6931471805599453,4.789988622980633,1,At Risk,-0.8340783494424223,-0.685304717731142
17977,28,1,95.29,3.367295829986474,0.6931471805599453,4.567364471252192,1,At Risk,-0.9153340194781067,-0.7456370286921431
12617,28,1,333.08,3.367295829986474,0.6931471805599453,5.811380485254219,1,At Risk,-0.4612801624816817,-0.4085021742097445
14863,28,1,266.76,3.367295829986474,0.6931471805599453,5.590091056903071,1,At Risk,-0.5420486713468811,-0.46847276814579325
16903,28,1,326.8,3.367295829986474,0.6931471805599453,5.792403666309729,1,At Risk,-0.46820651852395545,-0.4136449915218847
12508,25,2,397.88,3.258096538021482,1.0986122886681098,5.988660619775247,1,At Risk,-0.09620786940706072,-0.3125235455335293
17502,8,4,633.36,2.1972245773362196,1.6094379124341003,6.4526166166304,3,Loyal Customers,0.6650096689074837,-0.5095910797982663
12538,28,1,258.75,3.367295829986474,0.6931471805599453,5.5597196299793366,1,At Risk,-0.5531339494960289,-0.4767035838918189
17901,28,1,41.78,3.367295829986474,0.6931471805599453,3.7560707036542595,1,At Risk,-1.2114484265185312,-0.9655018883105503
14789,28,1,169.2,3.367295829986474,0.6931471805599453,5.136974216139274,1,At Risk,-0.70743195170914,-0.5912698048840823
18209,28,1,139.10000000000002,3.367295829986474,0.6931471805599453,4.942356453342962,1,At Risk,-0.7784655596716312,-0.644012237780061
12985,0,2,1033.52,0.0,1.0986122886681098,6.941692830009834,1,At Risk,1.0048919355819055,-1.4064430563917627
15557,28,1,276.26,3.367295829986474,0.6931471805599453,5.62495569411023,1,At Risk,-0.5293234147436604,-0.4590242688828264
16433,27,1,120.66,3.332204510175204,0.6931471805599453,4.801230268892559,1,At Risk,-0.821862355917989,-0.696821998606075
15692,27,1,191.04,3.332204510175204,0.6931471805599453,5.25770368366274,1,At Risk,-0.6552539583894409,-0.5731153127342821
17052,27,1,350.08,3.332204510175204,0.6931471805599453,5.861014117723917,1,At Risk,-0.4350514638327925,-0.40961502567560104
16368,1,2,421.07,0.6931471805599453,1.0986122886681098,6.045171177057232,1,At Risk,0.5174187319511963,-1.3617307075553697
18014,27,1,146.32,3.332204510175204,0.6931471805599453,4.992607091576865,1,At Risk,-0.7520116598646596,-0.6449578774526699
13732,27,1,491.86,3.332204510175204,0.6931471805599453,6.200225158054739,1,At Risk,-0.31124270296122325,-0.3176870573588134
13091,27,1,281.08,3.332204510175204,0.6931471805599453,5.64219071864956,1,At Risk,-0.5149198957761597,-0.4689173127634882
14661,26,1,41.05,3.295836866004329,0.6931471805599453,3.738859386418957,1,At Risk,-1.2012095107745995,-0.9998236053533612
13170,26,1,101.97,3.295836866004329,0.6931471805599453,4.63443768366866,1,At Risk,-0.8743320626295824,-0.7571171968164201
15654,8,2,380.91,2.1972245773362196,1.0986122886681098,5.945184978753801,1,At Risk,0.1331911274802414,-0.7645955926627385
13146,25,1,228.91,3.258096538021482,0.6931471805599453,5.437687927995845,1,At Risk,-0.5724281282900678,-0.5550954083643643
14788,6,2,593.82,1.9459101490553132,1.0986122886681098,6.3882588387685155,1,At Risk,0.3530111938793339,-0.7488223905910151
13603,25,1,129.44,3.258096538021482,0.6931471805599453,4.870913350921119,1,At Risk,-0.7792953871289704,-0.7086942868480135
14382,25,1,448.58,3.258096538021482,0.6931471805599453,6.1083138136042745,1,At Risk,-0.327656142612354,-0.37335228141747984
16720,25,1,114.28,3.258096538021482,0.6931471805599453,4.747363951691266,1,At Risk,-0.8243897272487868,-0.7421768210452592
14904,1,2,577.12,0.6931471805599453,1.0986122886681098,6.359781459580641,1,At Risk,0.6322484532913077,-1.2764696734341296
14494,25,1,139.56,3.258096538021482,0.6931471805599453,4.945634443878841,1,At Risk,-0.7520229082584636,-0.6884444793555623
14902,25,1,299.66,3.258096538021482,0.6931471805599453,5.705980058199688,1,At Risk,-0.4745040861959895,-0.4823868360815497
16936,25,1,246.11,3.258096538021482,0.6931471805599453,5.509833581621267,1,At Risk,-0.5460956599573108,-0.5355435584180785
12938,25,1,100.22,3.258096538021482,0.6931471805599453,4.617296365785932,1,At Risk,-0.8718631426918413,-0.7774258179661303
15168,25,1,58.86,3.258096538021482,0.6931471805599453,4.0920085024245525,1,At Risk,-1.0635881508172245,-0.9197815797750135
17538,25,1,92.66,3.258096538021482,0.6931471805599453,4.539671203755396,1,At Risk,-0.9001955787885039,-0.7984626433854008
18082,25,1,562.88,3.258096538021482,0.6931471805599453,6.334841462902725,1,At Risk,-0.24497573358015368,-0.3119621021730923
18117,25,1,219.42,3.258096538021482,0.6931471805599453,5.395534817263396,1,At Risk,-0.587813607493742,-0.5665191221211082
15458,24,1,142.92,3.2188758248682006,0.6931471805599453,4.969257589642278,1,At Risk,-0.734333095815621,-0.6983201163787252
17566,7,2,773.87,2.0794415416798357,1.0986122886681098,6.652695273347611,1,At Risk,0.41865629312623054,-0.6217396725483768
16207,24,1,310.38,3.2188758248682006,0.6931471805599453,5.741014031261528,1,At Risk,-0.4526494317510793,-0.4891700791503974
12762,7,2,1211.3,2.0794415416798357,1.0986122886681098,7.100274660752538,1,At Risk,0.5820184563748567,-0.5004433146689875
17793,24,1,162.37,3.2188758248682006,0.6931471805599453,5.096017567038417,1,At Risk,-0.688066925604244,-0.6639674986851961
14953,24,1,202.59,3.2188758248682006,0.6931471805599453,5.316108167556585,1,At Risk,-0.6077359773454292,-0.6043217933699303
16504,24,1,451.84,3.2188758248682006,0.6931471805599453,6.115538862209909,1,At Risk,-0.315951477609816,-0.3876718886442891
12374,24,1,531.73,3.2188758248682006,0.6931471805599453,6.278014729213508,1,At Risk,-0.2566493518723074,-0.343640077829456
15009,11,3,1159.28,2.4849066497880004,1.3862943611198906,7.0564166342834564,3,Loyal Customers,0.6674707431233677,-0.2778845825718369
16423,24,1,268.78,3.2188758248682006,0.6931471805599453,5.597606812041533,1,At Risk,-0.5049916848049572,-0.528034186556799
15419,24,1,84.74,3.2188758248682006,0.6931471805599453,4.451319461169831,1,At Risk,-0.9233755215331739,-0.8386840615434695
17510,24,1,282.98,3.2188758248682006,0.6931471805599453,5.6489038131462115,1,At Risk,-0.4862687737316509,-0.5141324306242738
15758,24,1,205.25,3.2188758248682006,0.6931471805599453,5.32908902521479,1,At Risk,-0.6029980893918262,-0.6008039129661429
14725,24,1,450.83,3.2188758248682006,0.6931471805599453,6.113306002891867,1,At Risk,-0.31676644974367607,-0.3882770052125606
14666,23,1,160.04999999999998,3.1780538303479458,0.6931471805599453,5.081714875777208,1,At Risk,-0.6838494716222078,-0.6847858102694605
14714,23,1,46.9,3.1780538303479458,0.6931471805599453,3.8691155044168695,1,At Risk,-1.1264365568047825,-1.0134065900726617
17153,23,1,213.78,3.1780538303479458,0.6931471805599453,5.369614248430071,1,At Risk,-0.5787689749818563,-0.6067635726033636
12950,7,2,284.2,2.0794415416798357,1.0986122886681098,5.653190688540141,1,At Risk,0.053846751521163305,-0.8926106492567263
15720,23,1,423.03000000000003,3.1780538303479458,0.6931471805599453,6.049804207445942,1,At Risk,-0.33050619467580333,-0.42242853167773203
18181,23,1,324.40000000000003,3.1780538303479458,0.6931471805599453,5.785055194784937,1,At Risk,-0.42713703301043654,-0.49417690055176905
15556,23,1,201.37,3.1780538303479458,0.6931471805599453,5.310097705083568,1,At Risk,-0.6004919397647922,-0.6228928675276857
17357,23,2,331.04,3.1780538303479458,1.0986122886681098,5.805255443586835,1,At Risk,-0.14464360095986817,-0.39544714932754305
12890,23,1,361.63,3.1780538303479458,0.6931471805599453,5.893383030695355,1,At Risk,-0.38759841681773477,-0.46481948972667636
13449,23,1,291.88,3.1780538303479458,0.6931471805599453,5.679762968811981,1,At Risk,-0.465567680828996,-0.5227116451868671
15269,23,1,118.80000000000001,3.1780538303479458,0.6931471805599453,4.785823685681349,1,At Risk,-0.7918469046151149,-0.7649738723143183
14385,8,3,202.11,2.1972245773362196,1.3862943611198906,5.3137477042033945,1,At Risk,0.09792373389656997,-0.8695526571091273
15900,23,1,337.28,3.1780538303479458,0.6931471805599453,5.8238739549140215,1,At Risk,-0.41296855964510815,-0.4836568132699307
17680,23,1,151.4,3.1780538303479458,0.6931471805599453,5.026508643252546,1,At Risk,-0.7039992144920156,-0.6997469883887424
13926,22,1,150.10000000000002,3.1354942159291497,0.6931471805599453,5.017941869278694,1,At Risk,-0.697286478754144,-0.7197319945631788
16204,22,1,384.18,3.1354942159291497,0.6931471805599453,5.953710757496066,1,At Risk,-0.3557398522075325,-0.46613372540311176
17835,2,3,279.54,1.0986122886681098,1.3862943611198906,5.636716317291525,1,At Risk,0.46979668802895636,-1.237979626609566
15432,22,1,171.19,3.1354942159291497,0.6931471805599453,5.148598518298095,1,At Risk,-0.6495980609510348,-0.6843233584535782
18006,22,1,251.53000000000003,3.1354942159291497,0.6931471805599453,5.53153005353903,1,At Risk,-0.5098317407552355,-0.580546907059791
15657,22,1,30.0,3.1354942159291497,0.6931471805599453,3.4339872044851463,1,At Risk,-1.2754146674285851,-1.1489920036075796
17237,10,2,306.74,2.3978952727983707,1.0986122886681098,5.729255270629232,1,At Risk,0.00798501262696466,-0.7398300285620636
17080,21,1,125.39999999999999,3.091042453358316,0.6931471805599453,4.839451481712757,1,At Risk,-0.7521567712681605,-0.7865524814054823
13160,21,1,75.89999999999999,3.091042453358316,0.6931471805599453,4.3425058765115985,1,At Risk,-0.9335371282887424,-0.9212273428296434
12847,21,1,640.24,3.091042453358316,0.6931471805599453,6.463403801821473,1,At Risk,-0.15942982384603968,-0.34645289831015275
17397,21,2,532.36,3.091042453358316,1.0986122886681098,6.279196618309805,1,At Risk,0.04845686520760231,-0.3031186316878173
17985,21,1,571.35,3.091042453358316,0.6931471805599453,6.349750692364485,1,At Risk,-0.2009121135655819,-0.37725348615386456
14362,21,1,138.75,3.091042453358316,0.6931471805599453,4.939855112035208,1,At Risk,-0.7155104137524783,-0.7593425717923662
13828,21,1,168.45,3.091042453358316,0.6931471805599453,5.132557898053061,1,At Risk,-0.6451757538602142,-0.7071191076317387
15435,21,1,109.94,3.091042453358316,0.6931471805599453,4.708989514627088,1,At Risk,-0.7997741320415339,-0.8219083576915273
12445,21,1,77.4,3.091042453358316,0.6931471805599453,4.361823927356363,1,At Risk,-0.9264862258911918,-0.9159920498855587
14641,21,1,110.46,3.091042453358316,0.6931471805599453,4.7136657821413905,1,At Risk,-0.7980673394622445,-0.8206410647063804
12618,21,1,121.41,3.091042453358316,0.6931471805599453,4.807376066087421,1,At Risk,-0.7638639888726947,-0.7952450870131239
12391,21,1,406.88,3.091042453358316,0.6931471805599453,6.010973013496025,1,At Risk,-0.3245627016795305,-0.4690640112449163
18034,21,2,342.84,3.091042453358316,1.0986122886681098,5.8401764328942,1,At Risk,-0.11178127179673075,-0.4220954010051008
17286,21,1,142.87,3.091042453358316,0.6931471805599453,4.968910114048942,1,At Risk,-0.7049056180095891,-0.7514685140908308
17904,20,1,91.62,3.044522437723423,0.6931471805599453,4.528505101052606,1,At Risk,-0.8548940572221749,-0.8901276157455127
17301,20,1,152.84,3.044522437723423,0.6931471805599453,5.035913101280524,1,At Risk,-0.6696950268389906,-0.752617390479421
14793,20,1,228.99,3.044522437723423,0.6931471805599453,5.438035829717119,1,At Risk,-0.5229241060650844,-0.6436400252287872
17650,20,1,166.08,3.044522437723423,0.6931471805599453,5.118472739628975,1,At Risk,-0.6395615544379812,-0.7302432961370319
12702,19,1,201.0,2.995732273553991,0.6931471805599453,5.308267697401205,1,At Risk,-0.55900823269645,-0.699057077150491
14881,19,1,221.2,2.995732273553991,0.6931471805599453,5.40357787720553,1,At Risk,-0.5242209355362174,-0.6732275193012702
16784,19,1,107.6,2.995732273553991,0.6931471805599453,4.687671407499835,1,At Risk,-0.7855198980574795,-0.8672419216647789
14052,19,1,173.66,2.995732273553991,0.6931471805599453,5.162841226985587,1,At Risk,-0.6120874929779662,-0.7384684122053614
18110,19,1,180.9,2.995732273553991,0.6931471805599453,5.203457085524077,1,At Risk,-0.597263096011166,-0.7274613018434933
17561,18,1,137.5,2.9444389791664403,0.6931471805599453,4.930870325627393,1,At Risk,-0.6848959368390757,-0.8226218149962331
15988,18,1,112.13,2.9444389791664403,0.6931471805599453,4.728537599938376,1,At Risk,-0.7587454319112094,-0.8774550432380062
17523,10,2,263.43,2.3978952727983707,1.0986122886681098,5.577576565988734,1,At Risk,-0.04737625289620381,-0.7809357518337013
14950,18,1,243.5,2.9444389791664403,0.6931471805599453,5.499215308914927,1,At Risk,-0.4774554948659122,-0.6685973482049784
16666,18,1,118.98,2.9444389791664403,0.6931471805599453,4.787325062224947,1,At Risk,-0.7372885746892683,-0.8615233330989914
14860,18,1,149.44,2.9444389791664403,0.6931471805599453,5.013564333602136,1,At Risk,-0.6547134208193391,-0.8002113057814492
17636,18,1,285.56,2.9444389791664403,0.6931471805599453,5.657947938312402,1,At Risk,-0.4195196147824664,-0.6255799743840663
13832,18,1,52.199999999999996,2.9444389791664403,0.6931471805599453,3.9740583963475986,1,At Risk,-1.0341230705896012,-1.0819228584828335
13142,18,1,215.92,2.9444389791664403,0.6931471805599453,5.3795286219728595,1,At Risk,-0.5211399822241922,-0.7010330671439057
16366,18,1,281.90000000000003,2.9444389791664403,0.6931471805599453,5.645093478307522,1,At Risk,-0.42421136881065263,-0.6290636003618811
14300,18,1,43.2,2.9444389791664403,0.6931471805599453,3.7887247890836524,1,At Risk,-1.1017680512506929,-1.1321492366100903
12349,18,1,999.15,2.9444389791664403,0.6931471805599453,6.907905267733262,1,At Risk,0.03670276508761128,-0.2868349923095649
12658,18,1,535.4,2.9444389791664403,0.6931471805599453,6.284880151407523,1,At Risk,-0.1906953985126261,-0.45567806150418316
12795,18,1,144.63,2.9444389791664403,0.6931471805599453,4.981069158494489,1,At Risk,-0.6665738465898526,-0.8090176684070018
15567,18,1,59.7,2.9444389791664403,0.6931471805599453,4.1059436980654525,1,At Risk,-0.9859862063916206,-1.0461812510577193
15645,18,1,481.09000000000003,2.9444389791664403,0.6931471805599453,6.17813081861192,1,At Risk,-0.2296578762798614,-0.4846076897188246
16406,18,1,146.4,2.9444389791664403,0.6931471805599453,4.993149979755236,1,At Risk,-0.6621644632480096,-0.805743702580254
15857,18,1,174.6,2.9444389791664403,0.6931471805599453,5.168208681201016,1,At Risk,-0.5982697241951466,-0.7583018777375516
12984,18,1,97.5,2.9444389791664403,0.6931471805599453,4.590056548178043,1,At Risk,-0.809289681313933,-0.9149841334653874
17253,17,1,113.01,2.8903717578961645,0.6931471805599453,4.736286163845628,1,At Risk,-0.7434172659031347,-0.8977944685930976
13739,17,1,125.10000000000001,2.8903717578961645,0.6931471805599453,4.837075242970874,1,At Risk,-0.7066302232888576,-0.8704801003358982
18139,17,6,3112.86,2.8903717578961645,1.9459101490553132,8.04361839313024,0,Champions,1.3137652981266743,0.2866404344197981
15274,3,2,681.77,1.3862943611198906,1.0986122886681098,6.526158053223932,1,At Risk,0.532722866917571,-0.9437063335635333
17010,17,1,171.96,2.8903717578961645,0.6931471805599453,5.153060353890898,1,At Risk,-0.5912987028326858,-0.7848464805194467
15115,17,1,238.81,2.8903717578961645,0.6931471805599453,5.479846943141782,1,At Risk,-0.4720247468755332,-0.6962856035099353
17100,17,2,948.34,2.8903717578961645,1.0986122886681098,6.85576700631101,3,Loyal Customers,0.3052933528572963,-0.23014868293162574
15699,17,1,201.0,2.8903717578961645,0.6931471805599453,5.308267697401205,1,At Risk,-0.5346495181262024,-0.7427844776352445
13403,17,1,30.0,2.8903717578961645,0.6931471805599453,3.4339872044851463,1,At Risk,-1.2187438363045782,-1.2507243064849274
16956,17,1,225.04,2.8903717578961645,0.6931471805599453,5.420711974761643,1,At Risk,-0.4936084404728409,-0.7123114896201337
17600,17,1,115.68,2.8903717578961645,0.6931471805599453,4.759435144999521,1,At Risk,-0.7349681108599865,-0.891520973473347
15877,1,2,376.18,0.6931471805599453,1.0986122886681098,5.932722527084219,1,At Risk,0.47637605833638197,-1.392204880571387
13322,16,1,199.48000000000002,2.833213344056216,0.6931471805599453,5.300714491147758,1,At Risk,-0.5241916857260656,-0.768553689506189
17297,16,1,91.83,2.833213344056216,0.6931471805599453,4.530769863411841,1,At Risk,-0.8052140551829593,-0.9772127156839905
13986,16,1,186.06,2.833213344056216,0.6931471805599453,5.231429421006405,1,At Risk,-0.5494800686535042,-0.7873303063479314
12920,16,1,106.89,2.833213344056216,0.6931471805599453,4.681112189563248,1,At Risk,-0.7503405549301323,-0.9364691579812698
18249,16,1,81.66,2.833213344056216,0.6931471805599453,4.414735809083586,1,At Risk,-0.8475653668362441,-1.0086585520563953
12586,16,1,186.54000000000002,2.833213344056216,0.6931471805599453,5.233992155991479,1,At Risk,-0.5485446950800651,-0.7866357917463948
15634,16,1,227.65,2.833213344056216,0.6931471805599453,5.432192450104064,1,At Risk,-0.47620349771064097,-0.7329224741026349
16376,8,2,721.59,2.1972245773362196,1.0986122886681098,6.582841979702752,1,At Risk,0.36592978796598397,-0.5917872061106847
16811,4,2,464.23,1.6094379124341003,1.0986122886681098,6.142531906957312,1,At Risk,0.34111357969107015,-0.9550605528735118
12452,16,1,285.67,2.833213344056216,0.6931471805599453,5.658331728418817,1,At Risk,-0.39366484034490506,-0.6716375454286582
14581,16,1,95.67,2.833213344056216,0.6931471805599453,4.571303116476514,1,At Risk,-0.7904198084180644,-0.9662279918381167
14675,15,1,428.01,2.772588722239781,0.6931471805599453,6.0614802286796525,1,At Risk,-0.232503476505582,-0.5875430120449622
17290,3,2,410.49,1.3862943611198906,1.0986122886681098,6.019784718485269,1,At Risk,0.3479014794672829,-1.08093615906368
16343,15,2,278.83,2.772588722239781,1.0986122886681098,5.634182275926246,1,At Risk,-0.11334257565088471,-0.6100876169097219
13638,15,1,97.14,2.772588722239781,0.6931471805599453,4.586395030661757,1,At Risk,-0.7708953589410036,-0.9872988254633683
16482,15,1,167.34,2.772588722239781,0.6931471805599453,5.12598574378343,1,At Risk,-0.5739499484842954,-0.8410669164679969
12784,14,1,455.46999999999997,2.70805020110221,0.6931471805599453,6.123522980460424,1,At Risk,-0.19493755388073325,-0.5975142945385494
17458,14,1,300.40000000000003,2.70805020110221,0.6931471805599453,5.708438286192395,1,At Risk,-0.34643946727352454,-0.7100044204089829
14785,14,1,39.480000000000004,2.70805020110221,0.6931471805599453,3.70080802497921,1,At Risk,-1.0792051658388022,-1.254082734795911
17254,4,2,235.04,1.6094379124341003,1.0986122886681098,5.464001282188968,1,At Risk,0.09345644039498494,-1.1389459055284288
17767,14,1,262.95,2.70805020110221,0.6931471805599453,5.575759691269625,1,At Risk,-0.39486587584663146,-0.7459610144469632
15725,14,1,382.25,2.70805020110221,0.6931471805599453,5.948687517751924,1,At Risk,-0.25875081294575686,-0.644895620514388
17247,14,1,205.99,2.70805020110221,0.6931471805599453,5.332670482919699,1,At Risk,-0.4835910943351064,-0.8118394629242031
15428,14,1,75.06,2.70805020110221,0.6931471805599453,4.331522502500114,1,At Risk,-0.8490004595018104,-1.0831558084496027
17727,14,1,923.35,2.70805020110221,0.6931471805599453,6.829090787798455,1,At Risk,0.06258789650613081,-0.40630172381839114
14756,14,1,577.36,2.70805020110221,0.6931471805599453,6.360196512159925,1,At Risk,-0.10855399554420121,-0.5333745280313181
16856,14,1,35.400000000000006,2.70805020110221,0.6931471805599453,3.594568774642695,1,At Risk,-1.117981468423943,-1.2828741279929294
14703,14,1,318.17,2.70805020110221,0.6931471805599453,5.765723876196384,1,At Risk,-0.325530778961748,-0.6944797255235828
17385,14,1,246.16,2.70805020110221,0.6931471805599453,5.510035900192779,1,At Risk,-0.41885442623423164,-0.7637725060124472
12531,14,1,95.27,2.70805020110221,0.6931471805599453,4.567156743789875,1,At Risk,-0.7629962321495829,-1.0192976950859878
15872,14,2,268.2,2.70805020110221,1.0986122886681098,5.595454597770573,1,At Risk,-0.1125568888661161,-0.6473682136326812
13525,14,1,90.0,2.70805020110221,0.6931471805599453,4.51085950651685,1,At Risk,-0.783544181238941,-1.0345545412054715
14966,14,1,167.9,2.70805020110221,0.6931471805599453,5.129306823813755,1,At Risk,-0.5578168701697009,-0.8669520795207761
17232,2,2,417.77,1.0986122886681098,1.0986122886681098,6.037321843192776,1,At Risk,0.42081271779440643,-1.1955791748713989
17468,9,2,137.0,2.302585092994046,1.0986122886681098,4.927253685157205,1,At Risk,-0.2627026998318439,-0.9967329034655433
13332,13,1,338.4,2.6390573296152584,0.6931471805599453,5.827179352800126,1,At Risk,-0.2871493872321778,-0.7064588358655232
14946,13,1,100.9,2.6390573296152584,0.6931471805599453,4.623991940228679,1,At Risk,-0.7263011981563131,-1.0325289255482015
13596,5,2,586.91,1.791759469228055,1.0986122886681098,6.376573874959073,1,At Risk,0.3843850004000072,-0.815965685951929
16024,11,1,219.11,2.4849066497880004,0.6931471805599453,5.394127421394012,1,At Risk,-0.40957046332934566,-0.8877947860680665
14954,11,1,186.2,2.4849066497880004,0.6931471805599453,5.232177564043492,1,At Risk,-0.46868060061243755,-0.9316840455122973
17885,11,1,139.59,2.4849066497880004,0.6931471805599453,4.945847853091816,1,At Risk,-0.5731881858580951,-1.009280896637337
14093,11,1,411.9,2.4849066497880004,0.6931471805599453,6.023205432892045,1,At Risk,-0.1799630513206946,-0.7173113505838346
14893,9,2,1044.63,2.302585092994046,1.0986122886681098,6.952374853558705,1,At Risk,0.47644701130387634,-0.44791446163385096
15721,11,1,458.90000000000003,2.4849066497880004,0.6931471805599453,6.1310090745458785,1,At Risk,-0.14061576098018302,-0.688095999147387
17852,11,2,114.34,2.4849066497880004,1.0986122886681098,4.747884288187267,1,At Risk,-0.37032244344778265,-0.9696746814121646
14597,10,1,295.74,2.3978952727983707,0.6931471805599453,5.692856334522648,1,At Risk,-0.2804207841891591,-0.8429497088754683
13844,10,1,345.12,2.3978952727983707,0.6931471805599453,5.846785535738538,1,At Risk,-0.22423810910316155,-0.8012340892464541
12479,10,1,426.35,2.3978952727983707,0.6931471805599453,6.057603349612027,1,At Risk,-0.1472916386112984,-0.7441013576718103
12660,10,1,203.7,2.3978952727983707,0.6931471805599453,5.321545492667243,1,At Risk,-0.41594566328348986,-0.943576891506298
15540,10,1,185.22,2.3978952727983707,0.6931471805599453,5.2269287704603835,1,At Risk,-0.4504798551032376,-0.9692185187150931
17379,10,1,342.16,2.3978952727983707,0.6931471805599453,5.838196810704765,1,At Risk,-0.22737291097417675,-0.8035616787082129
16800,10,1,817.98,2.3978952727983707,0.6931471805599453,6.7080596635304754,1,At Risk,0.09011864776614689,-0.5678242902773254
17806,10,1,445.11,2.3978952727983707,0.6931471805599453,6.100565558381516,1,At Risk,-0.13161084642107798,-0.7324583741099279
17359,10,1,56.15,2.3978952727983707,0.6931471805599453,4.04567939024082,1,At Risk,-0.8816244956275,-1.289343286744886
15621,3,3,202.01000000000002,1.3862943611198906,1.3862943611198906,5.313255238912244,1,At Risk,0.2852261546856848,-1.206243604315554
13188,10,1,99.60000000000001,2.3978952727983707,0.6931471805599453,4.611152257665639,1,At Risk,-0.6752323482667275,-1.1360971783931808
14480,10,1,262.55,2.3978952727983707,0.6931471805599453,5.574243103301216,1,At Risk,-0.3237134705538961,-0.875094515692609
13349,10,1,197.32,2.3978952727983707,0.6931471805599453,5.289881887726935,1,At Risk,-0.42750257395645386,-0.9521578942617188
15619,10,1,99.60000000000001,2.3978952727983707,0.6931471805599453,4.611152257665639,1,At Risk,-0.6752323482667275,-1.1360971783931808
15148,10,1,301.29,2.3978952727983707,0.6931471805599453,5.711386821516136,1,At Risk,-0.2736573350078676,-0.8379278498594094
14601,10,1,123.96000000000001,2.3978952727983707,0.6931471805599453,4.827993686091376,1,At Risk,-0.5960873165106011,-1.077332015730293
15783,10,1,165.62,2.3978952727983707,0.6931471805599453,5.115715770546763,1,At Risk,-0.49107152835386847,-0.9993578240941382
17772,10,2,125.0,2.3978952727983707,1.0986122886681098,4.836281906951478,1,At Risk,-0.31794165986705614,-0.9818304864594386
14126,10,1,183.4,2.3978952727983707,0.6931471805599453,5.2171073111224935,1,At Risk,-0.4540645931158589,-0.9718801856288752
16479,9,2,255.63,2.302585092994046,1.0986122886681098,5.547635358831709,1,At Risk,-0.03626936732544492,-0.8286062210726428
13428,9,1,168.38,2.302585092994046,0.6931471805599453,5.132144711493453,1,At Risk,-0.46303998557692605,-1.0344617403648575
15790,9,1,143.43,2.302585092994046,0.6931471805599453,4.972794961113076,1,At Risk,-0.5212011088721684,-1.0776463572038875
13521,0,3,976.92,0.0,1.3862943611198906,6.885427867098047,0,Champions,1.1795568930271487,-1.3555254123102636
14349,9,1,125.0,2.302585092994046,0.6931471805599453,4.836281906951478,1,At Risk,-0.5710270581162064,-1.1146421097759627
18058,9,1,6.959999999999999,2.302585092994046,0.6931471805599453,2.0744289998562917,1,At Risk,-1.579076754268523,-1.8631187109250928
12953,9,1,192.45000000000002,2.302585092994046,0.6931471805599453,5.265019081146522,1,At Risk,-0.41454212111386735,-0.998452090349729
12966,9,1,147.68,2.302585092994046,0.6931471805599453,5.001796345429051,1,At Risk,-0.5106158830722674,-1.0697868301792308
15060,7,4,267.5,2.0794415416798357,1.6094379124341003,5.5928509139489195,1,At Risk,0.37843419879715134,-0.7914751624876794
17911,8,1,294.35,2.1972245773362196,0.6931471805599453,5.688161093753244,1,At Risk,-0.2357406496025512,-0.927505789499538
14804,8,1,224.82,2.1972245773362196,0.6931471805599453,5.419738221752376,1,At Risk,-0.3337124111926342,-1.0002497934940178
15904,7,1,128.23,2.0794415416798357,0.6931471805599453,4.8615937625371,1,At Risk,-0.510199034048252,-1.2003929396679518
16789,7,1,80.8,2.0794415416798357,0.6931471805599453,4.404277243608702,1,At Risk,-0.677115156469872,-1.3243281111818062
12558,7,1,195.08,2.0794415416798357,0.6931471805599453,5.2785227392198575,1,At Risk,-0.3580239753467407,-1.087403003604952
17942,7,1,1.9,2.0794415416798357,0.6931471805599453,1.0647107369924282,1,At Risk,-1.896024749238769,-2.22936812318324
12587,7,1,104.0,2.0794415416798357,0.6931471805599453,4.653960350157523,1,At Risk,-0.5859832286817165,-1.2566626817616082
13560,6,1,171.42000000000002,1.9459101490553132,0.6931471805599453,5.149933360781779,1,At Risk,-0.37408620820913896,-1.1776704580268043
15539,6,1,478.46,1.9459101490553132,0.6931471805599453,6.172660470614426,1,At Risk,-0.0008006687566193549,-0.90050605542445
13153,5,1,140.46,1.791759469228055,0.6931471805599453,4.952016991607844,1,At Risk,-0.41068507000451415,-1.2952834395018298
15773,5,1,128.8,1.791759469228055,0.6931471805599453,4.86599480426999,1,At Risk,-0.44208233941937414,-1.3185959027530931
17936,4,1,327.53,1.6094379124341003,0.6931471805599453,5.794628157955778,1,At Risk,-0.06098847197701987,-1.142599668776059
16535,4,1,384.63,1.6094379124341003,0.6931471805599453,5.954878360539938,1,At Risk,-0.002498692304715694,-1.0991710246742974
16988,4,1,67.87,1.6094379124341003,0.6931471805599453,4.232220669556607,1,At Risk,-0.631252148909546,-1.5660202801789007
15097,3,1,215.08,1.3862943611198906,0.6931471805599453,5.37564870948436,1,At Risk,-0.1623224924217352,-1.3487557687410594
18015,3,1,120.03,1.3862943611198906,0.6931471805599453,4.7960384487505126,1,At Risk,-0.3738746521035625,-1.5058331847144943
16597,3,1,44.24,1.3862943611198906,0.6931471805599453,3.81198165124792,1,At Risk,-0.7330459002068641,-1.7725177301659416
13790,3,1,236.84,1.3862943611198906,0.6931471805599453,5.471598178689843,1,At Risk,-0.12730186079067157,-1.3227529601162813
14219,3,1,73.44,1.3862943611198906,0.6931471805599453,4.30999343177405,1,At Risk,-0.5512763994669982,-1.6375539296453452
12367,3,1,138.3,1.3862943611198906,0.6931471805599453,4.93662988078576,1,At Risk,-0.3225601342374358,-1.4677321703809296
17383,3,1,193.39000000000001,1.3862943611198906,0.6931471805599453,5.269866450374021,1,At Risk,-0.20093199761317432,-1.3774233149226034
12478,3,1,479.59000000000003,1.3862943611198906,0.6931471805599453,6.175014515761715,1,At Risk,0.12943832368195438,-1.1321234491051142
15992,3,1,27.04,1.3862943611198906,0.6931471805599453,3.3336320621663895,1,At Risk,-0.9076388905465931,-1.9021529738376959
15318,3,1,284.9,1.3862943611198906,0.6931471805599453,5.655642099328266,1,At Risk,-0.06012760331967096,-1.272876093818398
17914,3,1,230.68,1.3862943611198906,0.6931471805599453,5.445357109197351,1,At Risk,-0.13687959828011642,-1.329864427368502
16528,3,1,175.02,1.3862943611198906,0.6931471805599453,5.170597624945666,1,At Risk,-0.23716416227819934,-1.4043256864666507
12442,2,1,144.06,1.0986122886681098,0.6931471805599453,4.977147449935266,1,At Risk,-0.24126125514288008,-1.5761473654004174
16569,2,1,76.5,1.0986122886681098,0.6931471805599453,4.350277936359301,1,At Risk,-0.47006258669244017,-1.7460322863822633
12650,2,1,242.44000000000003,1.0986122886681098,0.6931471805599453,5.4948705055887155,1,At Risk,-0.05229732893168543,-1.4358417060959192
14578,2,1,111.51,1.0986122886681098,0.6931471805599453,4.72304210658298,1,At Risk,-0.33400725674886783,-1.6450112441528122
14087,2,1,185.17,1.0986122886681098,0.6931471805599453,5.226660234783806,1,At Risk,-0.1501914931340014,-1.50852809405294
14204,1,1,128.16,0.6931471805599453,0.6931471805599453,4.8610519458900745,1,At Risk,-0.18989391241333795,-1.7758885982346995
15471,1,1,356.13,0.6931471805599453,0.6931471805599453,5.878099861152963,1,At Risk,0.18131877574948144,-1.5002632871016692
14520,1,1,10.2,0.6931471805599453,0.6931471805599453,2.4159137783010487,1,At Risk,-1.0823457807066987,-2.4385338463996016
13436,1,1,113.53999999999999,0.6931471805599453,0.6931471805599453,4.7409241069657115,1,At Risk,-0.23373941599394008,-1.8084438716710625
15520,1,1,320.7,0.6931471805599453,0.6931471805599453,5.7736194342449805,1,At Risk,0.14318442676663526,-1.5285780299389138
13298,0,1,90.0,0.0,0.6931471805599453,4.51085950651685,1,At Risk,-0.15745933836687523,-2.1584669949085913
14569,0,1,80.09,0.0,0.6931471805599453,4.395559648956466,1,At Risk,-0.19954267527506517,-2.1897138601120467
12713,0,1,722.85,0.0,0.6931471805599453,6.5845841886000525,1,At Risk,0.5994301868888903,-1.5964767463413088
